Year(4)-CountyCode(2)-MunicipalityCode(2)-CaseNumber(9),County Name,Municipality Name,Crash Date,Crash Day of Week,Crash Time,Police Department Code,Police Department,Police Station,Total Killed,Total Injured,Pedestrians Killed,Pedestrians Injured,Severity,Intersection,Alcohol Involved,Hazmat Involved,Crash Type,Total Vehicles,Location,Location Direction,Route,Route Suffix,Std Rte Identifier,MilePost,Road System,Road Character,Road Horizontal Alignment,Road Grade,Road Surface Type,Surface Condition,Light Condition,Environmental Condition,Road Divided By,Temporary Traffic Control Zone,Distance To Cross Street,Unit Of Measurement,Direction From Cross Street,Cross Street Name,Is Ramp,Ramp To/From Route Name,Ramp To/From Route Direction,Posted Speed,Posted Speed Cross Street,First Harmful Event,Latitude,Longitude,Cell Phone In Use Flag,Other Property Damage,Reporting Badge No.
2018130318AP23180,MONMOUTH,ASBURY PARK CITY,07/23/2018,MO,1134,01,ASBURY PARK PD,,0,0,0,0,P,B,N,N,08,2,EIGHTH AVE **,W,,,13031022__,.13,07,,01,04,02,01,01,05,05,01,150,FE,W,GRAND AVE,,,,25,25,28,40.229640,74.004830,N,,83221
2018130318AP23247,MONMOUTH,ASBURY PARK CITY,07/23/2018,MO,2253,01,ASBURY PARK PD,,0,0,0,0,P,I,N,N,01,2,MONMOUTH COUNTY 40 A,N,40,A,13000040A_,.10,07,,01,04,02,01,06,01,04,,,AT,S,BANGS AVE,,,,30,25,26,,,N,,83281
2018130318AP23308,MONMOUTH,ASBURY PARK CITY,07/25/2018,WE,0111,01,ASBURY PARK PD,APPD,0,0,0,0,P,I,N,N,03,2,MEMORIAL DR,S,,,13031009__,.00,07,,01,04,02,01,01,01,04,,,AT,W,MUNROE AVE,,,,30,25,26,,,N,,83284
2018130318AP23334,MONMOUTH,ASBURY PARK CITY,07/24/2018,TU,2143,01,ASBURY PARK PD,1 MUNICIPAL PLZ,0,0,0,0,P,I,N,N,03,2,BANGS AVE,,,,13031083__,.03,07,,01,04,01,01,06,01,,,,AT,,RIDGE AVE,,,,26,25,26,,,N,,83262
2018130318AP23547,MONMOUTH,ASBURY PARK CITY,07/26/2018,TH,1952,01,ASBURY PARK PD,APPD,0,0,0,0,P,I,N,N,03,2,FOURTH AVE **,,,,13031003__,1.14,07,,01,04,02,01,01,01,05,01,,AT,E,GRAND AVE,,,,25,,26,40.223660,74.005860,N,,83277
2018130318AP23640,MONMOUTH,ASBURY PARK CITY,07/27/2018,FR,1556,01,ASBURY PARK PD,,0,0,0,0,P,I,N,N,03,2,NJ 71,N,71,,00000071__,8.04,02,,01,04,02,01,01,05,04,01,,AT,,COOKMAN AVE,,,,30,25,26,,,N,,83272
2018130318AP23722,MONMOUTH,ASBURY PARK CITY,07/28/2018,SA,0347,01,ASBURY PARK PD,,0,0,0,0,P,B,N,N,08,2,THIRD AVENUE,W,,,,,07,,01,04,02,01,07,01,05,01,100,FE,W,OCEAN AVENUE,,,,25,25,26,,,N,,83259
2018130318AP23776,MONMOUTH,ASBURY PARK CITY,07/28/2018,SA,1348,01,ASBURY PARK PD,PATROL DIVISION,0,0,0,0,P,I,N,N,03,2,MEMORIAL DR,S,,,13031009__,.00,07,,01,04,02,01,01,01,04,01,,AT,,MUNROE AVE,,,,30,25,26,40.219150,74.013600,N,,83287
2018130318AP23867,MONMOUTH,ASBURY PARK CITY,07/28/2018,SA,2352,01,ASBURY PARK PD,,0,1,0,0,I,I,N,N,03,2,FIRST AVE **,,,,13031001__,.75,07,,01,04,02,01,06,01,05,,,AT,,GRAND AVE,,,,25,25,26,,,N,,83271
2018130318AP23924,MONMOUTH,ASBURY PARK CITY,07/29/2018,SU,1040,01,ASBURY PARK PD,,0,3,0,0,I,I,N,N,03,2,MEMORIAL DR,,,,13031009__,.30,07,,01,04,02,01,01,01,04,01,,AT,,4TH AVE,,,,30,25,26,,,N,,83278
2018130318AP23949,MONMOUTH,ASBURY PARK CITY,07/29/2018,SU,1352,01,ASBURY PARK PD,,0,0,0,0,P,B,N,N,06,2,FIFTH AVE **,E,,,13031004__,.52,07,,01,04,02,01,01,01,,01,15,FE,E,BOND ST,,,,25,25,,,,N,,83226
2018130318AP23982,MONMOUTH,ASBURY PARK CITY,07/29/2018,SU,1719,01,ASBURY PARK PD,APPD,0,0,0,0,P,I,N,N,03,2,FIRST AVE **,S,,,13031001__,.44,07,,01,04,02,01,01,01,05,01,,AT,,MEMORIAL DR,,,,25,,26,40.221700,74.012700,N,,83277
2018130318AP23987,MONMOUTH,ASBURY PARK CITY,07/29/2018,SU,1600,01,ASBURY PARK PD,,0,0,0,0,P,I,N,N,03,2,GRAND AVE **,N,,,13031048__,.39,07,,01,04,02,01,01,01,04,,,AT,,SECOND AVE,,,,25,25,26,,,N,,83246
2018130318AP24067,MONMOUTH,ASBURY PARK CITY,07/29/2018,SU,2050,01,ASBURY PARK PD,,0,0,0,0,P,B,N,N,06,2,EMORY ST **,,,,13031019__,.00,07,,01,04,02,01,06,01,05,01,20,FE,N,SUNSET AVE,,,,25,25,28,,,N,,83278
2018130318AP24075,MONMOUTH,ASBURY PARK CITY,07/30/2018,MO,1005,01,ASBURY PARK PD,,0,0,0,0,P,B,N,N,06,2,LAKE AVE,,,,13031085__,.06,07,,01,04,02,01,00,01,05,01,25,FE,E,BOND ST,,,,25,25,,40.215700,74.012170,N,,83226
2018130318AP24100,MONMOUTH,ASBURY PARK CITY,07/30/2018,MO,1400,01,ASBURY PARK PD,,0,0,0,0,P,I,N,N,03,2,NJ 71,S,71,,00000071__,8.58,02,,01,04,02,01,01,01,05,01,,AT,,3RD AVE,,,,30,25,26,40.223540,74.010670,N,,83221
2018130318AP24120,MONMOUTH,ASBURY PARK CITY,07/30/2018,MO,1725,01,ASBURY PARK PD,,0,0,0,0,P,I,N,N,06,2,LANGFORD ST **,,,,13031010__,.00,07,,01,04,02,01,01,01,04,,,AT,,PROSPECT AVE,,,,25,25,26,,,N,,83248
2018130318AP24196,MONMOUTH,ASBURY PARK CITY,07/31/2018,TU,1450,01,ASBURY PARK PD,,0,0,0,0,P,B,N,N,11,2,MEMORIAL DR,N,,,13031009__,.02,07,,01,04,02,01,01,01,05,01,110,FE,N,MUNROE AVE,,,,30,25,56,40.219530,74.013760,N,,83221
2018130318AP24279,MONMOUTH,ASBURY PARK CITY,08/01/2018,WE,0740,01,ASBURY PARK PD,,0,0,0,0,P,B,N,N,02,2,MONMOUTH COUNTY 16,W,16,,13000016__,5.84,05,,01,04,02,02,01,05,05,01,75,FE,W,PINE ST,,,,25,25,26,40.221960,74.019200,N,,83221
2018130318AP24332,MONMOUTH,ASBURY PARK CITY,08/01/2018,WE,1715,01,ASBURY PARK PD,,0,0,0,0,P,B,N,N,06,2,SUMMERFIELD AVE **,,,,,,07,,01,04,02,00,00,00,04,,50,FE,W,CR 40A,,,,25,25,26,,,N,,83248
2018130318AP24385,MONMOUTH,ASBURY PARK CITY,08/02/2018,TH,0624,01,ASBURY PARK PD,,0,2,0,0,I,B,N,N,06,2,ATKINS AVE,S,,,,,07,,01,04,02,01,01,01,05,01,35,FE,N,BOSTON WAY,,,,25,25,28,40.213630,74.021230,N,,83221
2018130318AP24408,MONMOUTH,ASBURY PARK CITY,08/02/2018,TH,1255,01,ASBURY PARK PD,,0,0,0,0,P,B,N,N,01,2,MONMOUTH COUNTY 16,E,16,,13000016__,5.96,05,,01,04,02,01,01,01,04,01,60,FE,E,COMSTOCK ST,,,,25,25,26,40.221480,74.015980,N,,83213
2018130318AP24477,MONMOUTH,ASBURY PARK CITY,08/02/2018,TH,2206,01,ASBURY PARK PD,ASBURY PARK PD,0,0,0,0,P,B,N,N,06,2,FIRST AVE **,E,,,13031001__,.50,07,,01,04,02,01,07,01,04,01,50,FE,W,NJ 71 / MAIN ST,,,,25,25,28,40.221040,74.011130,N,,83288
2018130318AP24528,MONMOUTH,ASBURY PARK CITY,08/03/2018,FR,1415,01,ASBURY PARK PD,,0,0,0,0,P,B,N,N,01,2,MONMOUTH COUNTY 16,E,16,,13000016__,6.22,05,,01,04,02,01,01,01,05,01,20,FE,W,NJ 71 / MAIN ST,,,,25,30,,40.220370,74.011810,N,,83185
2018130318AP24644,MONMOUTH,ASBURY PARK CITY,08/04/2018,SA,0936,01,ASBURY PARK PD,,0,3,0,0,I,I,N,N,03,2,SEWALL AVE **,S,,,13031039__,.00,07,,01,04,02,01,01,01,,01,,AT,,RIDGE AVE,,,,25,25,26,40.222280,74.024970,N,,83207
2018130318AP24709,MONMOUTH,ASBURY PARK CITY,08/04/2018,SA,2240,01,ASBURY PARK PD,,0,0,0,0,P,B,N,N,01,2,FIRST AVE **,W,,,13031001__,1.02,07,,01,04,02,01,06,01,05,01,50,FE,E,KINGSLEY ST,,,,25,25,26,40.219890,74.007630,N,,83279
2018130318AP24756,MONMOUTH,ASBURY PARK CITY,08/05/2018,SU,0141,01,ASBURY PARK PD,,0,0,0,0,P,B,Y,N,13,1,COOKMAN AVE,E,,,13031052__,.56,07,,01,04,02,01,06,01,05,01,100,FE,E,BOND ST,,,,25,25,22,40.215800,74.011730,N,,83279
2018130318AP24763,MONMOUTH,ASBURY PARK CITY,08/05/2018,SU,0331,01,ASBURY PARK PD,,0,0,0,0,P,B,N,N,05,2,ATKINS AVE **,,,,13031051__,.22,07,,01,04,02,01,06,01,,,,FE,,SPRINGWOOD AVE,,,,25,,26,,,N,,83286
2018130318AP24833,MONMOUTH,ASBURY PARK CITY,08/05/2018,SU,1657,01,ASBURY PARK PD,APPD,0,0,0,0,P,B,N,N,08,2,COOKMAN AVENUE,E,,,,,07,,01,04,02,01,01,01,04,01,25,FE,W,EMORY STREET,,,,25,25,26,,,N,,83284
2018130318AP24837,MONMOUTH,ASBURY PARK CITY,08/05/2018,SU,1808,01,ASBURY PARK PD,APPD,0,2,0,0,I,I,N,N,04,4,GRAND AVE **,S,,,13031048__,.86,07,,01,04,02,01,03,01,05,,,AT,S,SEVENTH AVE,,,,25,26,26,,,N,(1) ONE ASBURY PARK CITY BICYCLE WAS DAMAGED BY V1,
2018130318AP24852,MONMOUTH,ASBURY PARK CITY,08/05/2018,SU,1925,01,ASBURY PARK PD,,0,2,0,0,I,I,N,N,03,2,GRAND AVE **,,,,13031048__,.54,07,,01,04,02,01,01,01,04,,,AT,,FOURTH AVE,,,,25,25,26,,,N,,83248
2018130318AP24857,MONMOUTH,ASBURY PARK CITY,08/05/2018,SU,2006,01,ASBURY PARK PD,APPD,0,0,0,0,P,B,N,N,06,2,RIDGE AVE,S,,,,,07,,01,04,02,01,03,01,05,01,100,FE,N,BANGS AVENUE,,,,25,25,26,40.218370,74.024730,N,,83277
2018130318AP24859,MONMOUTH,ASBURY PARK CITY,08/05/2018,SU,2035,01,ASBURY PARK PD,,0,0,0,0,P,B,N,N,08,2,SEWALL AVE **,W,,,,,07,,01,04,02,01,06,01,05,01,100,FE,W,PROSPECT AVENUE,,,,25,25,26,,,N,,83274
2018130318AP24959,MONMOUTH,ASBURY PARK CITY,08/06/2018,MO,1437,01,ASBURY PARK PD,PATROL DIVISION,0,0,0,0,P,I,N,N,01,2,KINGSLEY ST,N,,,13031087__,.55,07,,01,04,02,01,01,01,,01,,AT,,3RD AVE,,,,25,25,26,40.221500,74.001570,N,,83287
2018130318AP25066,MONMOUTH,ASBURY PARK CITY,08/08/2018,WE,1657,01,ASBURY PARK PD,,0,0,0,0,P,B,N,N,08,2,LAKE AVE,,,,13031085__,.31,07,,01,04,02,01,01,01,04,,100,FE,W,GRAND AVE,,,,25,25,,,,N,,83248
2018130318AP25275,MONMOUTH,ASBURY PARK CITY,08/09/2018,TH,1434,01,ASBURY PARK PD,,0,0,0,0,P,I,N,N,01,2,RIDGE AVE,N,,,,,07,,01,05,02,01,01,01,04,01,,AT,,FOURTH AVE,,,,25,25,26,40.224980,74.026600,N,,83213
2018130318AP25292,MONMOUTH,ASBURY PARK CITY,08/09/2018,TH,1636,01,ASBURY PARK PD,,0,0,0,0,P,B,N,N,08,2,LAKE AVE,,,,13031085__,.06,07,,01,04,02,01,01,01,05,01,25,FE,E,BOND ST,,,,25,25,26,,,N,,83258
2018130318AP25301,MONMOUTH,ASBURY PARK CITY,08/09/2018,TH,1751,01,ASBURY PARK PD,,0,3,0,0,I,I,N,N,04,2,RIDGE AVENUE,S,,,,,07,,01,04,02,01,01,01,05,01,,AT,W,FOURTH AVE,,,,25,25,26,,,N,,83258
2018130318AP25372,MONMOUTH,ASBURY PARK CITY,08/10/2018,FR,0849,01,ASBURY PARK PD,,0,0,0,0,P,B,N,N,11,1,LAKE AVE,,,,13031085__,.07,07,,01,04,02,01,01,01,,01,75,FE,E,BOND ST,,,,25,25,54,40.215230,74.009990,N,DAMAGE TO 15 MINUTE PARKING SIGN AND PAVED BRICKS (SEE ATTACHED PHOTOS).,83213
2018130318AP25399,MONMOUTH,ASBURY PARK CITY,08/10/2018,FR,1352,01,ASBURY PARK PD,,0,0,0,0,P,B,N,N,01,2,BOND ST **,N,,,13031036__,.99,07,,01,04,02,01,01,01,05,01,10,FE,S,LAKE AVE,,,,25,25,26,40.215700,74.012170,N,,83213
2018130318AP25573,MONMOUTH,ASBURY PARK CITY,08/11/2018,SA,1542,01,ASBURY PARK PD,1 MUNICIPAL PLZ,0,0,0,0,P,B,N,N,08,2,OCEAN AVE,N,,,13031088__,.26,07,,01,04,02,02,01,02,04,,1000,FE,S,SUNSET AVE,,,,25,25,,,,N,,83243
2018130318AP25575,MONMOUTH,ASBURY PARK CITY,08/11/2018,SA,1513,01,ASBURY PARK PD,,0,0,0,0,P,B,N,N,06,2,MONMOUTH COUNTY 16,E,16,,13000016__,5.99,05,,01,04,02,02,01,05,04,01,200,FE,E,COMSTOCK ST,,,,30,25,28,,,N,,83272
2018130318AP25581,MONMOUTH,ASBURY PARK CITY,08/11/2018,SA,1601,01,ASBURY PARK PD,,0,0,0,0,P,B,N,N,01,2,FIFTH AVE **,E,,,13031004__,.33,07,,01,04,02,01,01,01,04,01,30,FE,W,GRAND AVE,,,,25,25,26,40.224550,74.006170,N,,83266
2018130318AP25687,MONMOUTH,ASBURY PARK CITY,08/12/2018,SU,0925,01,ASBURY PARK PD,,0,1,0,0,I,B,N,N,14,1,LAKE AVE,,,,,,07,,01,04,02,01,01,01,04,01,20,FE,E,EMORY STREET,,,,25,25,26,,,N,,83278
2018130318AP25705,MONMOUTH,ASBURY PARK CITY,08/12/2018,SU,1121,01,ASBURY PARK PD,,0,0,0,0,P,B,N,N,06,2,629 BANGS AV  PK GARAGE,,,,,,09,,01,04,01,01,01,01,05,,,,,,,,,5,,,,,N,,83188
2018130318AP25737,MONMOUTH,ASBURY PARK CITY,08/12/2018,SU,1504,01,ASBURY PARK PD,,0,1,0,0,I,I,N,N,03,2,FIRST AVE **,,,,13031001__,.44,07,,01,04,02,01,01,01,04,01,,AT,,MEMORIAL DR,,,,30,25,26,40.221700,74.012700,N,,83278
2018130318AP25798,MONMOUTH,ASBURY PARK CITY,08/13/2018,MO,0821,01,ASBURY PARK PD,,0,1,0,1,I,I,N,N,13,1,LAKE AVE,E,,,,,07,,01,04,02,02,01,02,05,01,,AT,,EMORY ST,,,,25,25,26,40.215450,74.010340,N,,83221
2018130318AP25828,MONMOUTH,ASBURY PARK CITY,08/13/2018,MO,1503,01,ASBURY PARK PD,,0,0,0,0,P,I,N,N,03,2,FOURTH AVE **,W,,,13031003__,.97,07,,01,04,02,01,01,05,05,01,,AT,,BOND ST,,,,25,25,26,40.224340,74.009050,N,,83221
2018130318AP26072,MONMOUTH,ASBURY PARK CITY,08/15/2018,WE,1411,01,ASBURY PARK PD,,0,0,0,0,P,B,N,N,11,1,PROSPECT AVE **,,,,,,07,,01,04,02,01,01,00,,01,,,,,,,,25,,69,40.220310,74.019990,N,,83207
2018130318AP26229,MONMOUTH,ASBURY PARK CITY,08/16/2018,TH,1812,01,ASBURY PARK PD,,0,0,0,0,P,B,N,N,06,2,BANGS AVE,E,,,13031083__,.43,07,,01,04,02,01,01,01,,01,50,FE,E,COMSTOCK ST,,,,25,25,,,,N,,83026
2018130318AP26316,MONMOUTH,ASBURY PARK CITY,08/17/2018,FR,1313,01,ASBURY PARK PD,1MUNICIPAL PLZA,0,0,0,0,P,I,N,N,03,2,FOURTH AVE **,N,,,13031003__,1.14,07,,01,04,02,01,01,01,04,,,AT,E,GRAND AVE,,,,25,25,,40.223660,74.005860,N,,83243
2018130318AP26337,MONMOUTH,ASBURY PARK CITY,08/17/2018,FR,1627,01,ASBURY PARK PD,APPD,0,0,0,0,P,I,N,N,02,2,BANGS AVE,W,,,13031083__,.68,07,,01,04,02,01,01,01,04,,,AT,N,NJ 71 / MAIN ST,,,,25,30,26,,,N,,
2018130318AP26380,MONMOUTH,ASBURY PARK CITY,08/17/2018,FR,2124,01,ASBURY PARK PD,,0,0,0,0,P,B,N,N,06,2,COOKMAN AVE,W,,,13031052__,.53,07,,01,04,02,01,00,01,05,01,50,FE,W,BOND ST,,,,25,25,28,,,N,,83274
2018130318AP26474,MONMOUTH,ASBURY PARK CITY,08/18/2018,SA,0911,01,ASBURY PARK PD,,0,0,0,0,P,B,N,N,08,2,NJ 71,,71,,00000071__,8.36,02,,01,04,02,01,01,01,04,01,50,FE,N,CR 16 / ASBURY AVE,,,,30,25,26,40.220870,74.011350,N,,83228
2018130318AP26527,MONMOUTH,ASBURY PARK CITY,08/18/2018,SA,1504,01,ASBURY PARK PD,,0,1,0,0,I,B,N,N,04,2,BANGS AVE,E,,,13031083__,.53,07,,01,04,02,01,01,01,04,01,5,FE,W,LANGFORD ST,,,,25,25,26,40.218010,74.015860,N,,83207
2018130318AP26555,MONMOUTH,ASBURY PARK CITY,08/18/2018,SA,1929,01,ASBURY PARK PD,,0,0,0,0,P,B,N,N,02,2,SEWALL AVE **,W,,,13031039__,.21,07,,01,04,02,01,01,01,,01,10,FE,E,COMSTOCK ST,,,,25,25,26,,,N,,83274
2018130318AP26648,MONMOUTH,ASBURY PARK CITY,08/19/2018,SU,1029,01,ASBURY PARK PD,1MUNICIPLA PLZA,0,0,0,0,P,B,N,N,08,2,BANGS AVE **,W,,,13031043__,.08,07,,01,04,02,02,01,02,04,,100,FE,E,EMORY ST,,,,25,25,26,40.216830,74.010080,N,,83243
2018130318AP26675,MONMOUTH,ASBURY PARK CITY,08/19/2018,SU,1308,01,ASBURY PARK PD,,0,2,0,0,I,I,N,N,03,2,MEMORIAL DR,,,,13031009__,.00,07,,01,04,02,02,01,02,05,01,,AT,,MUNROE AVE,,,,30,25,,,,N,,83188
2018130318AP26692,MONMOUTH,ASBURY PARK CITY,08/19/2018,SU,1526,01,ASBURY PARK PD,,0,0,0,0,P,B,N,N,06,2,FIRST AVE **,,,,13031001__,.59,07,,01,04,02,01,01,01,05,,30,FE,E,BOND ST,,,,25,25,28,,,N,,83150
2018130318AP26781,MONMOUTH,ASBURY PARK CITY,08/20/2018,MO,1427,01,ASBURY PARK PD,,0,0,0,0,P,B,N,N,08,2,NJ 71,,71,,00000071__,8.04,02,,01,04,02,01,01,01,04,01,15,FE,S,COOKMAN AVE,,,,30,,,,,N,,83226
2018130318AP26896,MONMOUTH,ASBURY PARK CITY,08/21/2018,TU,0218,01,ASBURY PARK PD,,0,0,0,0,P,I,N,N,02,2,SUMMERFIELD AVE **,,,,,,07,,01,04,02,01,01,01,04,,,AT,,MAIN ST,,,,25,30,26,,,N,,83248
2018130318AP26937,MONMOUTH,ASBURY PARK CITY,08/22/2018,WE,0800,01,ASBURY PARK PD,,0,0,0,0,P,B,N,N,06,2,BRIDGE ST **,N,,,13031005__,.16,07,,01,04,02,02,01,05,05,01,75,FE,S,FOURTH AVE,,,,25,25,28,40.226040,74.019410,N,,83221
2018130318AP27016,MONMOUTH,ASBURY PARK CITY,08/22/2018,WE,1834,01,ASBURY PARK PD,ASBURY PARK,0,4,0,0,I,I,N,N,03,2,FIFTH AVE **,N,,,13031004__,.66,07,,01,04,02,01,01,01,,,,AT,,MEMORIAL DR,,,,30,25,26,40.225930,74.011180,N,,83235
2018130318AP27196,MONMOUTH,ASBURY PARK CITY,08/24/2018,FR,0913,01,ASBURY PARK PD,,0,1,0,0,I,I,N,N,01,1,FIFTH AVE **,E,,,13031004__,.79,07,,01,04,02,01,01,01,05,01,,AT,,LANGFORD ST,,,,25,25,21,,,N,,83272
2018130318AP27244,MONMOUTH,ASBURY PARK CITY,08/24/2018,FR,1809,01,ASBURY PARK PD,,0,0,0,0,P,I,N,N,14,1,COOKMAN AVE,E,,,13031052__,.32,07,,01,04,02,01,01,01,05,01,,AT,,GRAND AVE,,,,25,25,21,,,N,,83274
2018130318AP27264,MONMOUTH,ASBURY PARK CITY,08/24/2018,FR,2037,01,ASBURY PARK PD,APPD,0,0,0,0,P,B,N,N,06,2,RIDGE AVE,S,,,,,07,,01,04,02,01,06,01,04,01,100,FE,N,SPRINGWOOD AVENUE,,,,25,25,26,,,N,,83255
2018130318AP27333,MONMOUTH,ASBURY PARK CITY,08/25/2018,SA,0952,01,ASBURY PARK PD,,0,0,0,0,P,B,N,N,11,1,LANGFORD ST **,S,,,13031010__,.10,07,,01,04,02,01,01,01,05,01,50,FE,N,COOKMAN AVE,,,,25,25,01,,,N,,83263
2018130318AP27387,MONMOUTH,ASBURY PARK CITY,08/25/2018,SA,1653,01,ASBURY PARK PD,ASBURY PARK PD,0,0,0,0,P,B,N,N,06,2,BOND ST **,N,,,13031036__,.38,07,,01,04,02,01,01,01,05,01,100,FE,S,THIRD AVE,,,,25,25,28,,,N,,83285
2018130318AP27414,MONMOUTH,ASBURY PARK CITY,08/25/2018,SA,2047,01,ASBURY PARK PD,,0,1,0,0,I,B,N,N,14,1,NJ 71,S,71,,00000071__,7.98,02,,01,04,02,01,06,01,04,01,5,FE,S,SPRINGWOOD AVE / LAKE AVE,,,,30,25,21,40.215110,74.013680,N,,83261
2018130318AP27536,MONMOUTH,ASBURY PARK CITY,08/26/2018,SU,1217,01,ASBURY PARK PD,,0,0,0,0,P,B,N,N,01,2,SUNSET AVE,,,,13031365__,.59,07,,01,04,02,01,01,01,04,01,25,FE,W,NJ 71 / MAIN ST,,,,25,30,26,,,N,,83272
2018130318AP27537,MONMOUTH,ASBURY PARK CITY,08/26/2018,SU,1245,01,ASBURY PARK PD,,0,1,0,0,I,B,N,N,11,1,COMSTOCK ST **,N,,,13031012__,.55,07,,01,04,02,01,01,01,05,01,,FE,S,FIRST AVE,,,,25,25,,,,N,MUNICIPAL TREE,83263
2018130318AP27629,MONMOUTH,ASBURY PARK CITY,08/27/2018,MO,0032,01,ASBURY PARK PD,,0,0,0,0,P,B,N,N,06,2,OCEAN AVENUE PARKING LOT,,,,,,09,,01,04,05,07,06,01,,01,300,FE,E,DEAL LAKE DRIVE,,,,25,25,26,40.228590,73.997520,N,,83279
2018130318AP27677,MONMOUTH,ASBURY PARK CITY,08/27/2018,MO,1108,01,ASBURY PARK PD,PATROL DIVISION,0,2,0,0,I,I,N,N,03,2,BANGS AVE **,N,,,13031043__,.06,07,,01,04,02,01,01,01,,,,AT,,EMRY ST,,,,25,25,26,40.216830,74.010080,N,,83287
2018130318AP27710,MONMOUTH,ASBURY PARK CITY,08/27/2018,MO,1728,01,ASBURY PARK PD,,0,0,0,0,P,I,N,N,03,2,ATKINS AVE **,W,,,13031051__,.00,07,,01,04,02,01,01,01,05,01,,AT,W,SUMMERFIELD AVE,,,,25,25,26,,,N,,83274
2018130318AP27868,MONMOUTH,ASBURY PARK CITY,08/29/2018,WE,0715,01,ASBURY PARK PD,,0,0,0,0,P,B,N,N,11,1,PARK AVE,,,,,,07,,01,04,02,01,01,01,05,01,150,FE,S,SEVENTH AVE,,,,25,25,52,40.226780,74.003250,N,JCPL UTILITY POLE (NO NUMBER ON POLE),83221
2018130318AP27950,MONMOUTH,ASBURY PARK CITY,08/29/2018,WE,2144,01,ASBURY PARK PD,ASBURY PARK,0,0,0,0,P,B,N,N,06,2,ASBURY AVE **,,,,13031091__,.47,07,,,,02,01,00,01,,,,,,COOKMAN AVE / KINGSLEY ST,,,,25,25,28,40.218360,74.002330,N,,83235
2018130318AP27980,MONMOUTH,ASBURY PARK CITY,08/30/2018,TH,0903,01,ASBURY PARK PD,,0,0,0,0,P,B,N,N,08,2,BORDEN AVE,N,,,,,07,,01,04,02,01,01,01,05,01,120,FE,S,SPRINGFIELD AVE,,,,25,25,28,40.214120,74.022220,N,,83213
2018130318AP28076,MONMOUTH,ASBURY PARK CITY,08/30/2018,TH,2235,01,ASBURY PARK PD,,0,0,0,0,P,B,N,N,06,2,THIRD AVENUE,W,,,,,07,,01,04,02,01,07,01,05,01,25,FE,E,KINGSLEY STREET,,,,25,25,26,,,N,,83285
2018130318AP28134,MONMOUTH,ASBURY PARK CITY,08/31/2018,FR,1332,01,ASBURY PARK PD,,0,0,0,0,P,B,N,N,06,2,COMSTOCK STREET,N,,,,,07,,01,04,02,01,01,01,05,01,30,FE,S,FIRST AVENUE,,,,25,25,28,40.222070,74.016100,N,,83213
2018130318AP28232,MONMOUTH,ASBURY PARK CITY,09/01/2018,SA,0903,01,ASBURY PARK PD,,0,0,0,0,P,I,N,N,04,2,MEMORIAL DR,S,,,13031009__,.47,07,,01,04,02,01,01,01,04,01,,AT,,SUNSET AVE,,,,30,25,26,,,N,,83272
2018130318AP28397,MONMOUTH,ASBURY PARK CITY,09/02/2018,SU,1011,01,ASBURY PARK PD,1MUNICIPALPLZA,0,0,0,0,P,I,N,N,14,1,NJ 71,S,71,,00000071__,8.25,02,,01,04,02,01,01,01,04,,,AT,E,MONROE AVE,,,,30,25,21,40.218880,74.012350,N,,83243
2018130318AP28425,MONMOUTH,ASBURY PARK CITY,09/02/2018,SU,2127,01,ASBURY PARK PD,,0,0,0,0,P,B,N,N,06,2,COOKMAN AVE,E,,,,.61,07,,01,04,02,01,01,01,04,,50,FE,E,NJ 71 / MAIN ST,,,,25,25,26,,,N,,83285
2018130318AP28448,MONMOUTH,ASBURY PARK CITY,09/02/2018,SU,1951,01,ASBURY PARK PD,,0,0,0,0,P,B,N,N,01,2,NJ 71,S,71,,00000071__,8.43,02,,01,04,02,01,07,01,04,01,25,FE,N,1ST AVE,,,,30,25,26,40.221660,74.011100,N,,83266
2018130318AP28483,MONMOUTH,ASBURY PARK CITY,09/03/2018,MO,0311,01,ASBURY PARK PD,,0,0,0,0,P,B,N,N,06,2,MUNROE AVE **,W,,,13031016__,.20,07,,01,04,02,01,07,01,,,75,FE,W,LANGFORD ST,,,,25,25,28,,,N,,83281
2018130318AP28495,MONMOUTH,ASBURY PARK CITY,09/03/2018,MO,0900,01,ASBURY PARK PD,,0,0,0,0,P,B,N,N,03,2,NJ 71,N,71,,00000071__,8.86,02,,01,04,02,01,01,01,05,,200,FE,N,SUNSET AVE,,,,25,25,26,,,N,,83221
2018130318AP28500,MONMOUTH,ASBURY PARK CITY,09/03/2018,MO,0950,01,ASBURY PARK PD,,0,0,0,0,P,B,Y,N,06,2,JERSEY ST,W,,,,,07,,01,04,02,01,01,01,05,,,,,,,,,25,,26,,,N,,83221
2018130318AP28516,MONMOUTH,ASBURY PARK CITY,09/03/2018,MO,1153,01,ASBURY PARK PD,,0,2,0,0,I,I,N,N,03,2,FOURTH AVE **,N,,,13031003__,1.14,07,,01,04,02,01,01,01,05,01,,AT,,GRAND AVE,,,,25,25,26,40.223660,74.005860,N,,83221