Year(4)-CountyCode(2)-MunicipalityCode(2)-CaseNumber(9),County Name,Municipality Name,Crash Date,Crash Day of Week,Crash Time,Police Department Code,Police Department,Police Station,Total Killed,Total Injured,Pedestrians Killed,Pedestrians Injured,Severity,Intersection,Alcohol Involved,Hazmat Involved,Crash Type,Total Vehicles,Location,Location Direction,Route,Route Suffix,Std Rte Identifier,MilePost,Road System,Road Character,Road Horizontal Alignment,Road Grade,Road Surface Type,Surface Condition,Light Condition,Environmental Condition,Road Divided By,Temporary Traffic Control Zone,Distance To Cross Street,Unit Of Measurement,Direction From Cross Street,Cross Street Name,Is Ramp,Ramp To/From Route Name,Ramp To/From Route Direction,Posted Speed,Posted Speed Cross Street,First Harmful Event,Latitude,Longitude,Cell Phone In Use Flag,Other Property Damage,Reporting Badge No.
2018130318AP28763,MONMOUTH,ASBURY PARK CITY,09/05/2018,WE,1659,01,ASBURY PARK PD,,0,0,0,0,P,B,N,N,06,2,BANGS AVE,,,,13031083__,.62,07,,01,04,02,01,01,01,05,01,15,FE,W,CR 40A / MEMORIAL DR,,,,25,25,28,,,N,,83183
2018130318AP28874,MONMOUTH,ASBURY PARK CITY,09/06/2018,TH,1738,01,ASBURY PARK PD,ASBURY PARK PD,0,0,0,0,P,I,N,N,03,2,FOURTH AVE **,N,,,13031003__,.83,07,,01,04,02,01,01,01,,,,AT,W,MEMORIAL DR,,,,30,25,26,40.224870,74.011550,N,,83235
2018130318AP28946,MONMOUTH,ASBURY PARK CITY,09/07/2018,FR,1319,01,ASBURY PARK PD,,0,0,0,0,P,B,N,N,06,2,EMORY STREET,N,,,,,07,,01,04,02,01,01,01,05,01,40,FE,N,ASBURY AVENUE,,,,25,25,28,40.220230,74.088670,N,,83213
2018130318AP28953,MONMOUTH,ASBURY PARK CITY,09/07/2018,FR,1542,01,ASBURY PARK PD,1 MUNICIPAL PL?,0,0,0,0,P,B,N,N,06,2,NJ 71,N,71,,00000071__,8.48,02,,01,04,02,01,01,01,04,01,100,FE,S,2ND AVE,,,,30,25,28,40.222800,74.010680,N,,83243
2018130318AP29106,MONMOUTH,ASBURY PARK CITY,09/08/2018,SA,1502,01,ASBURY PARK PD,,0,0,0,0,P,B,N,N,08,2,SEWALL AVE **,E,,,,,07,,01,04,02,02,01,05,05,01,50,FE,W,PROSPECT AVENUE,,,,25,25,28,,,N,,83263
2018130318AP29245,MONMOUTH,ASBURY PARK CITY,09/09/2018,SU,1710,01,ASBURY PARK PD,1 MUNICIPAL PLZ,0,0,0,0,P,B,N,N,01,2,NJ 71,N,71,,00000071__,8.35,02,,01,04,01,02,01,02,,01,20,FE,S,CR 16 / ASBURY AVE,,,,30,25,26,,,N,,83262
2018130318AP29292,MONMOUTH,ASBURY PARK CITY,09/10/2018,MO,1517,01,ASBURY PARK PD,1 MUNICIPAL PLZ,0,0,0,0,P,I,N,N,03,2,SECOND ST **,N,,,13031002__,.65,07,,01,04,02,02,01,02,04,,,AT,,MEMORIAL DR,,,,30,25,,40.222760,74.012320,N,,83243
2018130318AP29379,MONMOUTH,ASBURY PARK CITY,09/11/2018,TU,1455,01,ASBURY PARK PD,,0,1,0,0,I,I,N,N,14,1,NJ 71,S,71,,00000071__,8.14,02,,01,04,02,02,01,02,05,01,,AT,,BANGS AVE,,,,30,25,21,40.217420,74.012880,N,,83221
2018130318AP29382,MONMOUTH,ASBURY PARK CITY,09/11/2018,TU,1521,01,ASBURY PARK PD,,0,0,0,0,P,B,N,N,01,2,MONMOUTH COUNTY 16,E,16,,13000016__,5.84,05,,01,04,02,02,01,01,05,,50,FE,W,PINE ST,,,,25,25,26,40.221680,74.017960,N,,83185
2018130318AP29413,MONMOUTH,ASBURY PARK CITY,09/11/2018,TU,2341,01,ASBURY PARK PD,ASBURY PARK PD,0,0,0,0,P,I,N,N,01,2,SPRINGWOOD AVE **,E,,,13341045__,1.41,07,,01,04,02,02,06,02,04,01,,AT,,CR 40A / MEMORIAL DR,,,,25,30,26,,,N,,83244
2018130318AP29414,MONMOUTH,ASBURY PARK CITY,09/11/2018,TU,2348,01,ASBURY PARK PD,,0,0,0,0,P,I,N,N,03,2,MEMORIAL DR,N,,,13031009__,.00,07,,01,04,02,02,06,04,05,01,,AT,,MUNROE AVE,,,,30,25,26,40.219160,74.013600,N,,83270
2018130318AP29431,MONMOUTH,ASBURY PARK CITY,09/12/2018,WE,0847,01,ASBURY PARK PD,,0,0,0,0,P,I,N,N,03,2,WICKAPECKO DR,S,,,13371419__,1.65,07,,01,04,02,02,01,05,05,01,,AT,,3RD AVE,,,,25,25,26,40.224330,74.025770,N,,83221
2018130318AP29478,MONMOUTH,ASBURY PARK CITY,09/12/2018,WE,1548,01,ASBURY PARK PD,,0,0,0,0,P,B,N,N,06,2,MUNROE AVE **,,,,13031016__,.37,07,,01,04,02,01,01,01,05,01,20,FE,E,NJ 71,,,,20,30,28,40.218880,74.012350,N,,83228
2018130318AP29532,MONMOUTH,ASBURY PARK CITY,09/13/2018,TH,0851,01,ASBURY PARK PD,,0,0,0,0,P,B,N,N,06,2,LANGFORD ST,N,,,,,07,,01,04,02,01,01,05,05,01,25,FE,S,MONROE AVE,,,,25,25,28,40.219500,74.015240,N,,83221
2018130318AP29888,MONMOUTH,ASBURY PARK CITY,09/15/2018,SA,1556,01,ASBURY PARK PD,,0,0,0,0,P,I,N,N,14,1,WICKAPECKO DR,,,,13371419__,2.28,07,,01,04,02,01,01,01,04,01,,AT,,SPRINGWOOD AVE,,,,25,25,26,,,N,,83258
2018130318AP29889,MONMOUTH,ASBURY PARK CITY,09/15/2018,SA,1602,01,ASBURY PARK PD,,0,1,0,0,I,I,N,N,03,2,GRAND AVE **,,,,13031048__,.73,07,,01,04,02,01,01,01,04,01,,AT,,SUNSET AVE,,,,25,25,,,,N,,275
2018130318AP29982,MONMOUTH,ASBURY PARK CITY,09/16/2018,SU,0213,01,ASBURY PARK PD,,0,0,0,0,P,I,N,N,06,2,OCEAN AVE,N,,,,,09,,01,04,02,01,06,01,04,,,AT,,THIRD AVENUE,,,,25,25,28,,,N,,83281
2018130318AP30005,MONMOUTH,ASBURY PARK CITY,09/16/2018,SU,1058,01,ASBURY PARK PD,,0,1,0,0,I,B,N,N,01,2,LAKE AVE,E,,,13031085__,.06,07,,01,04,02,01,01,01,05,01,15,FE,E,BOND ST,,,,25,25,,,,N,,83226
2018130318AP30124,MONMOUTH,ASBURY PARK CITY,09/17/2018,MO,0844,01,ASBURY PARK PD,,0,0,0,0,P,B,N,N,06,2,LANGFORD ST **,N,,,13031010__,.78,07,,01,04,02,01,01,01,05,,25,FE,N,FIFTH AVE,,,,25,25,28,,,N,,83263
2018130318AP30125,MONMOUTH,ASBURY PARK CITY,09/17/2018,MO,0829,01,ASBURY PARK PD,,0,0,0,0,P,B,N,N,02,2,PROSPECT AVE **,,,,13031042__,.87,07,,01,04,02,01,01,01,05,01,50,FE,N,LANGFORD ST,,,,25,25,26,,,N,,83278
2018130318AP30169,MONMOUTH,ASBURY PARK CITY,09/17/2018,MO,1502,01,ASBURY PARK PD,,0,0,0,0,P,B,N,N,03,2,GRAND AVE **,,,,13031048__,.18,07,,01,04,02,01,01,01,04,02,10,FE,N,SEWALL AVE,,,,25,,26,,,N,,83278
2018130318AP30190,MONMOUTH,ASBURY PARK CITY,09/17/2018,MO,1722,01,ASBURY PARK PD,,0,0,0,0,P,B,N,N,01,2,NJ 71,,71,,00000071__,8.43,02,,01,04,02,01,01,01,04,,25,FE,S,1ST AVE,,,,30,,26,,,N,,83248
2018130318AP30271,MONMOUTH,ASBURY PARK CITY,09/18/2018,TU,1125,01,ASBURY PARK PD,,0,1,0,0,I,I,Y,N,01,2,MONMOUTH COUNTY 40 A,S,40,A,13000040A_,.31,05,,01,04,02,01,01,05,05,01,,AT,,SPRINGWOOD AVE,,,,30,25,26,40.214860,74.015660,N,,83221
2018130318AP30277,MONMOUTH,ASBURY PARK CITY,09/18/2018,TU,1227,01,ASBURY PARK PD,,0,0,0,0,P,B,N,N,06,2,NJ 71,S,71,,00000071__,8.57,02,,01,04,02,01,01,05,05,01,75,FE,S,3RD AVE,,,,30,25,26,40.222480,74.011050,N,,83221
2018130318AP30299,MONMOUTH,ASBURY PARK CITY,09/18/2018,TU,1550,01,ASBURY PARK PD,,0,4,0,0,I,I,N,N,03,3,FIFTH AVE **,N,,,13031004__,.66,07,,01,04,02,02,01,02,05,,,AT,,MEMORIAL DR,,,,30,25,26,,,N,,
2018130318AP30509,MONMOUTH,ASBURY PARK CITY,09/20/2018,TH,1629,01,ASBURY PARK PD,,0,0,0,0,P,B,N,N,05,2,SYLVAN AVE **,E,,,13031061__,.07,07,,01,04,02,01,01,01,04,,50,FE,E,ADAMS AVE,,,,25,25,26,,,N,,83285
2018130318AP30837,MONMOUTH,ASBURY PARK CITY,09/22/2018,SA,2128,01,ASBURY PARK PD,APPD,0,0,0,0,P,B,N,N,08,2,LAKE AVE,E,,,13031085__,.02,07,,01,04,02,01,01,01,00,,200,FE,W,BOND ST,,,,20,,26,,,N,,83277
2018130318AP30874,MONMOUTH,ASBURY PARK CITY,09/23/2018,SU,0017,01,ASBURY PARK PD,,0,0,0,0,P,I,N,N,03,2,MEMORIAL DR,,,,13031009__,.15,07,,01,04,02,01,06,01,05,,,AT,,2ND AVE,,,,30,25,,,,N,,83271
2018130318AP30985,MONMOUTH,ASBURY PARK CITY,09/24/2018,MO,0701,01,ASBURY PARK PD,,0,0,0,0,P,B,N,N,06,2,THIRD AVE,W,,,,,07,,01,04,02,01,01,05,05,01,75,FE,E,LANGFORD ST,,,,25,25,28,40.224160,74.013580,N,,83221
2018130318AP30988,MONMOUTH,ASBURY PARK CITY,09/24/2018,MO,0738,01,ASBURY PARK PD,1MUNICIPAL PLZA,0,1,0,0,I,I,N,N,01,2,LAKE AVE,W,,,,,07,,01,04,02,02,01,01,04,01,,AT,E,EMORY STREET,,,,25,25,26,40.215650,74.009660,N,,83243
2018130318AP31095,MONMOUTH,ASBURY PARK CITY,09/25/2018,TU,0716,01,ASBURY PARK PD,,0,1,0,0,I,I,N,N,03,2,NJ 71,N,71,,00000071__,8.90,02,,01,04,02,02,01,01,04,01,,AT,,6TH AVE,,,,30,25,26,40.228010,74.009060,N,,83213
2018130318AP31309,MONMOUTH,ASBURY PARK CITY,09/27/2018,TH,0817,01,ASBURY PARK PD,,0,0,0,0,P,B,N,N,11,1,PARK AVE **,N,,,13031020__,.14,07,,01,04,02,01,01,01,05,01,200,FE,N,EIGHTH AVE,,,,25,25,69,40.230210,74.001940,N,JCP&L UTILITY POLE #BT1522OC,83221
2018130318AP31475,MONMOUTH,ASBURY PARK CITY,09/28/2018,FR,1454,01,ASBURY PARK PD,,0,0,0,0,P,I,N,N,01,2,MONMOUTH COUNTY 40 A,N,40,A,13000040A_,.00,07,,01,04,02,01,01,05,04,,,AT,,MUNROE AVE,,,,30,25,26,,,N,,83272
2018130318AP31750,MONMOUTH,ASBURY PARK CITY,09/30/2018,SU,0026,01,ASBURY PARK PD,,0,0,0,0,P,B,N,N,06,2,NJ 71,N,71,,00000071__,8.97,02,,01,04,02,01,06,01,04,,25,FE,S,7TH AVE,,,,30,25,00,,,N,,83281
2018130318AP32064,MONMOUTH,ASBURY PARK CITY,10/02/2018,TU,0956,01,ASBURY PARK PD,,0,0,0,0,P,I,N,N,03,2,ATLANTIC AVE **,,,,13031058__,.00,07,,01,04,02,01,01,01,05,01,,AT,,PROSEPECT AVE,,,,25,25,26,40.217040,74.017680,N,,83221
2018130318AP32646,MONMOUTH,ASBURY PARK CITY,10/06/2018,SA,1756,01,ASBURY PARK PD,,0,0,0,0,P,B,N,N,08,2,NJ 71,S,71,,00000071__,8.13,02,,01,04,02,01,07,05,04,01,35,FE,S,BANGS AVE,,,,30,25,26,40.217420,74.012880,N,,83266
2018130318AP32650,MONMOUTH,ASBURY PARK CITY,10/06/2018,SA,1756,01,ASBURY PARK PD,,0,0,0,0,P,B,N,N,06,2,FIRST AVE **,E,,,13031001__,.99,07,,01,04,02,01,01,01,04,,100,FE,W,KINGSLEY ST,,,,25,25,26,,,N,,83285
2018130318AP32685,MONMOUTH,ASBURY PARK CITY,10/06/2018,SA,2140,01,ASBURY PARK PD,,0,0,0,0,P,B,Y,N,06,2,BANGS AVE,W,,,13031083__,.41,07,,01,04,02,01,07,01,04,01,150,FE,E,PROSPECT AVE,,,,25,25,28,40.218610,74.018500,N,,83261
2018130318AP32717,MONMOUTH,ASBURY PARK CITY,10/07/2018,SU,0106,01,ASBURY PARK PD,,0,0,0,0,P,B,N,N,01,2,COOKMAN AVE,E,,,13031052__,.32,07,,01,04,02,01,06,01,04,01,20,FE,W,GRAND AVE,,,,25,25,26,40.216840,74.008210,N,,83279
2018130318AP32757,MONMOUTH,ASBURY PARK CITY,10/07/2018,SU,1310,01,ASBURY PARK PD,,0,0,0,0,P,B,N,N,06,2,BANGS AVE,,,,13031083__,.52,07,,03,06,05,01,01,01,,,50,FE,W,LANGFORD ST,,,,25,25,28,,,N,,83278
2018130318AP32761,MONMOUTH,ASBURY PARK CITY,10/07/2018,SU,1406,01,ASBURY PARK PD,1 MUNICIPALPZA,0,0,0,0,P,I,N,N,01,2,MONMOUTH COUNTY 16,W,16,,13000016__,5.85,05,,01,04,02,01,01,01,04,,,AT,W,PINE ST,,,,25,25,26,40.221890,74.019100,N,,83243
2018130318AP33188,MONMOUTH,ASBURY PARK CITY,10/11/2018,TH,0835,01,ASBURY PARK PD,,0,1,0,0,I,I,N,N,03,2,COMSTOCK ST **,N,,,13031012__,.75,07,,01,04,02,01,01,05,05,01,,AT,,SUMMERFIELD AVE,,,,25,25,26,40.219190,74.017500,N,,83221
2018130318AP33219,MONMOUTH,ASBURY PARK CITY,10/11/2018,TH,1609,01,ASBURY PARK PD,,0,0,0,0,P,B,N,N,02,2,MONMOUTH COUNTY 16,E,16,,13000016__,5.59,05,,01,04,02,01,01,01,04,,100,FE,N,DRUMMOND AVE,,,,25,25,26,,,N,,83285
2018130318AP33323,MONMOUTH,ASBURY PARK CITY,10/12/2018,FR,1755,01,ASBURY PARK PD,APPD,0,0,0,0,P,B,N,N,04,2,SUMMERFIELD AVE **,E,,,13031055__,.13,07,,01,04,02,01,01,01,04,,50,FE,E,DEWIIT AVE,,,,25,25,26,,,N,DAMAGE TO FENCE IN BACKYARD OF 1229 BANGS AVENUE.,83284
2018130318AP33871,MONMOUTH,ASBURY PARK CITY,10/16/2018,TU,1152,01,ASBURY PARK PD,,0,0,0,0,P,B,N,N,06,2,PARK AVE **,N,,,13031020__,.11,07,,01,04,02,01,01,01,05,01,60,FE,N,EIGHTH AVE,,,,25,25,28,40.228890,74.002500,N,,83213
2018130318AP33883,MONMOUTH,ASBURY PARK CITY,10/16/2018,TU,1421,01,ASBURY PARK PD,,0,0,0,0,P,B,N,N,06,2,COMSTOCK ST **,S,,,13031012__,.61,07,,01,04,02,01,01,01,04,01,100,FE,N,CR 16 / ASBURY AVE,,,,25,25,28,,,N,,83272
2018130318AP33987,MONMOUTH,ASBURY PARK CITY,10/17/2018,WE,1233,01,ASBURY PARK PD,,0,0,0,0,P,I,N,N,01,2,FIFTH AVE **,E,,,13031004__,.08,07,,01,04,02,01,01,01,05,01,,AT,,KINGSLEY ST,,,,25,25,26,40.223730,74.000770,N,,83221
2018130318AP34161,MONMOUTH,ASBURY PARK CITY,10/19/2018,FR,0741,01,ASBURY PARK PD,,0,0,0,0,P,B,N,N,01,2,MEMORIAL DR,N,,,13031009__,.00,07,,01,04,02,01,01,01,04,,10,FE,S,MUNROE AVE,,,,30,25,26,40.219150,74.013600,N,,83213
2018130318AP34164,MONMOUTH,ASBURY PARK CITY,10/19/2018,FR,0828,01,ASBURY PARK PD,,0,0,0,0,P,B,N,N,08,2,SEWALL AVE **,,,,13031039__,.20,07,,01,04,02,01,01,01,,01,55,FE,W,COMSTOCK ST,,,,25,25,26,40.221160,74.018410,N,,83278
2018130318AP34193,MONMOUTH,ASBURY PARK CITY,10/19/2018,FR,1500,01,ASBURY PARK PD,1MUNIICIPAL PL?,0,0,0,0,P,B,N,N,06,2,SEWALL AVE **,W,,,13031039__,.35,07,,01,04,02,01,01,01,,,100,FE,E,NJ 71 / MAIN ST,,,,25,30,28,40.219540,74.012380,N,,83243
2018130318AP34316,MONMOUTH,ASBURY PARK CITY,10/20/2018,SA,1057,01,ASBURY PARK PD,,0,0,0,0,P,B,N,N,06,2,WASHINGTON AVE **,W,,,13031053__,.14,07,,01,04,02,01,01,01,05,01,50,FE,W,JERSEY ST,,,,25,25,28,,,N,,83263
2018130318AP34427,MONMOUTH,ASBURY PARK CITY,10/20/2018,SA,2234,01,ASBURY PARK PD,,0,0,0,0,P,B,N,N,04,2,NJ 71,S,71,,00000071__,8.42,02,,01,04,02,01,07,01,04,01,75,FE,S,1ST AVE,,,,30,25,26,40.221440,74.011430,N,,83275
2018130318AP34652,MONMOUTH,ASBURY PARK CITY,10/22/2018,MO,1559,01,ASBURY PARK PD,1MUNICIPAL PLZA,0,1,0,0,I,I,N,N,01,2,BANGS AVE,N,,,,.62,05,,01,04,02,02,01,01,04,,,AT,W,CR 40A / MEMORIAL DR,,,,25,30,26,40.217690,74.014120,N,,83243
2018130318AP34654,MONMOUTH,ASBURY PARK CITY,10/22/2018,MO,1606,01,ASBURY PARK PD,,0,0,0,0,P,I,N,N,03,2,GRAND AVE **,,,,13031048__,.73,07,,01,04,02,01,01,01,05,01,,AT,,SUNSET AVE,,,,25,25,26,,,N,,83274
2018130318AP34736,MONMOUTH,ASBURY PARK CITY,10/23/2018,TU,1306,01,ASBURY PARK PD,,0,0,0,0,P,B,N,N,01,2,NJ 71,N,71,,00000071__,8.42,02,,01,04,02,01,01,01,04,02,40,FE,S,1ST AVE,,,,30,25,26,40.221430,74.011430,N,,83213
2018130318AP34776,MONMOUTH,ASBURY PARK CITY,10/23/2018,TU,2139,01,ASBURY PARK PD,,0,0,0,0,P,B,N,N,11,1,1 MUNICIPAL PLAZA,N,,,,,08,,01,04,02,01,06,01,05,01,,FE,,,,,,,,54,,,N,PAINT TRANSFER ON SIGN POLE FOR PARKING SPACE #4088.,83193
2018130318AP34922,MONMOUTH,ASBURY PARK CITY,10/25/2018,TH,0753,01,ASBURY PARK PD,,0,0,0,0,P,B,N,N,06,2,1401 MAIN STREET PKG LOT,,,,,,09,,01,04,02,01,01,01,,,,,,,,,,,,28,40.226950,74.009430,N,,83213
2018130318AP34967,MONMOUTH,ASBURY PARK CITY,10/25/2018,TH,1456,01,ASBURY PARK PD,,0,0,0,0,P,B,N,N,03,2,MONMOUTH COUNTY 40 A,S,40,A,13000040A_,.33,05,,01,04,02,01,01,01,05,01,100,FE,N,SPRINGWOOD AVE,,,,30,25,26,40.214860,74.015660,N,,83221
2018130318AP35060,MONMOUTH,ASBURY PARK CITY,10/26/2018,FR,1436,01,ASBURY PARK PD,,0,0,0,0,P,B,N,N,06,2,COMSTOCK ST **,,,,13031012__,.12,07,,01,04,02,01,01,01,05,01,25,FE,N,SUNSET AVE,,,,25,25,28,,,N,,83219
2018130318AP35184,MONMOUTH,ASBURY PARK CITY,10/27/2018,SA,1122,01,ASBURY PARK PD,ASBURY PARK,0,1,0,0,I,I,N,N,03,2,MEMORIAL DR,N,,,13031009__,.15,07,,01,04,02,02,01,02,04,01,,AT,,2ND AVE,,,,30,25,26,,,N,POLE# JC460 WAS STRUCK BY VEHICLE 2. JCPL NOTIFIED TO INSPECT POLE.,83278
2018130318AP35206,MONMOUTH,ASBURY PARK CITY,10/27/2018,SA,1706,01,ASBURY PARK PD,1 MUNICIPAL PLZ,0,0,0,0,P,B,N,N,06,2,200 SIXTH AVE; KINGSLEY TE,,,,,,09,,,04,02,02,01,02,,,,,,,,,,,,,40.225870,74.000500,N,,83282
2018130318AP35237,MONMOUTH,ASBURY PARK CITY,10/27/2018,SA,2234,01,ASBURY PARK PD,,0,0,0,0,P,I,N,N,03,2,GRAND AVE **,S,,,13031048__,.47,07,,01,04,02,02,06,02,05,01,,AT,,THIRD AVE,,,,25,25,26,40.222600,74.006240,N,,83270
2018130318AP35292,MONMOUTH,ASBURY PARK CITY,10/28/2018,SU,1015,01,ASBURY PARK PD,,0,0,0,0,P,I,N,N,01,2,DRURY LANE,,,,,,07,,03,04,02,02,01,01,02,01,,AT,S,SUNSET AVE,,,,25,25,26,40.221090,74.010260,N,,83228
2018130318AP35390,MONMOUTH,ASBURY PARK CITY,10/29/2018,MO,0817,01,ASBURY PARK PD,,0,0,0,0,P,B,N,N,06,2,COMSTOCK ST **,S,,,13031012__,.82,07,,01,04,02,01,01,01,05,01,75,FE,N,BANGS AVE,,,,25,25,28,40.218700,74.017900,N,,83221
2018130318AP35571,MONMOUTH,ASBURY PARK CITY,10/31/2018,WE,0243,01,ASBURY PARK PD,APPD,0,0,0,0,P,B,N,N,11,1,ROSELAND LANE,,,,,,08,,01,04,02,01,06,01,05,01,100,FE,W,NEW STREET,,,,25,25,26,,,N,,83238
2018130318AP35654,MONMOUTH,ASBURY PARK CITY,11/01/2018,TH,0803,01,ASBURY PARK PD,,0,0,0,0,P,I,N,N,03,2,FIRST AVE **,,,,13031001__,.24,07,,01,04,02,01,01,01,05,01,,AT,,COMSTOCK ST,,,,25,25,26,40.222470,74.016330,N,,83221
2018130318AP35665,MONMOUTH,ASBURY PARK CITY,11/01/2018,TH,0949,01,ASBURY PARK PD,,0,0,0,0,P,I,N,N,03,2,NEW ST **,E,,,13031006__,.07,07,,01,04,02,01,01,01,05,01,,AT,,SECOND ST,,,,25,25,26,40.224220,74.019230,N,,83221
2018130318AP35680,MONMOUTH,ASBURY PARK CITY,11/01/2018,TH,1154,01,ASBURY PARK PD,,0,0,0,0,P,B,N,N,06,2,FIRST AVE **,E,,,13031001__,.35,07,,01,04,02,01,01,01,05,01,15,FE,W,LANGFORD ST,,,,25,25,28,40.222050,74.014350,N,,83213
2018130318AP35778,MONMOUTH,ASBURY PARK CITY,11/02/2018,FR,1346,01,ASBURY PARK PD,,0,0,0,0,P,I,N,N,03,2,GRAND AVE **,,,,13031048__,.73,07,,01,04,02,01,01,01,04,01,,AT,,SUNSET AVE,,,,25,25,26,40.217940,74.007920,N,,83213
2018130318AP35842,MONMOUTH,ASBURY PARK CITY,11/02/2018,FR,2305,01,ASBURY PARK PD,1303,0,0,0,0,P,B,N,N,06,2,BOND ST **,,,,13031036__,.25,07,,01,04,02,02,05,02,05,,50,FE,N,FIFTH AVE,,,,25,25,,40.224440,74.004420,N,,83283
2018130318AP35869,MONMOUTH,ASBURY PARK CITY,11/03/2018,SA,0419,01,ASBURY PARK PD,,0,2,0,0,I,B,N,N,05,3,FIFTH AVE **,E,,,13031004__,.42,07,,01,04,02,02,07,02,05,01,50,FE,W,EMORY ST,,,,25,25,26,,,N,,83259
2018130318AP35888,MONMOUTH,ASBURY PARK CITY,11/03/2018,SA,1117,01,ASBURY PARK PD,ASBURY PARK PD,0,0,0,0,P,I,N,N,03,2,BANGS AVE **,E,,,13031043__,.06,07,,01,04,01,01,01,01,04,,,AT,,EMRY ST,,,,25,25,26,40.216830,74.010080,N,,83232
2018130318AP35901,MONMOUTH,ASBURY PARK CITY,11/03/2018,SA,1530,01,ASBURY PARK PD,,0,0,0,0,P,I,N,N,02,2,BANGS AVE,W,,,13031083__,.15,07,,01,04,02,01,01,01,04,01,,AT,,DEWITT AVE,,,,25,25,26,,,N,,83272
2018130318AP36130,MONMOUTH,ASBURY PARK CITY,11/05/2018,MO,1321,01,ASBURY PARK PD,,0,2,0,0,I,I,N,N,02,2,COMSTOCK ST **,W,,,13031012__,.12,07,,01,04,02,02,01,02,05,01,,AT,,SUNSET AVE,,,,25,25,26,40.220650,74.016980,N,,83221
2018130318AP36178,MONMOUTH,ASBURY PARK CITY,11/06/2018,TU,0750,01,ASBURY PARK PD,,0,0,0,0,P,I,N,N,03,2,FIRST AVE **,S,,,13031001__,.75,07,,01,04,02,02,01,02,05,01,,AT,,GRAND AVE,,,,25,25,26,40.220490,74.007000,N,,83221
2018130318AP36268,MONMOUTH,ASBURY PARK CITY,11/07/2018,WE,0948,01,ASBURY PARK PD,,0,0,0,0,P,B,N,N,06,2,DUNLEWY ST **,S,,,13031025__,.14,07,,01,04,02,01,01,01,05,01,300,FE,S,THIRD AVE,,,,25,25,28,40.222870,74.021920,N,REAR DOOR TO TRAILER,83221
2018130318AP36285,MONMOUTH,ASBURY PARK CITY,11/07/2018,WE,1126,01,ASBURY PARK PD,,0,0,0,0,P,B,N,N,08,2,801 BANGS AVE PKG LOT,,,,,,10,,01,04,02,01,01,01,,,,,,,,,,,,26,40.217900,74.013200,N,,83213
2018130318AP36293,MONMOUTH,ASBURY PARK CITY,11/07/2018,WE,1232,01,ASBURY PARK PD,,0,0,0,0,P,B,N,N,05,2,MUNROE AVE **,W,,,13031016__,.06,07,,01,04,02,01,01,01,05,01,300,FE,E,PROSPECT AVE,,,,25,25,26,40.220960,74.021940,N,,83221
2018130318AP36355,MONMOUTH,ASBURY PARK CITY,11/08/2018,TH,0642,01,ASBURY PARK PD,,0,0,0,0,P,I,N,N,03,2,MEMORIAL DR,,,,13031009__,.22,07,,01,04,02,01,01,01,05,,,AT,,3RD AVE,,,,30,25,,,,N,,271
2018130318AP36384,MONMOUTH,ASBURY PARK CITY,11/08/2018,TH,1418,01,ASBURY PARK PD,,0,0,0,0,P,B,N,N,06,2,THIRD AVE,E,,,,,07,,01,04,02,01,01,01,05,01,100,FE,E,JEFFERSON ST,,,,25,25,,40.225820,74.020220,N,,83188
2018130318AP36508,MONMOUTH,ASBURY PARK CITY,11/09/2018,FR,1908,01,ASBURY PARK PD,APPD,0,0,0,0,P,B,N,N,02,2,NJ 71,N,71,,00000071__,8.52,02,,01,04,02,02,06,02,04,01,100,FE,N,2ND AVE,,,,25,25,26,,,N,,83275
2018130318AP36615,MONMOUTH,ASBURY PARK CITY,11/10/2018,SA,1604,01,ASBURY PARK PD,APPD,0,0,0,0,P,B,Y,N,11,2,LAKE AVE,W,,,13031085__,.00,07,,01,04,02,01,01,01,05,,25,FE,E,NJ 71 / MAIN ST,,,,25,30,26,40.215150,74.013400,N,V1 STRUCK AND DAMAGED A JCPL POLE (#JC100AP),83277
2018130318AP36668,MONMOUTH,ASBURY PARK CITY,11/11/2018,SU,0005,01,ASBURY PARK PD,,0,1,0,0,I,I,N,N,03,2,FIRST AVE **,W,,,13031001__,.44,07,,01,04,02,01,06,01,04,01,,AT,,MEMORIAL DR,,,,25,30,26,,,N,,83281
2018130318AP36720,MONMOUTH,ASBURY PARK CITY,11/11/2018,SU,1115,01,ASBURY PARK PD,,0,0,0,0,P,B,N,N,08,2,DRUMMOND AVE **,N,,,13031024__,.10,07,,01,04,02,01,01,01,05,01,50,FE,N,THIRD AVE,,,,25,25,28,,,N,,83272
2018130318AP36985,MONMOUTH,ASBURY PARK CITY,11/15/2018,TH,0502,01,ASBURY PARK PD,APPD,0,0,0,0,P,B,Y,N,06,4,FIRST AVE **,W,,,,,07,,01,04,02,01,06,01,05,01,10,FE,,HECK AVE,,,,25,25,26,,,N,,83244
2018130318AP36992,MONMOUTH,ASBURY PARK CITY,11/15/2018,TH,0803,01,ASBURY PARK PD,,0,0,0,0,P,I,N,N,03,2,LANGFORD ST **,E,,,13031010__,.09,07,,01,04,02,01,01,01,05,01,,AT,,SUNSET AVE,,,,25,25,26,40.227730,74.013090,N,,83221