Year(4)-CountyCode(2)-MunicipalityCode(2)-CaseNumber(9),County Name,Municipality Name,Crash Date,Crash Day of Week,Crash Time,Police Department Code,Police Department,Police Station,Total Killed,Total Injured,Pedestrians Killed,Pedestrians Injured,Severity,Intersection,Alcohol Involved,Hazmat Involved,Crash Type,Total Vehicles,Location,Location Direction,Route,Route Suffix,Std Rte Identifier,MilePost,Road System,Road Character,Road Horizontal Alignment,Road Grade,Road Surface Type,Surface Condition,Light Condition,Environmental Condition,Road Divided By,Temporary Traffic Control Zone,Distance To Cross Street,Unit Of Measurement,Direction From Cross Street,Cross Street Name,Is Ramp,Ramp To/From Route Name,Ramp To/From Route Direction,Posted Speed,Posted Speed Cross Street,First Harmful Event,Latitude,Longitude,Cell Phone In Use Flag,Other Property Damage,Reporting Badge No.
2018130318AP37019,MONMOUTH,ASBURY PARK CITY,11/15/2018,TH,1307,01,ASBURY PARK PD,,0,1,0,0,I,B,N,N,03,3,THIRD AVE,W,,,,,07,,01,04,02,02,01,02,05,01,30,FE,W,LANGFORD ST,,,,25,25,26,40.224450,74.013710,N,,83221
2018130318AP37163,MONMOUTH,ASBURY PARK CITY,11/16/2018,FR,2001,01,ASBURY PARK PD,,0,0,0,0,P,B,N,N,06,2,EMORY ST,N,,,,,07,,01,04,02,01,07,01,05,01,5,FE,S,BANGS AVE,,,,25,25,26,40.216840,74.010080,N,,83266
2018130318AP37175,MONMOUTH,ASBURY PARK CITY,11/16/2018,FR,2118,01,ASBURY PARK PD,,0,0,0,0,P,I,N,N,03,2,MONMOUTH COUNTY 40 A,E,40,A,13000040A_,.05,07,,01,04,02,01,06,01,04,,,AT,E,SOMERFIELD AVE,,,,25,25,26,,,N,,83285
2018130318AP37221,MONMOUTH,ASBURY PARK CITY,11/17/2018,SA,0215,01,ASBURY PARK PD,,0,0,0,0,P,B,N,N,08,3,JERSEY ST,W,,,,,07,,01,04,02,01,06,01,,,50,FE,S,MONROE AVE,,,,15,25,26,,,N,,83286
2018130318AP37321,MONMOUTH,ASBURY PARK CITY,11/17/2018,SA,2339,01,ASBURY PARK PD,,0,0,0,0,P,B,N,N,06,2,NJ 71,N,71,,00000071__,8.09,02,,01,04,02,01,07,01,04,01,10,FE,S,MATTISON AVE,,,,30,25,26,,,N,,83288
2018130318AP37337,MONMOUTH,ASBURY PARK CITY,11/18/2018,SU,0139,01,ASBURY PARK PD,,0,1,0,0,I,I,N,N,03,2,SECOND ST **,S,,,13031002__,.33,07,,01,04,02,01,07,01,,,,AT,,GRAND AVE,,,,25,25,26,,,N,,83281
2018130318AP37373,MONMOUTH,ASBURY PARK CITY,11/18/2018,SU,1320,01,ASBURY PARK PD,,0,0,0,0,P,I,N,N,02,2,BANGS AVE,W,,,13031083__,.38,07,,02,04,02,01,01,01,04,01,,AT,,PROSPECT AVE,,,,25,25,26,,,N,,83272
2018130318AP37594,MONMOUTH,ASBURY PARK CITY,11/21/2018,WE,0751,01,ASBURY PARK PD,,0,0,0,0,P,I,N,N,03,2,NJ 71,N,71,,00000071__,8.35,02,,01,04,02,01,01,01,05,02,,AT,,CR 16 / ASBURY AVE,,,,30,25,26,40.220370,74.011810,N,,83221
2018130318AP37636,MONMOUTH,ASBURY PARK CITY,11/21/2018,WE,2015,01,ASBURY PARK PD,,0,0,0,0,P,B,N,N,06,2,BANGS AVE,,,,13031083__,.03,07,,01,04,02,01,06,01,05,,10,FE,E,RIDGE AVE,,,,25,25,28,,,N,,83150
2018130318AP37675,MONMOUTH,ASBURY PARK CITY,11/22/2018,TH,1006,01,ASBURY PARK PD,,0,0,0,0,P,B,N,N,06,3,BOND ST **,S,,,13031036__,.08,07,,01,04,02,01,00,01,05,01,25,FE,S,SIXTH AVE,,,,25,25,26,,,N,WEST AND EAST SIDE CURBS DAMAGED,83221
2018130318AP37679,MONMOUTH,ASBURY PARK CITY,11/22/2018,TH,1319,01,ASBURY PARK PD,,0,0,0,0,P,I,N,N,03,2,MEMORIAL DR,S,,,13031009__,.22,07,,01,04,02,01,01,01,05,01,,AT,,3RD AVE,,,,25,25,26,40.223730,74.013300,N,,83221
2018130318AP37693,MONMOUTH,ASBURY PARK CITY,11/22/2018,TH,2127,01,ASBURY PARK PD,1303,0,0,0,0,P,I,N,N,03,2,RIDGE AVE,,,,,,07,,01,04,02,01,06,01,04,01,,AT,,THIRD AVE,,,,25,25,26,,,N,,83275
2018130318AP3783,MONMOUTH,ASBURY PARK CITY,11/24/2018,SA,1349,01,ASBURY PARK PD,ASBURY PARK,0,0,0,0,P,I,N,N,03,2,MEMORIAL DR,W,,,13031009__,.00,07,,01,04,02,01,01,01,04,,,AT,,MUNROE AVE,,,,25,30,,40.219150,74.013600,N,,83232
2018130318AP378973,MONMOUTH,ASBURY PARK CITY,12/08/2018,SA,2049,01,ASBURY PARK PD,,0,0,0,0,P,B,N,N,02,2,NJ 71,S,71,,00000071__,8.18,02,,01,04,02,01,06,01,04,01,50,FE,S,SUMERFIELD AVE,,,,25,25,26,,,N,,83285
2018130318AP37914,MONMOUTH,ASBURY PARK CITY,11/25/2018,SU,0238,01,ASBURY PARK PD,,0,0,0,0,P,B,N,N,06,4,RIDGE AVENUE,N,,,,,07,,01,04,02,02,06,02,04,01,50,FE,S,FOURTH AVENUE,,,,25,25,26,40.224680,74.026680,N,CITY SIDEWALK WAS DAMAGED WHERE THE VEHICLE WAS PUSHED UP ONTO IT,
2018130318AP37968,MONMOUTH,ASBURY PARK CITY,11/25/2018,SU,1950,01,ASBURY PARK PD,,0,2,0,0,I,I,N,N,03,2,BANGS AVE,E,,,13031083__,.38,07,,01,04,02,01,07,01,04,01,,AT,,PROSPECT AVE,,,,25,25,26,40.218610,74.018500,N,,83266
2018130318AP38009,MONMOUTH,ASBURY PARK CITY,11/26/2018,MO,0807,01,ASBURY PARK PD,,0,0,0,0,P,B,N,N,06,2,COMSTOCK ST **,S,,,13031012__,.60,07,,01,04,02,01,01,05,05,01,35,FE,N,CR 16 / ASBURY AVE,,,,25,25,28,40.221390,74.016720,N,,83221
2018130318AP38058,MONMOUTH,ASBURY PARK CITY,11/26/2018,MO,1908,01,ASBURY PARK PD,APPD,0,2,0,0,I,B,N,N,03,2,RIDGE AVENUE,S,,,,,07,,01,04,02,02,07,02,05,01,,,,,,,,25,,,,,N,,83282
2018130318AP38064,MONMOUTH,ASBURY PARK CITY,11/26/2018,MO,1926,01,ASBURY PARK PD,1 MUNICIPAL PLZ,0,0,0,0,P,B,N,N,06,2,BANGS AVE,,,,13031083__,.15,07,,01,04,01,02,06,02,,,10,FE,W,DEWITT AVE,,,,25,25,26,,,N,,83262
2018130318AP38303,MONMOUTH,ASBURY PARK CITY,11/28/2018,WE,2000,01,ASBURY PARK PD,,0,0,0,0,P,B,N,N,06,2,RIDGE AVE,,,,,,07,,01,04,02,01,05,01,05,01,,,,,,,,25,,,,,N,,83188
2018130318AP38391,MONMOUTH,ASBURY PARK CITY,11/30/2018,FR,1746,01,ASBURY PARK PD,APPD,0,1,0,0,I,B,N,N,01,2,MONMOUTH COUNTY 16,E,16,,13000016__,5.52,05,,01,04,02,01,06,01,,,100,FE,E,RIDGE AVE,,,,30,25,26,40.223150,74.024940,N,,83277
2018130318AP38462,MONMOUTH,ASBURY PARK CITY,12/01/2018,SA,1813,01,ASBURY PARK PD,APPD,0,0,0,0,P,B,N,N,01,2,MONMOUTH COUNTY 16,E,16,,13000016__,5.67,05,,01,04,02,02,06,02,,,100,FE,E,PROSPECT AVE,,,,30,25,26,40.222570,74.022220,N,,83277
2018130318AP38463,MONMOUTH,ASBURY PARK CITY,12/01/2018,SA,1825,01,ASBURY PARK PD,,0,0,0,0,P,B,N,N,06,2,VFW 701 LAKE AVE  PK LOT,,,,,,09,,01,04,02,02,06,02,05,01,100,FE,,BOND STREET,,,,5,25,,,,N,,83188
2018130318AP38558,MONMOUTH,ASBURY PARK CITY,12/03/2018,MO,1500,01,ASBURY PARK PD,,0,1,0,0,I,I,N,N,03,2,MEMORIAL DR,E,,,13031009__,.47,07,,01,04,02,01,01,01,05,01,,AT,,SUNSET AVE,,,,25,30,26,40.227230,74.010720,N,,83221
2018130318AP38585,MONMOUTH,ASBURY PARK CITY,12/03/2018,MO,2251,01,ASBURY PARK PD,,0,0,0,0,P,B,N,N,06,2,WASHINGTON AVE **,,,,13031053__,.27,07,,01,04,02,01,06,01,05,01,,,,,,,,25,,28,,,N,,83204
2018130318AP38644,MONMOUTH,ASBURY PARK CITY,12/05/2018,WE,0106,01,ASBURY PARK PD,,0,0,0,0,P,B,Y,N,06,4,RIDGE AVE,S,,,,,07,,01,04,02,01,07,01,05,01,100,FE,S,STRATFORD AVE,,,,25,25,28,,,N,,
2018130318AP38677,MONMOUTH,ASBURY PARK CITY,12/05/2018,WE,1527,01,ASBURY PARK PD,,0,0,0,0,P,B,N,N,06,2,FIFTH AVE **,W,,,13031004__,.60,07,,01,04,02,01,01,01,05,01,75,FE,E,STEINER AVE,,,,25,25,28,40.225660,74.009910,N,,83221
2018130318AP38694,MONMOUTH,ASBURY PARK CITY,12/05/2018,WE,2317,01,ASBURY PARK PD,,0,0,0,0,P,B,Y,N,06,3,MUNROE AVE **,E,,,13031016__,.11,07,,01,04,02,01,06,01,05,01,20,FE,W,COMSTOCK ST,,,,25,25,26,,,N,,
2018130318AP38763,MONMOUTH,ASBURY PARK CITY,12/06/2018,TH,2028,01,ASBURY PARK PD,,0,0,0,0,P,B,N,N,05,2,RIDGE AVENUE,N,,,,,07,,01,04,02,01,05,01,05,01,60,FE,N,STRAFFORD,,,,25,,26,,,N,,83181
2018130318AP39046,MONMOUTH,ASBURY PARK CITY,12/09/2018,SU,1130,01,ASBURY PARK PD,,0,0,0,0,P,I,N,N,03,2,SECOND ST **,,,,13031002__,.33,07,,01,04,02,01,01,01,04,01,,AT,,GRAND AVE,,,,25,25,,40.221540,74.006620,N,,83228
2018130318AP39070,MONMOUTH,ASBURY PARK CITY,12/09/2018,SU,1753,01,ASBURY PARK PD,,0,0,0,0,P,B,N,N,06,2,COOKMAN AVE,W,,,13031052__,.44,07,,01,04,02,01,06,01,05,,20,FE,W,EMORY ST / MATTISON AVE / PRESS PLA,,,,25,25,28,,,N,,83274
2018130318AP39186,MONMOUTH,ASBURY PARK CITY,12/11/2018,TU,0823,01,ASBURY PARK PD,,0,1,0,0,I,B,N,N,07,2,SPRINGWOOD AVE **,W,,,13341045__,1.50,07,,01,04,02,01,01,01,05,01,50,FE,W,NJ 71 / MAIN ST,,,,25,25,,,,N,,83226
2018130318AP39244,MONMOUTH,ASBURY PARK CITY,12/11/2018,TU,2038,01,ASBURY PARK PD,,0,0,0,0,P,B,N,N,02,2,MONMOUTH COUNTY 40 A,S,40,A,13000040A_,.31,05,,01,04,02,01,07,01,04,01,25,FE,N,SPRINGWOOD AVE,,,,30,25,26,,,N,,83246
2018130318AP39280,MONMOUTH,ASBURY PARK CITY,12/12/2018,WE,1316,01,ASBURY PARK PD,,0,0,0,0,P,I,N,N,08,2,SUNSET AVE,W,,,13031365__,.59,07,,01,04,02,01,01,05,05,01,,AT,,NJ 71 / MAIN ST,,,,25,30,26,40.227150,74.009010,N,,83221
2018130318AP39287,MONMOUTH,ASBURY PARK CITY,12/12/2018,WE,1444,01,ASBURY PARK PD,,0,0,0,0,P,B,Y,N,07,2,MONMOUTH COUNTY 16,W,16,,13000016__,5.77,05,,01,04,02,02,01,01,04,01,15,FE,W,CENTRAL AVE,,,,25,25,,,,N,,83226
2018130318AP39309,MONMOUTH,ASBURY PARK CITY,12/12/2018,WE,1854,01,ASBURY PARK PD,,0,1,0,0,I,B,N,N,01,2,MEMORIAL DR,S,,,13031009__,.04,07,,01,04,02,01,05,01,05,01,30,FE,S,SEWELL AVE,,,,25,25,26,,,N,,83183
2018130318AP39377,MONMOUTH,ASBURY PARK CITY,12/13/2018,TH,1705,01,ASBURY PARK PD,APPD,0,0,0,0,P,I,N,N,01,2,FOURTH AVE **,,,,13031003__,.73,07,,01,04,02,01,06,01,,,,AT,,LANGFORD ST,,,,25,25,26,40.225220,74.013210,N,,83277
2018130318AP39439,MONMOUTH,ASBURY PARK CITY,12/14/2018,FR,0758,01,ASBURY PARK PD,,0,1,0,0,I,B,N,N,05,4,SUMMERFIELD AVE **,E,,,13031055__,.32,07,,01,04,02,01,01,01,05,01,50,FE,W,PROSEPECT AVE,,,,25,25,26,40.219290,74.020100,N,,
2018130318AP39574,MONMOUTH,ASBURY PARK CITY,12/15/2018,SA,0904,01,ASBURY PARK PD,,0,0,0,0,P,I,N,N,01,2,MATTISON AVE **,S,,,13031070__,.00,07,,01,04,02,02,01,05,04,01,,AT,,PROSPECT AVE,,,,25,25,26,,,N,,83272
2018130318AP39578,MONMOUTH,ASBURY PARK CITY,12/15/2018,SA,0940,01,ASBURY PARK PD,,0,1,0,0,I,B,N,N,01,2,MONMOUTH COUNTY 40 A,N,40,A,13000040A_,.29,05,,01,04,02,02,01,02,04,01,100,FE,S,SPRINGWOOD AVE,,,,30,25,26,,,N,,83207
2018130318AP39611,MONMOUTH,ASBURY PARK CITY,12/15/2018,SA,1901,01,ASBURY PARK PD,1 MUNICIPAL PLZ,0,0,0,0,P,B,N,N,06,2,COMSTOCK ST **,,,,13031012__,.64,07,,01,04,01,01,03,01,,,40,FE,S,SEWALL AVE,,,,25,25,28,,,N,,83262
2018130318AP39636,MONMOUTH,ASBURY PARK CITY,12/15/2018,SA,2231,01,ASBURY PARK PD,,0,0,0,0,P,B,N,N,06,2,MONROE ST **,E,,,13031073__,.14,07,,01,04,02,02,06,02,05,,150,FE,E,WINN AVE,,,,25,25,26,,,N,,83281
2018130318AP39705,MONMOUTH,ASBURY PARK CITY,12/16/2018,SU,1535,01,ASBURY PARK PD,,0,1,0,0,I,I,N,N,03,2,DEWITT AVE **,,,,13031071__,.00,07,,01,04,02,02,01,02,05,01,,AT,,SUMMERFIELD AVE,,,,25,25,26,40.219340,74.022750,N,,83228
2018130318AP39737,MONMOUTH,ASBURY PARK CITY,12/17/2018,MO,0737,01,ASBURY PARK PD,,0,0,0,0,P,B,N,N,02,2,COOKMAN AVE,W,,,13031052__,.36,07,,01,04,02,01,01,01,05,01,25,FE,W,BANGS AVE,,,,25,25,26,40.216580,74.008870,N,,83221
2018130318AP39757,MONMOUTH,ASBURY PARK CITY,12/17/2018,MO,1242,01,ASBURY PARK PD,,0,0,0,0,P,B,N,N,06,2,BANGS AVE,E,,,13031083__,.39,07,,01,04,02,01,01,01,05,01,50,FE,E,PROSPECT AVE,,,,25,25,28,40.218500,74.017950,N,,83221
2018130318AP39857,MONMOUTH,ASBURY PARK CITY,12/18/2018,TU,1507,01,ASBURY PARK PD,PATROL DIVISION,0,0,0,0,P,B,N,N,99,1,NJ 71,N,71,,00000071__,8.82,02,,01,04,02,01,01,01,04,02,25,FE,S,SUNSET AVE,,,,25,25,,40.225980,74.009790,N,,83287
2018130318AP39922,MONMOUTH,ASBURY PARK CITY,12/19/2018,WE,1335,01,ASBURY PARK PD,,0,0,0,0,P,I,N,N,02,2,MONMOUTH COUNTY 16,,16,,13000016__,6.15,05,,01,04,02,01,01,01,05,,,AT,,MEMORIAL DR,,,,25,25,26,40.216750,74.013870,N,,
2018130318AP39925,MONMOUTH,ASBURY PARK CITY,12/19/2018,WE,1442,01,ASBURY PARK PD,,0,0,0,0,P,I,N,N,06,2,SECOND ST **,,,,13031002__,.51,07,,01,04,02,01,00,01,05,01,,AT,,BOND ST,,,,25,25,,,,N,,83188
2018130318AP39939,MONMOUTH,ASBURY PARK CITY,12/19/2018,WE,2114,01,ASBURY PARK PD,APPD,0,0,0,0,P,B,N,N,06,2,SIXTH AVE **,E,,,13031017__,.55,07,,01,04,02,01,02,01,04,01,25,FE,W,PARK AVE,,,,25,25,,,,N,,83275
2018130318AP39951,MONMOUTH,ASBURY PARK CITY,12/19/2018,WE,2358,01,ASBURY PARK PD,,0,1,0,0,I,B,Y,N,06,6,SEVENTH AVE **,,,,13031018__,.72,07,,01,04,02,01,06,01,05,01,50,FE,N,SIXTH AVE,,,,25,25,28,40.227380,74.000710,N,,
2018130318AP40001,MONMOUTH,ASBURY PARK CITY,12/20/2018,TH,1552,01,ASBURY PARK PD,,0,0,0,0,P,B,N,N,06,2,100 MEMORIAL DR; ASBURY,,,,,,09,,01,04,02,02,01,02,05,01,,,,,,,,,,28,,,N,,83272
2018130318AP40099,MONMOUTH,ASBURY PARK CITY,12/21/2018,FR,1711,01,ASBURY PARK PD,,1,0,1,0,F,I,N,N,13,1,LANGFORD ST **,S,,,13031010__,.63,07,,01,04,02,02,06,02,,,,AT,,3RD AVE,,,,25,25,22,40.224160,74.013580,N,,83221
2018130318AP40163,MONMOUTH,ASBURY PARK CITY,12/22/2018,SA,0044,01,ASBURY PARK PD,,0,0,0,0,P,B,N,N,06,2,WICKAPECKO DR,,,,13371419__,2.29,07,,01,04,02,02,06,02,,,50,FE,N,SPRINGWOOD AVE,,,,25,25,,40.216490,74.024930,N,DAMAGE TO WALL IN FRONT OF 118 RIDGE AVENUE,83283
2018130318AP40260,MONMOUTH,ASBURY PARK CITY,12/22/2018,SA,1956,01,ASBURY PARK PD,,1,0,1,0,F,I,Y,N,13,1,MONMOUTH COUNTY 16,E,16,,13000016__,6.15,05,,01,04,02,01,06,01,05,01,,AT,,MEMORIAL DR,,,,25,30,22,40.220640,74.013080,N,,83221
2018130318AP40263,MONMOUTH,ASBURY PARK CITY,12/23/2018,SU,2110,01,ASBURY PARK PD,APPD,0,0,0,0,P,B,N,N,06,2,623 MAIN STREET,E,,,,,09,,01,04,02,01,03,01,04,,,,,,,,,25,,26,,,N,,83284
2018130318AP40324,MONMOUTH,ASBURY PARK CITY,12/23/2018,SU,1048,01,ASBURY PARK PD,,0,0,0,0,P,B,N,N,06,2,MONROE ST **,E,,,13031073__,.10,07,,01,04,02,00,06,00,05,01,30,FE,W,WINN AVE,,,,25,,28,,,N,,83272
2018130318AP40355,MONMOUTH,ASBURY PARK CITY,12/23/2018,SU,1807,01,ASBURY PARK PD,APPD,0,0,0,0,P,B,N,N,06,2,SPRINGWOOD AVE **,E,,,13341045__,.93,07,,01,04,02,01,06,01,,,15,FE,S,RIDGE AVE,,,,25,25,,,,N,,83282
2018130318AP40418,MONMOUTH,ASBURY PARK CITY,12/24/2018,MO,1517,01,ASBURY PARK PD,1 MUNICIPAL PLZ,0,0,0,0,P,I,N,N,06,2,DEWITT AVE **,N,,,13031071__,.13,07,,01,04,02,01,01,01,05,,,AT,W,MCKINLEY ST,,,,25,25,,40.217150,74.022870,N,,83243
2018130318AP40524,MONMOUTH,ASBURY PARK CITY,12/26/2018,WE,1330,01,ASBURY PARK PD,,0,0,0,0,P,B,N,N,06,2,BANGS AVE,,,,13031083__,.16,07,,01,04,02,01,01,01,02,01,40,FE,E,DEWITT AVE,,,,25,25,,40.219030,74.022280,N,,83228
2018130318AP40951,MONMOUTH,ASBURY PARK CITY,12/30/2018,SU,1811,01,ASBURY PARK PD,,0,0,0,0,P,B,N,N,06,2,ASBURY AVE **,W,,,13031091__,.15,07,,01,04,02,01,00,01,05,01,10,FE,E,EMORY ST,,,,25,25,26,,,N,,83274
2018130318AP41026,MONMOUTH,ASBURY PARK CITY,12/31/2018,MO,1658,01,ASBURY PARK PD,APPD,0,1,0,0,I,I,N,N,03,3,MUNROE AVE **,,,,13031016__,.30,07,,01,04,02,02,06,02,,01,,AT,,MEMORIAL DR,,,,25,30,26,,,N,,
2018130418-000382,MONMOUTH,ATLANTIC HIGHLANDS BORO,01/14/2018,SU,0324,01,ATLANTIC HIGHLANDS PD,,0,0,0,0,P,B,N,N,06,2,W WASHINGTON AVE **,E,,,13041023__,.04,07,,01,04,02,01,07,01,05,01,200,FE,E,BOWNE AVE,,,,25,25,26,,,N,,0139
2018130418-000531,MONMOUTH,ATLANTIC HIGHLANDS BORO,01/19/2018,FR,0817,01,ATLANTIC HIGHLANDS PD,,0,1,0,0,I,I,N,N,03,2,E WASHINGTON AVE **,E,,,13041006__,.41,07,,01,04,02,01,01,01,05,01,,AT,,CENTRAL AVE,,,,25,25,26,,,N,,0137
2018130418-001226,MONMOUTH,ATLANTIC HIGHLANDS BORO,02/09/2018,FR,0728,01,ATLANTIC HIGHLANDS PD,,0,0,0,0,P,B,N,N,08,2,FIRST AVE,W,,,,,07,,01,04,02,01,01,01,05,,,,,,,,,25,,26,,,N,,0128
2018130418-001305,MONMOUTH,ATLANTIC HIGHLANDS BORO,02/11/2018,SU,1344,01,ATLANTIC HIGHLANDS PD,,0,0,0,0,P,I,N,N,03,2,NJ 36,W,36,,00000036__,15.18,02,,01,04,02,02,01,02,01,01,,AT,,FIRST AVENUE,,,,45,25,26,,,N,,0139
2018130418-001332,MONMOUTH,ATLANTIC HIGHLANDS BORO,02/12/2018,MO,0802,01,ATLANTIC HIGHLANDS PD,,0,0,0,0,P,B,N,N,03,2,THIRD AVE **,,,,13041011__,.31,07,,01,04,02,01,01,01,05,01,,,,E LINCOLN AVE,,,,,,26,,,N,,0130
2018130418-001624,MONMOUTH,ATLANTIC HIGHLANDS BORO,02/20/2018,TU,1603,01,ATLANTIC HIGHLANDS PD,,0,0,0,0,P,B,N,N,01,2,SIMPSON AVE **,W,,,13041007__,.21,07,,01,04,02,01,01,01,05,01,10,FE,E,GRAND AVE,,,,25,25,26,,,N,,0134
2018130418-002109,MONMOUTH,ATLANTIC HIGHLANDS BORO,03/07/2018,WE,1857,01,ATLANTIC HIGHLANDS PD,,0,0,0,0,P,B,N,N,08,2,GRAND AVENUE,N,,,,,07,,01,04,02,05,07,03,04,01,30,FE,S,COLUMBIA AVENUE,,,,25,25,26,,,N,,0137
2018130418-002415,MONMOUTH,ATLANTIC HIGHLANDS BORO,03/17/2018,SA,1026,01,ATLANTIC HIGHLANDS PD,,0,2,0,0,I,I,N,N,03,2,NJ 36,S,36,,00000036__,14.75,02,,01,04,02,01,01,01,02,01,,AT,S,GRAND AVE,,,,45,25,26,,,N,,0137
2018130418-003025,MONMOUTH,ATLANTIC HIGHLANDS BORO,04/06/2018,FR,1435,01,ATLANTIC HIGHLANDS PD,,0,0,0,0,P,I,N,N,01,2,NJ 36,W,36,,00000036__,14.75,02,,01,04,02,01,01,01,01,01,,AT,,GRAND AVE,,,,45,25,26,,,N,,0139
2018130418-004349,MONMOUTH,ATLANTIC HIGHLANDS BORO,05/11/2018,FR,1508,01,ATLANTIC HIGHLANDS PD,,0,1,0,0,I,B,N,N,14,1,WEST AVE **,N,,,,.49,07,,01,04,02,01,01,01,04,01,350,FE,N,BAY AVE,,,,25,,26,,,N,,0137
2018130418-004350,MONMOUTH,ATLANTIC HIGHLANDS BORO,05/11/2018,FR,1513,01,ATLANTIC HIGHLANDS PD,,0,0,0,0,P,B,N,N,08,2,WEST HIGHLAND AVENUE,S,,,,,07,,01,04,02,01,01,01,05,01,15,FE,W,,,FIRST AVENUE,,25,,26,,,N,,0129
2018130418-004493,MONMOUTH,ATLANTIC HIGHLANDS BORO,05/16/2018,WE,1156,01,ATLANTIC HIGHLANDS PD,,0,0,0,0,P,I,N,N,02,2,MONMOUTH COUNTY 8,N,8,,13000008__,.35,05,,01,04,02,02,01,02,04,01,,AT,,CENTER AVE,,,,25,25,26,,,N,,0141
2018130418-004574,MONMOUTH,ATLANTIC HIGHLANDS BORO,05/19/2018,SA,1141,01,ATLANTIC HIGHLANDS PD,,0,0,0,0,P,B,N,N,08,2,MONMOUTH COUNTY 8,,8,,13000008__,.00,05,,01,04,02,02,01,02,04,01,40,FE,S,NJ 36,,,,25,45,26,,,N,,0141
2018130418-005049,MONMOUTH,ATLANTIC HIGHLANDS BORO,06/02/2018,SA,1154,01,ATLANTIC HIGHLANDS PD,,0,0,0,0,P,B,N,N,08,2,HIGHLAND AVE **,S,,,13311012__,1.29,07,,01,04,02,01,01,01,05,01,50,FE,W,CR 8 / FIRST AVE,,,,25,25,26,,,N,,0141
2018130418-005140,MONMOUTH,ATLANTIC HIGHLANDS BORO,06/05/2018,TU,1738,01,ATLANTIC HIGHLANDS PD,,0,1,0,0,I,I,N,N,01,2,MONMOUTH COUNTY 8,N,8,,13000008__,.00,05,,01,04,02,01,01,01,05,01,,AT,S,NJ 36,,,,25,,26,,,N,,0131
2018130418-005141,MONMOUTH,ATLANTIC HIGHLANDS BORO,06/05/2018,TU,1811,01,ATLANTIC HIGHLANDS PD,,0,0,0,0,P,B,N,N,03,2,MONMOUTH COUNTY 8,,8,,13000008__,,05,,01,04,02,01,01,01,05,01,,FE,E,BAYSHORE PLAZA,,,,25,,26,,,N,,0131
2018130418-005242,MONMOUTH,ATLANTIC HIGHLANDS BORO,06/08/2018,FR,0952,01,ATLANTIC HIGHLANDS PD,,0,0,0,0,P,B,N,N,08,2,RIDGE ROAD,N,,,,,07,,02,06,02,01,01,01,05,01,95,FE,N,EAST HIGHLAND AVENUE,,,,25,25,28,,,N,,0130
2018130418-005403,MONMOUTH,ATLANTIC HIGHLANDS BORO,06/12/2018,TU,1800,01,ATLANTIC HIGHLANDS PD,,0,2,0,0,I,B,N,N,02,2,NJ 36,W,36,,00000036__,,02,,01,04,02,01,01,01,01,01,75,FE,E,FIRST AVENUE,,,,45,25,26,,,N,,0134
2018130418-006134,MONMOUTH,ATLANTIC HIGHLANDS BORO,07/04/2018,WE,1621,01,ATLANTIC HIGHLANDS PD,,0,0,0,0,P,I,N,N,03,2,GRAND AVE **,E,,,13041072__,.21,07,,01,06,02,01,01,01,05,01,,AT,,E HIGHLAND AVE,,,,25,25,26,,,N,111 EAST HIGHLAND AVENUE SHRUBS/TREES DAMAGED. TELEPHONE POLE GRAND/EAST HIGHLA?,0141
2018130418-006243,MONMOUTH,ATLANTIC HIGHLANDS BORO,07/06/2018,FR,2358,01,ATLANTIC HIGHLANDS PD,,0,0,0,0,P,I,N,N,06,2,AVENUE C **,N,,,13041025__,.24,07,,01,04,02,01,06,01,05,01,,AT,,CENTER AVE,,,,25,25,26,,,N,,0141
2018130418-007392,MONMOUTH,ATLANTIC HIGHLANDS BORO,08/08/2018,WE,1328,01,ATLANTIC HIGHLANDS PD,,0,0,0,0,P,I,N,N,03,2,FIRST AVE **,W,,,,,05,,01,04,02,01,01,01,04,01,,AT,,GARFIELD AVENUE,,,,25,25,26,,,N,,0130
2018130418-008019,MONMOUTH,ATLANTIC HIGHLANDS BORO,08/28/2018,TU,1807,01,ATLANTIC HIGHLANDS PD,,0,0,0,0,P,B,N,N,02,2,NJ 36,E,36,,00000036__,15.36,02,,01,04,02,01,01,01,01,01,260,FE,E,LEONARDVILLE ROAD,,,,45,25,26,,,N,,0137
2018130418-009029,MONMOUTH,ATLANTIC HIGHLANDS BORO,09/29/2018,SA,0954,01,ATLANTIC HIGHLANDS PD,,0,0,0,0,P,B,N,N,06,2,W WASHINGTON AVE **,,,,,,07,,01,04,02,01,01,01,05,01,,,E,WEST AVE,,,,25,25,26,,,N,,0131
2018130418-009211,MONMOUTH,ATLANTIC HIGHLANDS BORO,10/04/2018,TH,1743,01,ATLANTIC HIGHLANDS PD,,0,0,0,0,P,I,N,N,03,2,BAY AVE **,W,,,,,07,,01,04,02,01,01,01,05,01,,AT,,,,,,25,,26,,,N,,0131
2018130418-009607,MONMOUTH,ATLANTIC HIGHLANDS BORO,10/17/2018,WE,0941,01,ATLANTIC HIGHLANDS PD,,0,0,0,0,P,I,N,N,03,2,HIGHLAND AVE **,E,,,13311012__,1.22,07,,01,04,02,01,01,01,05,01,,AT,,HENNESSY AVE,,,,25,25,26,,,N,,0131
2018130418-009639,MONMOUTH,ATLANTIC HIGHLANDS BORO,10/18/2018,TH,1104,01,ATLANTIC HIGHLANDS PD,,0,0,0,0,P,B,N,N,06,2,FURST AVENUE,N,,,,,07,,01,04,02,01,01,01,04,01,,,,,,,,,,26,,,N,,0130