Year(4)-CountyCode(2)-MunicipalityCode(2)-CaseNumber(9),County Name,Municipality Name,Crash Date,Crash Day of Week,Crash Time,Police Department Code,Police Department,Police Station,Total Killed,Total Injured,Pedestrians Killed,Pedestrians Injured,Severity,Intersection,Alcohol Involved,Hazmat Involved,Crash Type,Total Vehicles,Location,Location Direction,Route,Route Suffix,Std Rte Identifier,MilePost,Road System,Road Character,Road Horizontal Alignment,Road Grade,Road Surface Type,Surface Condition,Light Condition,Environmental Condition,Road Divided By,Temporary Traffic Control Zone,Distance To Cross Street,Unit Of Measurement,Direction From Cross Street,Cross Street Name,Is Ramp,Ramp To/From Route Name,Ramp To/From Route Direction,Posted Speed,Posted Speed Cross Street,First Harmful Event,Latitude,Longitude,Cell Phone In Use Flag,Other Property Damage,Reporting Badge No.
2018130618BEL-14894-AC,MONMOUTH,BELMAR BORO,07/19/2018,TH,0912,01,BELMAR PD,,0,1,0,0,I,I,N,N,03,2,NJ 71,,71,,00000071__,5.52,02,,01,04,02,01,01,01,05,01,,AT,,BELMAR PLZ,,,,25,15,26,,,N,,154
2018130618BEL-14951-AC,MONMOUTH,BELMAR BORO,07/19/2018,TH,2055,01,BELMAR PD,,0,0,0,0,P,B,N,N,08,2,18TH AVE,E,,,13471063__,.62,07,,01,04,02,01,03,01,05,01,10,FE,W,CR 18 III / OCEAN AVE,,,,25,25,,,,N,,571
2018130618BEL-1503-AC,MONMOUTH,BELMAR BORO,01/29/2018,MO,1305,01,BELMAR PD,,0,0,0,0,P,B,N,N,01,2,NJ 35,,35,,00000035__,21.25,02,,01,04,02,01,01,05,02,,20,FE,N,10TH AVE,,,,35,25,26,,,N,,159
2018130618BEL-15128-AC,MONMOUTH,BELMAR BORO,07/21/2018,SA,1531,01,BELMAR PD,,0,0,0,0,P,B,N,N,06,2,10TH AVE,,,,13061064__,.28,07,,01,04,02,01,01,01,05,01,40,FE,W,E ST,,,,25,25,26,,,N,,958
2018130618BEL-15168-AC,MONMOUTH,BELMAR BORO,07/22/2018,SU,0053,01,BELMAR PD,,0,0,0,0,P,B,N,N,01,2,18TH AVE,,,,13471063__,.62,07,,01,04,02,02,07,02,05,01,15,FE,W,CR 18 III / OCEAN AVE,,,,25,25,26,,,N,,574
2018130618BEL-1517-AC,MONMOUTH,BELMAR BORO,01/29/2018,MO,1556,01,BELMAR PD,,0,0,0,0,P,B,N,N,02,2,13TH ST **,,,,13061033__,.42,07,,01,04,02,01,01,01,05,01,25,FE,E,CR 30 II / MAIN ST,,,,25,25,26,,,N,,969
2018130618BEL-15193-AC,MONMOUTH,BELMAR BORO,07/22/2018,SU,0757,01,BELMAR PD,,0,0,0,0,P,B,N,N,11,1,INLET TER,,,,,,07,,01,04,02,02,06,02,05,01,800,FE,N,FIFTH AVE,,,,25,25,56,,,N,FIRE HYDRANT/NO TRESPASSING SIGN - BOROUGH OF BELMAR - 601 MAIN ST BELMAR NJ 07?,148
2018130618BEL-15242-AC,MONMOUTH,BELMAR BORO,07/22/2018,SU,2041,01,BELMAR PD,,0,0,0,0,P,B,N,N,01,2,NJ 35,,35,,00000035__,20.67,02,,03,04,02,01,05,01,04,01,50,FE,N,OAKWOOD RD,,,,35,25,26,,,N,,988
2018130618BEL-15273-AC,MONMOUTH,BELMAR BORO,07/23/2018,MO,0808,01,BELMAR PD,,0,0,0,0,P,B,N,N,04,2,EIGHTH AVE **,,,,13061003__,.56,07,,01,04,02,02,01,02,05,01,100,FE,E,E ST,,,,25,25,26,,,N,,160
2018130618BEL-15587-A-AC,MONMOUTH,BELMAR BORO,07/27/2018,FR,1534,01,BELMAR PD,,0,0,0,0,P,B,N,N,06,2,13TH AVE **,,,,13061049__,.21,07,,01,04,02,01,01,01,,,100,FE,W,B ST,,,,25,25,28,,,N,,578
2018130618BEL-15854-AC,MONMOUTH,BELMAR BORO,07/29/2018,SU,0655,01,BELMAR PD,,0,2,0,0,I,B,Y,N,01,2,NJ 35,N,35,,00000035__,20.48,02,,01,04,02,01,01,01,02,01,10,FE,S,CR 18 / 16TH AVE / BELMAR AVE,,,,35,25,26,,,Y,SMALL TREE. CHAIN LINK FENCE. MEGAN DOVOVAN - 1405 SIXTEENTH AVE BELMAR NJ 07719,160
2018130618BEL-15866-AC,MONMOUTH,BELMAR BORO,07/29/2018,SU,1045,01,BELMAR PD,,0,1,0,0,I,B,N,N,01,2,MONMOUTH COUNTY 18 III,,18,3,130000183_,3.13,05,,01,04,02,01,01,01,05,01,50,FE,S,5TH AVE,,,,25,25,26,,,N,,158
2018130618BEL-15895-AC,MONMOUTH,BELMAR BORO,07/29/2018,SU,1836,01,BELMAR PD,,0,0,0,0,P,B,Y,N,11,1,E RAILROAD AVE **,W,,,13061039__,.06,07,,01,04,02,01,01,01,05,01,50,FE,S,NJ 71 / EIGHTH ST,,,,25,25,46,,,N,WOOD GUARD RAIL SUPPORTED BY METAL BEAM - BELMAR TRAIN STATION - W RAILROAD AVE?,164
2018130618BEL-16009-AC,MONMOUTH,BELMAR BORO,07/30/2018,MO,1917,01,BELMAR PD,,0,0,0,0,P,B,N,N,08,2,MARINA AVE,,,,,,07,,01,04,02,01,01,01,05,01,,,,,,,,15,,26,,,N,,163
2018130618BEL-16089-AC,MONMOUTH,BELMAR BORO,07/31/2018,TU,1820,01,BELMAR PD,,0,0,0,0,P,B,N,N,08,2,19TH AVE **,W,,,13061055__,.00,07,,01,04,02,01,01,01,05,01,25,FE,W,CR 18 III / OCEAN AVE,,,,25,25,,,,N,,571
2018130618BEL-16247-AC,MONMOUTH,BELMAR BORO,08/02/2018,TH,0832,01,BELMAR PD,,0,0,0,0,P,B,N,N,01,2,MONMOUTH COUNTY 18 I,,18,1,130000181_,7.74,05,,01,04,02,01,01,01,05,01,25,FE,E,NJ 71 / H ST,,,,25,25,26,,,N,,158
2018130618BEL-16292-AC,MONMOUTH,BELMAR BORO,08/02/2018,TH,2057,01,BELMAR PD,,0,1,0,0,I,B,N,N,01,2,NJ 71,,71,,00000071__,4.90,02,,01,04,02,01,07,01,05,01,50,FE,N,NJ 18 / 16TH AVE,,,,35,25,26,,,N,,893
2018130618BEL-16399-AC,MONMOUTH,BELMAR BORO,08/03/2018,FR,1804,01,BELMAR PD,,0,1,0,0,I,I,N,N,03,2,NJ 35,N,35,,00000035__,21.18,02,,01,04,02,01,01,01,02,01,,AT,W,11TH AVE,,,,35,25,26,,,N,,151
2018130618BEL-16602-AC,MONMOUTH,BELMAR BORO,08/05/2018,SU,1222,01,BELMAR PD,,0,0,0,0,P,I,N,N,02,2,10TH AVE,W,,,13061064__,.50,07,,01,04,02,01,01,01,05,01,,AT,W,C ST,,,,25,25,26,,,N,,151
2018130618BEL-16611-AC,MONMOUTH,BELMAR BORO,08/05/2018,SU,1305,01,BELMAR PD,,0,0,0,0,P,I,N,N,03,2,18TH AVE,,,,13471063__,.50,07,,01,04,02,01,01,01,05,01,,AT,E,A ST,,,,25,25,26,,,N,,547
2018130618BEL-16624-AC,MONMOUTH,BELMAR BORO,08/05/2018,SU,1457,01,BELMAR PD,,0,0,0,0,P,B,N,N,01,2,D ST **,,,,13061041__,.42,07,,01,04,02,01,01,01,05,01,20,FE,N,10TH AVE,,,,25,25,26,,,N,,547
2018130618BEL-16661-AC,MONMOUTH,BELMAR BORO,08/05/2018,SU,1928,01,BELMAR PD,,0,1,0,0,I,B,N,N,14,1,MONMOUTH COUNTY 18 III,,18,3,130000183_,2.94,05,,01,04,02,01,03,01,05,01,50,FE,N,8TH AVE,,,,25,25,26,,,N,,512
2018130618BEL-16692-AC,MONMOUTH,BELMAR BORO,08/06/2018,MO,0742,01,BELMAR PD,,0,0,0,0,P,B,N,N,01,2,MONMOUTH COUNTY 18 I,,18,1,130000181_,7.74,05,,01,04,02,01,01,01,05,01,25,FE,W,NJ 71 / H ST,,,,25,25,26,,,N,,158
2018130618BEL-16718-AC,MONMOUTH,BELMAR BORO,08/06/2018,MO,1311,01,BELMAR PD,,0,0,0,0,P,I,N,N,03,2,10TH AVE,,,,13061064__,.11,07,,01,04,02,01,01,01,03,01,,AT,W,BELMAR PLZ,,,,25,25,26,,,N,,528
2018130618BEL-16927-AC,MONMOUTH,BELMAR BORO,08/09/2018,TH,1805,01,BELMAR PD,,0,0,0,0,P,B,N,N,01,2,NJ 71,E,71,,00000071__,5.47,02,,01,04,02,01,01,01,02,01,50,FE,E,W RAILROAD AVE,,,,25,25,26,,,N,,162
2018130618BEL-16969-AC,MONMOUTH,BELMAR BORO,08/10/2018,FR,1131,01,BELMAR PD,,0,0,0,0,P,B,N,N,01,2,NJ 35,N,35,,00000035__,21.24,02,,02,04,02,01,01,01,03,,50,FE,S,10TH AVE,,,,35,25,26,,,N,,144
2018130618BEL-16991-AC,MONMOUTH,BELMAR BORO,08/10/2018,FR,1537,01,BELMAR PD,,0,0,0,0,P,I,N,N,03,2,MONMOUTH COUNTY 30 II,,30,2,130000302_,4.24,05,,01,04,02,01,01,01,05,01,,AT,,13TH AVE,,,,25,25,26,,,N,,153
2018130618BEL-17010-AC,MONMOUTH,BELMAR BORO,08/10/2018,FR,1904,01,BELMAR PD,,0,0,0,0,P,B,Y,N,08,2,801 BELMAR PLZ,,,,,,09,,01,04,02,01,02,01,05,01,75,FE,S,EIGHTH AVE,,,,,25,26,,,N,,988
2018130618BEL-17155-AC,MONMOUTH,BELMAR BORO,08/12/2018,SU,0213,01,BELMAR PD,,0,0,0,0,P,I,N,N,02,2,NJ 35,,35,,00000035__,21.06,02,,03,04,02,01,07,01,03,01,,AT,,NJ 71 / H ST,,,,35,35,26,,,N,,527
2018130618BEL-17250-AC,MONMOUTH,BELMAR BORO,08/13/2018,MO,0816,01,BELMAR PD,,0,0,0,0,P,B,N,N,11,1,NJ 35,,35,,00000035__,21.42,02,,01,06,02,02,01,02,04,01,50,FE,N,NJ 71 / 8TH AVE,,,,35,25,26,,,N,,161
2018130618BEL-17474-AC,MONMOUTH,BELMAR BORO,08/15/2018,WE,1311,01,BELMAR PD,,0,0,0,0,P,B,N,N,06,2,MONMOUTH COUNTY 30 II,,30,2,130000302_,4.24,05,,01,04,02,01,01,01,05,01,25,FE,N,13TH AVE,,,,25,25,28,,,N,,160
2018130618BEL-17551-AC,MONMOUTH,BELMAR BORO,08/16/2018,TH,1641,01,BELMAR PD,,0,0,0,0,P,I,N,N,03,2,NJ 35,N,35,,00000035__,21.18,02,,01,04,02,01,01,01,05,01,,AT,,11TH AVE,,,,35,25,26,,,N,,154
2018130618BEL-17555-AC,MONMOUTH,BELMAR BORO,08/16/2018,TH,1727,01,BELMAR PD,,0,0,0,0,P,B,N,N,02,2,NJ 35,S,35,,00000035__,21.37,02,,01,05,02,01,01,01,01,,200,FE,S,NJ 71 / 8TH AVE,,,,35,25,26,,,N,,893
2018130618BEL-1770-AC,MONMOUTH,BELMAR BORO,02/02/2018,FR,2250,01,BELMAR PD,BELMAR PD,0,2,0,0,I,I,Y,N,07,3,NJ 35,,35,,00000035__,21.41,02,,01,05,02,01,06,01,02,01,,AT,E,NJ 71 / 8TH AVE,,,,35,25,26,,,N,,
2018130618BEL-17716-AC,MONMOUTH,BELMAR BORO,08/18/2018,SA,0343,01,BELMAR PD,,0,0,0,0,P,B,N,N,06,2,A ST **,,,,13061048__,.52,07,,01,04,02,02,05,02,05,01,100,FE,S,11TH AVE,,,,25,25,26,,,N,,504
2018130618BEL-17724-AC,MONMOUTH,BELMAR BORO,08/18/2018,SA,0838,01,BELMAR PD,,0,0,0,0,P,B,N,N,08,2,13TH ST **,,,,13061033__,.14,07,,01,04,02,01,01,01,,,70,FE,W,NJ 71 / H STREET,,,,25,30,26,,,N,,578
2018130618BEL-17753-AC,MONMOUTH,BELMAR BORO,08/18/2018,SA,1407,01,BELMAR PD,,0,0,0,0,P,B,N,N,06,2,SEVENTEENTH AVE,,,,,,07,,03,05,02,01,01,01,,,50,FE,W,OAK TER,,,,25,25,26,,,N,,578
2018130618BEL-17837-AC,MONMOUTH,BELMAR BORO,08/19/2018,SU,1059,01,BELMAR PD,,0,3,0,0,I,I,N,N,03,2,NJ 71,,71,,00000071__,5.04,02,,01,04,02,02,01,02,,,,AT,,13TH AVE,,,,30,25,26,,,N,,512
2018130618BEL-1792-AC,MONMOUTH,BELMAR BORO,02/03/2018,SA,1134,01,BELMAR PD,,0,0,0,0,P,B,N,N,06,2,MONMOUTH COUNTY 30 II,,30,2,130000302_,4.24,05,,01,04,02,01,01,01,,01,10,FE,N,13TH AVE,,,,25,25,28,,,N,,159
2018130618BEL-17923-AC,MONMOUTH,BELMAR BORO,08/20/2018,MO,1212,01,BELMAR PD,,0,0,0,0,P,B,N,N,11,1,10TH AVE,S,,,13061064__,.06,07,,01,04,02,01,01,01,04,02,20,FE,E,RAILROAD AVE,,,,25,25,26,,,N,LIGHT POLE - BOROUGH OF BELMAR - 601 MAIN ST BELMAR NJ 07719,539
2018130618BEL-18157-AC,MONMOUTH,BELMAR BORO,08/23/2018,TH,1205,01,BELMAR PD,,0,0,0,0,P,B,N,N,06,2,EUCLID AVE,,,,,,07,,01,04,02,01,01,01,05,01,50,FE,N,WALLING AVE,,,,25,25,26,,,N,,154
2018130618BEL-18161-AC,MONMOUTH,BELMAR BORO,08/23/2018,TH,1443,01,BELMAR PD,,0,0,0,0,P,I,N,N,02,2,MONMOUTH COUNTY 30 II,,30,2,130000302_,4.24,05,,01,04,02,01,01,01,05,01,,AT,,13TH AVE,,,,25,25,26,,,N,,988
2018130618BEL-18165-AC,MONMOUTH,BELMAR BORO,08/23/2018,TH,1503,01,BELMAR PD,,0,0,0,0,P,B,N,N,01,2,MONMOUTH COUNTY 18 III,,18,3,130000183_,2.11,05,,01,04,02,01,01,01,04,01,50,FE,N,N BLVD,,,,25,25,26,,,N,,162
2018130618BEL-18181-AC,MONMOUTH,BELMAR BORO,08/23/2018,TH,1932,01,BELMAR PD,,0,0,0,0,P,B,N,N,06,2,MONMOUTH COUNTY 30 II,,30,2,130000302_,,05,,01,04,02,01,01,01,05,01,300,FE,S,SIXTEENTH AVE,,,,25,25,26,,,N,,592
2018130618BEL-18190-AC,MONMOUTH,BELMAR BORO,08/23/2018,TH,2120,01,BELMAR PD,,0,0,0,0,P,B,N,N,02,2,NJ 35,N,35,,00000035__,20.48,02,,01,04,02,02,07,01,05,01,15,FE,N,CR 18 / 16TH AVE / BELMAR AVE,,,,35,25,26,,,N,,503
2018130618BEL-18361-AC,MONMOUTH,BELMAR BORO,08/25/2018,SA,1753,01,BELMAR PD,,0,1,0,0,I,I,N,N,07,2,MONMOUTH COUNTY 18 I,,18,1,130000181_,7.74,05,,01,04,02,01,01,01,05,01,,AT,,NJ 71 / H ST,,,,25,35,26,,,N,,157
2018130618BEL-18449-AC,MONMOUTH,BELMAR BORO,08/26/2018,SU,0733,01,BELMAR PD,,0,1,0,0,I,I,N,N,14,1,NORTH BLVD,,,,,,07,,01,04,02,01,01,01,05,01,,AT,,FERNWOOD RD,,,,25,25,26,,,N,,148
2018130618BEL-18464-AC,MONMOUTH,BELMAR BORO,08/26/2018,SU,1207,01,BELMAR PD,,0,0,0,0,P,B,N,N,06,4,MONMOUTH COUNTY 18 I,,18,1,130000181_,7.76,05,,01,04,02,01,06,01,,,100,FE,E,NJ 71 / H ST,,,,25,25,26,,,N,,512
2018130618BEL-18498-AC,MONMOUTH,BELMAR BORO,08/26/2018,SU,1859,01,BELMAR PD,,0,0,0,0,P,I,N,N,03,4,13TH ST **,,,,13061033__,.15,07,,01,04,02,01,03,05,,,,AT,,NJ 71 / H STREET,,,,25,25,26,,,N,,
2018130618BEL-18734-AC,MONMOUTH,BELMAR BORO,08/29/2018,WE,0720,01,BELMAR PD,,0,1,0,0,I,B,N,N,02,3,MONMOUTH COUNTY 18 I,,18,1,130000181_,7.75,05,,01,04,02,01,01,01,04,01,75,FE,E,NJ 71 / H ST,,,,25,35,26,,,N,,
2018130618BEL-19044-AC,MONMOUTH,BELMAR BORO,09/01/2018,SA,1728,01,BELMAR PD,,0,0,0,0,P,I,N,N,02,2,NJ 35,,35,,00000035__,21.06,02,,03,04,02,01,01,01,05,01,,AT,N,NJ 71 / H ST,,,,35,35,26,,,N,,503
2018130618BEL-19052-AC,MONMOUTH,BELMAR BORO,09/01/2018,SA,1902,01,BELMAR PD,BELMAR PD,0,0,0,0,P,B,N,N,02,2,15TH ST **,,,,13061035__,.06,07,,01,04,02,01,01,01,05,01,300,FE,W,A ST,,,,25,,26,,,N,,161
2018130618BEL-1909-AC,MONMOUTH,BELMAR BORO,02/05/2018,MO,1523,01,BELMAR PD,,0,1,0,1,I,I,N,N,13,1,NJ 71,,71,,00000071__,5.57,02,,01,04,02,01,01,01,05,01,,AT,,CR 30 / 8TH AVE / MAIN ST,,,,25,25,22,,,N,,144
2018130618BEL-19212-AC,MONMOUTH,BELMAR BORO,09/02/2018,SU,2228,01,BELMAR PD,,0,0,0,0,P,B,N,N,06,2,13TH AVE **,,,,13061049__,.09,07,,01,04,02,01,06,01,05,01,135,FE,W,A ST,,,,25,25,28,,,N,,969
2018130618BEL-19240-AC,MONMOUTH,BELMAR BORO,09/03/2018,MO,0051,01,BELMAR PD,,0,0,0,0,P,B,N,N,11,2,NJ 35,S,35,,00000035__,20.61,02,,02,04,02,01,06,01,04,01,250,FE,S,OAKWOOD RD,,,,35,25,56,,,N,DAMAGE ACROSS LAWN FROM VEH02 - INEZ R ROSAMILIA - 1707 HWY 35 BELMAR NJ 07719,151
2018130618BEL-19279-AC,MONMOUTH,BELMAR BORO,09/03/2018,MO,1047,01,BELMAR PD,,0,0,0,0,P,B,N,N,06,2,11TH AVE **,,,,13061001__,.12,07,,01,04,02,01,00,01,,01,200,FE,E,NJ 35,,,,25,35,26,,,N,,164
2018130618BEL-19356-AC,MONMOUTH,BELMAR BORO,09/04/2018,TU,1110,01,BELMAR PD,,0,0,0,0,P,B,N,N,06,2,MONMOUTH COUNTY 18 I,,18,1,130000181_,8.64,05,,01,04,02,01,01,01,05,01,75,FE,W,NJ 18 / OCEAN AVE,,,,25,25,26,,,N,,154
2018130618BEL-19392-AC,MONMOUTH,BELMAR BORO,09/04/2018,TU,2052,01,BELMAR PD,,0,0,0,0,P,B,N,N,06,2,RIVER RD **,,,,13061006__,.03,07,,01,04,02,01,05,01,05,01,150,FE,N,7TH AVE,,,,25,25,26,,,N,,988
2018130618BEL-19461-AC,MONMOUTH,BELMAR BORO,09/05/2018,WE,1529,01,BELMAR PD,,0,1,0,0,I,B,N,N,06,2,10TH AVE,,,,13061064__,.57,07,,01,04,02,01,01,01,05,01,200,FE,W,B ST,,,,25,25,26,,,N,,148
2018130618BEL-19782-AC,MONMOUTH,BELMAR BORO,09/10/2018,MO,1443,01,BELMAR PD,,0,0,0,0,P,B,N,N,01,2,NJ 35,,35,,00000035__,21.23,02,,03,04,02,02,01,02,02,01,100,FE,S,10TH AVE,,,,35,25,26,,,N,,969
2018130618BEL-19982-AC,MONMOUTH,BELMAR BORO,09/14/2018,FR,0714,01,BELMAR PD,,0,0,0,0,P,I,N,N,07,2,MONMOUTH COUNTY 30 II,,30,2,130000302_,4.45,05,,01,04,02,01,01,05,05,01,,AT,,10TH AVE,,,,25,25,26,,,N,,163
2018130618BEL-20074-AC,MONMOUTH,BELMAR BORO,09/15/2018,SA,1728,01,BELMAR PD,,0,0,0,0,P,B,N,N,08,2,RIVER RD **,,,,13061006__,.01,07,,01,04,02,01,01,01,05,01,50,FE,N,7TH AVE,,,,25,25,26,,,N,,163
2018130618BEL-20135-AC,MONMOUTH,BELMAR BORO,09/16/2018,SU,1402,01,BELMAR PD,,0,1,0,0,I,I,N,N,14,1,MONMOUTH COUNTY 18 I,,18,1,130000181_,7.89,05,,01,04,02,01,01,01,,,,AT,,RAILROAD AVE,,,,25,25,26,,,N,,512
2018130618BEL-20223-AC,MONMOUTH,BELMAR BORO,09/17/2018,MO,2144,01,BELMAR PD,,0,0,0,0,P,I,Y,N,01,2,MONMOUTH COUNTY 18 I,,18,1,130000181_,7.25,05,,01,04,02,01,06,01,05,01,,AT,,NJ 35,,,,25,35,26,,,N,,157
2018130618BEL-20235-AC,MONMOUTH,BELMAR BORO,09/18/2018,TU,0809,01,BELMAR PD,,0,0,0,0,P,B,N,N,02,2,NJ 35,S,35,,00000035__,21.42,02,,01,05,01,01,01,01,01,01,75,FE,N,NJ 71 / 8TH AVE,,,,35,25,26,,,N,,158
2018130618BEL-20310-AC,MONMOUTH,BELMAR BORO,09/19/2018,WE,1531,01,BELMAR PD,,0,1,0,1,I,B,N,N,13,1,12TH AVE **,,,,13061020__,.50,07,,01,04,02,01,01,01,05,01,200,FE,W,E ST,,,,25,25,22,,,N,,969
2018130618BEL-2033-AC,MONMOUTH,BELMAR BORO,02/07/2018,WE,1020,01,BELMAR PD,,0,0,0,0,P,B,N,N,08,2,MONMOUTH COUNTY 18 I,,18,1,130000181_,7.25,05,,01,04,02,01,01,01,04,01,10,FE,E,NJ 35,,,,25,35,26,,,N,,151
2018130618BEL-20502-AC,MONMOUTH,BELMAR BORO,09/22/2018,SA,1552,01,BELMAR PD,,0,0,0,0,P,B,N,N,08,2,EIGHTH AVE **,,,,13061003__,.00,07,,01,04,02,01,01,01,04,01,20,FE,W,CR 18 III / OCEAN AVE,,,,25,25,26,,,N,,162
2018130618BEL-20798-AC,MONMOUTH,BELMAR BORO,09/28/2018,FR,1446,01,BELMAR PD,,0,0,0,0,P,B,N,N,01,2,NJ 35,,35,,00000035__,21.41,02,,01,05,02,01,01,01,02,01,20,FE,S,NJ 71 / 8TH AVE,,,,35,25,26,,,N,,150
2018130618BEL-20840-AC,MONMOUTH,BELMAR BORO,09/29/2018,SA,0959,01,BELMAR PD,,0,0,0,0,P,B,N,N,03,2,NJ 71,,71,,00000071__,4.91,02,,01,04,02,01,01,01,04,01,100,FE,S,NJ 18 / 16TH AVE,,,,35,25,26,,,N,,161
2018130618BEL-20860-AC,MONMOUTH,BELMAR BORO,09/29/2018,SA,1856,01,BELMAR PD,,0,0,0,0,P,I,N,N,01,2,NJ 35,,35,,00000035__,21.25,02,,01,04,02,01,03,01,04,,,AT,,10TH AVE,,,,35,25,26,,,N,,159
2018130618BEL-20906-AC,MONMOUTH,BELMAR BORO,09/30/2018,SU,1410,01,BELMAR PD,,0,0,0,0,P,B,Y,N,06,2,NJ 71,,71,,00000071__,,02,,01,04,02,01,01,01,04,01,100,FE,N,REDMOND AVE,,,,25,25,26,,,N,,150
2018130618BEL-21070-AC,MONMOUTH,BELMAR BORO,10/02/2018,TU,2055,01,BELMAR PD,,0,0,0,0,P,B,N,N,08,2,A ST **,,,,13061048__,.23,07,,01,04,02,01,07,01,05,01,75,FE,N,2ND AVE,,,,25,25,26,,,N,,154
2018130618BEL-21207-AC,MONMOUTH,BELMAR BORO,10/05/2018,FR,1223,01,BELMAR PD,,0,0,0,0,P,B,N,N,08,2,15TH ST **,,,,13061035__,.65,07,,01,04,02,01,01,01,05,01,15,FE,E,CR 30 / MAIN ST,,,,25,25,26,,,N,,969
2018130618BEL-21326-AC,MONMOUTH,BELMAR BORO,10/07/2018,SU,1201,01,BELMAR PD,,0,0,0,0,P,B,N,N,01,2,NJ 71,S,71,,00000071__,4.90,02,,01,04,02,01,01,01,05,01,50,FE,N,NJ 18 / 16TH AVE,,,,30,25,26,,,N,,158
2018130618BEL-21477-AC,MONMOUTH,BELMAR BORO,10/09/2018,TU,1929,01,BELMAR PD,,0,0,0,0,P,B,N,N,08,2,801 BELMAR PLZ,,,,,,09,,01,04,02,01,06,01,,,,,,,,,,15,,26,,,N,,159
2018130618BEL-2174-AC,MONMOUTH,BELMAR BORO,02/09/2018,FR,1602,01,BELMAR PD,,0,0,0,0,P,B,N,N,08,2,801 BELMAR PLZ,,,,,,09,,01,04,02,01,01,05,05,01,,,,,,,,15,,26,,,N,,969
2018130618BEL-21773-AC,MONMOUTH,BELMAR BORO,10/14/2018,SU,2209,01,BELMAR PD,,0,2,0,0,I,I,Y,N,01,2,NJ 35,N,35,,00000035__,21.06,02,,02,04,02,01,07,01,01,01,,AT,,NJ 71 / H ST,,,,35,35,26,,,N,,155
2018130618BEL-21943-AC,MONMOUTH,BELMAR BORO,10/18/2018,TH,1309,01,BELMAR PD,,0,0,0,0,P,B,N,N,08,2,L ST **,,,,13061025__,.20,07,,01,04,02,01,01,01,05,01,50,FE,N,CR 18 I / 16TH AVE,,,,25,25,26,,,N,,154
2018130618BEL-22019-AC,MONMOUTH,BELMAR BORO,10/19/2018,FR,1531,01,BELMAR PD,,0,1,0,0,I,I,N,N,01,2,MONMOUTH COUNTY 18 I,,18,1,130000181_,7.74,05,,01,04,02,01,01,01,05,02,,AT,,NJ 71 / H ST,,,,25,25,26,,,N,,160
2018130618BEL-22027-AC,MONMOUTH,BELMAR BORO,10/19/2018,FR,1733,01,BELMAR PD,,0,0,0,0,P,B,N,N,01,4,NJ 35,,35,,00000035__,21.39,02,,01,04,02,01,01,01,02,01,100,FE,S,NJ 71 / 8TH AVE,,,,35,25,26,,,N,,
2018130618BEL-22256-AC,MONMOUTH,BELMAR BORO,10/23/2018,TU,1602,01,BELMAR PD,,0,0,0,0,P,I,N,N,03,2,NJ 71,,71,,00000071__,5.04,02,,01,04,02,01,01,01,05,01,,AT,,13TH AVE,,,,25,25,26,,,N,,163
2018130618BEL-22287-AC,MONMOUTH,BELMAR BORO,10/24/2018,WE,0821,01,BELMAR PD,,0,0,0,0,P,B,N,N,01,2,NJ 35,N,35,,00000035__,20.48,02,,01,04,02,01,01,01,02,01,25,FE,S,CR 18 / 16TH AVE / BELMAR AVE,,,,35,25,26,,,N,,154
2018130618BEL-22538-AC,MONMOUTH,BELMAR BORO,10/27/2018,SA,0946,01,BELMAR PD,,0,0,0,0,P,R,N,N,03,2,EIGHTH AVE **,,,,,,07,,01,04,02,02,01,02,04,01,50,FE,E,RAILROAD AVE,,,,25,25,26,,,N,,
2018130618BEL-22611-AC,MONMOUTH,BELMAR BORO,10/28/2018,SU,1059,01,BELMAR PD,,0,0,0,0,P,B,Y,N,11,3,13TH AVE **,,,,13061049__,.00,07,,01,04,02,01,01,01,05,01,15,FE,W,CR 18 III / OCEAN AVE,,,,25,35,28,,,N,"BENT AND DISLODGED """"DO NOT ENTER"""" SIGN - BOROUGH OF BELMAR - THIRTEENTH AVE B?",
2018130618BEL-22823-AC,MONMOUTH,BELMAR BORO,10/31/2018,WE,2314,01,BELMAR PD,BELMAR,0,0,0,0,P,B,N,N,06,2,SIXTEENTH AV,,,,,,05,,01,04,02,01,06,01,05,01,200,FE,E,HWY 71,,,,25,30,26,,,N,,
2018130618BEL-22873-AC,MONMOUTH,BELMAR BORO,11/01/2018,TH,1754,01,BELMAR PD,,0,1,0,0,I,I,N,N,03,2,NJ 35,N,35,,00000035__,21.18,02,,01,04,02,01,03,01,05,01,,AT,,11TH AVE,,,,35,25,26,,,N,,148
2018130618BEL-23221-AC,MONMOUTH,BELMAR BORO,11/07/2018,WE,0724,01,BELMAR PD,,0,1,0,0,I,B,N,N,03,2,SEVENTEENTH AVE,,,,,,07,,01,04,02,01,01,01,05,01,50,FE,E,EUCLID AVE,,,,25,25,26,,,N,,157
2018130618BEL-23311-AC,MONMOUTH,BELMAR BORO,11/08/2018,TH,1410,01,BELMAR PD,,0,0,0,0,P,B,N,N,02,2,NJ 71,,71,,00000071__,5.64,02,,01,04,02,01,01,01,04,01,25,FE,S,7TH AVE,,,,25,25,26,,,N,,162
2018130618BEL-23384-AC,MONMOUTH,BELMAR BORO,11/09/2018,FR,1735,01,BELMAR PD,,0,0,0,0,P,I,N,N,01,2,MONMOUTH COUNTY 30 II,,30,2,130000302_,4.45,05,,01,04,02,02,06,02,05,01,,AT,,10TH AVE,,,,30,25,26,,,N,,148
2018130618BEL-23388-AC,MONMOUTH,BELMAR BORO,11/09/2018,FR,1753,01,BELMAR PD,,0,1,0,0,I,B,Y,N,06,2,MONMOUTH COUNTY 18 I,,18,1,130000181_,7.75,05,,01,04,02,02,06,02,04,01,50,FE,E,NJ 71 / H ST,,,,25,30,26,,,N,,159
2018130618BEL-23594-AC,MONMOUTH,BELMAR BORO,11/13/2018,TU,0745,01,BELMAR PD,,0,0,0,0,P,B,N,N,06,2,PINE TER,,,,,,07,,01,04,02,02,01,02,05,01,750,FE,S,EIGHTEENTH AVE,,,,25,25,26,,,N,,160