Year(4)-CountyCode(2)-MunicipalityCode(2)-CaseNumber(9),County Name,Municipality Name,Crash Date,Crash Day of Week,Crash Time,Police Department Code,Police Department,Police Station,Total Killed,Total Injured,Pedestrians Killed,Pedestrians Injured,Severity,Intersection,Alcohol Involved,Hazmat Involved,Crash Type,Total Vehicles,Location,Location Direction,Route,Route Suffix,Std Rte Identifier,MilePost,Road System,Road Character,Road Horizontal Alignment,Road Grade,Road Surface Type,Surface Condition,Light Condition,Environmental Condition,Road Divided By,Temporary Traffic Control Zone,Distance To Cross Street,Unit Of Measurement,Direction From Cross Street,Cross Street Name,Is Ramp,Ramp To/From Route Name,Ramp To/From Route Direction,Posted Speed,Posted Speed Cross Street,First Harmful Event,Latitude,Longitude,Cell Phone In Use Flag,Other Property Damage,Reporting Badge No.
201813072018001208,MONMOUTH,BRADLEY BEACH BORO,02/13/2018,TU,0943,01,BRADLEY BEACH PD,,0,0,0,0,P,B,N,N,11,1,NJ 71,,71,,00000071__,7.31,02,,01,04,02,01,01,01,05,01,15,FE,N,OCEAN PARK AVE,,,,30,25,52,40.205800,74.016980,N,BRADLEY BEACH GARBAGE CAN,129
201813072018001279,MONMOUTH,BRADLEY BEACH BORO,02/15/2018,TH,2137,01,BRADLEY BEACH PD,,0,0,0,0,P,B,N,N,06,3,NJ 71,,71,,00000071__,7.48,02,,01,04,02,02,06,02,05,01,10,FE,S,11TH AVE,,,,30,25,28,40.208190,74.016580,N,,
201813072018001280,MONMOUTH,BRADLEY BEACH BORO,02/15/2018,TH,2255,01,BRADLEY BEACH PD,,0,0,0,0,P,I,N,N,03,2,NJ 71,,71,,00000071__,6.83,02,,01,04,02,02,06,02,05,01,,AT,,EVERGREEN AVE,,,,25,30,26,40.199030,74.019440,N,,122
201813072018001353,MONMOUTH,BRADLEY BEACH BORO,02/18/2018,SU,1903,01,BRADLEY BEACH PD,,0,0,0,0,P,B,N,N,02,2,NJ 71,,71,,00000071__,6.83,02,,01,04,02,01,06,01,05,01,15,FE,N,EVERGREEN AVE,,,,30,25,26,40.199380,74.019550,N,,325
201813072018001504,MONMOUTH,BRADLEY BEACH BORO,02/23/2018,FR,1503,01,BRADLEY BEACH PD,,0,0,0,0,P,B,N,N,01,2,NJ 71,,71,,00000071__,7.18,02,,01,04,02,02,01,02,05,01,50,FE,S,LAREINE AVE,,,,30,25,26,40.204100,74.017600,N,,133
201813072018001699,MONMOUTH,BRADLEY BEACH BORO,03/01/2018,TH,1815,01,BRADLEY BEACH PD,,0,0,0,0,P,I,N,N,03,2,NJ 71,,71,,00000071__,6.70,02,,01,04,02,02,06,02,05,01,,AT,,BURLINGTON AVE,,,,30,25,26,,,N,,133
201813072018001868,MONMOUTH,BRADLEY BEACH BORO,03/07/2018,WE,1551,01,BRADLEY BEACH PD,,0,0,0,0,P,B,N,N,06,2,FOURTH AVE **,S,,,13351019__,.41,07,,01,04,02,03,01,03,05,01,60,FE,E,CR 40A / MEMORIAL DR,,,,25,40,26,40.205050,74.017240,N,,307
201813072018002291,MONMOUTH,BRADLEY BEACH BORO,03/21/2018,WE,2316,01,BRADLEY BEACH PD,,0,0,0,0,P,B,N,N,08,2,MONMOUTH COUNTY 2,S,2,,13000002__,2.06,05,,01,04,02,03,06,03,05,01,38,FE,W,NJ 18 / OCEAN AVE,,,,25,35,26,40.196290,74.011190,N,,130
201813072018002305,MONMOUTH,BRADLEY BEACH BORO,03/22/2018,TH,1232,01,BRADLEY BEACH PD,,0,0,0,0,P,B,N,N,06,2,FOURTH AVE **,,,,13351019__,.59,07,,01,04,02,02,01,01,05,01,40,FE,E,HAMMOND AVE,,,,25,25,28,40.200700,74.016410,N,,302
201813072018002316,MONMOUTH,BRADLEY BEACH BORO,03/22/2018,TH,0700,01,BRADLEY BEACH PD,,0,0,0,0,P,B,N,N,06,3,THIRD AVE **,,,,13071023__,.31,07,,01,04,02,03,06,03,05,01,50,FE,E,MADISON AVE,,,,25,25,28,40.199160,74.013440,N,,
201813072018002517,MONMOUTH,BRADLEY BEACH BORO,03/30/2018,FR,0908,01,BRADLEY BEACH PD,,0,0,0,0,P,B,N,N,06,2,EVERGREEN AVE **,,,,13071018__,.45,07,,01,04,02,01,06,01,05,01,100,FE,E,ATLANTIC AVE,,,,25,25,28,,,N,,124
201813072018002525,MONMOUTH,BRADLEY BEACH BORO,03/30/2018,FR,1349,01,BRADLEY BEACH PD,,0,0,0,0,P,B,N,N,11,1,MCCABE AVE,,,,,,09,,01,04,05,01,01,01,05,01,200,FE,W,FLETCHER LAKE AVE,,,,25,25,69,,,N,WOOD AND SIDING WERE DAMAGED AND TORN AWAY FROM THE FRONT PORCH AWNING ON THE W?,124
201813072018002549,MONMOUTH,BRADLEY BEACH BORO,03/31/2018,SA,1017,01,BRADLEY BEACH PD,,0,0,0,0,P,B,N,N,08,2,LAREINE AVE **,,,,13071025__,.56,07,,01,04,02,01,01,01,05,01,58,FE,W,NJ 71 / MAIN ST,,,,25,30,26,40.204100,74.017600,N,,130
201813072018002592,MONMOUTH,BRADLEY BEACH BORO,04/03/2018,TU,1353,01,BRADLEY BEACH PD,,0,1,0,0,I,I,N,N,03,2,NJ 71,,71,,00000071__,7.26,02,,01,04,02,02,01,02,05,01,,AT,,MCCABE AVE,,,,30,25,26,40.205050,74.017240,N,,130
201813072018002832,MONMOUTH,BRADLEY BEACH BORO,04/14/2018,SA,1227,01,BRADLEY BEACH PD,,0,1,0,0,I,B,N,N,07,2,MONMOUTH COUNTY 18 III,,18,3,130000183_,4.51,05,,01,04,02,01,01,01,05,01,50,FE,S,CR 2 / BRINLEY AVE,,,,25,25,26,40.201370,74.007310,N,,302
201813072018003335,MONMOUTH,BRADLEY BEACH BORO,05/03/2018,TH,1945,01,BRADLEY BEACH PD,,0,0,0,0,P,B,N,N,06,2,NJ 71,,71,,00000071__,6.82,02,,01,04,02,01,03,01,05,01,50,FE,S,EVERGREEN AVE,,,,30,25,26,40.199030,74.019440,N,,301
201813072018003712,MONMOUTH,BRADLEY BEACH BORO,05/18/2018,FR,1107,01,BRADLEY BEACH PD,,0,0,0,0,P,B,N,N,01,2,NJ 71,,71,,00000071__,7.10,02,,01,04,02,02,01,02,05,01,100,FE,S,CR 2 / BRINLEY AVE,,,,30,25,26,40.203060,74.017980,N,,307
201813072018003772,MONMOUTH,BRADLEY BEACH BORO,05/20/2018,SU,1610,01,BRADLEY BEACH PD,,0,0,0,0,P,B,N,N,01,2,MONMOUTH COUNTY 18 III,,18,3,130000183_,5.63,05,,01,04,02,01,01,01,05,01,10,FE,E,NJ 71 / MAIN ST,,,,25,30,26,40.207850,74.016220,N,,133
201813072018004013,MONMOUTH,BRADLEY BEACH BORO,05/26/2018,SA,0935,01,BRADLEY BEACH PD,,0,0,0,0,P,B,N,N,08,2,MONMOUTH COUNTY 18 III,,18,3,130000183_,4.72,05,,01,05,02,01,01,01,05,01,15,FE,W,OCEAN PARK AVE,,,,25,25,26,40.206860,74.007640,N,,302
201813072018004097,MONMOUTH,BRADLEY BEACH BORO,05/27/2018,SU,1516,01,BRADLEY BEACH PD,,0,0,0,0,P,B,N,N,02,2,NJ 71,,71,,00000071__,6.82,02,,01,04,02,02,01,02,05,01,50,FE,S,EVERGREEN AVE,,,,30,25,26,40.199030,74.019440,N,,133
201813072018004173,MONMOUTH,BRADLEY BEACH BORO,05/29/2018,TU,1110,01,BRADLEY BEACH PD,,0,0,0,0,P,I,N,N,03,2,NJ 71,,71,,00000071__,6.83,02,,01,04,02,01,01,01,05,01,,AT,,EVERGREEN AVE,,,,30,25,26,40.199030,74.019440,N,,119
201813072018004268,MONMOUTH,BRADLEY BEACH BORO,05/31/2018,TH,1634,01,BRADLEY BEACH PD,,0,0,0,0,P,B,N,N,06,2,MONMOUTH COUNTY 2,W,2,,13000002__,1.63,05,,01,04,02,02,03,02,05,01,150,FE,E,HAMMOND AVE,,,,25,25,28,40.203030,74.015480,N,,123
201813072018004291,MONMOUTH,BRADLEY BEACH BORO,06/01/2018,FR,1044,01,BRADLEY BEACH PD,,0,0,0,0,P,I,N,N,01,2,NJ 71,,71,,00000071__,7.26,02,,01,04,02,01,01,01,05,01,,AT,,MCCABE AVE,,,,30,25,26,40.205050,74.017240,N,,122
201813072018004356,MONMOUTH,BRADLEY BEACH BORO,06/03/2018,SU,1048,01,BRADLEY BEACH PD,,0,0,0,0,P,B,N,N,02,2,NJ 71,,71,,00000071__,6.71,02,,01,04,02,01,01,01,05,01,50,FE,N,BURLINGTON AVE,,,,30,25,26,40.198200,74.019740,N,,122
201813072018004671,MONMOUTH,BRADLEY BEACH BORO,06/12/2018,TU,0943,01,BRADLEY BEACH PD,,0,0,0,0,P,B,N,N,11,1,NJ 71,,71,,00000071__,7.12,02,,01,04,02,01,01,01,05,01,25,FE,N,CR 2 / BRINLEY AVE,,,,30,25,53,40.203060,74.017980,N,THE STREET/SIDEWALK LIGHT AND POST IN FRONT OF 600 MAIN ST. (DEL PONTE'S BAKERY?,133
201813072018004937,MONMOUTH,BRADLEY BEACH BORO,06/18/2018,MO,1638,01,BRADLEY BEACH PD,,0,1,0,0,I,B,N,N,01,2,NJ 71,S,71,,00000071__,6.84,02,,01,04,02,01,01,01,05,01,35,FE,N,EVERGREEN AVE,,,,30,25,26,40.199030,74.019440,N,,307
201813072018005028,MONMOUTH,BRADLEY BEACH BORO,06/21/2018,TH,0436,01,BRADLEY BEACH PD,,0,0,0,0,P,B,N,N,06,2,MONMOUTH COUNTY 18 III,,18,3,130000183_,4.35,05,,01,04,02,01,07,01,05,01,145,FE,S,4TH AVE,,,,25,25,26,40.199370,74.007950,N,,129
201813072018005116,MONMOUTH,BRADLEY BEACH BORO,06/23/2018,SA,0907,01,BRADLEY BEACH PD,,0,0,0,0,P,B,N,N,06,2,FOURTH AVE **,,,,13351019__,.85,07,,01,04,02,02,01,02,05,01,25,FE,W,CENTRAL AVE,,,,25,25,26,40.199730,74.011930,N,,302
201813072018005124,MONMOUTH,BRADLEY BEACH BORO,06/23/2018,SA,1500,01,BRADLEY BEACH PD,,0,0,0,0,P,I,N,N,01,2,FOURTH AVE,,,,,,07,,01,04,02,01,01,01,05,01,,AT,,FLETCHER LAKE AVE,,,,25,25,26,40.200480,74.015020,N,,301
201813072018005379,MONMOUTH,BRADLEY BEACH BORO,06/29/2018,FR,1853,01,BRADLEY BEACH PD,,0,0,0,0,P,B,N,N,06,2,MONMOUTH COUNTY 18 III,,18,3,130000183_,4.52,05,,01,04,02,01,01,01,05,01,5,FE,S,CR 2 / BRINLEY AVE,,,,25,25,26,40.201370,74.007310,N,,131
201813072018005422,MONMOUTH,BRADLEY BEACH BORO,06/30/2018,SA,1202,01,BRADLEY BEACH PD,,0,1,0,0,I,B,N,N,11,1,EVERGREEN AVE **,,,,13071018__,.43,07,,01,04,02,01,01,01,05,01,26,FE,E,ATLANTIC AVE,,,,25,25,52,40.198190,74.015940,N,,130
201813072018005507,MONMOUTH,BRADLEY BEACH BORO,07/01/2018,SU,1507,01,BRADLEY BEACH PD,,0,0,0,0,P,B,N,N,06,2,BEACH AVE,S,,,,,07,,01,04,02,01,01,01,05,01,10,FE,,PARK PLACE AVE,,,,25,25,26,40.206010,74.008030,N,,131
201813072018005608,MONMOUTH,BRADLEY BEACH BORO,07/03/2018,TU,1703,01,BRADLEY BEACH PD,,0,0,0,0,P,I,N,N,06,2,FIFTH AVE **,S,,,13071024__,.09,07,,01,04,02,01,01,01,05,01,,AT,,BEACH AVE,,,,25,25,26,40.200610,74.009300,N,,301
201813072018005688,MONMOUTH,BRADLEY BEACH BORO,07/04/2018,WE,1606,01,BRADLEY BEACH PD,,0,0,0,0,P,B,N,N,08,2,MONMOUTH COUNTY 18 III,,18,3,130000183_,4.79,05,,01,04,02,01,01,01,05,01,30,FE,N,PARK PLACE AVE,,,,25,25,26,40.204960,74.006190,N,,307
201813072018005967,MONMOUTH,BRADLEY BEACH BORO,07/10/2018,TU,0921,01,BRADLEY BEACH PD,,0,0,0,0,P,B,N,N,06,2,NEWARK AVE **,W,,,13071011__,.21,07,,01,04,02,01,,,05,01,10,FE,W,MADISON AVE,,,,25,25,28,40.206690,74.012050,N,,325
201813072018006120,MONMOUTH,BRADLEY BEACH BORO,07/13/2018,FR,1726,01,BRADLEY BEACH PD,,0,0,0,0,P,B,N,N,06,2,OCEAN PARK AVE,,,,,,07,,01,04,02,01,01,01,05,01,40,FE,W,CR 18,,,,25,25,26,40.204550,74.007400,N,,131
201813072018006206,MONMOUTH,BRADLEY BEACH BORO,07/15/2018,SU,1302,01,BRADLEY BEACH PD,,0,0,0,0,P,B,N,N,06,2,MONMOUTH COUNTY 2,,2,,13000002__,1.60,05,,01,04,02,,,,05,01,15,FE,W,HAMMOND AVE,,,,25,25,28,40.202750,74.016030,N,,124
201813072018006453,MONMOUTH,BRADLEY BEACH BORO,07/21/2018,SA,1756,01,BRADLEY BEACH PD,,0,0,0,0,P,B,N,N,08,2,MONMOUTH COUNTY 18 III,,18,3,130000183_,4.37,05,,01,04,02,02,01,02,05,01,50,FE,S,4TH AVE,,,,25,25,28,40.199370,74.007950,N,,124
201813072018006517,MONMOUTH,BRADLEY BEACH BORO,07/23/2018,MO,1752,01,BRADLEY BEACH PD,,0,0,0,0,P,I,N,N,03,2,LAREINE AVE **,,,,13071025__,.57,07,,01,04,02,01,01,01,05,01,,AT,,NJ 71 / MAIN ST,,,,25,30,26,40.204100,74.017600,N,,122
201813072018006630,MONMOUTH,BRADLEY BEACH BORO,07/26/2018,TH,2242,01,BRADLEY BEACH PD,,0,0,0,0,P,B,Y,N,06,2,NEWARK AVE **,W,,,13071002__,.00,07,,01,04,02,01,06,01,05,01,150,FE,W,BEACH AVE,,,,25,25,28,40.205920,74.007850,N,,122
201813072018006905,MONMOUTH,BRADLEY BEACH BORO,08/02/2018,TH,1011,01,BRADLEY BEACH PD,,0,0,0,0,P,B,N,N,11,1,BRADLEY BLVD **,,,,13071005__,1.30,07,,02,04,02,01,,,05,01,300,FE,E,PACIFIC AVE,,,,25,25,53,40.195790,74.014590,N,,129
201813072018007122,MONMOUTH,BRADLEY BEACH BORO,08/06/2018,MO,1805,01,BRADLEY BEACH PD,,0,0,0,0,P,B,N,N,08,2,NJ 71,,71,,00000071__,6.90,02,,01,04,02,01,01,01,05,01,10,FE,S,2ND AVE / THIRD AVE,,,,30,25,26,40.199630,74.019030,N,,131
201813072018007320,MONMOUTH,BRADLEY BEACH BORO,08/11/2018,SA,1902,01,BRADLEY BEACH PD,,0,0,0,0,P,B,N,N,06,2,FLETCHER LAKE AVE **,N,,,13071016__,.32,07,,01,04,02,01,01,05,05,01,35,FE,S,CR 2 / BRINLEY AVE,,,,25,25,28,40.202500,74.014450,N,,124
201813072018007400,MONMOUTH,BRADLEY BEACH BORO,08/14/2018,TU,1425,01,BRADLEY BEACH PD,,0,0,0,0,P,B,N,N,06,3,NEWARK AVE **,W,,,13071011__,.27,07,,01,04,02,01,01,01,05,01,120,FE,W,FLETCHER LAKE AVE,,,,25,25,28,40.206990,74.014060,N,,129
201813072018007584,MONMOUTH,BRADLEY BEACH BORO,08/19/2018,SU,1034,01,BRADLEY BEACH PD,,0,0,0,0,P,I,N,N,02,2,NJ 71,,71,,00000071__,6.77,02,,01,04,02,02,01,02,05,01,,AT,,MONMOUTH AVE,,,,30,25,26,40.198200,74.019740,N,,302
201813072018007589,MONMOUTH,BRADLEY BEACH BORO,08/19/2018,SU,1241,01,BRADLEY BEACH PD,,0,0,0,0,P,I,N,N,03,2,NJ 71,,71,,00000071__,6.70,02,,01,04,02,02,01,02,05,01,,AT,,BURLINGTON AVE,,,,30,25,26,40.197280,74.020080,N,,133
201813072018007945,MONMOUTH,BRADLEY BEACH BORO,08/27/2018,MO,1142,01,BRADLEY BEACH PD,,0,0,0,0,P,B,N,N,06,2,NEWARK AVE **,W,,,13071011__,.27,07,,01,04,02,01,01,01,05,01,100,FE,W,FLETCHER LAKE AVE,,,,25,25,28,40.206930,74.013920,N,,122
201813072018008107,MONMOUTH,BRADLEY BEACH BORO,08/31/2018,FR,0822,01,BRADLEY BEACH PD,,0,0,0,0,P,B,N,N,06,3,NJ 71,,71,,00000071__,7.12,02,,01,04,02,01,01,01,05,01,20,FE,N,CR 2 / BRINLEY AVE,,,,30,25,26,40.203060,74.017980,N,,131
201813072018008153,MONMOUTH,BRADLEY BEACH BORO,09/01/2018,SA,0744,01,BRADLEY BEACH PD,,0,0,0,0,P,I,N,N,03,2,NJ 71,,71,,00000071__,7.12,02,,01,04,02,01,01,01,05,01,,AT,,CR 2 / BRINLEY AVE,,,,30,25,26,40.203060,74.017980,N,,302
201813072018008445,MONMOUTH,BRADLEY BEACH BORO,09/06/2018,TH,1700,01,BRADLEY BEACH PD,,0,0,0,0,P,B,N,N,01,2,FOURTH AVE **,,,,13351019__,.42,07,,01,04,02,01,01,01,05,01,200,FE,W,NJ 71 / MAIN ST,,,,25,30,26,,,N,,122
201813072018008508,MONMOUTH,BRADLEY BEACH BORO,09/08/2018,SA,1813,01,BRADLEY BEACH PD,,0,0,0,0,P,B,N,N,06,2,MONMOUTH COUNTY 2,,2,,13000002__,1.67,05,,01,04,02,01,01,01,05,01,80,FE,W,FLETCHER LAKE AVE,,,,25,25,28,40.202500,74.014450,N,,129
201813072018008710,MONMOUTH,BRADLEY BEACH BORO,09/15/2018,SA,1820,01,BRADLEY BEACH PD,,0,0,0,0,P,B,N,N,01,3,MONMOUTH COUNTY 18 III,,18,3,130000183_,4.72,05,,01,04,02,01,01,01,05,01,10,FE,S,OCEAN PARK AVE,,,,25,25,26,40.204150,74.006430,N,,133
201813072018008740,MONMOUTH,BRADLEY BEACH BORO,09/16/2018,SU,1527,01,BRADLEY BEACH PD,,0,0,0,0,P,B,N,N,08,2,MONMOUTH COUNTY 18 III,,18,3,130000183_,4.38,05,,01,04,02,01,01,01,05,01,20,FE,S,4TH AVE,,,,25,25,26,40.199370,74.007950,N,,307
201813072018008742,MONMOUTH,BRADLEY BEACH BORO,09/16/2018,SU,1605,01,BRADLEY BEACH PD,,0,0,0,0,P,B,N,N,02,2,NEWARK AVE **,W,,,13071002__,.01,07,,01,04,02,01,01,01,05,01,50,FE,W,CR 18 III / OCEAN AVE,,,,25,25,26,40.205620,74.005980,N,,133
201813072018008866,MONMOUTH,BRADLEY BEACH BORO,09/20/2018,TH,0816,01,BRADLEY BEACH PD,,0,1,0,0,I,I,N,N,03,2,NJ 71,,71,,00000071__,6.97,02,,01,04,02,01,01,01,05,01,,AT,,FOURTH AVE,,,,30,25,26,40.201040,74.018720,N,,124
201813072018009074,MONMOUTH,BRADLEY BEACH BORO,09/27/2018,TH,0756,01,BRADLEY BEACH PD,,0,1,0,0,I,I,N,N,14,1,THIRD AVE **,W,,,13071023__,.60,07,,01,04,02,01,01,01,05,01,,AT,,NJ 71 / MAIN ST,,,,25,30,21,40.200060,74.019080,N,,134
201813072018009154,MONMOUTH,BRADLEY BEACH BORO,09/29/2018,SA,0807,01,BRADLEY BEACH PD,,0,0,0,0,P,B,N,N,01,2,NJ 71,S,71,,00000071__,6.84,02,,01,04,02,01,01,01,05,01,50,FE,N,EVERGREEN AVE,,,,30,25,26,40.199030,74.019440,N,,123
201813072018009415,MONMOUTH,BRADLEY BEACH BORO,10/05/2018,FR,1631,01,BRADLEY BEACH PD,,0,0,0,0,P,B,N,N,04,2,NJ 71,,71,,00000071__,7.11,02,,01,04,02,01,01,01,05,01,50,FE,S,CR 2 / BRINLEY AVE,,,,30,25,28,40.203060,74.017980,N,,131
201813072018010277,MONMOUTH,BRADLEY BEACH BORO,10/31/2018,WE,0937,01,BRADLEY BEACH PD,,0,0,0,0,P,B,N,N,06,2,FOURTH AVE **,,,,13351019__,.62,07,,01,04,02,01,00,01,05,01,200,FE,W,FLETCHER LAKE AVE,,,,25,25,26,40.200020,74.014230,N,,132
201813072018010469,MONMOUTH,BRADLEY BEACH BORO,11/05/2018,MO,1728,01,BRADLEY BEACH PD,,0,0,0,0,P,B,N,N,01,2,THIRD AVE **,,,,13071023__,.61,07,,01,04,02,02,06,02,05,01,30,FE,E,NJ 71 / MAIN ST,,,,25,30,26,40.200060,74.019080,N,,134
201813072018010774,MONMOUTH,BRADLEY BEACH BORO,11/16/2018,FR,0633,01,BRADLEY BEACH PD,,0,0,0,0,P,I,N,N,03,2,NJ 71,S,71,,00000071__,6.97,02,,01,04,02,02,02,02,05,01,,AT,,FOURTH AVE,,,,30,25,26,40.201040,74.018720,N,,134
201813072018010933,MONMOUTH,BRADLEY BEACH BORO,11/21/2018,WE,1400,01,BRADLEY BEACH PD,,0,0,0,0,P,B,N,N,06,2,NJ 71,,71,,00000071__,6.85,02,,01,04,02,01,01,01,05,01,120,FE,N,EVERGREEN AVE,,,,30,25,26,40.199030,74.019440,N,,307
201813072018011479,MONMOUTH,BRADLEY BEACH BORO,12/08/2018,SA,2128,01,BRADLEY BEACH PD,,0,0,0,0,P,B,N,N,03,2,NJ 71,,71,,00000071__,6.91,02,,01,04,02,01,06,01,05,01,50,FE,N,2ND AVE / THIRD AVE,,,,30,25,26,40.201040,74.018720,N,,133
201813072018011513,MONMOUTH,BRADLEY BEACH BORO,12/10/2018,MO,1148,01,BRADLEY BEACH PD,,0,0,0,0,P,B,N,N,06,2,NEWARK AVE **,,,,13071002__,.06,07,,01,04,02,00,00,00,05,01,200,FE,W,CENTRAL AVE,,,,25,25,26,40.206110,74.010740,N,,132
201813072018011641,MONMOUTH,BRADLEY BEACH BORO,12/13/2018,TH,2301,01,BRADLEY BEACH PD,,0,0,0,0,P,B,N,N,06,2,MONMOUTH COUNTY 18 III,E,18,3,130000183_,4.72,05,,01,04,02,01,06,01,05,01,25,FE,W,OCEAN PARK AVE,,,,25,30,26,40.206860,74.007640,N,DAMAGE TO PERMIT PARKING ONLY SIGN,131
201813072018011693,MONMOUTH,BRADLEY BEACH BORO,12/16/2018,SU,1325,01,BRADLEY BEACH PD,,0,0,0,0,P,I,N,N,03,2,OCEAN PARK AVE **,,,,13071013__,.47,07,,01,04,02,01,01,02,05,01,,AT,,BEACH AVE,,,,25,25,26,40.204420,74.008270,N,,133
201813072018011886,MONMOUTH,BRADLEY BEACH BORO,12/22/2018,SA,1516,01,BRADLEY BEACH PD,,0,0,0,0,P,B,N,N,01,2,NJ 71,,71,,00000071__,6.77,02,,01,04,02,01,01,01,05,01,25,FE,S,MONMOUTH AVE,,,,30,25,26,40.198200,74.019740,N,,130
201813072018012106,MONMOUTH,BRADLEY BEACH BORO,12/31/2018,MO,0855,01,BRADLEY BEACH PD,,0,0,0,0,P,B,N,N,01,2,NJ 71,,71,,00000071__,6.83,02,,01,04,02,01,01,01,05,01,20,FE,S,EVERGREEN AVE,,,,30,25,26,40.199030,74.019440,N,,132
201813081818BR05502,MONMOUTH,BRIELLE BORO,06/19/2018,TU,1223,01,BRIELLE PD,BRIELLE,0,0,0,0,P,B,N,N,01,2,NJ 35,S,35,,00000035__,15.38,02,,02,05,02,01,01,01,02,01,200,FE,N,HIGGINS AVE,,,,50,30,26,40.110630,74.062380,N,,99168
2018130818BR00120,MONMOUTH,BRIELLE BORO,01/04/2018,TH,0445,01,BRIELLE PD,,0,0,0,0,P,B,N,N,11,1,NJ 35,N,35,,00000035__,15.57,02,,01,04,02,03,06,03,01,01,500,FE,N,SCHOOL HOUSE RD,,,,50,25,48,40.102530,74.052150,N,,99165
2018130818BR00133,MONMOUTH,BRIELLE BORO,01/05/2018,FR,0759,01,BRIELLE PD,BRIELLE PD,0,2,0,0,I,I,N,N,03,2,NJ 35,S,35,,00000035__,15.75,02,,01,04,02,02,01,01,05,01,,AT,,CR 20 / OLD BRIDGE RD,,,,50,30,26,,,N,TRAFFIC LIGHT POLE,99167
2018130818BR00141,MONMOUTH,BRIELLE BORO,01/05/2018,FR,1354,01,BRIELLE PD,BRIELLE PD,0,0,0,0,P,B,N,N,01,2,NJ 70,W,70,,00000070__,58.67,02,,01,04,02,04,01,01,01,01,380,FE,E,RAMS HORN DR,,,,55,35,26,,,N,,99240
2018130818BR00165,MONMOUTH,BRIELLE BORO,01/06/2018,SA,1043,01,BRIELLE PD,BRIELLE PD,0,0,0,0,P,B,N,N,08,3,204 UNION AVE,E,,,,,09,,01,04,02,02,01,01,05,,25,FE,E,NJ 71,,,,,30,26,40.114710,74.054630,N,,
2018130818BR00172,MONMOUTH,BRIELLE BORO,01/06/2018,SA,1601,01,BRIELLE PD,BRIELLE,0,0,0,0,P,B,N,N,11,1,MONMOUTH COUNTY 48,N,48,,13000048__,1.15,05,,01,04,02,05,01,01,05,01,,,,,,,,35,,59,40.100830,74.066670,N,,99168
2018130818BR00755,MONMOUTH,BRIELLE BORO,01/23/2018,TU,1447,01,BRIELLE PD,,0,0,0,0,P,B,N,N,01,2,NJ 35,N,35,,00000035__,15.00,02,,03,05,02,02,01,01,03,01,,,,,T,NJ 71,NB,,,26,40.115920,74.054030,N,,99163
2018130818BR01502,MONMOUTH,BRIELLE BORO,02/13/2018,TU,1331,01,BRIELLE PD,BRIELLE PD,0,0,0,0,P,B,N,N,01,2,NJ 71,N,71,,00000071__,.17,02,,01,04,02,01,01,01,05,,100,FE,N,UNION LN,,,,30,25,26,,,N,,99236
2018130818BR01649,MONMOUTH,BRIELLE BORO,02/18/2018,SU,0725,01,BRIELLE PD,BRIELLE PD,0,1,0,0,I,B,N,N,11,1,NJ 35,S,35,,00000035__,14.50,02,,01,07,04,04,01,03,01,01,5000,FE,S,ASHLEY AVE,,,,50,25,56,40.103030,74.052650,N,,99236
2018130818BR01650,MONMOUTH,BRIELLE BORO,02/18/2018,SU,0746,01,BRIELLE PD,BRIELLE PD,0,1,0,0,I,B,N,N,10,2,NJ 35,S,35,,00000035__,14.62,02,,01,07,01,04,01,03,01,,5000,FE,S,ASHLEY AVE,,,,50,25,,40.103030,74.052650,N,,99236
2018130818BR02073,MONMOUTH,BRIELLE BORO,03/02/2018,FR,1353,01,BRIELLE PD,BRIELLE PD,0,0,0,0,P,B,N,N,02,2,NJ 70,W,70,,00000070__,58.43,02,,01,06,02,02,01,03,01,01,50,FE,W,RIVER RD,,,,50,25,26,,,N,,99168
2018130818BR02169,MONMOUTH,BRIELLE BORO,03/05/2018,MO,1445,01,BRIELLE PD,,0,0,0,0,P,B,N,N,06,2,629 UNION LN,N,,,,,09,,01,04,02,01,01,01,05,01,,,,,,,,15,,28,,,N,,
2018130818BR02265,MONMOUTH,BRIELLE BORO,03/08/2018,TH,1447,01,BRIELLE PD,BRIELLE,0,0,0,0,P,B,N,N,01,2,NJ 71,S,71,,00000071__,.22,02,,01,04,02,01,01,01,05,01,10,FE,N,LONGSTREET AVE,,,,30,25,26,40.111950,74.057460,N,,99168
2018130818BR02448,MONMOUTH,BRIELLE BORO,03/15/2018,TH,0915,01,BRIELLE PD,BRIELLE PD,0,0,0,0,P,B,N,N,08,2,611 HIGGINS AVENUE,,,,,,09,,01,04,02,01,01,01,05,01,,,,,,,,,,28,,,N,,99240