Year(4)-CountyCode(2)-MunicipalityCode(2)-CaseNumber(9),County Name,Municipality Name,Crash Date,Crash Day of Week,Crash Time,Police Department Code,Police Department,Police Station,Total Killed,Total Injured,Pedestrians Killed,Pedestrians Injured,Severity,Intersection,Alcohol Involved,Hazmat Involved,Crash Type,Total Vehicles,Location,Location Direction,Route,Route Suffix,Std Rte Identifier,MilePost,Road System,Road Character,Road Horizontal Alignment,Road Grade,Road Surface Type,Surface Condition,Light Condition,Environmental Condition,Road Divided By,Temporary Traffic Control Zone,Distance To Cross Street,Unit Of Measurement,Direction From Cross Street,Cross Street Name,Is Ramp,Ramp To/From Route Name,Ramp To/From Route Direction,Posted Speed,Posted Speed Cross Street,First Harmful Event,Latitude,Longitude,Cell Phone In Use Flag,Other Property Damage,Reporting Badge No.
2018130818BR02547,MONMOUTH,BRIELLE BORO,03/18/2018,SU,1743,01,BRIELLE PD,,0,0,0,0,P,B,N,N,01,2,NJ 35,S,35,,00000035__,15.34,02,,01,05,02,01,01,01,02,01,10,FE,N,HIGGINS AVE,,,,50,30,26,40.110080,74.062390,N,,99166
2018130818BR02646,MONMOUTH,BRIELLE BORO,03/21/2018,WE,1933,01,BRIELLE PD,,0,0,0,0,P,B,N,N,01,2,NJ 71,S,71,,00000071__,.15,02,,01,04,02,03,01,03,05,01,25,FE,N,UNION LN,,,,30,,26,40.111190,74.058120,N,,99161
2018130818BR02841,MONMOUTH,BRIELLE BORO,03/27/2018,TU,1445,01,BRIELLE PD,BRIELLE PD,0,0,0,0,P,B,N,N,01,2,MONMOUTH COUNTY 20,W,20,,13000020__,.77,05,,01,04,02,01,01,01,05,01,150,FE,E,NJ 35,,,,30,50,26,40.114380,74.068780,N,,99240
2018130818BR02970,MONMOUTH,BRIELLE BORO,03/31/2018,SA,0842,01,BRIELLE PD,BRIELLE PD,0,0,0,0,P,B,N,N,99,2,NJ 35,S,35,,00000035__,15.47,02,,01,05,02,01,01,01,01,01,700,FE,N,HIGGINS AVE,,,,50,30,26,,,N,,99236
2018130818BR03083,MONMOUTH,BRIELLE BORO,04/03/2018,TU,1508,01,BRIELLE PD,BRIELLE PD,0,0,0,0,P,B,N,N,06,2,MONMOUTH COUNTY 48,,48,,13000048__,.13,05,,01,04,02,02,01,02,05,,25,FE,E,CEDAR LN,,,,35,25,28,40.099750,74.077930,N,,99240
2018130818BR03426,MONMOUTH,BRIELLE BORO,04/12/2018,TH,1612,01,BRIELLE PD,BRIELLE PD,0,0,0,0,P,B,N,N,01,2,NJ 35,S,35,,00000035__,15.75,02,,01,06,01,01,01,01,01,01,,,,,,,,50,,26,,,N,,99168
2018130818BR03509,MONMOUTH,BRIELLE BORO,04/14/2018,SA,2050,01,BRIELLE PD,BRIELLE PD,0,1,0,0,I,B,N,N,01,2,NJ 35,N,35,,00000035__,15.00,02,,03,05,02,01,06,01,05,01,,,,,T,NJ 71,NB,50,,26,40.110750,74.058300,N,,99240
2018130818BR03597,MONMOUTH,BRIELLE BORO,04/17/2018,TU,2103,01,BRIELLE PD,,0,1,0,0,I,B,N,N,11,1,NJ 35,N,35,,00000035__,14.90,02,,03,05,02,01,07,01,05,01,,,,,T,EVERGREEN AVE,EB,40,,52,,,N,POLE NUMBER JC95BRE,99163
2018130818BR03615,MONMOUTH,BRIELLE BORO,04/18/2018,WE,1545,01,BRIELLE PD,BRIELLE PD,0,0,0,0,P,B,N,N,08,2,OCEANVIEW RD **,S,,,13081075__,.59,07,,01,04,02,01,01,01,05,01,50,FE,N,CR 48 / RIVERVIEW DR,,,,25,35,28,40.100830,74.066670,N,,99236
2018130818BR03803,MONMOUTH,BRIELLE BORO,04/24/2018,TU,1103,01,BRIELLE PD,,0,0,0,0,P,B,N,N,02,2,NJ 35,N,35,,00000035__,14.50,02,,01,06,02,01,01,01,01,03,500,FE,N,BROADWAY,,,,40,30,26,40.103870,74.053160,N,,99165
2018130818BR04230,MONMOUTH,BRIELLE BORO,05/08/2018,TU,1224,01,BRIELLE PD,BRIELLE PD,0,0,0,0,P,B,N,N,01,2,NJ 35,N,35,,00000035__,15.00,02,,03,05,02,01,01,01,05,01,,,,,T,NJ 71,NB,50,,26,40.110760,74.058290,N,,99240
2018130818BR04275,MONMOUTH,BRIELLE BORO,05/09/2018,WE,1828,01,BRIELLE PD,,0,0,0,0,P,B,N,N,09,2,RAMSHORN DR,W,,,13081073__,.00,07,,01,04,02,01,01,01,05,01,25,FE,N,NJ 70,,,,25,50,26,,,N,,99169
2018130818BR04365,MONMOUTH,BRIELLE BORO,05/13/2018,SU,1857,01,BRIELLE PD,BRIELLE PD,0,2,0,0,I,I,N,N,03,2,MONMOUTH COUNTY 48,,48,,13000048__,1.67,05,,01,04,02,01,01,05,05,01,,AT,,HIGGINS AVE,,,,35,30,26,40.107390,74.058040,N,,99236
2018130818BR04870,MONMOUTH,BRIELLE BORO,05/29/2018,TU,1423,01,BRIELLE PD,BRIELLE PD,0,0,0,0,P,I,N,N,07,2,WOODLAND AVE **,,,,13081045__,.58,07,,01,04,02,01,01,01,05,01,,AT,,SOUTH ST,,,,25,25,26,40.117170,74.059990,N,,99240
2018130818BR04977,MONMOUTH,BRIELLE BORO,06/01/2018,FR,1332,01,BRIELLE PD,BRIELLE PD,0,0,0,0,P,B,N,N,03,2,MONMOUTH COUNTY 48,,48,,13000048__,.01,05,,01,04,02,01,01,01,05,01,50,FE,E,NJ 70,,,,35,50,26,40.101340,74.078970,N,,99240
2018130818BR04983,MONMOUTH,BRIELLE BORO,06/01/2018,FR,1725,01,BRIELLE PD,,0,0,0,0,P,B,N,N,01,2,NJ 70,W,70,,00000070__,58.36,02,,01,06,01,01,01,01,01,01,422,FE,W,RIVER RD,,,,50,25,26,,,N,,99169
2018130818BR05156,MONMOUTH,BRIELLE BORO,06/07/2018,TH,0819,01,BRIELLE PD,BRIELLE PD,0,2,0,0,I,B,N,N,01,2,NJ 71,S,71,,00000071__,.41,02,,01,04,02,01,01,01,05,01,75,FE,S,WOODLAND AVE,,,,30,25,26,40.114190,74.055540,N,,99240
2018130818BR05175,MONMOUTH,BRIELLE BORO,06/07/2018,TH,2136,01,BRIELLE PD,,0,0,0,0,P,B,N,N,02,2,NJ 35,N,35,,00000035__,15.35,02,,01,06,02,01,06,01,02,01,50,FE,N,HIGGINS AVE,,,,50,30,26,40.114690,74.069440,N,,99166
2018130818BR05191,MONMOUTH,BRIELLE BORO,06/08/2018,FR,1120,01,BRIELLE PD,BRIELLE PD,0,0,0,0,P,B,N,N,01,2,NJ 35,N,35,,00000035__,15.09,02,,03,05,02,01,01,01,05,01,,,,,T,NJ 71,NB,50,,26,40.111150,74.058150,N,,99236
2018130818BR05196,MONMOUTH,BRIELLE BORO,06/08/2018,FR,1500,01,BRIELLE PD,,0,0,0,0,P,B,N,N,08,2,RANKEN RD **,S,,,13081020__,.60,07,,01,04,02,01,01,01,05,01,20,FE,N,CR 48 / RIVERVIEW DR,,,,25,35,26,40.105110,74.060160,N,,99161
2018130818BR05242,MONMOUTH,BRIELLE BORO,06/09/2018,SA,2146,01,BRIELLE PD,BRIELLE PD,0,2,0,0,I,B,Y,N,11,1,MONMOUTH COUNTY 48,W,48,,13000048__,.52,05,,03,06,02,01,07,01,05,01,,,,OSPREY LN,,,,,,50,40.095090,74.073540,N,STONE WALL DAMAGED ON PROPERTY  DIRECTIONAL ARROW SIGN DAMAGED,99167
2018130818BR05451,MONMOUTH,BRIELLE BORO,06/17/2018,SU,1839,01,BRIELLE PD,BRIELLE PD,0,0,0,0,P,B,N,N,02,2,NJ 35,N,35,,00000035__,15.43,02,,01,04,02,01,01,01,02,05,50,FE,N,HOWELL DR,,,,50,25,26,40.111350,74.064490,N,,99240
2018130818BR05471,MONMOUTH,BRIELLE BORO,06/18/2018,MO,1148,01,BRIELLE PD,BRIELLE,0,0,0,0,P,B,N,N,01,2,NJ 35,S,35,,00000035__,15.09,02,,01,05,01,01,01,01,01,01,25,MI,S,NJ 71 / UNION AVE,,,,50,30,26,,,N,,99168
2018130818BR05511,MONMOUTH,BRIELLE BORO,06/19/2018,TU,1737,01,BRIELLE PD,BRIELLE,0,0,0,0,P,B,N,N,01,2,NJ 35,S,35,,00000035__,15.35,02,,02,05,02,01,01,01,02,01,50,FE,N,HIGGINS AVE,,,,50,30,26,40.105470,74.054500,N,,99168
2018130818BR05711,MONMOUTH,BRIELLE BORO,06/25/2018,MO,1424,01,BRIELLE PD,BRIELLE PD,0,0,0,0,P,B,N,N,06,2,SCHOOLHOUSE RD **,E,,,13081016__,.27,07,,01,06,02,01,01,01,05,01,500,FE,W,UNION LN,,,,25,,28,40.112240,74.064770,N,,99240
2018130818BR05805,MONMOUTH,BRIELLE BORO,06/28/2018,TH,1732,01,BRIELLE PD,BRIELLE,0,2,0,0,I,I,N,N,01,2,NJ 70,W,70,,00000070__,58.75,02,,01,04,02,01,01,01,01,01,,AT,,CR 48 / RIVERVIEW DR,,,,50,35,26,40.101570,74.079180,N,,99168
2018130818BR05944,MONMOUTH,BRIELLE BORO,07/02/2018,MO,0909,01,BRIELLE PD,BRIELLE,0,2,0,0,I,I,N,N,03,2,MONMOUTH COUNTY 20,W,20,,13000020__,.97,05,,01,05,02,01,01,01,05,01,,AT,,ALGONQUIN TRAIL / UNION AVE / W UNI,,,,30,25,26,,,N,MUNICIPAL SIGN INDICATING DIRECTION TO PUBLIC LIBRARY,99168
2018130818BR05992,MONMOUTH,BRIELLE BORO,07/03/2018,TU,1540,01,BRIELLE PD,BRIELLE,0,0,0,0,P,B,N,N,11,1,MONMOUTH COUNTY 48,E,48,,13000048__,1.10,05,,03,04,02,01,01,01,05,01,500,FE,E,OCEANVIEW DR,,,,35,25,69,40.103580,74.066320,N,DAMAGE TO GOLF CART BEING TRANSPORTED ON V1. WIRES ATTACHED TO POLE #40389BRE,99168
2018130818BR06173,MONMOUTH,BRIELLE BORO,07/08/2018,SU,0046,01,BRIELLE PD,,0,0,0,0,P,B,N,N,06,2,LONGSTREET AVE **,,,,13081050__,.20,07,,01,04,02,01,06,01,,01,1000,FE,E,NJ 71 / UNION AVE,,,,25,35,26,40.111450,74.055530,N,,99161
2018130818BR06262,MONMOUTH,BRIELLE BORO,07/10/2018,TU,1834,01,BRIELLE PD,,0,0,0,0,P,I,N,N,03,2,NJ 35,S,35,,00000035__,15.34,02,,01,04,02,01,01,01,02,01,,AT,,HIGGINS AVE,,,,50,30,26,,,N,,99169
2018130818BR06358,MONMOUTH,BRIELLE BORO,07/13/2018,FR,1652,01,BRIELLE PD,,0,0,0,0,P,B,N,N,03,2,WOODLAND AVE **,E,,,13081045__,.27,07,,01,04,02,01,01,01,05,01,25,FE,W,NJ 71 / UNION AVE,,,,25,30,26,40.114390,74.055360,N,,99166
2018130818BR06387,MONMOUTH,BRIELLE BORO,07/14/2018,SA,1729,01,BRIELLE PD,,0,3,0,0,I,B,Y,N,03,3,HIGGINS AVE **,N,,,13081101__,.47,07,,03,04,02,01,01,01,05,01,45,FE,W,NJ 35,,,,30,50,26,40.110420,74.062290,N,SHRUBBERY  OWNER: BOROUGH OF BRIELLE 601 UNION LANE BRIELLE NJ 08730,
2018130818BR06622,MONMOUTH,BRIELLE BORO,07/21/2018,SA,2257,01,BRIELLE PD,BRIELLE PD,0,2,0,0,I,B,Y,N,01,2,NJ 70,E,70,,00000070__,58.75,02,,01,04,02,02,06,02,01,01,15,FE,W,CR 48 / RIVERVIEW DR,,,,50,35,26,40.101280,74.079590,N,,99167
2018130818BR06732,MONMOUTH,BRIELLE BORO,07/26/2018,TH,1823,01,BRIELLE PD,BRIELLE PD,0,2,0,0,I,I,N,N,03,2,NJ 35,S,35,,00000035__,15.34,02,,01,04,02,01,01,01,02,01,,AT,,HIGGINS AVE,,,,50,30,26,40.110420,74.062290,N,,99167
2018130818BR06809,MONMOUTH,BRIELLE BORO,07/29/2018,SU,1433,01,BRIELLE PD,,0,0,0,0,P,B,N,N,01,2,NJ 35,S,35,,00000035__,15.11,02,,01,04,02,01,01,01,02,01,84,FE,N,NJ 71 / UNION AVE,,,,50,30,26,,,N,,99169
2018130818BR06992,MONMOUTH,BRIELLE BORO,08/05/2018,SU,1124,01,BRIELLE PD,,0,0,0,0,P,B,N,N,01,2,NJ 35,N,35,,00000035__,15.12,02,,03,05,02,01,01,01,05,01,,,,,T,NJ 71,NB,50,,26,40.110940,74.058220,N,,99161
2018130818BR07002,MONMOUTH,BRIELLE BORO,08/05/2018,SU,1812,01,BRIELLE PD,,0,0,0,0,P,B,N,N,02,2,NJ 35,N,35,,00000035__,14.92,02,,01,04,02,01,01,01,01,01,,,,,F,EVERGREEN AVE,,50,,26,,,N,,99168
2018130818BR07004,MONMOUTH,BRIELLE BORO,08/05/2018,SU,1905,01,BRIELLE PD,,0,0,0,0,P,B,N,N,01,2,NJ 35,N,35,,00000035__,15.09,02,,01,05,02,01,01,01,05,,,,,,T,NJ 71,NB,50,,26,40.113450,74.056160,N,,99168
2018130818BR07048,MONMOUTH,BRIELLE BORO,08/07/2018,TU,1407,01,BRIELLE PD,,0,1,0,0,I,I,N,N,03,2,UNION ST **,,,,13521092__,.94,07,,01,04,02,01,01,01,05,01,,AT,,SCHOOL HOUSE DR / SOUTH ST,,,,25,25,26,,,N,,99169
2018130818BR07418,MONMOUTH,BRIELLE BORO,08/21/2018,TU,1106,01,BRIELLE PD,,0,0,0,0,P,I,N,N,03,2,MONMOUTH COUNTY 48,N,48,,13000048__,.04,05,,01,04,02,01,01,01,05,01,,AT,,,F,NJ 70,EB,35,,26,,,N,,99241
2018130818BR07423,MONMOUTH,BRIELLE BORO,08/21/2018,TU,1551,01,BRIELLE PD,,0,0,0,0,P,B,N,N,11,1,HIGGINS AVE **,N,,,13081101__,.48,07,,01,04,02,01,01,01,05,01,100,FE,N,NJ 35,,,,30,30,56,,,N,,99241
2018130818BR07476,MONMOUTH,BRIELLE BORO,08/23/2018,TH,1824,01,BRIELLE PD,BRIELLE PD,0,0,0,0,P,B,Y,N,01,2,NJ 35,N,35,,00000035__,15.68,02,,01,04,02,01,01,01,01,01,350,FE,S,CR 20 / OLD BRIDGE RD,,,,50,30,26,40.113470,74.068190,N,,99240
2018130818BR07498,MONMOUTH,BRIELLE BORO,08/24/2018,FR,1759,01,BRIELLE PD,BRIELLE PD,0,0,0,0,P,B,N,N,02,2,NJ 35,S,35,,00000035__,15.06,02,,01,04,02,01,01,01,01,01,155,FE,S,NJ 71 / UNION AVE,,,,50,30,26,,,N,,99169
2018130818BR07572,MONMOUTH,BRIELLE BORO,08/27/2018,MO,1308,01,BRIELLE PD,BRIELLE,0,1,0,0,I,B,N,N,06,3,SOUTH ST,S,,,,,07,,01,04,02,01,01,01,05,01,25,FE,N,WOODLAND AVE,,,,25,25,28,40.117510,74.059950,Y,VEHICLE 3,99168
2018130818BR07582,MONMOUTH,BRIELLE BORO,08/27/2018,MO,1656,01,BRIELLE PD,BRIELLE PD,0,0,0,0,P,B,N,N,01,2,NJ 35,N,35,,00000035__,14.73,02,,01,04,02,01,01,01,01,01,1000,FE,S,EVERGREEN AVE,,,,40,25,26,40.105520,74.054390,N,,99167
2018130818BR07610,MONMOUTH,BRIELLE BORO,08/28/2018,TU,1727,01,BRIELLE PD,BRIELLE,0,0,0,0,P,B,N,N,01,2,NJ 35,S,35,,00000035__,15.10,02,,03,04,02,01,01,01,02,01,50,FE,N,NJ 71 / UNION AVE,,,,50,,26,40.102480,74.055220,N,,99168
2018130818BR08060,MONMOUTH,BRIELLE BORO,09/14/2018,FR,1815,01,BRIELLE PD,BRIELLE,0,0,0,0,P,B,N,N,06,2,WOODLAND AVE **,W,,,13081045__,.50,07,,01,04,02,01,01,01,05,01,400,FE,W,SOUTH ST,,,,25,25,28,40.116100,74.057870,N,,99168
2018130818BR08327,MONMOUTH,BRIELLE BORO,09/24/2018,MO,1626,01,BRIELLE PD,BRIELLE PD,0,0,0,0,P,B,N,N,01,2,RAMSHORN DR,S,,,13081073__,.00,07,,01,04,02,01,01,01,05,01,15,FE,N,NJ 70,,,,25,50,26,40.099920,74.081300,N,,99240
2018130818BR08338,MONMOUTH,BRIELLE BORO,09/25/2018,TU,0037,01,BRIELLE PD,BRIELLE PD,1,0,1,0,F,B,Y,N,13,1,NJ 71,N,71,,00000071__,.28,02,,01,04,02,02,06,01,05,01,5,FE,S,BRADLEY AVE,,,,30,25,22,40.112930,74.056910,N,,99167
2018130818BR08357,MONMOUTH,BRIELLE BORO,09/25/2018,TU,1933,01,BRIELLE PD,BRIELLE PD,0,0,0,0,P,B,N,N,02,2,NJ 35,S,35,,00000035__,14.88,02,,01,06,02,01,01,01,01,02,,,,,F,EUCLID AVE,SB,50,,26,40.107280,74.055930,N,,99240
2018130818BR08366,MONMOUTH,BRIELLE BORO,09/26/2018,WE,0728,01,BRIELLE PD,,0,0,0,0,P,I,N,N,07,2,MONMOUTH COUNTY 48,,48,,13000048__,.56,05,,02,05,02,02,01,01,05,01,,AT,,BIRCH DR / OSPREY POINT DR,,,,35,25,26,40.101360,74.079020,N,,99165
2018130818BR08554,MONMOUTH,BRIELLE BORO,10/03/2018,WE,1332,01,BRIELLE PD,,0,0,0,0,P,B,N,N,01,2,NJ 35,S,35,,00000035__,15.15,02,,01,04,02,01,01,01,01,02,1000,FE,S,HIGGINS AVE,,,,50,30,26,,,N,,99241
2018130818BR08586,MONMOUTH,BRIELLE BORO,10/04/2018,TH,1713,01,BRIELLE PD,,0,0,0,0,P,B,N,N,02,2,NJ 35,N,35,,00000035__,14.50,02,,01,06,02,01,01,01,01,02,3000,FE,S,ASHLEY AVE,,,,40,25,26,,,N,,99156
2018130818BR08672,MONMOUTH,BRIELLE BORO,10/07/2018,SU,1348,01,BRIELLE PD,,0,0,0,0,P,B,N,N,01,2,NJ 35,S,35,,00000035__,15.29,02,,01,04,02,01,01,01,01,02,250,FE,S,HIGGINS AVE,,,,50,30,26,40.110410,74.062290,N,,99165
2018130818BR08922,MONMOUTH,BRIELLE BORO,10/15/2018,MO,1419,01,BRIELLE PD,,0,0,0,0,P,B,N,N,01,2,NJ 35,N,35,,00000035__,14.52,02,,01,04,01,01,01,01,01,02,2000,FE,S,ASHLEY AVE,,,,50,,26,,,N,,99241
2018130818BR09138,MONMOUTH,BRIELLE BORO,10/24/2018,WE,0922,01,BRIELLE PD,,0,1,0,0,I,B,N,N,06,2,MONMOUTH COUNTY 48,E,48,,13000048__,1.04,05,,01,04,02,01,01,01,05,01,2000,FE,E,SOUTHWEST DR,,,,35,25,28,,,N,,99241
2018130818BR09201,MONMOUTH,BRIELLE BORO,10/26/2018,FR,1739,01,BRIELLE PD,BRIELLE PD,0,1,0,0,I,B,N,N,01,3,NJ 70,W,70,,00000070__,58.57,02,,01,05,01,01,03,01,01,01,700,FE,E,RIVER RD,,,,50,35,26,,,N,,99168
2018130818BR09355,MONMOUTH,BRIELLE BORO,11/01/2018,TH,0811,01,BRIELLE PD,BRIELLE,0,0,0,0,P,I,N,N,12,1,MONMOUTH COUNTY 48,,48,,13000048__,1.52,05,,01,04,02,01,01,01,05,01,,AT,,PEARCE DR / RIVERVIEW LN,,,,35,25,24,40.107030,74.058350,N,,99168
2018130818BR09369,MONMOUTH,BRIELLE BORO,11/01/2018,TH,1531,01,BRIELLE PD,BRIELLE,0,1,0,0,I,B,N,N,09,2,RAMSHORN DR,,,,13081073__,.00,07,,01,04,02,01,01,01,05,01,2,FE,N,NJ 70,,,,35,50,26,40.099490,74.082420,N,STOP SIGN ON RAMSHORN DRIVE AT SR 70 DISPLACED  LYING ON GROUND,99168
2018130818BR09389,MONMOUTH,BRIELLE BORO,11/02/2018,FR,1307,01,BRIELLE PD,,0,1,0,0,I,B,N,N,03,2,MONMOUTH COUNTY 20,E,20,,13000020__,1.36,05,,01,04,02,01,01,01,05,01,5,FE,E,SOUTH ST,,,,30,25,26,,,N,VERIZON TELEPHONE POLE BT383BRE  MAILBOX BELONGING TO 287 OLD BRIDGE RD.,99241
2018130818BR09405,MONMOUTH,BRIELLE BORO,11/03/2018,SA,0804,01,BRIELLE PD,BRIELLE,0,1,0,0,I,B,N,N,01,2,NJ 70,E,70,,00000070__,58.75,02,,01,04,02,02,01,02,01,01,10,FE,E,CR 48 / RIVERVIEW DR,,,,50,35,26,,,N,,99163
2018130818BR09413,MONMOUTH,BRIELLE BORO,11/03/2018,SA,1925,01,BRIELLE PD,,0,1,0,1,I,B,N,N,13,1,NJ 71,,71,,00000071__,.42,02,,01,04,02,01,06,01,05,01,2,FE,W,WOODLAND AVE,,,,25,30,22,40.114390,74.055360,N,,99165
2018130818BR09542,MONMOUTH,BRIELLE BORO,11/08/2018,TH,1632,01,BRIELLE PD,,0,0,0,0,P,B,N,N,02,2,NJ 35,N,35,,00000035__,14.65,02,,01,06,02,01,03,01,01,02,1400,FE,S,EVERGREEN AVE,,,,40,25,26,40.108740,74.057100,N,,99165
2018130818BR09964,MONMOUTH,BRIELLE BORO,11/23/2018,FR,1634,01,BRIELLE PD,BRIELLE PD,0,2,0,0,I,B,N,N,01,2,NJ 70,W,70,,00000070__,58.30,02,,01,07,01,01,03,01,01,01,894,FE,W,RIVER RD,,,,50,25,26,40.097500,74.085630,N,,99167
2018130818BR09987,MONMOUTH,BRIELLE BORO,11/24/2018,SA,1616,01,BRIELLE PD,BRIELLE PD,0,0,0,0,P,B,N,N,11,1,602 HIGGINS AVE (P LOT),N,,,,,09,,01,04,02,01,03,01,05,01,,,,,,,,,,69,,,N,DAMAGE TO THE UPS STORE BUILDING'S WOODEN OVERHANG,99240
2018130818BR10036,MONMOUTH,BRIELLE BORO,11/27/2018,TU,0612,01,BRIELLE PD,,0,2,0,0,I,B,N,N,01,2,NJ 35,N,35,,00000035__,15.31,02,,01,04,02,06,06,02,02,01,164,FE,S,HIGGINS AVE,,,,50,30,26,,,N,,99169
2018130818BR10397,MONMOUTH,BRIELLE BORO,12/08/2018,SA,1610,01,BRIELLE PD,BRIELLE PD,0,0,0,0,P,I,N,N,03,2,MONMOUTH COUNTY 20,N,20,,13000020__,.97,05,,01,05,02,01,01,01,05,01,,AT,,ALGONQUIN TRAIL / UNION AVE / W UNI,,,,30,25,26,40.115680,74.065410,N,,99167
2018130818BR10473,MONMOUTH,BRIELLE BORO,12/11/2018,TU,1106,01,BRIELLE PD,,0,0,0,0,P,B,N,N,01,2,NJ 35,S,35,,00000035__,15.09,02,,01,04,02,01,01,01,01,02,,,,,F,NJ 71 / UNION AVE,SB,50,,26,40.108550,74.058650,N,,99166
2018130818BR10631,MONMOUTH,BRIELLE BORO,12/16/2018,SU,1026,01,BRIELLE PD,,0,1,0,0,I,B,N,N,01,2,NJ 35,N,35,,00000035__,15.35,02,,01,04,02,02,01,02,02,01,,,,,,,,50,,26,,,N,,99163
2018130818BR10675,MONMOUTH,BRIELLE BORO,12/17/2018,MO,1714,01,BRIELLE PD,BRIELLE,0,0,0,0,P,I,N,N,03,2,HIGGINS AVE **,W,,,13081101__,.20,07,,01,04,02,01,04,01,05,01,,AT,,UNION AVE,,,,30,30,26,40.110570,74.062340,N,,99168
2018130818BR10678,MONMOUTH,BRIELLE BORO,12/17/2018,MO,1908,01,BRIELLE PD,,0,0,0,0,P,I,N,N,07,2,HIGGINS AVE **,E,,,13081101__,.20,07,,01,04,02,01,06,01,05,01,,AT,,UNION AVE,,,,30,30,26,40.108150,74.059190,N,,99240
2018130818BR10881,MONMOUTH,BRIELLE BORO,12/24/2018,MO,2018,01,BRIELLE PD,BRIELLE PD,0,0,0,0,P,B,Y,N,06,4,RANKEN RD **,N,,,13081020__,.59,07,,01,04,02,01,06,01,05,01,50,FE,N,CR 48 / RIVERVIEW DR,,,,25,35,28,,,N,,99169
2018130818BR11016,MONMOUTH,BRIELLE BORO,12/29/2018,SA,1343,01,BRIELLE PD,,0,0,0,0,P,B,N,N,01,2,NJ 35,N,35,,00000035__,15.00,02,,01,05,02,01,01,01,05,01,,,,,T,NJ 71,NB,50,,26,,,N,,99241
2018130918-19930-AC,MONMOUTH,COLTS NECK TWP,10/01/2018,MO,1133,01,HOLMDEL PD,,0,4,0,0,I,I,N,N,03,2,NJ 34,S,34,,00000034__,17.30,02,,01,04,02,01,01,01,05,01,,AT,,PLEASANT VALLEY RD,,,,50,25,26,,,N,,0096
2018130918BR02707,MONMOUTH,COLTS NECK TWP,03/23/2018,FR,1610,01,BRIELLE PD,,0,0,0,0,P,B,N,N,01,2,NJ 34,S,34,,00000034__,12.28,02,,01,04,02,02,01,01,02,01,,,,,F,NJ 18,SB,50,,26,40.103030,74.052650,N,,99166
2018130918BR04831,MONMOUTH,COLTS NECK TWP,05/28/2018,MO,1801,01,BRIELLE PD,,0,1,0,0,I,B,N,N,14,1,SHORE DR,N,,,,,07,,02,06,02,01,01,01,05,01,600,FE,S,RIVERVIEW DR,,,,25,35,21,40.098350,74.082470,N,,99166
2018130918CN00038,MONMOUTH,COLTS NECK TWP,01/02/2018,TU,1810,01,COLTS NECK PD,,0,1,0,0,I,B,N,N,01,2,NJ 18,S,18,,00000018__,16.00,02,,01,04,02,01,03,01,01,01,,,,,,,,65,,26,,,N,,84058
2018130918CN00119,MONMOUTH,COLTS NECK TWP,01/05/2018,FR,1602,01,COLTS NECK PD,,0,0,0,0,P,I,N,N,01,2,HEULITT RD,,,,,,07,,01,04,02,03,01,01,05,01,,AT,,CR 4,,,,40,45,26,,,N,,84060
2018130918CN00120,MONMOUTH,COLTS NECK TWP,01/05/2018,FR,1637,01,COLTS NECK PD,,0,2,0,0,I,B,N,N,03,2,NJ 34,S,34,,00000034__,12.82,02,,01,04,02,03,03,01,05,01,528,FE,N,TRUMP NATIONAL BLVD,,,,45,25,26,,,N,,84055
2018130918CN00130,MONMOUTH,COLTS NECK TWP,01/05/2018,FR,2107,01,COLTS NECK PD,,0,0,0,0,P,I,N,N,11,1,TULIP LN,,,,,,07,,01,04,02,03,05,01,05,01,,AT,,E LARCHMONT DR,,,,30,30,58,,,N,,84060
2018130918CN00148,MONMOUTH,COLTS NECK TWP,01/06/2018,SA,1436,01,COLTS NECK PD,,0,0,0,0,P,B,N,N,06,2,NORTH POINT DR,,,,,,07,,02,04,02,03,01,01,05,01,50,FE,N,ROUTE 537,,,,35,50,28,,,N,,84058
2018130918CN00176,MONMOUTH,COLTS NECK TWP,01/07/2018,SU,1658,01,COLTS NECK PD,,0,1,0,0,I,B,N,N,01,2,NJ 34,,34,,00000034__,14.02,02,,01,04,02,01,07,01,05,01,50,FE,N,CR 54 / FLOCK RD / PHALANX RD,,,,50,35,26,,,N,,84057
2018130918CN00230,MONMOUTH,COLTS NECK TWP,01/09/2018,TU,1653,01,COLTS NECK PD,,0,0,0,0,P,B,N,N,12,1,CEDAR DRIVE,,,,,,07,,01,04,02,01,03,01,05,01,1000,FE,E,BUCKS MILL ROAD,,,,40,35,24,,,N,,84034
2018130918CN00242,MONMOUTH,COLTS NECK TWP,01/10/2018,WE,0846,01,COLTS NECK PD,,0,0,0,0,P,B,N,N,12,2,NJ 18,S,18,,00000018__,17.50,02,,01,05,02,01,01,01,01,01,,,,,,,,65,,24,,,N,,84045
2018130918CN00244,MONMOUTH,COLTS NECK TWP,01/10/2018,WE,0858,01,COLTS NECK PD,,0,0,0,0,P,B,N,N,12,1,NJ 18,S,18,,00000018__,17.50,02,,01,04,02,01,01,01,01,01,,,,,,,,65,,24,,,N,,84057
2018130918CN00246,MONMOUTH,COLTS NECK TWP,01/10/2018,WE,0908,01,COLTS NECK PD,,0,0,0,0,P,B,N,N,02,2,NJ 18,N,18,,00000018__,22.00,02,,01,04,02,01,01,01,01,01,,,,,,,,65,,26,,,N,,84034