Year(4)-CountyCode(2)-MunicipalityCode(2)-CaseNumber(9),County Name,Municipality Name,Crash Date,Crash Day of Week,Crash Time,Police Department Code,Police Department,Police Station,Total Killed,Total Injured,Pedestrians Killed,Pedestrians Injured,Severity,Intersection,Alcohol Involved,Hazmat Involved,Crash Type,Total Vehicles,Location,Location Direction,Route,Route Suffix,Std Rte Identifier,MilePost,Road System,Road Character,Road Horizontal Alignment,Road Grade,Road Surface Type,Surface Condition,Light Condition,Environmental Condition,Road Divided By,Temporary Traffic Control Zone,Distance To Cross Street,Unit Of Measurement,Direction From Cross Street,Cross Street Name,Is Ramp,Ramp To/From Route Name,Ramp To/From Route Direction,Posted Speed,Posted Speed Cross Street,First Harmful Event,Latitude,Longitude,Cell Phone In Use Flag,Other Property Damage,Reporting Badge No.
2018130918CN00247,MONMOUTH,COLTS NECK TWP,01/10/2018,WE,0921,01,COLTS NECK PD,,0,0,0,0,P,B,N,N,01,2,MONMOUTH COUNTY 4 II,,4,2,130000042_,.89,05,,01,05,02,01,01,01,05,01,25,FE,N,NJ 34,,,,40,50,26,,,N,,84062
2018130918CN00313,MONMOUTH,COLTS NECK TWP,01/12/2018,FR,1438,01,COLTS NECK PD,,0,0,0,0,P,B,N,N,01,3,ROUTE 537,W,537,,00000537__,57.92,05,,01,05,02,02,01,02,05,01,25,FE,E,NJ 34,,,,40,45,26,,,N,,
2018130918CN00385,MONMOUTH,COLTS NECK TWP,01/14/2018,SU,2307,01,COLTS NECK PD,,0,0,0,0,P,B,N,N,12,1,MONMOUTH COUNTY 54,,54,,13000054__,.23,05,,01,04,02,01,05,01,05,01,500,FE,E,CREAMERY RD,,,,50,35,24,,,N,,84056
2018130918CN00435,MONMOUTH,COLTS NECK TWP,01/16/2018,TU,1730,01,COLTS NECK PD,,0,0,0,0,P,B,N,N,12,1,MONMOUTH COUNTY 54,,54,,13000054__,1.13,05,,01,05,02,01,05,01,05,01,1000,FE,E,MUHLENBRINK RD,,,,50,35,24,,,N,,84034
2018130918CN00484,MONMOUTH,COLTS NECK TWP,01/18/2018,TH,0652,01,COLTS NECK PD,,0,0,0,0,P,I,N,N,03,2,ROUTE 537,,537,,00000537__,57.77,05,,01,04,02,01,02,01,05,02,,AT,,HEYERS MILL RD,,,,40,35,26,,,N,,84045
2018130918CN00599,MONMOUTH,COLTS NECK TWP,01/20/2018,SA,1336,01,COLTS NECK PD,,0,1,0,0,I,B,N,N,12,1,ROUTE 537,,537,,00000537__,57.08,05,,01,04,02,01,01,01,05,01,25,FE,W,HOMINY HILL RD,,,,50,45,24,,,N,,84062
2018130918CN00641,MONMOUTH,COLTS NECK TWP,01/21/2018,SU,1322,01,COLTS NECK PD,,0,1,0,0,I,I,N,N,03,2,FIVE POINTS RD,,,,13091141__,.63,07,,01,04,02,01,01,01,05,01,,AT,,MATTHEWS RD,,,,35,45,26,,,N,,84057
2018130918CN00657,MONMOUTH,COLTS NECK TWP,01/22/2018,MO,0054,01,COLTS NECK PD,,0,1,0,0,I,B,Y,N,11,1,ROUTE 537,,537,,00000537__,57.56,05,,02,04,02,01,05,01,05,01,528,FE,W,NEW ST,,,,40,25,52,,,N,UTILITY POLE - VERIZON BT193CN,84061
2018130918CN00661,MONMOUTH,COLTS NECK TWP,01/22/2018,MO,0741,01,COLTS NECK PD,,0,0,0,0,P,I,N,N,03,2,HEYERS MILL RD,,,,13091024__,.56,07,,01,04,02,01,01,01,05,01,,AT,,CEDAR DRIVE,,,,35,35,26,,,N,,84056
2018130918CN00716,MONMOUTH,COLTS NECK TWP,01/23/2018,TU,1728,01,COLTS NECK PD,,0,0,0,0,P,B,N,N,12,1,MONMOUTH COUNTY 4 I,,4,1,130000041_,1.77,05,,01,04,02,02,05,01,05,01,200,FE,E,HILLCREST RD,,,,45,25,24,,,N,,84045
2018130918CN00717,MONMOUTH,COLTS NECK TWP,01/23/2018,TU,1749,01,COLTS NECK PD,,0,0,0,0,P,I,N,N,03,2,ROUTE 537,,537,,00000537__,57.77,05,,01,04,02,02,07,01,05,02,,AT,,HEYERS MILL RD,,,,40,35,26,,,N,,84045
2018130918CN00719,MONMOUTH,COLTS NECK TWP,01/23/2018,TU,1817,01,COLTS NECK PD,,0,0,0,0,P,I,N,N,02,2,NJ 34,N,34,,00000034__,14.01,02,,01,04,02,01,06,01,05,01,,AT,,CR 54 / FLOCK RD / PHALANX RD,,,,50,50,26,,,N,,84058
2018130918CN00735,MONMOUTH,COLTS NECK TWP,01/24/2018,WE,0806,01,COLTS NECK PD,,0,0,0,0,P,B,N,N,12,1,MONMOUTH COUNTY 4 I,,4,1,130000041_,1.47,05,,01,04,02,01,01,01,05,01,25,FE,E,NAN-TONE CT,,,,45,25,24,,,N,,84057
2018130918CN00745,MONMOUTH,COLTS NECK TWP,01/24/2018,WE,1356,01,COLTS NECK PD,,0,0,0,0,P,B,N,N,01,2,MONMOUTH COUNTY 54,,54,,13000054__,2.36,05,,01,05,02,01,01,01,05,01,100,FE,W,RICHDALE RD,,,,40,25,26,,,N,,84034
2018130918CN00838,MONMOUTH,COLTS NECK TWP,01/26/2018,FR,1312,01,COLTS NECK PD,,0,1,0,0,I,B,N,N,02,2,ROUTE 537,,537,,00000537__,55.28,05,,01,04,02,01,01,01,05,01,200,FE,E,NJ 18,,,,50,45,26,,,N,,84056
2018130918CN00854,MONMOUTH,COLTS NECK TWP,01/26/2018,FR,1838,01,COLTS NECK PD,,0,1,0,0,I,B,N,N,11,1,NJ 18,S,18,,00000018__,17.00,02,,01,04,02,01,05,01,01,01,,,,,,,,65,,46,,,N,GUARDRAIL FACE WAS DENTED,84056
2018130918CN00871,MONMOUTH,COLTS NECK TWP,01/27/2018,SA,0643,01,COLTS NECK PD,,0,1,0,0,I,B,N,N,11,1,NJ 18,S,18,,00000018__,16.50,02,,01,04,02,04,02,01,01,01,,,,,,,,65,,46,,,N,,84060
2018130918CN00872,MONMOUTH,COLTS NECK TWP,01/27/2018,SA,0649,01,COLTS NECK PD,,0,2,0,1,I,B,N,N,06,2,NJ 18,S,18,,00000018__,16.50,02,,01,04,02,04,02,01,01,01,,,,,,,,65,,28,,,N,,84060
2018130918CN00908,MONMOUTH,COLTS NECK TWP,01/28/2018,SU,1711,01,COLTS NECK PD,,0,0,0,0,P,B,N,N,03,2,MONTROSE RD,,,,,,07,,01,06,02,02,03,01,05,,2640,FE,S,ROUND HILL ROAD,,,,45,35,26,,,N,,84044
2018130918CN00924,MONMOUTH,COLTS NECK TWP,01/29/2018,MO,0631,01,COLTS NECK PD,,0,0,0,0,P,B,N,N,12,1,MONMOUTH COUNTY 54,W,54,,13000054__,1.64,05,,01,04,02,01,02,01,05,01,50,FE,E,LIARD RD,,,,40,45,24,,,N,,84055
2018130918CN00975,MONMOUTH,COLTS NECK TWP,01/30/2018,TU,0558,01,COLTS NECK PD,,0,0,0,0,P,B,N,N,11,1,NJ 18,S,18,,00000018__,21.00,02,,01,04,02,03,05,03,01,01,,,,,,,,65,,46,,,N,DAMAGE TO GUIDE RAIL ON ROUTE 18 SOUTHBOUND NEAR MILE MARKER 21,84062
2018130918CN00978,MONMOUTH,COLTS NECK TWP,01/30/2018,TU,0704,01,COLTS NECK PD,,0,0,0,0,P,B,N,N,02,2,NJ 18,S,18,,00000018__,18.00,02,,01,04,02,05,01,03,01,01,,,,,,,,65,,26,,,N,,84046
2018130918CN01031,MONMOUTH,COLTS NECK TWP,01/31/2018,WE,0944,01,COLTS NECK PD,,0,0,0,0,P,B,N,N,11,1,NJ 18,N,18,,00000018__,20.00,02,,01,04,02,01,01,01,01,01,,,,,,,,65,,60,,,N,,84056
2018130918CN01145,MONMOUTH,COLTS NECK TWP,02/02/2018,FR,1509,01,COLTS NECK PD,,0,1,0,0,I,B,N,N,01,3,ROUTE 537,,537,,00000537__,56.07,05,,01,04,02,01,01,01,05,01,150,FE,W,PLEASANT DR,,,,50,25,26,,,N,,
2018130918CN01234,MONMOUTH,COLTS NECK TWP,02/04/2018,SU,1700,01,COLTS NECK PD,,0,0,0,0,P,B,N,N,12,1,NJ 34,,34,,00000034__,13.60,02,,01,04,02,02,03,02,05,01,,,,,,,,45,,24,,,N,,84057
2018130918CN01287,MONMOUTH,COLTS NECK TWP,02/06/2018,TU,0818,01,COLTS NECK PD,,0,0,0,0,P,I,N,N,01,2,MONMOUTH COUNTY 4 II,,4,2,130000042_,.15,05,,03,04,02,01,01,01,05,01,,AT,,CR 4 / CRINE RD,,,,35,45,26,,,N,,84058
2018130918CN01289,MONMOUTH,COLTS NECK TWP,02/06/2018,TU,0825,01,COLTS NECK PD,,0,0,0,0,P,I,N,N,03,2,ROUTE 537,,537,,00000537__,59.68,05,,01,04,02,01,01,01,05,01,,AT,,LAIRD RD,,,,50,45,26,,,N,,84044
2018130918CN01305,MONMOUTH,COLTS NECK TWP,02/06/2018,TU,1545,01,COLTS NECK PD,,0,1,0,0,I,B,N,N,01,2,NJ 34,S,34,,00000034__,13.96,02,,01,04,02,01,01,01,05,01,250,FE,S,CR 54 / FLOCK RD / PHALANX RD,,,,50,50,26,,,N,,84044
2018130918CN01340,MONMOUTH,COLTS NECK TWP,02/07/2018,WE,1819,01,COLTS NECK PD,,0,0,0,0,P,B,N,N,11,1,NJ 34,S,34,,00000034__,12.10,02,,01,05,02,06,07,02,03,01,,,,,,,,50,,56,,,N,,84061
2018130918CN01377,MONMOUTH,COLTS NECK TWP,02/08/2018,TH,1558,01,COLTS NECK PD,,0,0,0,0,P,B,N,N,01,2,MONMOUTH COUNTY 4 II,,4,2,130000042_,.89,05,,02,04,02,01,01,01,05,01,25,FE,E,NJ 34,,,,40,50,26,,,N,,84050
2018130918CN01415,MONMOUTH,COLTS NECK TWP,02/09/2018,FR,1555,01,COLTS NECK PD,,0,0,0,0,P,B,N,N,11,1,ROUTE 537,W,537,,00000537__,57.64,05,,02,04,02,01,01,01,05,01,100,FE,W,NEW ST,,,,40,25,61,,,N,BRICK MAILBOX AT 151 RT 537  COLTS NECK NJ 07722,84058
2018130918CN01443,MONMOUTH,COLTS NECK TWP,02/11/2018,SU,1204,01,COLTS NECK PD,,0,1,0,0,I,B,N,N,11,1,NJ 18,N,18,,00000018__,17.00,02,,03,04,02,02,01,02,01,01,,,,,,,,65,,46,,,N,GUIDERAIL IN CENTER MEDIAN - DOT NOTIFIED,84044
2018130918CN01486,MONMOUTH,COLTS NECK TWP,02/12/2018,MO,1803,01,COLTS NECK PD,,0,1,0,0,I,B,N,N,01,2,NJ 18,N,18,,00000018__,19.00,02,,01,04,02,01,07,01,02,01,900,FE,,,T,NJ 34,SB,65,,26,,,N,,84061
2018130918CN01532,MONMOUTH,COLTS NECK TWP,02/13/2018,TU,1404,01,COLTS NECK PD,,0,0,0,0,P,B,N,N,01,2,FIVE POINTS RD,,,,13091141__,.00,07,,01,04,02,01,01,01,05,01,10,FE,S,ROUTE 537,,,,35,50,26,,,N,,84045
2018130918CN01544,MONMOUTH,COLTS NECK TWP,02/13/2018,TU,1744,01,COLTS NECK PD,,0,0,0,0,P,B,N,N,12,1,HEYERS MILL RD,,,,13091024__,.74,07,,01,04,02,01,03,01,05,01,25,FE,S,FLOCK RD,,,,35,35,24,,,N,,84061
2018130918CN01581,MONMOUTH,COLTS NECK TWP,02/14/2018,WE,1401,01,COLTS NECK PD,,0,0,0,0,P,B,N,N,12,1,HEYERS MILL RD,,,,13091024__,1.57,07,,03,04,02,01,01,01,05,01,20,FE,S,PROTHERO ROAD,,,,35,40,24,,,N,,84044
2018130918CN01590,MONMOUTH,COLTS NECK TWP,02/14/2018,WE,1733,01,COLTS NECK PD,,0,0,0,0,P,I,N,N,01,2,MONMOUTH COUNTY 54,,54,,13000054__,2.46,05,,01,04,02,01,05,01,05,01,,AT,,RIMWOOD LN,,,,40,35,26,,,N,,84058
2018130918CN01623,MONMOUTH,COLTS NECK TWP,02/15/2018,TH,1745,01,COLTS NECK PD,,0,0,0,0,P,B,N,N,11,1,BOUNDARY RD,,,,13091145__,1.33,07,,01,06,02,01,05,01,05,01,150,FE,S,BOXWOOD DR,,,,40,25,46,,,N,,84044
2018130918CN01626,MONMOUTH,COLTS NECK TWP,02/15/2018,TH,1858,01,COLTS NECK PD,,0,0,0,0,P,B,N,N,12,1,MONMOUTH COUNTY 54,W,54,,13000054__,1.64,05,,01,04,02,01,05,01,05,01,50,FE,E,LIARD RD,,,,40,45,24,,,N,,84055
2018130918CN01716,MONMOUTH,COLTS NECK TWP,02/18/2018,SU,0123,01,COLTS NECK PD,,0,2,0,0,I,B,N,N,01,2,NJ 18,S,18,,00000018__,22.00,02,,01,04,02,02,05,01,01,01,,,,,,,,65,,26,,,N,,84057
2018130918CN01755,MONMOUTH,COLTS NECK TWP,02/19/2018,MO,2215,01,COLTS NECK PD,,0,0,0,0,P,B,N,N,11,2,NJ 34,S,34,,00000034__,12.00,02,,01,04,02,02,05,02,03,01,,,,,,,,50,,69,,,N,UTILITY POLE # BT 54,84032
2018130918CN01788,MONMOUTH,COLTS NECK TWP,02/20/2018,TU,2232,01,COLTS NECK PD,,0,2,0,0,I,B,Y,N,01,2,NJ 34,S,34,,00000034__,14.01,02,,01,04,02,01,07,01,05,01,20,FE,N,CR 54 / FLOCK RD / PHALANX RD,,,,50,50,26,,,N,,84044
2018130918CN01790,MONMOUTH,COLTS NECK TWP,02/21/2018,WE,0023,01,COLTS NECK PD,,0,1,0,0,I,B,N,N,11,1,NJ 18,S,18,,00000018__,18.00,02,,03,04,02,01,05,01,01,01,,,,,,,,65,,46,,,N,,84058
2018130918CN01791,MONMOUTH,COLTS NECK TWP,02/21/2018,WE,0715,01,COLTS NECK PD,,0,1,0,0,I,B,N,N,12,1,NJ 18,N,18,,00000018__,17.50,02,,01,04,02,02,01,01,01,01,,,,,,,,65,,24,,,N,,84045
2018130918CN01818,MONMOUTH,COLTS NECK TWP,02/21/2018,WE,1552,01,COLTS NECK PD,,0,1,0,0,I,B,N,N,02,2,NJ 18,N,18,,00000018__,19.00,02,,01,04,02,01,01,01,01,01,750,FE,,,F,NJ 34,NB,65,,26,,,N,,84046
2018130918CN01819,MONMOUTH,COLTS NECK TWP,02/21/2018,WE,1629,01,COLTS NECK PD,,0,0,0,0,P,B,N,N,11,1,NJ 18,S,18,,00000018__,19.50,02,,01,04,02,01,01,01,01,01,,,,,,,,65,,46,,,N,STATE DOT GUARDRAIL,84054
2018130918CN01822,MONMOUTH,COLTS NECK TWP,02/21/2018,WE,1708,01,COLTS NECK PD,,0,1,0,0,I,B,N,N,10,1,NJ 18,N,18,,00000018__,19.00,02,,03,05,02,01,01,01,05,01,650,FE,,,F,NJ 34,NB,65,,56,,,N,,84054
2018130918CN01894,MONMOUTH,COLTS NECK TWP,02/23/2018,FR,0556,01,COLTS NECK PD,,0,0,0,0,P,B,N,N,02,2,NJ 18,N,18,,00000018__,19.50,02,,01,04,02,01,02,01,01,01,,,,,,,,65,,26,,,N,,84061
2018130918CN01928,MONMOUTH,COLTS NECK TWP,02/23/2018,FR,2030,01,COLTS NECK PD,,0,0,0,0,P,B,N,N,12,1,NJ 18,S,18,,00000018__,16.50,02,,01,04,02,02,05,02,01,01,,,,,,,,65,,24,,,N,GUARDRAIL FACE DENTED AND SCRATCHED,84056
2018130918CN01997,MONMOUTH,COLTS NECK TWP,02/26/2018,MO,1843,01,COLTS NECK PD,,0,0,0,0,P,B,N,N,01,2,NJ 18,S,18,,00000018__,22.00,02,,03,04,02,01,06,01,01,01,590,FE,S,,T,ROUTE 537,WB,65,,26,,,N,,84061
2018130918CN02063,MONMOUTH,COLTS NECK TWP,02/28/2018,WE,1313,01,COLTS NECK PD,,0,0,0,0,P,B,N,N,12,1,NJ 34,,34,,00000034__,16.50,02,,01,06,02,01,01,01,05,01,,,,,,,,50,,24,,,N,,84049
2018130918CN02078,MONMOUTH,COLTS NECK TWP,02/28/2018,WE,2345,01,COLTS NECK PD,,0,0,0,0,P,B,N,N,99,1,ROUTE 537,,537,,00000537__,55.74,05,,01,04,02,01,05,01,05,01,150,FE,W,FIVE POINT RD,,,,50,35,99,,,N,,84044
2018130918CN02124,MONMOUTH,COLTS NECK TWP,03/02/2018,FR,0717,01,COLTS NECK PD,,0,0,0,0,P,B,N,N,01,2,NJ 18,,18,,00000018__,22.00,02,,03,04,02,02,01,02,01,01,950,FE,,,F,ROUTE 537,EB,65,,26,,,N,,84045
2018130918CN02133,MONMOUTH,COLTS NECK TWP,03/02/2018,FR,0956,01,COLTS NECK PD,,0,2,0,0,I,B,N,N,02,3,NJ 18,S,18,,00000018__,19.10,02,,01,04,02,05,01,03,01,01,,,,,,,,65,,26,,,N,,
2018130918CN02138,MONMOUTH,COLTS NECK TWP,03/02/2018,FR,1111,01,COLTS NECK PD,,0,0,0,0,P,B,N,N,11,1,NJ 18,S,18,,00000018__,21.00,02,,01,04,02,05,01,03,01,01,,,,,,,,65,,46,,,N,GUARD RAIL,84057
2018130918CN02139,MONMOUTH,COLTS NECK TWP,03/02/2018,FR,1119,01,COLTS NECK PD,,0,1,0,0,I,B,N,N,11,1,NJ 18,S,18,,00000018__,17.50,02,,01,06,02,05,01,03,01,01,,,,,,,,65,,46,,,N,STATE DOT GUARDRAIL,84045
2018130918CN02145,MONMOUTH,COLTS NECK TWP,03/02/2018,FR,1149,01,COLTS NECK PD,,0,0,0,0,P,B,N,N,11,1,NJ 18,S,18,,00000018__,18.30,02,,01,04,02,05,01,02,01,01,,,,,,,,65,,46,,,N,GUARDRAIL,84057
2018130918CN02152,MONMOUTH,COLTS NECK TWP,03/02/2018,FR,1351,01,COLTS NECK PD,,0,0,0,0,P,B,N,N,11,1,NJ 18,S,18,,00000018__,21.50,02,,01,04,02,05,01,03,01,01,,,,,,,,65,,56,,,N,STATE DOT GUARDRAIL,84045
2018130918CN02165,MONMOUTH,COLTS NECK TWP,03/02/2018,FR,1634,01,COLTS NECK PD,,0,4,0,0,I,B,N,N,11,1,LAIRD ROAD,,,,,,07,,01,04,02,05,01,03,05,01,200,FE,E,CROSS ROAD,,,,45,35,52,,,N,BROKEN JCP&L POLE # VZ3053 AND DAMAGE TO FENCE OF 145 MUHLENBRINK ROAD,84062
2018130918CN02176,MONMOUTH,COLTS NECK TWP,03/02/2018,FR,1741,01,COLTS NECK PD,,0,0,0,0,P,B,N,N,01,2,FIVE POINTS RD,N,,,13091141__,.00,07,,01,04,02,03,06,03,05,01,10,FE,S,ROUTE 537,,,,35,50,26,,,N,,84038
2018130918CN02179,MONMOUTH,COLTS NECK TWP,03/02/2018,FR,1805,01,COLTS NECK PD,,0,0,0,0,P,B,N,N,01,2,NJ 18,S,18,,00000018__,19.60,02,,01,04,02,05,05,03,01,01,,,,,,,,65,,26,,,N,,84057
2018130918CN02187,MONMOUTH,COLTS NECK TWP,03/02/2018,FR,1849,01,COLTS NECK PD,,0,0,0,0,P,B,N,N,99,1,NJ 34,,34,,00000034__,16.92,02,,01,04,02,03,05,03,05,01,200,FE,N,CLOVER HILL RD,,,,50,40,12,,,N,,84062
2018130918CN02198,MONMOUTH,COLTS NECK TWP,03/02/2018,FR,2320,01,COLTS NECK PD,,0,0,0,0,P,B,N,N,02,2,NJ 18,S,18,,00000018__,17.50,02,,01,04,02,02,07,01,01,01,,,,,,,,65,,26,,,N,,84061
2018130918CN02217,MONMOUTH,COLTS NECK TWP,03/03/2018,SA,1402,01,COLTS NECK PD,,0,0,0,0,P,B,N,N,99,1,NJ 34,,34,,00000034__,15.33,02,,01,04,02,01,01,01,05,01,100,FE,N,BLACKBRIAR DR,,,,50,25,99,,,N,,84062
2018130918CN02262,MONMOUTH,COLTS NECK TWP,03/04/2018,SU,1617,01,COLTS NECK PD,,0,1,0,0,I,I,N,N,03,2,MONMOUTH COUNTY 4 I,,4,1,130000041_,1.38,05,,01,04,02,01,01,01,05,01,,AT,,BOUNDARY RD,,,,45,40,26,,,N,,84062
2018130918CN02317,MONMOUTH,COLTS NECK TWP,03/06/2018,TU,0818,01,COLTS NECK PD,,0,0,0,0,P,B,N,N,02,2,FIVE POINTS RD,N,,,13091141__,.00,07,,01,04,02,01,01,01,05,01,200,FE,S,ROUTE 537,,,,35,50,26,,,N,,84060
2018130918CN02334,MONMOUTH,COLTS NECK TWP,03/06/2018,TU,1507,01,COLTS NECK PD,,0,0,0,0,P,B,N,N,03,2,FIVE POINTS RD,S,,,13091141__,.00,07,,01,04,02,01,01,01,05,01,500,FE,S,ROUTE 537,,,,35,50,26,,,N,,84036
2018130918CN02366,MONMOUTH,COLTS NECK TWP,03/07/2018,WE,1458,01,COLTS NECK PD,,0,0,0,0,P,B,N,N,11,1,NJ 18,N,18,,00000018__,21.80,02,,01,04,02,03,01,03,01,01,,,,,,,,65,,46,,,N,GUIDLE RAIL ROUTE 18 NORTH BOUND MILE MARKER 21.8,84062
2018130918CN02370,MONMOUTH,COLTS NECK TWP,03/07/2018,WE,1655,01,COLTS NECK PD,,0,0,0,0,P,B,N,N,06,2,PARKER PASS,,,,,,07,,03,04,02,03,01,03,05,01,250,FE,W,COLTS NECK BOULEVARD,,,,25,25,26,,,N,,84062
2018130918CN02374,MONMOUTH,COLTS NECK TWP,03/07/2018,WE,1722,01,COLTS NECK PD,,0,0,0,0,P,B,N,N,11,1,NJ 18,N,18,,00000018__,20.00,02,,01,04,02,03,03,03,01,01,,,,,,,,65,,46,,,N,GUIDERAIL SR 18 NORTHBOUND MM 20.0,84062
2018130918CN02468,MONMOUTH,COLTS NECK TWP,03/10/2018,SA,0136,01,COLTS NECK PD,,0,1,0,0,I,B,Y,N,04,2,NJ 18,N,18,,00000018__,21.50,02,,01,04,02,01,05,01,01,01,,,,,,,,65,,26,,,N,,84044
2018130918CN02516,MONMOUTH,COLTS NECK TWP,03/12/2018,MO,0057,01,COLTS NECK PD,,0,1,0,0,I,B,N,N,11,1,NJ 34,N,34,,00000034__,12.10,02,,01,04,02,01,05,01,03,01,,,,,,,,50,,56,,,N,,84046
2018130918CN02559,MONMOUTH,COLTS NECK TWP,03/13/2018,TU,0717,01,COLTS NECK PD,,0,0,0,0,P,B,N,N,11,1,NJ 18,S,18,,00000018__,19.00,02,,03,04,02,03,01,03,02,01,875,FE,,,T,NJ 34,SB,65,,56,,,N,,84062
2018130918CN02589,MONMOUTH,COLTS NECK TWP,03/13/2018,TU,1615,01,COLTS NECK PD,,0,0,0,0,P,B,N,N,12,1,ROUTE 537,,537,,00000537__,55.44,05,,01,04,02,01,01,01,04,01,25,FE,W,SCHOOL RD E,,,,50,45,24,,,N,,84062
2018130918CN02594,MONMOUTH,COLTS NECK TWP,03/13/2018,TU,1935,01,COLTS NECK PD,,0,0,0,0,P,B,N,N,12,1,ROUTE 537,E,537,,00000537__,59.88,05,,01,04,02,01,05,01,05,01,1056,FE,E,LAIRD RD,,,,50,45,24,,,N,,84050
2018130918CN02613,MONMOUTH,COLTS NECK TWP,03/14/2018,WE,0636,01,COLTS NECK PD,,0,0,0,0,P,B,N,N,12,1,ROUTE 537,W,537,,00000537__,58.60,05,,01,04,02,01,02,01,05,01,50,FE,E,YEARLING PATH,,,,50,25,24,,,N,,84061
2018130918CN02660,MONMOUTH,COLTS NECK TWP,03/15/2018,TH,0857,01,COLTS NECK PD,,0,2,0,0,I,I,N,N,03,2,ROUTE 537,W,537,,00000537__,57.77,05,,01,04,02,01,01,01,05,02,,AT,,HEYERS MILL RD,,,,40,35,26,,,N,STOP SIGN HEYERS MILL RD & CR 537,84060
2018130918CN02759,MONMOUTH,COLTS NECK TWP,03/18/2018,SU,1538,01,COLTS NECK PD,,0,1,0,0,I,B,N,N,11,1,NJ 18,N,18,,00000018__,19.00,02,,01,04,02,01,01,01,01,01,,,,,,,,65,,46,,,N,GUARD RAIL SR 18 N  MM 19,84057
2018130918CN02805,MONMOUTH,COLTS NECK TWP,03/19/2018,MO,1813,01,COLTS NECK PD,,0,0,0,0,P,I,N,N,11,2,ROUTE 537,E,537,,00000537__,60.36,05,,01,04,02,01,03,01,05,01,,AT,,HOCKHOCKSON RD,,,,50,45,52,,,N,TELEPHONE POLE #JC489CN,84058
2018130918CN02821,MONMOUTH,COLTS NECK TWP,03/20/2018,TU,0744,01,COLTS NECK PD,,0,0,0,0,P,B,N,N,15,1,NJ 18,,18,,00000018__,16.50,02,,01,04,02,01,01,01,01,01,,,,,,,,65,,39,,,N,,84044
2018130918CN02851,MONMOUTH,COLTS NECK TWP,03/20/2018,TU,1317,01,COLTS NECK PD,,0,0,0,0,P,I,N,N,01,2,ROUTE 537,,537,,00000537__,59.68,05,,01,04,02,01,01,05,05,01,,AT,,LAIRD RD,,,,50,45,26,,,N,,84045
2018130918CN02859,MONMOUTH,COLTS NECK TWP,03/20/2018,TU,1654,01,COLTS NECK PD,,0,0,0,0,P,B,N,N,11,1,ROUTE 537,,537,,00000537__,59.43,05,,02,04,02,05,01,03,05,01,1320,FE,W,LAIRD RD,,,,50,45,69,,,N,315 CR 537 DELICIOUS ORCHARDS PACKING PLANT,84056
2018130918CN02860,MONMOUTH,COLTS NECK TWP,03/20/2018,TU,1705,01,COLTS NECK PD,,0,0,0,0,P,B,N,N,11,1,NJ 18,S,18,,00000018__,21.00,02,,02,04,02,04,01,06,01,01,,,,,,,,65,,46,,,N,,84058
2018130918CN02864,MONMOUTH,COLTS NECK TWP,03/20/2018,TU,1820,01,COLTS NECK PD,,0,0,0,0,P,B,N,N,11,1,FIVE POINTS RD,,,,13091141__,1.00,07,,02,04,02,05,01,03,05,01,200,FE,N,STONE HILL ROAD,,,,35,35,56,,,N,DAMAGE TO THE FRONT LAWN @ 149 FIVE POINT ROAD,84056
2018130918CN02871,MONMOUTH,COLTS NECK TWP,03/21/2018,WE,0829,01,COLTS NECK PD,,0,0,0,0,P,B,N,N,11,1,NJ 18,N,18,,00000018__,22.00,02,,01,04,02,02,01,06,01,01,,,,,,,,65,,46,,,N,DAMAGE TO GUARD RAIL ROUTE 18 NORTH BOUND MILE MARKER 22,84062
2018130918CN02872,MONMOUTH,COLTS NECK TWP,03/21/2018,WE,0841,01,COLTS NECK PD,,0,1,0,0,I,B,N,N,11,1,NJ 18,N,18,,00000018__,19.50,02,,01,04,02,05,01,06,01,01,,,,,,,,65,,47,,,N,STATE DOT GUARD RAIL ON SR 18 MM 19.5,84045
2018130918CN02873,MONMOUTH,COLTS NECK TWP,03/21/2018,WE,0853,01,COLTS NECK PD,,0,0,0,0,P,B,N,N,01,2,NJ 18,S,18,,00000018__,19.50,02,,01,04,02,02,01,06,01,01,,,,,,,,65,,26,,,N,DAMAGE TO GUDIE RAIL ROUTE 18 SOUTHBOUND MILE MARKER 19.5,84062
2018130918CN02876,MONMOUTH,COLTS NECK TWP,03/21/2018,WE,1738,01,COLTS NECK PD,,0,0,0,0,P,B,N,N,11,1,MONMOUTH COUNTY 54,,54,,13000054__,2.10,05,,01,06,02,03,03,03,05,01,20,FE,W,BRANDYWINE LN,,,,40,25,56,,,N,,84045
2018130918CN02902,MONMOUTH,COLTS NECK TWP,03/22/2018,TH,0402,01,COLTS NECK PD,,0,0,0,0,P,B,N,N,11,1,NJ 18,S,18,,00000018__,16.60,02,,01,04,02,03,05,03,01,01,,,,,,,,65,,46,,,N,,84061
2018130918CN02972,MONMOUTH,COLTS NECK TWP,03/24/2018,SA,1213,01,COLTS NECK PD,,0,0,0,0,P,B,N,N,01,2,MONMOUTH COUNTY 54,W,54,,13000054__,2.47,05,,01,04,02,01,01,01,05,01,50,FE,E,RIMWOOD LN,,,,50,25,26,,,N,,84056