Year(4)-CountyCode(2)-MunicipalityCode(2)-CaseNumber(9),County Name,Municipality Name,Crash Date,Crash Day of Week,Crash Time,Police Department Code,Police Department,Police Station,Total Killed,Total Injured,Pedestrians Killed,Pedestrians Injured,Severity,Intersection,Alcohol Involved,Hazmat Involved,Crash Type,Total Vehicles,Location,Location Direction,Route,Route Suffix,Std Rte Identifier,MilePost,Road System,Road Character,Road Horizontal Alignment,Road Grade,Road Surface Type,Surface Condition,Light Condition,Environmental Condition,Road Divided By,Temporary Traffic Control Zone,Distance To Cross Street,Unit Of Measurement,Direction From Cross Street,Cross Street Name,Is Ramp,Ramp To/From Route Name,Ramp To/From Route Direction,Posted Speed,Posted Speed Cross Street,First Harmful Event,Latitude,Longitude,Cell Phone In Use Flag,Other Property Damage,Reporting Badge No.
2018130918CN03030,MONMOUTH,COLTS NECK TWP,03/26/2018,MO,1248,01,COLTS NECK PD,,0,0,0,0,P,B,N,N,12,1,ROUTE 537,W,537,,00000537__,59.77,05,,01,04,02,01,01,01,05,01,500,FE,E,LAIRD RD,,,,50,45,24,,,N,,84046
2018130918CN03045,MONMOUTH,COLTS NECK TWP,03/26/2018,MO,1759,01,COLTS NECK PD,,0,2,0,0,I,I,N,N,03,2,MONMOUTH COUNTY 54,,54,,13000054__,1.63,05,,01,04,02,01,01,01,05,01,,AT,,LIARD RD,,,,50,45,26,,,N,COUNTY SEWER DRAIN,84054
2018130918CN03047,MONMOUTH,COLTS NECK TWP,03/26/2018,MO,1838,01,COLTS NECK PD,,0,0,0,0,P,B,N,N,01,2,NJ 18,S,18,,00000018__,22.00,02,,03,05,02,01,03,01,02,01,550,FE,,,T,ROUTE 537,WB,65,,26,,,N,,84062
2018130918CN03085,MONMOUTH,COLTS NECK TWP,03/27/2018,TU,1428,01,COLTS NECK PD,,0,2,0,0,I,B,N,N,01,2,ROUTE 537,,537,,00000537__,56.90,05,,01,04,02,01,01,01,04,01,100,FE,E,SHADY TREE LN,,,,50,25,26,,,N,,84045
2018130918CN03133,MONMOUTH,COLTS NECK TWP,03/28/2018,WE,1742,01,COLTS NECK PD,,0,0,0,0,P,B,N,N,10,1,LONG BRIDGE ROAD,,,,,,07,,02,06,02,02,01,01,05,01,1320,FE,N,WESTERN DRIVE,,,,25,25,58,,,N,,84056
2018130918CN03159,MONMOUTH,COLTS NECK TWP,03/29/2018,TH,1132,01,COLTS NECK PD,,0,0,0,0,P,I,N,N,11,1,NJ 34,N,34,,00000034__,14.01,02,,01,04,02,02,01,05,05,01,,AT,,CR 54 / FLOCK RD / PHALANX RD,,,,50,50,54,,,N,"NJ DOT: TRAFFIC LIGHT AND POST - """"SPEED LIMIT"""" SIGN AND POST",84056
2018130918CN03160,MONMOUTH,COLTS NECK TWP,03/29/2018,TH,1142,01,COLTS NECK PD,,0,0,0,0,P,B,N,N,01,2,MONMOUTH COUNTY 54,,54,,13000054__,.01,05,,01,04,02,02,01,05,05,01,40,FE,E,NJ 34,,,,50,50,26,,,N,,84058
2018130918CN03180,MONMOUTH,COLTS NECK TWP,03/30/2018,FR,1011,01,COLTS NECK PD,,0,0,0,0,P,B,N,N,12,1,NJ 18,N,18,,00000018__,16.00,02,,01,04,02,01,01,01,01,01,,,,,,,,65,,25,,,N,,84054
2018130918CN03190,MONMOUTH,COLTS NECK TWP,03/30/2018,FR,1218,01,COLTS NECK PD,,0,3,0,0,I,B,N,N,03,2,ROUTE 537,,537,,00000537__,55.34,05,,01,04,02,01,01,05,04,01,528,FE,E,NJ 18,,,,50,40,26,,,N,,84045
2018130918CN03219,MONMOUTH,COLTS NECK TWP,03/31/2018,SA,0522,01,COLTS NECK PD,,0,1,0,0,I,B,N,N,11,1,NJ 18,N,18,,00000018__,17.50,02,,01,04,02,01,05,01,01,01,,,,,,,,65,,46,,,N,DAMAGE TO RIGHT SHOULDER GUIDE RAIL,84062
2018130918CN03240,MONMOUTH,COLTS NECK TWP,03/31/2018,SA,1908,01,COLTS NECK PD,,0,0,0,0,P,B,N,N,12,1,ROUTE 537,,537,,00000537__,57.27,05,,01,04,02,01,03,01,05,01,100,FE,E,MILL BROOK LN,,,,40,25,24,,,N,,84057
2018130918CN03280,MONMOUTH,COLTS NECK TWP,04/02/2018,MO,0717,01,COLTS NECK PD,,0,0,0,0,P,B,N,N,11,1,NJ 18,S,18,,00000018__,18.50,02,,01,04,02,03,01,03,01,01,,,,,,,,65,,47,,,N,,84044
2018130918CN03281,MONMOUTH,COLTS NECK TWP,04/02/2018,MO,0713,01,COLTS NECK PD,,0,3,0,0,I,B,N,N,11,1,NJ 18,N,18,,00000018__,17.50,02,,01,05,02,03,01,03,01,01,,,,,,,,65,,60,,,N,,84058
2018130918CN03282,MONMOUTH,COLTS NECK TWP,04/02/2018,MO,0741,01,COLTS NECK PD,,0,0,0,0,P,B,N,N,11,1,MONMOUTH COUNTY 54,E,54,,13000054__,.99,05,,01,05,02,03,01,03,05,01,250,FE,E,MUHLENBRINK RD,,,,50,25,60,,,N,,84032
2018130918CN03283,MONMOUTH,COLTS NECK TWP,04/02/2018,MO,0843,01,COLTS NECK PD,,0,0,0,0,P,B,N,N,11,1,NJ 18,S,18,,00000018__,18.90,02,,01,04,02,03,01,03,01,01,,,,,,,,65,,46,,,N,,84044
2018130918CN03314,MONMOUTH,COLTS NECK TWP,04/02/2018,MO,1828,01,COLTS NECK PD,,0,0,0,0,P,B,N,N,01,2,ROUTE 537,,537,,00000537__,60.61,05,,01,04,02,01,03,01,05,01,1320,FE,E,HOCKHOCKSON RD,,,,50,45,26,,,N,,84044
2018130918CN03354,MONMOUTH,COLTS NECK TWP,04/03/2018,TU,1829,01,COLTS NECK PD,,0,1,0,0,I,B,N,N,11,2,NJ 18,S,18,,00000018__,21.00,02,,01,04,02,02,05,02,01,01,,,,,,,,65,,46,,,N,GUARDRAIL FACE IN MEDIAN AT MM 21,84058
2018130918CN03505,MONMOUTH,COLTS NECK TWP,04/08/2018,SU,1905,01,COLTS NECK PD,,0,0,0,0,P,B,N,N,11,1,NJ 18,N,18,,00000018__,22.00,02,,03,05,02,01,03,01,03,01,500,FE,,,T,ROUTE 537,WB,65,,56,,,N,,84049
2018130918CN03508,MONMOUTH,COLTS NECK TWP,04/09/2018,MO,0618,01,COLTS NECK PD,,0,1,0,0,I,B,N,N,01,2,NJ 34,N,34,,00000034__,14.01,02,,01,04,02,01,02,01,05,01,20,FE,S,CR 54 / FLOCK RD / PHALANX RD,,,,50,50,26,,,N,,84060
2018130918CN03546,MONMOUTH,COLTS NECK TWP,04/10/2018,TU,0844,01,COLTS NECK PD,,0,0,0,0,P,B,N,N,11,1,ROUTE 537,W,537,,00000537__,56.62,05,,01,04,02,02,01,05,05,01,250,FE,W,MANOR RD,,,,50,25,61,,,N,79 RT. 537 COLTS NECK  NJ. MAILBOX WAS DAMAGED,84046
2018130918CN03591,MONMOUTH,COLTS NECK TWP,04/11/2018,WE,0833,01,COLTS NECK PD,,0,0,0,0,P,I,N,N,03,2,ROUTE 537,,537,,00000537__,57.77,05,,01,04,02,01,01,01,05,02,,AT,,HEYERS MILL RD,,,,40,35,26,,,N,,84058
2018130918CN03612,MONMOUTH,COLTS NECK TWP,04/11/2018,WE,2031,01,COLTS NECK PD,,0,0,0,0,P,B,N,N,12,1,NJ 34,S,34,,00000034__,15.77,02,,01,06,02,01,05,01,05,01,1056,FE,S,NJ 4 / CONOVER RD,,,,50,40,24,,,N,,84055
2018130918CN03624,MONMOUTH,COLTS NECK TWP,04/12/2018,TH,0748,01,COLTS NECK PD,,0,0,0,0,P,I,N,N,03,2,ROUTE 537,,537,,00000537__,55.77,05,,01,04,02,01,01,01,05,01,,AT,,FIVE POINT RD,,,,50,35,26,,,N,,84058
2018130918CN03653,MONMOUTH,COLTS NECK TWP,04/12/2018,TH,2206,01,COLTS NECK PD,,0,0,0,0,P,B,N,N,12,1,ROUTE 537,W,537,,00000537__,58.79,05,,01,06,02,01,05,01,05,01,300,FE,W,MUHLENBRINK RD,,,,50,35,24,,,N,,84055
2018130918CN03685,MONMOUTH,COLTS NECK TWP,04/13/2018,FR,1355,01,COLTS NECK PD,,0,1,0,0,I,B,N,N,01,2,ROUTE 537,W,537,,00000537__,57.93,05,,01,04,02,01,01,01,05,02,50,FE,E,NJ 34,,,,40,40,26,,,N,,84061
2018130918CN03687,MONMOUTH,COLTS NECK TWP,04/13/2018,FR,1453,01,COLTS NECK PD,,0,1,0,0,I,B,N,N,01,2,NJ 34,N,34,,00000034__,13.19,02,,01,04,02,01,01,01,05,01,100,FE,S,ROUTE 537 / COLTS NECK RD / EATONTO,,,,40,40,26,,,N,,84501
2018130918CN03789,MONMOUTH,COLTS NECK TWP,04/16/2018,MO,2140,01,COLTS NECK PD,,0,0,0,0,P,B,N,N,99,1,NJ 34,N,34,,00000034__,15.56,02,,01,04,02,01,07,01,05,01,1320,FE,N,BLACKBRIAR DR,,,,50,25,99,,,N,,84056
2018130918CN03790,MONMOUTH,COLTS NECK TWP,04/16/2018,MO,2146,01,COLTS NECK PD,,0,0,0,0,P,B,N,N,99,1,NJ 34,N,34,,00000034__,15.56,02,,01,04,02,01,07,01,05,01,1320,FE,N,BLACKBRIAR DR,,,,50,25,99,,,N,,84056
2018130918CN03798,MONMOUTH,COLTS NECK TWP,04/17/2018,TU,0852,01,COLTS NECK PD,,0,0,0,0,P,B,N,N,01,3,NJ 34,N,34,,00000034__,12.76,02,,01,04,02,01,01,01,05,01,200,FE,N,TRUMP NATIONAL BLVD,,,,45,,26,,,N,,
2018130918CN03942,MONMOUTH,COLTS NECK TWP,04/20/2018,FR,0807,01,COLTS NECK PD,,0,0,0,0,P,B,N,N,01,2,MONMOUTH COUNTY 4 II,S,4,2,130000042_,.89,05,,01,04,02,01,01,01,05,01,5,FE,N,NJ 34,,,,45,50,26,,,N,,84055
2018130918CN03979,MONMOUTH,COLTS NECK TWP,04/20/2018,FR,2303,01,COLTS NECK PD,,0,0,0,0,P,I,N,N,11,1,ROUTE 520,,520,,00000520__,8.97,05,,01,04,02,01,05,01,05,01,,AT,,RICHMONDE CT,,,,50,25,56,,,N,,84058
2018130918CN03992,MONMOUTH,COLTS NECK TWP,04/21/2018,SA,1240,01,COLTS NECK PD,,0,2,0,0,I,B,N,N,04,2,LAKESIDE AVE,,,,,,07,,01,04,02,01,01,01,05,01,25,FE,N,ROUTE 537,,,,25,50,26,,,N,,84055
2018130918CN04061,MONMOUTH,COLTS NECK TWP,04/23/2018,MO,1739,01,COLTS NECK PD,,0,0,0,0,P,B,N,N,01,2,NJ 34,,34,,00000034__,13.25,02,,01,04,02,01,01,01,04,01,200,FE,N,ROUTE 537 / COLTS NECK RD / EATONTO,,,,45,40,26,,,N,,84062
2018130918CN04068,MONMOUTH,COLTS NECK TWP,04/23/2018,MO,2026,01,COLTS NECK PD,,0,0,0,0,P,B,N,N,12,1,BOUNDARY RD,,,,13091145__,.27,07,,01,04,02,01,05,01,05,01,2640,FE,S,CR 4,,,,40,45,24,,,N,,84046
2018130918CN04069,MONMOUTH,COLTS NECK TWP,04/23/2018,MO,2022,01,COLTS NECK PD,,0,0,0,0,P,B,N,N,12,1,NJ 18,N,18,,00000018__,16.00,02,,01,04,02,01,05,01,01,01,,,,,,,,65,,24,,,N,,84054
2018130918CN04084,MONMOUTH,COLTS NECK TWP,04/24/2018,TU,0929,01,COLTS NECK PD,,0,0,0,0,P,B,N,N,01,2,ROUTE 537,,537,,00000537__,57.13,05,,01,04,02,01,01,01,05,01,50,FE,W,MAPLE CREST LN,,,,40,25,26,,,N,,84057
2018130918CN04086,MONMOUTH,COLTS NECK TWP,04/24/2018,TU,1014,01,COLTS NECK PD,,0,0,0,0,P,B,N,N,12,1,CEDAR DR,,,,13091095__,.97,07,,01,04,02,01,01,01,05,01,200,FE,W,HEULITT RD,,,,40,35,24,,,N,,84057
2018130918CN04099,MONMOUTH,COLTS NECK TWP,04/24/2018,TU,1554,01,COLTS NECK PD,,0,0,0,0,P,B,N,N,11,1,BOUNDARY RD,,,,13091145__,.77,07,,01,04,02,01,01,01,05,01,25,FE,N,CR 4,,,,40,45,56,,,N,,84062
2018130918CN04185,MONMOUTH,COLTS NECK TWP,04/27/2018,FR,1034,01,COLTS NECK PD,,0,0,0,0,P,B,N,N,01,3,ROUTE 537,,537,,00000537__,57.16,05,,01,04,02,02,01,02,05,01,2640,FE,W,NEW ST,,,,40,25,26,,,N,,84045
2018130918CN04189,MONMOUTH,COLTS NECK TWP,04/27/2018,FR,1408,01,COLTS NECK PD,,0,1,0,0,I,B,N,N,01,2,MONMOUTH COUNTY 4 II,,4,2,130000042_,.89,05,,01,04,02,01,01,05,05,01,15,FE,N,NJ 34,,,,40,50,26,,,N,,84057
2018130918CN04198,MONMOUTH,COLTS NECK TWP,04/28/2018,SA,2018,01,COLTS NECK PD,,0,0,0,0,P,B,Y,N,05,2,FIVE POINTS RD,S,,,13091141__,.34,07,,03,04,02,01,03,01,05,01,75,FE,S,KATHLEEN DR,,,,35,25,26,,,Y,,84061
2018130918CN04228,MONMOUTH,COLTS NECK TWP,04/28/2018,SA,1740,01,COLTS NECK PD,,0,0,0,0,P,B,N,N,02,2,NJ 18,N,18,,00000018__,21.90,02,,01,04,02,01,01,01,01,01,,,,,,,,65,,26,,,N,,84057
2018130918CN04236,MONMOUTH,COLTS NECK TWP,04/29/2018,SU,0158,01,COLTS NECK PD,,0,1,0,0,I,B,N,N,11,1,NJ 18,S,18,,00000018__,20.20,02,,01,04,02,02,05,02,01,01,,,,,,,,65,,47,,,N,GUARDRAIL SR 18 MILE MARKER 20.2,84061
2018130918CN04241,MONMOUTH,COLTS NECK TWP,04/29/2018,SU,0432,01,COLTS NECK PD,,0,0,0,0,P,B,N,N,11,1,NJ 18,N,18,,00000018__,17.50,02,,01,05,02,02,05,05,01,01,,,,,,,,65,,46,,,N,GUARDRAIL ON THE SHOULDER OF SR 18 NORTH MM 17.5,84045
2018130918CN04265,MONMOUTH,COLTS NECK TWP,04/30/2018,MO,0937,01,COLTS NECK PD,,0,0,0,0,P,B,N,N,01,2,NJ 34,S,34,,00000034__,14.05,02,,01,04,02,01,01,01,05,01,200,FE,N,CR 54 / FLOCK RD / PHALANX RD,,,,50,35,26,,,N,,84036
2018130918CN04275,MONMOUTH,COLTS NECK TWP,04/30/2018,MO,1455,01,COLTS NECK PD,,0,0,0,0,P,B,N,N,15,2,NJ 18,N,18,,00000018__,16.00,02,,01,04,02,01,01,01,01,01,,,,,,,,65,,12,,,N,,84060
2018130918CN04288,MONMOUTH,COLTS NECK TWP,05/01/2018,TU,0819,01,COLTS NECK PD,,0,0,0,0,P,B,N,N,01,2,ROUTE 537,E,537,,00000537__,57.86,05,,01,04,02,01,01,01,05,02,500,FE,E,HEYERS MILL RD,,,,40,25,26,,,N,,84036
2018130918CN04339,MONMOUTH,COLTS NECK TWP,05/02/2018,WE,1257,01,COLTS NECK PD,,0,0,0,0,P,B,N,N,99,1,NJ 18,S,18,,00000018__,16.50,02,,01,04,02,01,01,01,01,01,,,,,,,,65,,30,,,N,,84045
2018130918CN04355,MONMOUTH,COLTS NECK TWP,05/02/2018,WE,1733,01,COLTS NECK PD,,0,0,0,0,P,B,N,N,01,2,MONMOUTH COUNTY 4 II,,4,2,130000042_,1.30,05,,01,06,02,01,01,01,05,01,50,FE,N,EAGLE NEST,,,,40,25,26,,,N,,84045
2018130918CN04402,MONMOUTH,COLTS NECK TWP,05/03/2018,TH,1637,01,COLTS NECK PD,,0,1,0,0,I,B,N,N,01,3,NJ 18,N,18,,00000018__,16.00,02,,01,04,02,01,01,01,01,01,,,,,,,,65,,26,,,N,DAMAGE TO GUIDE RAIL AT MILE MARKER 16.0,
2018130918CN04423,MONMOUTH,COLTS NECK TWP,05/04/2018,FR,0753,01,COLTS NECK PD,,0,0,0,0,P,B,N,N,12,1,CEDAR DR,,,,13091095__,1.22,07,,01,04,02,01,01,01,05,01,100,FE,W,BUCKS MILL RD,,,,35,35,24,,,N,,84060
2018130918CN04487,MONMOUTH,COLTS NECK TWP,05/06/2018,SU,1335,01,COLTS NECK PD,,0,0,0,0,P,B,N,N,11,1,NJ 18,S,18,,00000018__,22.32,02,,01,04,02,01,01,01,01,01,,,,,,,,65,,56,,,N,GUARDRAIL END EXIT 22B,84060
2018130918CN04553,MONMOUTH,COLTS NECK TWP,05/08/2018,TU,0934,01,COLTS NECK PD,,0,0,0,0,P,I,N,N,03,2,ROUTE 537,,537,,00000537__,57.77,05,,01,04,02,01,01,01,05,02,,AT,,HEYERS MILL RD,,,,40,35,26,,,N,,84034
2018130918CN04696,MONMOUTH,COLTS NECK TWP,05/12/2018,SA,1508,01,COLTS NECK PD,,0,0,0,0,P,B,N,N,11,1,ROUTE 537,,537,,00000537__,55.96,05,,01,04,02,01,01,01,05,01,1000,FE,E,FIVE POINT RD,,,,50,35,56,,,N,,84062
2018130918CN04754,MONMOUTH,COLTS NECK TWP,05/14/2018,MO,1510,01,COLTS NECK PD,,0,0,0,0,P,B,N,N,03,2,FIVE POINTS RD,,,,13091141__,.09,07,,01,04,02,01,01,01,05,01,500,FE,N,ROUTE 537 / COUNTY ROAD,,,,35,50,26,,,N,,84046
2018130918CN04863,MONMOUTH,COLTS NECK TWP,05/18/2018,FR,0852,01,COLTS NECK PD,,0,0,0,0,P,B,N,N,01,2,MONMOUTH COUNTY 4 II,,4,2,130000042_,1.18,05,,01,05,02,01,01,05,03,01,10,FE,N,NJ 34,,,,40,50,26,,,N,,84045
2018130918CN04880,MONMOUTH,COLTS NECK TWP,05/18/2018,FR,1742,01,COLTS NECK PD,,0,0,0,0,P,B,N,N,12,1,NJ 34,N,34,,00000034__,15.91,02,,01,05,02,01,01,01,05,01,300,FE,S,NJ 4 / CONOVER RD,,,,50,40,24,,,N,,84056
2018130918CN04891,MONMOUTH,COLTS NECK TWP,05/19/2018,SA,1822,01,COLTS NECK PD,,0,0,0,0,P,I,N,N,03,2,NJ 34,,34,,00000034__,14.01,02,,01,04,02,02,01,02,05,01,,AT,,CR 54 / FLOCK RD / PHALANX RD,,,,50,50,26,,,N,,84044
2018130918CN04907,MONMOUTH,COLTS NECK TWP,05/20/2018,SU,1229,01,COLTS NECK PD,,0,0,0,0,P,B,N,N,11,1,NJ 18,N,18,,00000018__,19.00,02,,01,04,02,01,01,01,01,01,,,,,T,NJ 34,SB,65,,56,,,N,,84056
2018130918CN04943,MONMOUTH,COLTS NECK TWP,05/21/2018,MO,1447,01,COLTS NECK PD,,0,0,0,0,P,B,N,N,01,2,MONMOUTH COUNTY 4 I,,4,1,130000041_,1.04,05,,01,04,02,01,01,01,05,01,30,FE,W,COLTS GAIT LN,,,,40,25,26,,,N,,84046
2018130918CN04945,MONMOUTH,COLTS NECK TWP,05/21/2018,MO,1530,01,COLTS NECK PD,,0,1,0,0,I,B,N,N,01,2,ROUTE 537,E,537,,00000537__,57.09,05,,01,04,02,01,01,01,05,01,250,FE,W,MAPLE CREST LN,,,,45,25,26,,,N,,84046
2018130918CN05002,MONMOUTH,COLTS NECK TWP,05/22/2018,TU,1341,01,COLTS NECK PD,,0,2,0,0,I,I,N,N,02,2,ROUTE 537,,537,,00000537__,56.56,05,,01,04,02,02,01,05,05,01,,AT,,BUCKS MILL RD / MERCER RD,,,,50,45,26,,,N,,84045
2018130918CN05042,MONMOUTH,COLTS NECK TWP,05/23/2018,WE,1555,01,COLTS NECK PD,,0,0,0,0,P,I,N,N,15,1,MONMOUTH COUNTY 46,E,46,,13000046__,4.67,05,,01,06,02,01,01,01,05,01,,AT,,CANBY DR,,,,45,25,39,,,N,VERIZON POLE JC3263CN - LOW HANGING WIRES DAMAGED,84044
2018130918CN05067,MONMOUTH,COLTS NECK TWP,05/23/2018,WE,2354,01,COLTS NECK PD,,0,0,0,0,P,B,N,N,12,1,MONTROSE  RD **,S,,,13091009__,.38,07,,01,04,02,01,05,01,05,01,2000,FE,N,ROUTE 537 / COLTS NECK RD,,,,45,50,24,,,N,SMALL SECTION OF WOODEN FENCE TO 71 MONTROSE RD.  COLTS NECK  NJ,84036
2018130918CN05070,MONMOUTH,COLTS NECK TWP,05/24/2018,TH,0742,01,COLTS NECK PD,,0,0,0,0,P,B,N,N,12,1,ROUTE 537,W,537,,00000537__,57.28,05,,01,04,02,01,01,01,05,01,150,FE,E,MILL BROOK LN,,,,45,,24,,,N,,84044
2018130918CN05082,MONMOUTH,COLTS NECK TWP,05/24/2018,TH,1432,01,COLTS NECK PD,,0,0,0,0,P,B,N,N,11,1,NJ 18,S,18,,00000018__,18.50,02,,01,04,02,01,01,01,01,01,,,,,,,,65,,46,,,N,GUARD RAIL FACE DENTE @ MM 18.5 - NJ STATE DOT NOTIFIED FOR THE DAMAGE,84056
2018130918CN05100,MONMOUTH,COLTS NECK TWP,05/25/2018,FR,0218,01,COLTS NECK PD,,0,0,0,0,P,B,N,N,12,1,NJ 18,N,18,,00000018__,18.22,02,,01,04,02,01,05,01,01,01,4224,FE,S,NJ 34,,,,65,50,24,,,N,,84055
2018130918CN05155,MONMOUTH,COLTS NECK TWP,05/25/2018,FR,2230,01,COLTS NECK PD,,0,0,0,0,P,B,N,N,02,2,NJ 18,S,18,,00000018__,20.80,02,,01,04,02,01,05,01,01,01,,,,,,,,65,,26,,,N,,84062
2018130918CN05161,MONMOUTH,COLTS NECK TWP,05/26/2018,SA,0125,01,COLTS NECK PD,,0,0,0,0,P,B,N,N,11,1,ROUTE 537,,537,,00000537__,59.77,05,,01,04,02,01,05,01,05,01,500,FE,E,LAIRD RD,,,,50,45,52,,,N,POLE JC462CN,84057
2018130918CN05210,MONMOUTH,COLTS NECK TWP,05/27/2018,SU,0947,01,COLTS NECK PD,,0,0,0,0,P,B,N,N,11,1,NJ 18,S,18,,00000018__,18.50,02,,01,04,02,02,01,02,01,01,,,,,,,,65,,46,,,N,MINOR DAMAGE TO THE GUARDRAIL ON SR 18 MM 18.5,84046
2018130918CN05230,MONMOUTH,COLTS NECK TWP,05/27/2018,SU,1655,01,COLTS NECK PD,,0,3,0,0,I,B,N,N,11,1,NJ 18,N,18,,00000018__,20.70,02,,01,04,02,02,01,02,01,01,,,,,,,,65,,46,,,N,GUARD RAIL IN CENTER MEDIAN OF SR 18 AT MILE MARKER 20.7,84061
2018130918CN05289,MONMOUTH,COLTS NECK TWP,05/29/2018,TU,1610,01,COLTS NECK PD,,0,0,0,0,P,I,N,N,03,2,LONGBRIDGE RD **,,,,13091117__,.00,07,,02,04,02,01,01,01,05,01,,AT,,LAIRD RD,,,,45,25,26,,,N,,84044
2018130918CN05293,MONMOUTH,COLTS NECK TWP,05/29/2018,TU,1725,01,COLTS NECK PD,,0,0,0,0,P,B,N,N,03,2,ROUTE 537,,537,,00000537__,60.17,05,,01,04,02,01,01,01,04,01,1000,FE,W,HOCKHOCKSON RD,,,,50,45,26,,,N,,84058
2018130918CN05354,MONMOUTH,COLTS NECK TWP,05/31/2018,TH,0946,01,COLTS NECK PD,,0,2,0,0,I,I,N,N,01,2,NJ 34,S,34,,00000034__,16.66,02,,01,04,02,01,01,05,05,01,,AT,,BRAY ST,,,,50,25,26,,,N,,84046
2018130918CN05438,MONMOUTH,COLTS NECK TWP,06/02/2018,SA,0832,01,COLTS NECK PD,,0,1,0,0,I,I,N,N,03,2,ROUTE 537,E,537,,00000537__,57.77,05,,01,04,02,01,01,01,05,02,,AT,,HEYERS MILL RD,,,,40,35,26,,,N,"NO LEFT TURN"""" STREET SIGN KNOCKED DOWN/NJNG GAS MARKER KNOCKED DOWN: BOTH BY?",
2018130918CN05451,MONMOUTH,COLTS NECK TWP,06/02/2018,SA,2001,01,COLTS NECK PD,,0,4,0,0,I,I,N,N,03,2,NJ 34,S,34,,00000034__,15.97,02,,01,04,02,02,03,01,05,01,,AT,,NJ 4 / CONOVER RD,,,,50,40,26,,,N,,84060
2018130918CN05461,MONMOUTH,COLTS NECK TWP,06/03/2018,SU,1203,01,COLTS NECK PD,,0,1,0,0,I,B,N,N,11,1,FIVE POINTS RD,,,,13091141__,.93,07,,02,04,02,01,01,01,05,01,25,FE,N,STONE HILL RD,,,,35,35,56,,,N,PROPERTY/LAWN DAMAGE TO 153 FIVE POINT RD.,
2018130918CN05503,MONMOUTH,COLTS NECK TWP,06/05/2018,TU,0756,01,COLTS NECK PD,,0,0,0,0,P,B,N,N,01,2,MONMOUTH COUNTY 4 II,,4,2,130000042_,.84,05,,01,04,02,01,01,01,05,01,250,FE,W,NJ 34,,,,40,50,26,,,N,,84045
2018130918CN05588,MONMOUTH,COLTS NECK TWP,06/07/2018,TH,1440,01,COLTS NECK PD,,0,1,0,0,I,B,N,N,01,2,MONMOUTH COUNTY 4 I,N,4,1,130000041_,1.69,05,,01,04,02,01,01,01,05,01,50,FE,W,CR 4 II / CONOVER RD,,,,45,40,26,,,N,,84056
2018130918CN05624,MONMOUTH,COLTS NECK TWP,06/08/2018,FR,1451,01,COLTS NECK PD,,0,1,0,0,I,B,N,N,11,1,NJ 18,S,18,,00000018__,17.50,02,,01,04,02,01,01,01,01,01,,,,,,,,65,,46,,,N,CENTER MEDIAN GUARDRAIL AT MILE MARKER 17.5,84061
2018130918CN05632,MONMOUTH,COLTS NECK TWP,06/08/2018,FR,1759,01,COLTS NECK PD,,0,0,0,0,P,B,N,N,12,1,NJ 18,N,18,,00000018__,21.80,02,,01,04,02,01,01,01,01,01,,,,,,,,65,,24,,,N,,84046
2018130918CN05686,MONMOUTH,COLTS NECK TWP,06/10/2018,SU,0525,01,COLTS NECK PD,,0,0,0,0,P,B,N,N,12,1,NJ 18,N,18,,00000018__,20.20,02,,01,04,02,01,02,01,01,01,,,,,,,,65,,24,,,N,,84062
2018130918CN05695,MONMOUTH,COLTS NECK TWP,06/10/2018,SU,1739,01,COLTS NECK PD,,0,0,0,0,P,B,N,N,06,2,353 CR 537,,,,,,06,,01,04,02,02,01,02,05,01,,,,,,,,,,26,,,N,,84061
2018130918CN05721,MONMOUTH,COLTS NECK TWP,06/11/2018,MO,1358,01,COLTS NECK PD,,0,0,0,0,P,B,N,N,12,1,NJ 34,N,34,,00000034__,17.10,02,,01,04,02,01,01,01,05,01,,,,,,,,50,,24,,,N,,84045
2018130918CN05722,MONMOUTH,COLTS NECK TWP,06/11/2018,MO,1412,01,COLTS NECK PD,,0,0,0,0,P,B,N,N,11,1,HILLSDALE RD,,,,,,07,,02,06,02,01,01,01,05,01,200,FE,N,CHESTNUT DR,,,,35,25,46,,,N,COLTS NECK TWP GUARDRAIL AND ROADWAY; JCP&L UTILITY POLE #11036 JC,84045
2018130918CN05789,MONMOUTH,COLTS NECK TWP,06/13/2018,WE,1618,01,COLTS NECK PD,,0,0,0,0,P,B,N,N,02,2,NJ 34,,34,,00000034__,17.36,02,,01,05,02,01,01,01,05,01,50,FE,S,ROUTE 520 / MAIN STREET / NEWMAN SP,,,,50,50,26,,,N,,84054
2018130918CN05805,MONMOUTH,COLTS NECK TWP,06/14/2018,TH,0831,01,COLTS NECK PD,,0,0,0,0,P,I,N,N,03,2,ROUTE 537,,537,,00000537__,56.56,05,,01,04,02,01,01,01,05,01,,AT,,BUCKS MILL RD / MERCER RD,,,,50,45,26,,,N,,84046
2018130918CN05825,MONMOUTH,COLTS NECK TWP,06/14/2018,TH,1700,01,COLTS NECK PD,,0,2,0,0,I,B,N,N,01,2,NJ 34,,34,,00000034__,13.96,02,,01,04,02,01,01,01,05,01,250,FE,S,CR 54 / FLOCK RD / PHALANX RD,,,,50,35,26,,,N,,84054
2018130918CN05834,MONMOUTH,COLTS NECK TWP,06/14/2018,TH,2238,01,COLTS NECK PD,,0,0,0,0,P,B,N,N,12,1,NJ 18,N,18,,00000018__,16.20,02,,01,04,02,01,05,01,01,01,,,,,,,,65,,24,,,N,,84056