Year(4)-CountyCode(2)-MunicipalityCode(2)-CaseNumber(9),County Name,Municipality Name,Crash Date,Crash Day of Week,Crash Time,Police Department Code,Police Department,Police Station,Total Killed,Total Injured,Pedestrians Killed,Pedestrians Injured,Severity,Intersection,Alcohol Involved,Hazmat Involved,Crash Type,Total Vehicles,Location,Location Direction,Route,Route Suffix,Std Rte Identifier,MilePost,Road System,Road Character,Road Horizontal Alignment,Road Grade,Road Surface Type,Surface Condition,Light Condition,Environmental Condition,Road Divided By,Temporary Traffic Control Zone,Distance To Cross Street,Unit Of Measurement,Direction From Cross Street,Cross Street Name,Is Ramp,Ramp To/From Route Name,Ramp To/From Route Direction,Posted Speed,Posted Speed Cross Street,First Harmful Event,Latitude,Longitude,Cell Phone In Use Flag,Other Property Damage,Reporting Badge No.
2018130918CN08833,MONMOUTH,COLTS NECK TWP,09/29/2018,SA,1211,01,COLTS NECK PD,,0,1,0,0,I,I,N,N,01,2,ROUTE 537,,537,,00000537__,56.56,05,,01,04,02,01,01,01,05,01,,AT,,BUCKS MILL RD / MERCER RD,,,,50,25,26,,,N,,84054
2018130918CN08864,MONMOUTH,COLTS NECK TWP,09/30/2018,SU,1300,01,COLTS NECK PD,,0,0,0,0,P,B,N,N,12,1,NJ 18,N,18,,00000018__,21.50,02,,01,04,02,01,01,01,01,01,,,,,,,,64,,24,,,N,,84061
2018130918CN08880,MONMOUTH,COLTS NECK TWP,10/01/2018,MO,0806,01,COLTS NECK PD,,0,0,0,0,P,B,N,N,02,2,NJ 18,S,18,,00000018__,18.01,02,,01,04,02,01,01,01,01,01,5280,FE,S,NJ 34,,,,65,50,26,,,N,,84055
2018130918CN08888,MONMOUTH,COLTS NECK TWP,10/01/2018,MO,1405,01,COLTS NECK PD,,0,0,0,0,P,B,N,N,11,1,NJ 34,,34,,00000034__,13.31,02,,01,04,02,01,01,01,05,02,528,FE,N,ROUTE 537 / COLTS NECK RD / EATONTO,,,,45,40,69,,,N,DAMAGE TO VERIZON UTILITY LINE ON POLE #JC311CN,84060
2018130918CN08901,MONMOUTH,COLTS NECK TWP,10/01/2018,MO,1921,01,COLTS NECK PD,,0,0,0,0,P,B,N,N,12,1,FIVE POINTS RD,,,,13091141__,.92,07,,01,04,02,01,03,01,05,01,500,FE,S,FARMGATE DR,,,,35,25,24,,,N,,84058
2018130918CN08902,MONMOUTH,COLTS NECK TWP,10/01/2018,MO,0615,01,COLTS NECK PD,,0,0,0,0,P,I,N,N,02,2,FIVE POINTS RD,,,,13091141__,.96,07,,01,05,02,01,02,01,05,01,,AT,,STONE HILL RD,,,,35,35,26,,,N,,84045
2018130918CN08922,MONMOUTH,COLTS NECK TWP,10/02/2018,TU,1039,01,COLTS NECK PD,,0,0,0,0,P,B,N,N,15,1,NJ 18,N,18,,00000018__,17.81,02,,01,04,02,01,01,01,01,01,6336,FE,S,NJ 34,,,,65,50,39,,,N,,84055
2018130918CN08959,MONMOUTH,COLTS NECK TWP,10/03/2018,WE,1342,01,COLTS NECK PD,,0,0,0,0,P,I,N,N,03,2,ROUTE 537,,537,,00000537__,57.77,05,,01,04,02,01,01,01,05,02,,AT,,HEYERS MILL RD,,,,40,35,26,,,N,,84054
2018130918CN08991,MONMOUTH,COLTS NECK TWP,10/04/2018,TH,1955,01,COLTS NECK PD,,0,1,0,0,I,B,N,N,02,2,ROUTE 537,,537,,00000537__,56.03,05,,01,04,02,01,05,01,04,01,600,FE,W,MONTROSE RD,,,,50,45,26,,,N,DAMAGE TO BRICK LIGHT PILLAR OF 30 WILLOW LAKE DRIVE  COLTS NECK  NJ 07722,84062
2018130918CN09024,MONMOUTH,COLTS NECK TWP,10/05/2018,FR,1700,01,COLTS NECK PD,,0,0,0,0,P,I,N,N,02,2,NJ 34,S,34,,00000034__,15.15,02,,01,04,02,01,01,01,05,01,,AT,,CONOVER RD / LAIRD RD,,,,50,40,26,,,N,,84055
2018130918CN09045,MONMOUTH,COLTS NECK TWP,10/06/2018,SA,1305,01,COLTS NECK PD,,0,6,0,0,I,I,N,N,03,2,NJ 34,N,34,,00000034__,16.88,02,,01,05,02,02,01,02,05,01,,AT,,CLOVER HILL RD,,,,50,35,26,,,N,GAURDRAIL,84060
2018130918CN09047,MONMOUTH,COLTS NECK TWP,10/06/2018,SA,1732,01,COLTS NECK PD,,2,0,0,0,F,B,N,N,10,1,NJ 18,N,18,,00000018__,21.80,02,,03,04,02,01,03,05,01,01,,,,,,,,65,,01,,,N,DAMAGE TO THE STATE DOT GUARDRAIL ON THE RIGHT SHOULDER AT MM 21.8,84045
2018130918CN09106,MONMOUTH,COLTS NECK TWP,10/09/2018,TU,0735,01,COLTS NECK PD,,0,0,0,0,P,B,N,N,01,2,NJ 34,,34,,00000034__,11.38,02,,01,05,02,01,01,01,05,01,750,FE,S,ASBURY RD,,,,50,40,26,,,N,,84062
2018130918CN09161,MONMOUTH,COLTS NECK TWP,10/11/2018,TH,1033,01,COLTS NECK PD,,0,1,0,0,I,B,N,N,11,1,NJ 18,N,18,,00000018__,16.60,02,,03,04,02,02,01,02,01,01,7392,FE,N,CR 38 / WAYSIDE RD,,,,65,45,46,,,N,GUARDRAIL FACE AT MILE MARKER 16.6 OF SR 18 N,84055
2018130918CN09167,MONMOUTH,COLTS NECK TWP,10/11/2018,TH,1333,01,COLTS NECK PD,,0,0,0,0,P,B,N,N,11,4,MONMOUTH COUNTY 54,,54,,13000054__,2.71,05,,01,04,02,02,01,01,05,01,1320,FE,E,RIMWOOD LN,,,,40,30,46,,,N,GUARDRAIL  COUNTY ROAD ROAD DEPT NOTIFIED,
2018130918CN09196,MONMOUTH,COLTS NECK TWP,10/12/2018,FR,1627,01,COLTS NECK PD,,0,0,0,0,P,B,N,N,01,2,NJ 34,,34,,00000034__,13.30,02,,01,04,02,01,01,01,05,02,500,FE,N,ROUTE 537 / COLTS NECK RD / EATONTO,,,,45,40,26,,,N,,84062
2018130918CN09197,MONMOUTH,COLTS NECK TWP,10/12/2018,FR,1631,01,COLTS NECK PD,,0,1,0,0,I,B,N,N,02,2,ROUTE 537,,537,,00000537__,55.38,05,,01,04,02,01,01,01,04,01,300,FE,W,SCHOOL RD E,,,,50,45,26,,,N,,84063
2018130918CN09229,MONMOUTH,COLTS NECK TWP,10/13/2018,SA,1828,01,COLTS NECK PD,,0,0,0,0,P,B,N,N,12,1,NJ 34,S,34,,00000034__,15.50,02,,01,04,02,01,03,01,05,01,1000,FE,N,BLACKBRIAR DR,,,,50,25,24,,,N,,84063
2018130918CN09259,MONMOUTH,COLTS NECK TWP,10/15/2018,MO,0613,01,COLTS NECK PD,,0,0,0,0,P,B,N,N,11,1,NJ 18,S,18,,00000018__,19.10,02,,03,04,02,02,02,02,02,01,,,,,T,NJ 34,SB,65,,56,,,N,,84061
2018130918CN09278,MONMOUTH,COLTS NECK TWP,10/15/2018,MO,1623,01,COLTS NECK PD,,0,0,0,0,P,B,N,N,02,2,NJ 18,S,18,,00000018__,18.50,02,,03,04,02,01,01,01,01,01,,,,,,,,65,,26,,,N,,84063
2018130918CN09338,MONMOUTH,COLTS NECK TWP,10/18/2018,TH,0057,01,COLTS NECK PD,,0,1,0,0,I,B,N,N,11,1,NJ 18,S,18,,00000018__,17.00,02,,01,04,02,01,05,01,01,01,,,,,,,,65,,46,,,N,SR 18 SB; CENTER MEDIAN GUARD RAIL AT MM 17,84061
2018130918CN09343,MONMOUTH,COLTS NECK TWP,10/18/2018,TH,0838,01,COLTS NECK PD,,0,0,0,0,P,B,N,N,01,2,ROUTE 537,,537,,00000537__,60.61,05,,01,04,02,01,01,01,05,01,1320,FE,E,HOCKHOCKSON RD,,,,50,45,26,,,N,,84062
2018130918CN09351,MONMOUTH,COLTS NECK TWP,10/18/2018,TH,1515,01,COLTS NECK PD,,0,0,0,0,P,B,N,N,03,2,FIVE POINTS RD,,,,13091141__,.27,07,,01,04,02,01,01,01,05,01,200,FE,N,EDGEWOOD CT,,,,35,25,26,,,N,,84062
2018130918CN09353,MONMOUTH,COLTS NECK TWP,10/18/2018,TH,1712,01,COLTS NECK PD,,0,1,0,0,I,B,N,N,01,2,NJ 34,S,34,,00000034__,15.16,02,,01,04,02,01,01,01,05,01,10,FE,N,CONOVER RD / LAIRD RD,,,,50,40,26,,,N,,84055
2018130918CN09375,MONMOUTH,COLTS NECK TWP,10/19/2018,FR,1507,01,COLTS NECK PD,,0,0,0,0,P,B,N,N,11,1,MONMOUTH COUNTY 4 I,E,4,1,130000041_,1.03,05,,02,04,02,01,01,01,05,01,100,FE,W,COLTS GAIT LN,,,,45,25,56,,,N,,84060
2018130918CN09397,MONMOUTH,COLTS NECK TWP,10/20/2018,SA,2051,01,COLTS NECK PD,,0,0,0,0,P,B,N,N,11,1,WILLOW LAKE DR **,,,,13091014__,.00,07,,03,04,02,01,03,01,05,01,25,FE,N,ROUTE 537 / COLTS NECK RD,,,,35,50,69,,,N,,84058
2018130918CN09411,MONMOUTH,COLTS NECK TWP,10/22/2018,MO,0745,01,COLTS NECK PD,,0,0,0,0,P,B,N,N,12,1,NJ 34,S,34,,00000034__,15.50,02,,01,04,02,01,01,01,05,01,100,FE,N,BLACKBRIAR DRIVE,,,,50,25,24,,,N,,84063
2018130918CN09412,MONMOUTH,COLTS NECK TWP,10/22/2018,MO,0802,01,COLTS NECK PD,,0,0,0,0,P,B,N,N,03,2,NJ 34,,34,,00000034__,13.11,02,,01,04,02,01,01,01,04,02,528,FE,S,ROUTE 537 / COLTS NECK RD / EATONTO,,,,45,40,26,,,N,,84062
2018130918CN09413,MONMOUTH,COLTS NECK TWP,10/22/2018,MO,0820,01,COLTS NECK PD,,0,1,0,0,I,B,N,N,01,4,ROUTE 537,W,537,,00000537__,56.47,05,,01,04,02,01,01,01,05,01,10,FE,W,CRUSIUS PL,,,,50,25,26,,,N,,
2018130918CN09460,MONMOUTH,COLTS NECK TWP,10/24/2018,WE,0710,01,COLTS NECK PD,,0,0,0,0,P,B,N,N,12,1,NJ 34,N,34,,00000034__,15.56,02,,01,06,02,01,01,01,05,01,1320,FE,N,BLACKBRIAR DR,,,,50,25,24,,,N,,84055
2018130918CN09464,MONMOUTH,COLTS NECK TWP,10/24/2018,WE,0855,01,COLTS NECK PD,,0,0,0,0,P,I,N,N,03,2,NJ 34,S,34,,00000034__,13.45,02,,01,04,02,01,01,01,05,02,,AT,,MERCHANTS WAY,,,,45,25,26,,,N,,84055
2018130918CN09483,MONMOUTH,COLTS NECK TWP,10/24/2018,WE,1728,01,COLTS NECK PD,,0,1,0,0,I,B,N,N,12,1,HOMINY HILL RD **,S,,,13091018__,.83,07,,01,04,02,01,01,01,05,01,1056,FE,N,LOCH ARBOR LN,,,,40,25,24,,,N,,84060
2018130918CN09546,MONMOUTH,COLTS NECK TWP,10/27/2018,SA,0230,01,COLTS NECK PD,,0,0,0,0,P,B,N,N,11,1,NJ 18,N,18,,00000018__,20.00,02,,01,04,02,02,05,02,01,01,,,,,,,,65,,60,,,N,,84046
2018130918CN09550,MONMOUTH,COLTS NECK TWP,10/27/2018,SA,0856,01,COLTS NECK PD,,0,0,0,0,P,B,N,N,11,1,NJ 18,N,18,,00000018__,16.60,02,,01,04,02,02,01,02,01,01,,,,,,,,65,,60,,,N,,84063
2018130918CN09553,MONMOUTH,COLTS NECK TWP,10/27/2018,SA,1050,01,COLTS NECK PD,,0,1,0,0,I,B,N,N,11,1,NJ 18,N,18,,00000018__,16.60,02,,01,04,02,02,01,02,01,01,,,,,,,,65,,46,,,N,,84063
2018130918CN09564,MONMOUTH,COLTS NECK TWP,10/27/2018,SA,1903,01,COLTS NECK PD,,0,0,0,0,P,B,N,N,12,1,ROUTE 537,,537,,00000537__,59.70,05,,01,04,02,02,05,02,05,01,100,FE,E,LAIRD RD,,,,50,45,24,,,N,,84054
2018130918CN09597,MONMOUTH,COLTS NECK TWP,10/29/2018,MO,0626,01,COLTS NECK PD,,0,1,0,0,I,I,N,N,03,2,NJ 34,,34,,00000034__,15.15,02,,01,04,02,02,05,01,05,01,,AT,,CONOVER RD / LAIRD RD,,,,50,40,26,,,N,,84054
2018130918CN09599,MONMOUTH,COLTS NECK TWP,10/29/2018,MO,0702,01,COLTS NECK PD,,0,0,0,0,P,B,N,N,01,2,NJ 34,N,34,,00000034__,15.15,02,,01,04,02,01,01,01,05,01,2,FE,S,CONOVER RD / LAIRD RD,,,,50,45,26,,,N,,84058
2018130918CN09618,MONMOUTH,COLTS NECK TWP,10/29/2018,MO,1714,01,COLTS NECK PD,,0,0,0,0,P,B,N,N,03,2,NJ 34,N,34,,00000034__,12.60,02,,01,04,02,01,01,01,03,01,50,FE,S,PROFESSIONAL CIR,,,,50,25,26,,,N,,84058
2018130918CN09635,MONMOUTH,COLTS NECK TWP,10/30/2018,TU,1352,01,COLTS NECK PD,,0,0,0,0,P,B,N,N,02,2,NJ 34,N,34,,00000034__,12.41,02,,01,04,02,01,01,01,03,01,1056,FE,S,PROFESSIONAL CIR,,,,50,25,26,,,N,,84058
2018130918CN09666,MONMOUTH,COLTS NECK TWP,10/31/2018,WE,1615,01,COLTS NECK PD,,0,0,0,0,P,B,N,N,01,2,NJ 18,S,18,,00000018__,22.30,02,,03,04,02,01,01,01,02,01,,,,,T,RT 537,WB,65,,26,,,N,,84061
2018130918CN09673,MONMOUTH,COLTS NECK TWP,10/31/2018,WE,2157,01,COLTS NECK PD,,0,0,0,0,P,B,N,N,12,1,ROUTE 520,E,520,,00000520__,7.87,05,,01,04,02,01,05,01,05,01,100,FE,E,BOUNDRY RD / CONOVER RD,,,,50,35,24,,,N,,84061
2018130918CN09678,MONMOUTH,COLTS NECK TWP,11/01/2018,TH,0756,01,COLTS NECK PD,,0,2,0,0,I,I,N,N,03,2,MONMOUTH COUNTY 54,,54,,13000054__,1.63,05,,01,04,02,01,01,01,05,01,,AT,,LIARD RD,,,,50,45,26,,,N,,84062
2018130918CN09679,MONMOUTH,COLTS NECK TWP,11/01/2018,TH,0941,01,COLTS NECK PD,,0,0,0,0,P,B,N,N,11,1,NJ 18,N,18,,00000018__,21.40,02,,01,04,02,01,01,01,01,02,,,,,,,,65,,46,,,N,,84062
2018130918CN09691,MONMOUTH,COLTS NECK TWP,11/01/2018,TH,1515,01,COLTS NECK PD,,0,0,0,0,P,B,N,N,09,2,CONOVER RD,,,,13091034__,3.54,07,,01,04,02,01,01,01,05,01,50,FE,S,ROUTE 537 / COUNTRY RD,,,,45,50,26,,,N,,84062
2018130918CN09698,MONMOUTH,COLTS NECK TWP,11/01/2018,TH,2053,01,COLTS NECK PD,,0,0,0,0,P,B,N,N,12,1,NJ 34,,34,,00000034__,15.39,02,,01,04,02,01,05,01,05,01,400,FE,N,BLACKBRIAR DR,,,,50,35,24,,,N,,84054
2018130918CN09703,MONMOUTH,COLTS NECK TWP,11/02/2018,FR,0757,01,COLTS NECK PD,,0,0,0,0,P,B,N,N,12,1,BOUNDARY RD,N,,,13091145__,2.69,07,,01,04,02,01,01,01,05,01,50,FE,S,ROUTE 520 / NEW SPRING RD,,,,35,50,24,,,N,,84058
2018130918CN09716,MONMOUTH,COLTS NECK TWP,11/02/2018,FR,1636,01,COLTS NECK PD,,0,0,0,0,P,B,N,N,01,2,ROUTE 537,,537,,00000537__,56.57,05,,01,04,02,01,01,01,05,01,50,FE,E,BUCKS MILL RD / MERCER RD,,,,50,25,26,,,N,,84058
2018130918CN09764,MONMOUTH,COLTS NECK TWP,11/04/2018,SU,2346,01,COLTS NECK PD,,0,0,0,0,P,B,N,N,12,1,NJ 18,S,18,,00000018__,18.90,02,,01,04,02,01,07,01,01,01,,,,,,,,65,,24,,,N,,84055
2018130918CN09766,MONMOUTH,COLTS NECK TWP,11/05/2018,MO,0638,01,COLTS NECK PD,,0,0,0,0,P,B,N,N,12,1,NJ 34,N,34,,00000034__,13.00,02,,01,04,02,01,02,05,05,01,,,,,,,,45,,24,,,N,,84061
2018130918CN09780,MONMOUTH,COLTS NECK TWP,11/05/2018,MO,1655,01,COLTS NECK PD,,0,0,0,0,P,B,N,N,12,1,HOMINY HILL RD **,N,,,13091018__,.20,07,,01,04,02,02,05,02,05,01,1056,FE,N,ROUTE 537 / COLTS NECK RD,,,,40,40,24,,,N,,84046
2018130918CN09812,MONMOUTH,COLTS NECK TWP,11/06/2018,TU,2146,01,COLTS NECK PD,,0,1,0,0,I,B,N,N,12,1,NJ 18,N,18,,00000018__,16.50,02,,01,04,02,02,05,02,01,01,,,,,,,,65,,24,,,N,,84062
2018130918CN09828,MONMOUTH,COLTS NECK TWP,11/07/2018,WE,1229,01,COLTS NECK PD,,0,0,0,0,P,B,N,N,12,1,NJ 18,N,18,,00000018__,21.60,02,,01,04,02,01,01,01,01,01,,,,,,,,65,,24,,,N,,84045
2018130918CN09836,MONMOUTH,COLTS NECK TWP,11/07/2018,WE,1654,01,COLTS NECK PD,,0,0,0,0,P,B,N,N,12,1,NJ 18,N,18,,00000018__,20.00,02,,01,04,02,01,05,01,01,01,,,,,,,,65,,24,,,N,,84058
2018130918CN09839,MONMOUTH,COLTS NECK TWP,11/07/2018,WE,1749,01,COLTS NECK PD,,0,0,0,0,P,B,N,N,01,3,NJ 18,N,18,,00000018__,20.00,02,,01,04,02,01,05,01,01,01,,,,,,,,65,,26,,,N,,
2018130918CN09855,MONMOUTH,COLTS NECK TWP,11/08/2018,TH,1723,01,COLTS NECK PD,,0,0,0,0,P,B,N,N,12,1,ROUTE 537,,537,,00000537__,55.53,05,,01,04,02,01,06,01,05,01,500,FE,E,SCHOOL RD E,,,,50,45,24,,,N,,84062
2018130918CN09872,MONMOUTH,COLTS NECK TWP,11/09/2018,FR,1238,01,COLTS NECK PD,,0,4,0,0,I,B,N,N,05,3,ROUTE 520,E,520,,00000520__,8.61,05,,01,04,02,02,01,05,05,01,500,FE,W,MOUNTAINSIDE DR,,,,50,25,26,,,N,,
2018130918CN09873,MONMOUTH,COLTS NECK TWP,11/09/2018,FR,1257,01,COLTS NECK PD,,0,0,0,0,P,B,N,N,02,2,ROUTE 537,E,537,,00000537__,57.66,05,,01,04,02,01,01,05,05,01,15,FE,W,NEW ST,,,,40,25,26,,,N,,84061
2018130918CN09879,MONMOUTH,COLTS NECK TWP,11/09/2018,FR,1719,01,COLTS NECK PD,,0,0,0,0,P,B,N,N,01,2,NJ 34,N,34,,00000034__,12.37,02,,01,04,02,02,06,02,05,01,500,FE,N,NJ 18,,,,45,65,26,,,N,,84046
2018130918CN09908,MONMOUTH,COLTS NECK TWP,11/10/2018,SA,1820,01,COLTS NECK PD,,0,2,0,0,I,B,N,N,01,2,NJ 34,N,34,,00000034__,11.52,02,,01,04,02,01,06,01,05,01,25,FE,S,ASBURY RD,,,,50,25,26,,,N,,84046
2018130918CN09919,MONMOUTH,COLTS NECK TWP,11/11/2018,SU,0339,01,COLTS NECK PD,,0,0,0,0,P,B,N,N,12,1,NJ 18,S,18,,00000018__,22.40,02,,01,04,02,01,06,01,01,01,,,,,,,,65,,24,,,N,,84062
2018130918CN09922,MONMOUTH,COLTS NECK TWP,11/11/2018,SU,1932,01,COLTS NECK PD,,0,0,0,0,P,B,N,N,12,1,FIVE POINTS RD,,,,13091141__,1.01,07,,01,04,02,01,05,01,05,01,15,FE,N,FARMGATE DR,,,,35,25,24,,,N,,84057
2018130918CN09959,MONMOUTH,COLTS NECK TWP,11/13/2018,TU,0729,01,COLTS NECK PD,,0,0,0,0,P,B,N,N,11,1,NJ 34,N,34,,00000034__,11.39,02,,01,05,02,02,01,02,05,01,700,FE,S,ASBURY RD,,,,50,,60,,,N,,84056
2018130918CN09973,MONMOUTH,COLTS NECK TWP,11/13/2018,TU,1750,01,COLTS NECK PD,,0,0,0,0,P,B,N,N,02,2,NJ 18,N,18,,00000018__,18.80,02,,01,04,02,01,07,01,01,01,,,,,F,NJ 34,NB,65,,26,,,N,,84056
2018130918CN09974,MONMOUTH,COLTS NECK TWP,11/13/2018,TU,1816,01,COLTS NECK PD,,0,0,0,0,P,B,N,N,01,2,NJ 34,N,34,,00000034__,13.91,02,,01,04,02,01,01,01,05,01,528,FE,S,CR 54 / FLOCK RD / PHALANX RD,,,,50,50,26,,,N,,84058
2018130918CN09979,MONMOUTH,COLTS NECK TWP,11/13/2018,TU,2321,01,COLTS NECK PD,,0,0,0,0,P,B,N,N,12,1,NJ 18,N,18,,00000018__,19.01,02,,01,04,02,01,07,01,01,01,25,FE,S,NJ 34,,,,65,50,24,,,N,,84055
2018130918CN09982,MONMOUTH,COLTS NECK TWP,11/14/2018,WE,0744,01,COLTS NECK PD,,0,0,0,0,P,B,N,N,12,1,MONTROSE  RD **,,,,13091009__,1.72,07,,01,04,02,01,01,01,05,01,20,FE,S,CEDAR DR,,,,40,35,24,,,N,,84061
2018130918CN09983,MONMOUTH,COLTS NECK TWP,11/14/2018,WE,0756,01,COLTS NECK PD,,0,2,0,0,I,B,N,N,01,2,NJ 18,S,18,,00000018__,22.00,02,,01,04,02,01,01,01,01,01,,,,,,,,65,,26,,,N,,84045
2018130918CN09988,MONMOUTH,COLTS NECK TWP,11/14/2018,WE,0610,01,COLTS NECK PD,,0,0,0,0,P,B,N,N,12,1,ROUTE 537,E,537,,00000537__,58.85,05,,01,04,02,01,02,01,05,01,25,FE,E,MUHLENBRINK RD,,,,50,40,24,,,N,,84061
2018130918CN09994,MONMOUTH,COLTS NECK TWP,11/14/2018,WE,1608,01,COLTS NECK PD,,0,1,0,0,I,B,N,N,01,2,NJ 18,S,18,,00000018__,18.90,02,,01,04,02,01,03,01,01,01,,,,,,,,65,,26,,,N,,84061
2018130918CN09999,MONMOUTH,COLTS NECK TWP,11/14/2018,WE,1742,01,COLTS NECK PD,,0,2,0,0,I,I,N,N,03,2,NJ 34,N,34,,00000034__,15.97,02,,01,04,02,01,05,01,05,01,,AT,,NJ 4 / CONOVER RD,,,,50,40,26,,,N,,84046
2018130918CN10024,MONMOUTH,COLTS NECK TWP,11/15/2018,TH,1250,01,COLTS NECK PD,,0,0,0,0,P,B,N,N,11,1,NJ 18,N,18,,00000018__,21.80,02,,01,04,02,03,01,03,01,01,,,,,,,,65,,46,,,N,,84061
2018130918CN10025,MONMOUTH,COLTS NECK TWP,11/15/2018,TH,1302,01,COLTS NECK PD,,0,0,0,0,P,B,N,N,11,1,FIVE POINTS RD,,,,13091141__,.61,07,,03,04,02,03,01,03,05,01,100,FE,S,MATTHEW RD,,,,35,35,56,,,N,,84046
2018130918CN10026,MONMOUTH,COLTS NECK TWP,11/15/2018,TH,1305,01,COLTS NECK PD,,0,0,0,0,P,B,N,N,11,1,NJ 18,S,18,,00000018__,22.30,02,,01,04,02,03,01,03,01,01,,,N,,,,,65,,60,,,N,TREES ON SR 18 SOUTH,84046
2018130918CN10028,MONMOUTH,COLTS NECK TWP,11/15/2018,TH,1312,01,COLTS NECK PD,,0,0,0,0,P,B,N,N,01,3,FIVE POINTS RD,N,,,13091141__,.01,07,,01,04,02,03,01,03,05,01,50,FE,N,ROUTE 537 / COUNTY ROAD,,,,35,50,26,,,N,,84050
2018130918CN10029,MONMOUTH,COLTS NECK TWP,11/15/2018,TH,1315,01,COLTS NECK PD,,0,0,0,0,P,B,N,N,01,2,FIVE POINTS RD,N,,,13091141__,.03,07,,01,04,02,03,01,03,05,01,150,FE,N,ROUTE 537 / COUNTY ROAD,,,,35,50,26,,,N,,84050
2018130918CN10030,MONMOUTH,COLTS NECK TWP,11/15/2018,TH,1339,01,COLTS NECK PD,,0,0,0,0,P,I,N,N,03,2,HEYERS MILL RD,,,,13091024__,.14,07,,01,04,02,03,01,03,05,01,,AT,,MERCHANTS WAY,,,,35,25,26,,,N,,84050
2018130918CN10034,MONMOUTH,COLTS NECK TWP,11/15/2018,TH,1357,01,COLTS NECK PD,,0,0,0,0,P,B,N,N,11,1,NJ 18,N,18,,00000018__,21.90,02,,01,04,02,03,01,03,01,01,,,,,,,,65,,46,,,N,,84061
2018130918CN10037,MONMOUTH,COLTS NECK TWP,11/15/2018,TH,1401,01,COLTS NECK PD,,0,0,0,0,P,B,N,N,01,2,NJ 18,N,18,,00000018__,20.80,02,,01,04,02,03,01,03,01,01,,,,,,,,65,,26,,,N,,84046
2018130918CN10044,MONMOUTH,COLTS NECK TWP,11/15/2018,TH,1432,01,COLTS NECK PD,,0,0,0,0,P,B,N,N,01,2,FIVE POINTS RD,W,,,13091141__,.91,07,,01,04,02,03,01,03,05,01,100,FE,S,STONE HILL RD,,,,40,25,26,,,N,,84061
2018130918CN10050,MONMOUTH,COLTS NECK TWP,11/15/2018,TH,1536,01,COLTS NECK PD,,0,0,0,0,P,B,N,N,11,1,MONMOUTH COUNTY 4 I,,4,1,130000041_,.22,05,,01,04,02,03,01,03,05,01,700,FE,E,NAN-TONE CT,,,,45,,69,,,N,,84056
2018130918CN10056,MONMOUTH,COLTS NECK TWP,11/15/2018,TH,1606,01,COLTS NECK PD,,0,0,0,0,P,B,N,N,11,1,NJ 18,N,18,,00000018__,18.20,02,,01,04,02,03,01,03,01,01,,,,,,,,65,,50,,,N,,84050
2018130918CN10092,MONMOUTH,COLTS NECK TWP,11/16/2018,FR,0939,01,COLTS NECK PD,,0,0,0,0,P,B,N,N,02,2,ROUTE 537,,537,,00000537__,55.44,05,,01,04,02,02,01,01,04,01,10,FE,W,SCHOOL RD E,,,,50,45,26,,,N,,84045
2018130918CN10094,MONMOUTH,COLTS NECK TWP,11/16/2018,FR,1307,01,COLTS NECK PD,,0,0,0,0,P,B,N,N,01,2,FIVE POINTS RD,,,,13091141__,.00,07,,01,04,02,01,01,01,05,01,1056,FE,S,ROUTE 537 / COUNTY ROAD,,,,35,50,26,,,N,,84045
2018130918CN10098,MONMOUTH,COLTS NECK TWP,11/16/2018,FR,1432,01,COLTS NECK PD,,0,0,0,0,P,B,N,N,12,1,MONMOUTH COUNTY 46,E,46,,13000046__,4.70,05,,01,04,02,01,01,01,05,01,1320,FE,W,CR 4 I / CRINE RD,,,,45,40,24,,,N,,84056
2018130918CN10101,MONMOUTH,COLTS NECK TWP,11/16/2018,FR,1659,01,COLTS NECK PD,,0,0,0,0,P,B,N,N,11,1,NJ 18,N,18,,00000018__,20.00,02,,01,04,02,01,05,01,01,01,,,,,,,,65,,46,,,N,MEDIAN GUIDE RAIL ON SR 18 NORTH MM 20,84058
2018130918CN10109,MONMOUTH,COLTS NECK TWP,11/17/2018,SA,0155,01,COLTS NECK PD,,0,0,0,0,P,B,N,N,11,1,NJ 18,S,18,,00000018__,19.10,02,,03,05,02,01,05,01,03,01,,,,,T,NJ 34,WB,65,,56,,,N,MINOR DAMAGE TO GUARDRAIL  STATE DOT NOTIFIED,84036
2018130918CN10119,MONMOUTH,COLTS NECK TWP,11/17/2018,SA,1337,01,COLTS NECK PD,,0,0,0,0,P,B,N,N,09,2,CRUSIUS PL **,,,,13091015__,.00,07,,01,04,02,01,01,01,05,01,10,FE,N,ROUTE 537 / COLTS NECK RD,,,,25,50,26,,,N,,84056
2018130918CN10142,MONMOUTH,COLTS NECK TWP,11/19/2018,MO,0137,01,COLTS NECK PD,,0,0,0,0,P,I,N,N,12,1,MONTROSE  RD **,,,,13091009__,1.10,07,,01,04,02,01,05,01,05,01,,AT,,WEST GATE CT,,,,40,35,24,,,N,,84060
2018130918CN10144,MONMOUTH,COLTS NECK TWP,11/19/2018,MO,0638,01,COLTS NECK PD,,0,0,0,0,P,B,N,N,12,1,NJ 18,N,18,,00000018__,17.00,02,,01,04,02,01,01,01,01,01,,,,,,,,65,,24,,,N,,84036