Year(4)-CountyCode(2)-MunicipalityCode(2)-CaseNumber(9),County Name,Municipality Name,Crash Date,Crash Day of Week,Crash Time,Police Department Code,Police Department,Police Station,Total Killed,Total Injured,Pedestrians Killed,Pedestrians Injured,Severity,Intersection,Alcohol Involved,Hazmat Involved,Crash Type,Total Vehicles,Location,Location Direction,Route,Route Suffix,Std Rte Identifier,MilePost,Road System,Road Character,Road Horizontal Alignment,Road Grade,Road Surface Type,Surface Condition,Light Condition,Environmental Condition,Road Divided By,Temporary Traffic Control Zone,Distance To Cross Street,Unit Of Measurement,Direction From Cross Street,Cross Street Name,Is Ramp,Ramp To/From Route Name,Ramp To/From Route Direction,Posted Speed,Posted Speed Cross Street,First Harmful Event,Latitude,Longitude,Cell Phone In Use Flag,Other Property Damage,Reporting Badge No.
20181311I-2018-002674,MONMOUTH,EATONTOWN BORO,02/19/2018,MO,1303,01,EATONTOWN PD,,0,0,0,0,P,B,N,N,01,2,NJ 36,W,36,,00000036__,1.58,02,,01,04,02,01,01,01,03,01,200,FE,E,NJ 35 / NEPTUNE BLVD,,,,50,40,26,40.291260,74.048340,N,,970
20181311I-2018-002727,MONMOUTH,EATONTOWN BORO,02/20/2018,TU,0854,01,EATONTOWN PD,,0,0,0,0,P,B,N,N,01,2,NJ 35,S,35,,00000035__,29.40,02,,01,04,02,01,01,01,01,01,50,FE,N,NJ 36,,,,40,50,26,,,N,,121
20181311I-2018-002732,MONMOUTH,EATONTOWN BORO,02/20/2018,TU,0950,01,EATONTOWN PD,,0,1,0,0,I,I,N,N,11,2,NJ 35,S,35,,00000035__,28.87,02,,01,04,02,02,01,01,01,01,,AT,,WESTON PL,,,,50,25,48,,,N,,108
20181311I-2018-002774,MONMOUTH,EATONTOWN BORO,02/20/2018,TU,1623,01,EATONTOWN PD,,0,2,0,0,I,I,N,N,01,3,NJ 36,E,36,,00000036__,.83,02,,01,04,02,01,01,01,03,01,,AT,,GRANT AVE,,,,55,25,26,,,N,,120
20181311I-2018-002777,MONMOUTH,EATONTOWN BORO,02/20/2018,TU,1739,01,EATONTOWN PD,,0,0,0,0,P,B,N,N,01,2,NJ 35,N,35,,00000035__,30.54,02,,01,05,02,01,06,01,05,01,50,FE,N,WEST ST,,,,30,25,26,,,N,,110
20181311I-2018-002781,MONMOUTH,EATONTOWN BORO,02/20/2018,TU,2103,01,EATONTOWN PD,,0,1,0,0,I,B,N,N,99,1,WOODMERE DRIVE,S,,,,,07,,02,06,02,01,06,01,05,01,75,FE,S,HAMPTON RD,,,,25,25,56,,,N,,102
20181311I-2018-002806,MONMOUTH,EATONTOWN BORO,02/21/2018,WE,0846,01,EATONTOWN PD,,0,0,0,0,P,B,N,N,01,2,NJ 35,N,35,,00000035__,29.38,02,,01,05,02,01,01,01,02,01,30,FE,S,NJ 36,,,,40,50,26,,,N,,840
20181311I-2018-002821,MONMOUTH,EATONTOWN BORO,02/21/2018,WE,1032,01,EATONTOWN PD,,0,1,0,0,I,B,N,N,01,2,ROUTE 547,N,547,,00000547__,27.08,05,,03,04,02,01,01,01,02,01,25,FE,S,NJ 36,,,,40,50,26,,,N,,103
20181311I-2018-002842,MONMOUTH,EATONTOWN BORO,02/21/2018,WE,1218,01,EATONTOWN PD,EATONTOWN,0,0,0,0,P,B,N,N,02,2,NJ 36,E,36,,00000036__,.80,02,,01,04,02,01,01,01,01,01,178,FE,W,GRANT AVE,,,,55,25,26,,,N,,116
20181311I-2018-002866,MONMOUTH,EATONTOWN BORO,02/21/2018,WE,1506,01,EATONTOWN PD,,0,0,0,0,P,B,N,N,02,2,NJ 36,E,36,,00000036__,1.63,02,,01,05,02,01,01,01,03,01,500,FE,E,NJ 35 / NEPTUNE BLVD,,,,50,40,26,,,N,,119
20181311I-2018-002868,MONMOUTH,EATONTOWN BORO,02/21/2018,WE,1524,01,EATONTOWN PD,,0,0,0,0,P,B,N,N,02,2,NJ 36,W,36,,00000036__,1.55,02,,01,04,02,01,01,01,03,01,50,FE,E,NJ 35 / NEPTUNE BLVD,,,,50,40,26,,,N,,119
20181311I-2018-002872,MONMOUTH,EATONTOWN BORO,02/21/2018,WE,1545,01,EATONTOWN PD,,0,0,0,0,P,I,N,N,03,2,NJ 35,S,35,,00000035__,30.66,02,,01,05,02,01,01,01,04,01,,AT,,ROUTE 537 / TINTON AVE,,,,30,30,26,,,N,,840
20181311I-2018-002874,MONMOUTH,EATONTOWN BORO,02/21/2018,WE,1615,01,EATONTOWN PD,,0,1,0,0,I,B,N,N,01,2,NJ 36,W,36,,00000036__,.00,02,,01,04,02,01,01,01,03,01,200,FE,W,CR 51 / HOPE RD,,,,55,50,26,,,N,,119
20181311I-2018-002882,MONMOUTH,EATONTOWN BORO,02/21/2018,WE,1753,01,EATONTOWN PD,,0,0,0,0,P,B,N,N,01,2,NJ 35,N,35,,00000035__,29.31,02,,01,04,02,01,06,01,01,01,400,FE,S,NJ 36,,,,40,50,26,,,N,,103
20181311I-2018-002903,MONMOUTH,EATONTOWN BORO,02/22/2018,TH,0855,01,EATONTOWN PD,EATONTOWN,0,0,0,0,P,B,N,N,02,2,NJ 36,E,36,,00000036__,1.57,02,,01,04,02,01,01,05,03,01,142,FE,E,NJ 35 / NEPTUNE BLVD,,,,55,40,26,,,N,,116
20181311I-2018-002948,MONMOUTH,EATONTOWN BORO,02/22/2018,TH,1730,01,EATONTOWN PD,,0,0,0,0,P,B,N,N,01,2,NJ 36,W,36,,00000036__,.87,02,,01,04,02,02,07,02,03,01,200,FE,E,GRANT AVE,,,,55,25,26,,,N,,104
20181311I-2018-002991,MONMOUTH,EATONTOWN BORO,02/23/2018,FR,1541,01,EATONTOWN PD,,0,0,0,0,P,B,N,N,02,2,NJ 36,E,36,,00000036__,1.54,02,,03,04,02,02,01,02,02,01,,,,,T,NJ 35,SB,50,,26,,,N,,970
20181311I-2018-003044,MONMOUTH,EATONTOWN BORO,02/24/2018,SA,1352,01,EATONTOWN PD,,0,0,0,0,P,B,N,N,01,2,NJ 35,N,35,,00000035__,,02,,01,04,02,02,01,02,01,01,1000,FE,S,MALL JUGHANDLE,,,,50,,26,,,N,,110
20181311I-2018-003046,MONMOUTH,EATONTOWN BORO,02/24/2018,SA,1412,01,EATONTOWN PD,,0,0,0,0,P,B,N,N,02,2,NJ 35,N,35,,00000035__,30.40,02,,01,04,02,02,01,02,04,01,200,FE,S,NJ 71 / ROUTE 537 / BROAD ST,,,,35,30,26,40.303800,74.059200,N,,970
20181311I-2018-003049,MONMOUTH,EATONTOWN BORO,02/24/2018,SA,1435,01,EATONTOWN PD,,0,2,0,0,I,B,N,N,99,4,NJ 35,N,35,,00000035__,,02,,01,04,02,02,01,02,01,01,950,FE,S,MALL JUGHANDLE,,,,45,,26,,,N,,110
20181311I-2018-003055,MONMOUTH,EATONTOWN BORO,02/24/2018,SA,1602,01,EATONTOWN PD,,0,1,0,0,I,B,N,N,01,2,NJ 36,E,36,,00000036__,.83,02,,01,04,02,02,01,01,03,01,10,FE,W,GRANT AVE,,,,55,25,26,40.291860,74.065220,N,,970
20181311I-2018-003122,MONMOUTH,EATONTOWN BORO,02/25/2018,SU,1846,01,EATONTOWN PD,,0,1,0,0,I,B,N,N,01,2,NJ 36,W,36,,00000036__,1.56,02,,01,04,02,02,06,02,03,01,100,FE,E,NJ 35 / NEPTUNE BLVD,,,,50,50,26,,,N,,114
20181311I-2018-003160,MONMOUTH,EATONTOWN BORO,02/26/2018,MO,1214,01,EATONTOWN PD,EATONTOWN,0,0,0,0,P,B,N,N,02,2,NJ 36,E,36,,00000036__,1.73,02,,01,04,02,01,01,01,03,01,1000,FE,E,NJ 35 / NEPTUNE BLVD,,,,50,40,26,,,N,,122
20181311I-2018-003161,MONMOUTH,EATONTOWN BORO,02/26/2018,MO,1219,01,EATONTOWN PD,,0,2,0,0,I,B,N,N,04,2,INDUSTRIAL WAY W,W,,,13111111__,.19,07,,03,04,02,01,01,01,05,01,1000,FE,E,HOPE ROAD,,,,45,50,26,,,N,TRAFFIC SIGN WITH ARROW  CURB  GRASS,540
20181311I-2018-003162,MONMOUTH,EATONTOWN BORO,02/26/2018,MO,1229,01,EATONTOWN PD,,0,0,0,0,P,B,N,N,01,2,NJ 35,S,35,,00000035__,30.35,02,,01,04,02,01,01,01,05,01,30,FE,S,SOUTH ST,,,,30,25,26,,,N,,530
20181311I-2018-003228,MONMOUTH,EATONTOWN BORO,02/27/2018,TU,1513,01,EATONTOWN PD,,0,0,0,0,P,B,N,N,01,2,NJ 35,S,35,,00000035__,29.40,02,,01,04,02,01,01,01,02,01,75,FE,N,NJ 36,,,,40,50,26,,,N,,660
20181311I-2018-003286,MONMOUTH,EATONTOWN BORO,02/28/2018,WE,1352,01,EATONTOWN PD,,0,0,0,0,P,B,N,N,01,2,MONMOUTH COUNTY 32,W,32,,13000032__,,05,,03,04,02,01,01,01,02,01,25,FE,E,NJ 35,,,,25,50,26,,,N,,108
20181311I-2018-003353,MONMOUTH,EATONTOWN BORO,03/01/2018,TH,1816,01,EATONTOWN PD,,0,0,0,0,P,I,N,N,03,2,NJ 35,S,35,,00000035__,30.44,02,,01,04,02,02,06,02,05,01,,AT,,NJ 71 / ROUTE 537 / BROAD ST,,,,30,30,26,,,N,,700
20181311I-2018-003364,MONMOUTH,EATONTOWN BORO,03/02/2018,FR,0502,01,EATONTOWN PD,,0,1,0,0,I,B,N,N,01,2,NJ 36,W,36,,00000036__,1.28,02,,01,04,02,02,06,02,03,01,50,FE,E,ROUTE 547 / WYCKOFF RD,,,,50,40,26,,,N,,114
20181311I-2018-003558,MONMOUTH,EATONTOWN BORO,03/06/2018,TU,0832,01,EATONTOWN PD,,0,0,0,0,P,B,N,N,01,2,NJ 36,W,36,,00000036__,.02,02,,01,04,02,01,01,01,03,01,100,FE,E,CR 51 / HOPE RD,,,,55,40,26,,,N,,102
20181311I-2018-003717,MONMOUTH,EATONTOWN BORO,03/09/2018,FR,1411,01,EATONTOWN PD,,0,0,0,0,P,B,N,N,01,3,MONMOUTH COUNTY 51,N,51,,13000051__,.85,05,,01,04,02,01,01,01,05,01,200,FE,S,NJ 36 / GARDEN STATE PARKWAY SPUR,,,,50,55,26,,,N,,690
20181311I-2018-003722,MONMOUTH,EATONTOWN BORO,03/09/2018,FR,1451,01,EATONTOWN PD,,0,0,0,0,P,I,N,N,03,2,MONMOUTH COUNTY 51,N,51,,13000051__,.89,05,,01,04,02,01,01,01,05,01,,AT,,NJ 36 / GARDEN STATE PARKWAY SPUR,,,,50,25,26,,,N,,102
20181311I-2018-003770,MONMOUTH,EATONTOWN BORO,03/10/2018,SA,1324,01,EATONTOWN PD,EATONTOWN,0,0,0,0,P,B,N,N,01,2,NJ 35,N,35,,00000035__,,02,,01,04,02,01,01,01,01,01,1320,FE,S,MALL JUGHANDLE,,,,50,25,26,,,N,,111
20181311I-2018-003781,MONMOUTH,EATONTOWN BORO,03/10/2018,SA,2041,01,EATONTOWN PD,,0,1,0,0,I,B,N,N,01,3,NJ 36,W,36,,00000036__,,02,,01,04,02,01,06,01,03,01,100,FE,E,DMV JUG HANDLE,,,,50,25,26,,,N,,108
20181311I-2018-003847,MONMOUTH,EATONTOWN BORO,03/12/2018,MO,0129,01,EATONTOWN PD,,0,0,0,0,P,B,Y,N,11,1,NJ 35,S,35,,00000035__,,02,,01,04,02,01,06,01,01,01,100,FE,N,MONMOUTH MALL JUG HANDLE,,,,50,25,48,,,N,,108
20181311I-2018-003880,MONMOUTH,EATONTOWN BORO,03/12/2018,MO,1801,01,EATONTOWN PD,,0,0,0,0,P,B,N,N,01,2,NJ 35,N,35,,00000035__,,02,,01,04,02,01,01,01,01,01,30,FE,S,MALL JUGHANDLE,,,,45,,26,,,N,,107
20181311I-2018-003951,MONMOUTH,EATONTOWN BORO,03/14/2018,WE,0628,01,EATONTOWN PD,EATONTOWN,0,0,0,0,P,B,N,N,12,1,ROUTE 547,N,547,,00000547__,28.08,05,,01,04,02,01,06,01,05,01,73,FE,S,MEADOW BROOK AVE,,,,40,25,24,,,N,,116
20181311I-2018-003953,MONMOUTH,EATONTOWN BORO,03/14/2018,WE,0816,01,EATONTOWN PD,,0,2,0,0,I,I,N,N,07,2,NJ 36,W,36,,00000036__,.00,02,,01,04,02,01,01,01,03,01,,AT,,CR 51 / HOPE RD,,,,55,50,26,,,N,,114
20181311I-2018-003955,MONMOUTH,EATONTOWN BORO,03/14/2018,WE,0850,01,EATONTOWN PD,EATONTOWN POLI?,0,0,0,0,P,B,N,N,01,2,MONMOUTH COUNTY 51,N,51,,13000051__,.14,05,,01,04,02,01,01,01,04,01,750,FE,N,ROUTE 547 / SHAFTO RD / WYCKOFF RD,,,,50,40,26,,,N,,106
20181311I-2018-003961,MONMOUTH,EATONTOWN BORO,03/14/2018,WE,1103,01,EATONTOWN PD,EATONTOWN,0,1,0,0,I,I,N,N,03,2,NJ 36,E,36,,00000036__,1.27,02,,01,04,02,01,01,01,01,01,,AT,,ROUTE 547 / WYCKOFF RD,,,,50,35,26,,,N,THERE WAS MINOR DAMAGE TO A NO LEFT TURN SIGN AND A SMALL CRACK IN THE BASE OF ?,106
20181311I-2018-004073,MONMOUTH,EATONTOWN BORO,03/16/2018,FR,1610,01,EATONTOWN PD,,0,0,0,0,P,B,N,N,01,2,MONMOUTH COUNTY 32,W,32,,13000032__,,05,,03,04,02,01,01,01,05,01,,,,,T,NJ 35,NB,35,,26,,,N,,107
20181311I-2018-004080,MONMOUTH,EATONTOWN BORO,03/16/2018,FR,1721,01,EATONTOWN PD,,0,0,0,0,P,B,N,N,01,2,NJ 36,W,36,,00000036__,.98,02,,01,04,02,01,01,01,03,01,800,FE,E,GRANT AVE,,,,50,25,26,,,N,,107
20181311I-2018-004136,MONMOUTH,EATONTOWN BORO,03/17/2018,SA,2111,01,EATONTOWN PD,,0,0,0,0,P,B,N,N,01,2,ROUTE 547,N,547,,00000547__,27.36,05,,01,04,02,01,07,01,05,01,30,FE,S,NJ 35,,,,35,40,26,,,N,,104
20181311I-2018-004199,MONMOUTH,EATONTOWN BORO,03/19/2018,MO,0738,01,EATONTOWN PD,,0,0,0,0,P,I,N,N,03,2,ROUTE 537,E,537,,00000537__,64.08,05,,01,04,02,01,01,01,05,01,,AT,,MAXWELL RD,,,,35,25,26,,,N,,560
20181311I-2018-004216,MONMOUTH,EATONTOWN BORO,03/19/2018,MO,1458,01,EATONTOWN PD,,0,0,0,0,P,B,N,N,02,2,NJ 35,S,35,,00000035__,30.10,02,,01,04,02,01,01,01,04,01,200,FE,N,CLINTON AVE,,,,40,25,26,,,N,,560
20181311I-2018-004221,MONMOUTH,EATONTOWN BORO,03/19/2018,MO,1623,01,EATONTOWN PD,,0,0,0,0,P,B,N,N,01,2,NJ 36,E,36,,00000036__,.79,02,,01,04,02,01,01,01,01,01,200,FE,W,GRANT AVE,,,,55,25,26,,,N,,560
20181311I-2018-004274,MONMOUTH,EATONTOWN BORO,03/20/2018,TU,1410,01,EATONTOWN PD,EATONTOWN POLI?,0,0,0,0,P,B,N,N,01,2,MONMOUTH COUNTY 51,N,51,,13000051__,.00,05,,01,04,02,02,01,06,05,01,200,FE,S,ROUTE 547 / SHAFTO RD / WYCKOFF RD,,,,40,40,26,,,N,,106
20181311I-2018-004284,MONMOUTH,EATONTOWN BORO,03/20/2018,TU,1645,01,EATONTOWN PD,,0,0,0,0,P,B,N,N,11,1,MONMOUTH COUNTY 32,S,32,,13000032__,.11,05,,01,04,02,03,03,03,05,01,200,FE,S,PARKER RD,,,,35,35,69,,,N,DEER CROSSING SIGN  FENCE ON THE PROPERTY OF WHITE RIDGE CEMETERY  JCP&L TELEPH?,114
20181311I-2018-004292,MONMOUTH,EATONTOWN BORO,03/20/2018,TU,2304,01,EATONTOWN PD,,0,0,0,0,P,B,N,N,12,1,MONMOUTH COUNTY 32,W,32,,13000032__,,05,,01,04,02,02,05,01,05,01,,,,,,,,40,,24,,,N,,120
20181311I-2018-004384,MONMOUTH,EATONTOWN BORO,03/22/2018,TH,1553,01,EATONTOWN PD,,0,0,0,0,P,B,N,N,01,2,MONMOUTH COUNTY 51,N,51,,13000051__,.00,05,,01,04,02,02,01,01,05,01,30,FE,S,ROUTE 547 / SHAFTO RD / WYCKOFF RD,,,,40,,26,,,N,,540
20181311I-2018-004404,MONMOUTH,EATONTOWN BORO,03/23/2018,FR,0721,01,EATONTOWN PD,EATONTOWN POLI?,0,0,0,0,P,B,N,N,01,2,ROUTE 547,S,547,,00000547__,27.37,05,,01,04,02,01,01,01,05,01,25,FE,S,NJ 35,,,,40,40,26,,,N,,106
20181311I-2018-004409,MONMOUTH,EATONTOWN BORO,03/23/2018,FR,0910,01,EATONTOWN PD,EATONTOWN,0,1,0,0,I,B,N,N,01,2,ROUTE 537,W,537,,00000537__,64.50,05,,01,05,02,05,01,01,02,01,30,FE,N,NJ 35,,,,30,30,26,,,N,,111
20181311I-2018-004415,MONMOUTH,EATONTOWN BORO,03/23/2018,FR,1140,01,EATONTOWN PD,EATONTOWN POLI?,0,0,0,0,P,B,N,N,01,2,NJ 36,W,36,,00000036__,1.31,02,,01,04,02,01,01,01,03,01,200,FE,E,ROUTE 547 / WYCKOFF RD,,,,50,40,26,,,N,,106
20181311I-2018-004474,MONMOUTH,EATONTOWN BORO,03/24/2018,SA,0956,01,EATONTOWN PD,EATONTOWN,0,0,0,0,P,B,N,N,11,1,NJ 18,N,18,,00000018__,,02,,03,05,02,01,01,01,05,01,,,,,T,NJ 36,EB,55,,60,,,N,,111
20181311I-2018-004487,MONMOUTH,EATONTOWN BORO,03/24/2018,SA,1514,01,EATONTOWN PD,,0,0,0,0,P,B,N,N,01,2,ROUTE 547,N,547,,00000547__,27.07,05,,01,04,02,01,01,01,02,01,75,FE,S,NJ 36,,,,40,50,26,,,N,,102
20181311I-2018-004542,MONMOUTH,EATONTOWN BORO,03/25/2018,SU,1214,01,EATONTOWN PD,EATONTOWN POLI?,0,0,0,0,P,B,N,N,01,2,NJ 36,W,36,,00000036__,,02,,03,04,02,01,01,01,05,01,,,,,F,LAUREL PLACE,WB,15,,26,,,N,,106
20181311I-2018-004618,MONMOUTH,EATONTOWN BORO,03/26/2018,MO,1641,01,EATONTOWN PD,EATONTOWN,0,0,0,0,P,B,N,N,01,2,NJ 35,S,35,,00000035__,29.38,02,,01,04,02,01,01,01,02,01,50,FE,S,NJ 36,,,,40,50,26,,,N,,122
20181311I-2018-004641,MONMOUTH,EATONTOWN BORO,03/27/2018,TU,1057,01,EATONTOWN PD,,0,1,0,0,I,B,N,N,12,1,NJ 35,N,35,,00000035__,30.12,02,,01,04,02,01,01,01,04,01,300,FE,N,CLINTON AVE,,,,40,25,24,,,N,,103
20181311I-2018-004649,MONMOUTH,EATONTOWN BORO,03/27/2018,TU,1402,01,EATONTOWN PD,,0,0,0,0,P,B,N,N,01,2,NJ 35,S,35,,00000035__,30.42,02,,01,04,02,01,01,01,05,01,100,FE,S,NJ 71 / ROUTE 537 / BROAD ST,,,,30,30,26,,,N,,800
20181311I-2018-004751,MONMOUTH,EATONTOWN BORO,03/29/2018,TH,1051,01,EATONTOWN PD,,0,0,0,0,P,B,N,N,01,2,MONMOUTH COUNTY 32,W,32,,13000032__,,05,,03,04,02,01,01,04,04,01,10,FE,E,NJ 35,,,,30,40,26,,,N,,102
20181311I-2018-004816,MONMOUTH,EATONTOWN BORO,03/30/2018,FR,0911,01,EATONTOWN PD,,0,0,0,0,P,B,N,N,01,2,NJ 35,S,35,,00000035__,30.69,02,,01,05,02,02,01,02,04,01,150,FE,N,ROUTE 537 / TINTON AVE,,,,40,30,26,,,N,,103
20181311I-2018-004823,MONMOUTH,EATONTOWN BORO,03/30/2018,FR,1037,01,EATONTOWN PD,EATONTOWN,0,0,0,0,P,B,N,N,01,2,NJ 36,W,36,,00000036__,1.54,02,,01,04,02,01,01,01,03,01,,,,,T,NJ 35,,50,,26,,,N,,116
20181311I-2018-004855,MONMOUTH,EATONTOWN BORO,03/30/2018,FR,2118,01,EATONTOWN PD,EATONTOWN,0,0,0,0,P,B,N,N,01,2,LAUREL PLACE,W,,,,,07,,01,04,02,01,07,01,02,01,,,,,T,NJ 36,WB,25,,26,,,N,,122
20181311I-2018-004866,MONMOUTH,EATONTOWN BORO,03/31/2018,SA,0052,01,EATONTOWN PD,,0,0,0,0,P,B,N,N,01,2,NJ 35,S,35,,00000035__,29.39,02,,01,04,02,01,06,01,02,01,20,FE,N,NJ 36,,,,40,50,26,,,N,,109
20181311I-2018-004890,MONMOUTH,EATONTOWN BORO,03/31/2018,SA,1242,01,EATONTOWN PD,,0,1,0,0,I,B,N,N,11,1,NJ 35,N,35,,00000035__,30.64,02,,01,05,02,01,01,01,05,01,100,FE,S,ROUTE 537 / TINTON AVE,,,,30,25,56,,,N,VEHICLE 1 CRASHED THROUGH A METAL FENCE THAT IS BETWEEN EXTRA SPEACE SELF STORE?,103
20181311I-2018-004898,MONMOUTH,EATONTOWN BORO,03/31/2018,SA,1957,01,EATONTOWN PD,EATONTOWN,0,0,0,0,P,B,N,N,12,1,ROUTE 547,N,547,,00000547__,27.93,05,,01,04,02,01,07,01,05,01,300,FE,S,ORCHARD LN,,,,40,25,24,,,N,,122
20181311I-2018-004929,MONMOUTH,EATONTOWN BORO,04/01/2018,SU,2108,01,EATONTOWN PD,EATONTOWN,0,0,0,0,P,B,N,N,03,2,INDUSTRIAL WAY E,W,,,13111112__,.04,07,,01,04,02,01,07,01,05,01,200,FE,E,NJ 35,,,,45,45,26,,,N,,122
20181311I-2018-004940,MONMOUTH,EATONTOWN BORO,04/02/2018,MO,0625,01,EATONTOWN PD,EATONTOWN,0,0,0,0,P,B,N,N,01,2,NJ 35,N,35,,00000035__,29.38,02,,01,04,02,03,02,03,02,01,50,FE,S,NJ 36,,,,40,50,26,,,N,,122
20181311I-2018-004942,MONMOUTH,EATONTOWN BORO,04/02/2018,MO,0707,01,EATONTOWN PD,,0,0,0,0,P,B,N,N,11,1,NJ 36,S,36,,00000036__,,02,,02,06,02,05,01,03,05,01,,,,,T,NJ18,SB,55,,47,,,N,,120
20181311I-2018-004996,MONMOUTH,EATONTOWN BORO,04/02/2018,MO,1920,01,EATONTOWN PD,,0,0,0,0,P,B,N,N,01,2,NJ 36,W,36,,00000036__,.04,02,,01,04,02,01,06,01,03,01,200,FE,E,CR 51 / HOPE RD,,,,55,50,26,,,N,,114
20181311I-2018-005026,MONMOUTH,EATONTOWN BORO,04/03/2018,TU,1411,01,EATONTOWN PD,,0,0,0,0,P,B,N,N,01,2,NJ 36,W,36,,00000036__,,02,,01,04,02,02,01,02,03,01,40,FE,E,DMV JUGHANDLE,,,,50,,26,,,N,,120
20181311I-2018-005068,MONMOUTH,EATONTOWN BORO,04/04/2018,WE,1010,01,EATONTOWN PD,,0,0,0,0,P,B,N,N,02,2,NJ 36,E,36,,00000036__,,02,,01,04,02,02,01,01,03,01,300,FE,W,DMV JUGHANDLE,,,,50,,26,,,N,U AND LEFT TURN SIGN DAMAGED. STATE DOT NOTIFIED AND SIGN WAS REPAIRED.,109
20181311I-2018-005072,MONMOUTH,EATONTOWN BORO,04/04/2018,WE,1042,01,EATONTOWN PD,,0,0,0,0,P,B,N,N,01,2,ROUTE 547,S,547,,00000547__,27.10,05,,01,04,02,01,01,01,02,01,100,FE,N,NJ 36,,,,40,50,26,,,N,,840
20181311I-2018-005084,MONMOUTH,EATONTOWN BORO,04/04/2018,WE,1240,01,EATONTOWN PD,EATONTOWN,0,0,0,0,P,B,N,N,02,2,NJ 35,N,35,,00000035__,29.54,02,,01,04,02,01,01,05,04,01,36,FE,N,BROOKWOOD DR,,,,40,25,26,,,N,,116
20181311I-2018-005215,MONMOUTH,EATONTOWN BORO,04/06/2018,FR,1256,01,EATONTOWN PD,,0,1,0,0,I,B,N,N,01,3,NJ 35,S,35,,00000035__,30.68,02,,01,04,02,01,01,01,05,01,120,FE,N,ROUTE 537 / TINTON AVE,,,,30,30,26,,,N,,700
20181311I-2018-005252,MONMOUTH,EATONTOWN BORO,04/06/2018,FR,2253,01,EATONTOWN PD,EATONTOWN,0,0,0,0,P,B,N,N,02,2,NJ 36,E,36,,00000036__,1.58,02,,01,04,02,01,07,01,03,01,200,FE,E,NJ 35 / NEPTUNE BLVD,,,,50,40,26,,,N,,111
20181311I-2018-005389,MONMOUTH,EATONTOWN BORO,04/09/2018,MO,0724,01,EATONTOWN PD,EATONTOWN,0,0,0,0,P,B,N,N,02,2,INDUSTRIAL WAY W,E,,,13111111__,1.15,07,,01,04,02,01,01,01,05,01,772,FE,W,MERIDIAN ROAD,,,,45,25,26,,,N,,116
20181311I-2018-005393,MONMOUTH,EATONTOWN BORO,04/09/2018,MO,0824,01,EATONTOWN PD,,0,0,0,0,P,I,N,N,03,2,ROUTE 547,N,547,,00000547__,27.26,05,,01,04,02,01,01,01,05,01,,AT,,SOUTH ST,,,,35,25,26,,,N,,104
20181311I-2018-005419,MONMOUTH,EATONTOWN BORO,04/09/2018,MO,1433,01,EATONTOWN PD,EATONTOWN,0,1,0,0,I,B,N,N,01,2,MONMOUTH COUNTY 32,E,32,,13000032__,,05,,01,04,02,01,01,01,05,01,57,FE,W,WHALEPOND ROAD,,,,40,35,26,,,N,,116
20181311I-2018-005426,MONMOUTH,EATONTOWN BORO,04/09/2018,MO,1548,01,EATONTOWN PD,EATONTOWN,0,1,0,0,I,B,N,N,01,2,FRANKEL WAY,W,,,,,07,,01,04,02,01,01,01,05,01,50,FE,E,NJ 35,,,,35,50,26,,,N,,116
20181311I-2018-005527,MONMOUTH,EATONTOWN BORO,04/10/2018,TU,1611,01,EATONTOWN PD,,0,0,0,0,P,B,N,N,01,2,NJ 36,W,36,,00000036__,.02,02,,01,04,02,01,01,01,03,01,100,FE,E,CR 51 / HOPE RD,,,,55,40,26,,,N,,104
20181311I-2018-005530,MONMOUTH,EATONTOWN BORO,04/10/2018,TU,1815,01,EATONTOWN PD,EATONTOWN,0,1,0,0,I,B,N,N,01,2,NJ 35,S,35,,00000035__,29.69,02,,01,04,02,01,01,01,04,01,200,FE,N,ROUTE 547 / WYCKOFF RD,,,,40,40,26,,,N,,116
20181311I-2018-005586,MONMOUTH,EATONTOWN BORO,04/11/2018,WE,1603,01,EATONTOWN PD,,0,0,0,0,P,B,N,N,08,2,WILLOW STREET,W,,,,,07,,01,04,02,01,01,01,05,01,,,,,,,,5,,26,,,N,,120
20181311I-2018-005619,MONMOUTH,EATONTOWN BORO,04/12/2018,TH,1300,01,EATONTOWN PD,,0,2,0,0,I,I,N,N,01,3,NJ 36,W,36,,00000036__,.83,02,,01,04,02,01,01,01,03,01,,AT,,GRANT AVE,,,,55,25,26,,,N,,120
20181311I-2018-005654,MONMOUTH,EATONTOWN BORO,04/13/2018,FR,0844,01,EATONTOWN PD,,0,0,0,0,P,I,N,N,01,2,INDUSTRIAL WAY E,W,,,13111112__,.00,07,,01,04,02,01,01,01,04,01,,AT,N,NJ 35,,,,45,50,26,,,N,,119
20181311I-2018-005683,MONMOUTH,EATONTOWN BORO,04/13/2018,FR,1501,01,EATONTOWN PD,,0,1,0,0,I,B,N,N,01,2,NJ 71,E,71,,00000071__,16.78,02,,01,04,02,01,01,01,05,01,20,FE,W,NJ 35 / NEPTUNE BOULEVARD,,,,30,30,26,,,N,,104
20181311I-2018-005704,MONMOUTH,EATONTOWN BORO,04/13/2018,FR,1744,01,EATONTOWN PD,,0,0,0,0,P,B,N,N,01,2,NJ 36,W,36,,00000036__,.85,02,,01,04,02,01,01,01,03,01,100,FE,E,GRANT AVE,,,,55,25,26,,,N,,104
20181311I-2018-005707,MONMOUTH,EATONTOWN BORO,04/13/2018,FR,1802,01,EATONTOWN PD,,0,0,0,0,P,B,N,N,03,2,ROUTE 547,N,547,,00000547__,27.23,05,,01,04,02,01,01,01,04,01,150,FE,S,SOUTH ST,,,,35,25,26,,,N,,119