Year(4)-CountyCode(2)-MunicipalityCode(2)-CaseNumber(9),County Name,Municipality Name,Crash Date,Crash Day of Week,Crash Time,Police Department Code,Police Department,Police Station,Total Killed,Total Injured,Pedestrians Killed,Pedestrians Injured,Severity,Intersection,Alcohol Involved,Hazmat Involved,Crash Type,Total Vehicles,Location,Location Direction,Route,Route Suffix,Std Rte Identifier,MilePost,Road System,Road Character,Road Horizontal Alignment,Road Grade,Road Surface Type,Surface Condition,Light Condition,Environmental Condition,Road Divided By,Temporary Traffic Control Zone,Distance To Cross Street,Unit Of Measurement,Direction From Cross Street,Cross Street Name,Is Ramp,Ramp To/From Route Name,Ramp To/From Route Direction,Posted Speed,Posted Speed Cross Street,First Harmful Event,Latitude,Longitude,Cell Phone In Use Flag,Other Property Damage,Reporting Badge No.
20181311I-2018-015001,MONMOUTH,EATONTOWN BORO,10/17/2018,WE,1824,01,EATONTOWN PD,,0,1,0,0,I,B,N,N,01,2,NJ 35,S,35,,00000035__,30.66,02,,01,04,02,01,06,01,05,01,25,FE,N,ROUTE 537 / TINTON AVE,,,,40,35,26,,,N,,105
20181311I-2018-015002,MONMOUTH,EATONTOWN BORO,10/17/2018,WE,2017,01,EATONTOWN PD,,0,0,0,0,P,B,N,N,12,1,NJ 36,W,36,,00000036__,.26,02,,02,06,02,01,07,01,05,01,,,,,T,NJ 18,SB,55,,24,,,N,,104
20181311I-2018-015033,MONMOUTH,EATONTOWN BORO,10/18/2018,TH,0849,01,EATONTOWN PD,,0,0,0,0,P,B,N,N,01,2,NJ 71,E,71,,00000071__,15.75,02,,01,04,02,01,01,01,05,01,200,FE,W,ROUTE 547 / WYCKOFF RD,,,,30,40,26,,,N,,660
20181311I-2018-015040,MONMOUTH,EATONTOWN BORO,10/18/2018,TH,1111,01,EATONTOWN PD,,0,0,0,0,P,I,N,N,02,2,NJ 35,W,35,,00000035__,29.00,02,,01,04,02,01,01,01,01,01,,AT,,MONMOUTH MALL JUGHANDLE,,,,45,,26,,,N,,660
20181311I-2018-015060,MONMOUTH,EATONTOWN BORO,10/18/2018,TH,2045,01,EATONTOWN PD,,0,0,0,0,P,B,N,N,02,2,NJ 35,S,35,,00000035__,30.43,02,,01,04,02,01,06,01,05,01,50,FE,S,NJ 71 / ROUTE 537 / BROAD ST,,,,30,30,26,,,N,,840
20181311I-2018-015092,MONMOUTH,EATONTOWN BORO,10/19/2018,FR,1107,01,EATONTOWN PD,,0,1,0,0,I,B,N,N,01,2,NJ 36,W,36,,00000036__,2.09,02,,01,04,02,01,01,01,03,01,300,FE,E,DMV JUG HANDLE,,,,50,25,26,,,N,,560
20181311I-2018-015139,MONMOUTH,EATONTOWN BORO,10/20/2018,SA,0659,01,EATONTOWN PD,EATONTOWN POLI?,0,0,0,0,P,B,N,N,03,2,NJ 35,N,35,,00000035__,30.34,02,,01,04,02,01,02,01,04,01,100,FE,S,SOUTH ST,,,,40,25,26,,,N,,106
20181311I-2018-015166,MONMOUTH,EATONTOWN BORO,10/20/2018,SA,1720,01,EATONTOWN PD,EATONTOWN,0,0,0,0,P,B,N,N,01,2,ROUTE 537,W,537,,00000537__,64.24,05,,01,06,02,01,01,01,05,01,35,FE,W,COUNTRY CLUB ROAD,,,,35,25,26,,,N,,111
20181311I-2018-015237,MONMOUTH,EATONTOWN BORO,10/22/2018,MO,1444,01,EATONTOWN PD,EATONTOWN,0,0,0,0,P,B,N,N,01,2,NJ 36,E,36,,00000036__,.82,02,,01,04,02,01,01,01,03,01,30,FE,W,GRANT AVE,,,,55,25,26,,,N,,122
20181311I-2018-015245,MONMOUTH,EATONTOWN BORO,10/22/2018,MO,1723,01,EATONTOWN PD,EATONTOWN,0,0,0,0,P,B,N,N,01,2,NJ 36,E,36,,00000036__,.82,02,,01,04,02,01,01,01,03,01,50,FE,W,GRANT AVE,,,,55,25,26,,,N,,122
20181311I-2018-015296,MONMOUTH,EATONTOWN BORO,10/23/2018,TU,1643,01,EATONTOWN PD,,0,0,0,0,P,B,N,N,01,2,NJ 36,W,36,,00000036__,1.04,02,,03,06,02,01,01,01,03,01,,,,,F,LAUREL PLACE,,55,,26,,,N,,107
20181311I-2018-015303,MONMOUTH,EATONTOWN BORO,10/23/2018,TU,1913,01,EATONTOWN PD,,0,0,0,0,P,B,N,N,03,2,ROUTE 547,N,547,,00000547__,27.35,05,,01,04,02,01,07,01,05,01,100,FE,S,NJ 35,,,,40,40,26,,,N,,104
20181311I-2018-015348,MONMOUTH,EATONTOWN BORO,10/24/2018,WE,1608,01,EATONTOWN PD,,0,0,0,0,P,B,N,N,08,2,SANDY LN **,S,,,13111139__,.04,07,,01,04,02,01,01,01,05,01,200,FE,E,GEORGETOWN DR,,,,25,25,28,,,N,,114
20181311I-2018-015388,MONMOUTH,EATONTOWN BORO,10/25/2018,TH,0901,01,EATONTOWN PD,EATONTOWN POLI?,0,0,0,0,P,B,N,N,01,2,NJ 36,W,36,,00000036__,.87,02,,01,04,02,01,01,01,03,01,200,FE,E,GRANT AVE,,,,55,25,26,,,N,,106
20181311I-2018-015389,MONMOUTH,EATONTOWN BORO,10/25/2018,TH,0903,01,EATONTOWN PD,,0,0,0,0,P,B,N,N,12,1,ROUTE 547,N,547,,00000547__,26.10,05,,01,04,02,01,01,01,05,01,200,FE,S,WOODMERE DR,,,,40,25,24,,,N,,102
20181311I-2018-015403,MONMOUTH,EATONTOWN BORO,10/25/2018,TH,1247,01,EATONTOWN PD,,0,0,0,0,P,B,N,N,01,2,FRANKEL WAY,W,,,,,07,,03,04,02,01,01,01,05,01,30,FE,E,NJ 35,,,,35,50,26,,,N,,102
20181311I-2018-015407,MONMOUTH,EATONTOWN BORO,10/25/2018,TH,1359,01,EATONTOWN PD,,0,0,0,0,P,B,N,N,01,2,NJ 36,E,36,,00000036__,.82,02,,01,04,02,01,01,01,01,01,50,FE,W,GRANT AVE,,,,55,25,26,,,N,,560
20181311I-2018-015410,MONMOUTH,EATONTOWN BORO,10/25/2018,TH,1522,01,EATONTOWN PD,,0,0,0,0,P,B,N,N,01,2,NJ 35,S,35,,00000035__,29.47,02,,01,06,02,01,01,01,01,01,400,FE,N,NJ 36,,,,40,50,26,,,N,,114
20181311I-2018-015443,MONMOUTH,EATONTOWN BORO,10/26/2018,FR,0552,01,EATONTOWN PD,,0,0,0,0,P,B,N,N,12,1,NJ 36,E,36,,00000036__,1.23,02,,01,04,02,01,06,01,03,01,200,FE,W,ROUTE 547 / WYCKOFF RD,,,,55,40,24,,,N,,110
20181311I-2018-015466,MONMOUTH,EATONTOWN BORO,10/26/2018,FR,1502,01,EATONTOWN PD,,0,0,0,0,P,B,N,N,01,2,NJ 36,W,36,,00000036__,1.52,02,,01,04,02,01,01,01,03,01,100,FE,W,NJ 35 / NEPTUNE BLVD,,,,50,40,26,,,N,,107
20181311I-2018-015477,MONMOUTH,EATONTOWN BORO,10/26/2018,FR,1756,01,EATONTOWN PD,EATONTOWN,0,1,0,0,I,B,N,N,01,2,NJ 35,S,35,,00000035__,29.45,02,,01,04,02,01,06,01,02,01,300,FE,N,NJ 36,,,,40,50,26,,,N,,122
20181311I-2018-015536,MONMOUTH,EATONTOWN BORO,10/27/2018,SA,2012,01,EATONTOWN PD,,0,4,0,0,I,B,Y,N,01,3,NJ 36,E,36,,00000036__,.82,02,,01,04,02,02,06,02,03,01,60,FE,W,GRANT AVE,,,,55,25,26,,,N,,119
20181311I-2018-015538,MONMOUTH,EATONTOWN BORO,10/27/2018,SA,2201,01,EATONTOWN PD,,0,0,0,0,P,I,N,N,02,2,MONMOUTH COUNTY 51,N,51,,13000051__,.89,05,,01,04,02,02,07,02,03,01,,AT,,NJ 36 / GARDEN STATE PARKWAY SPUR,,,,50,55,26,,,N,,104
20181311I-2018-015639,MONMOUTH,EATONTOWN BORO,10/29/2018,MO,1431,01,EATONTOWN PD,EATONTOWN POLI?,0,1,0,0,I,B,N,N,11,1,NJ 35,N,35,,00000035__,28.31,02,,01,04,02,01,01,01,02,01,100,FE,S,INDUSTRIAL WAY,,,,50,45,50,,,N,UTILITY POLE# JC93ETN ROUTE 35 NORTHBOUND - TRAFFIC SIGN SUPPORT FOR INDUSTRIAL?,106
20181311I-2018-015703,MONMOUTH,EATONTOWN BORO,10/30/2018,TU,1444,01,EATONTOWN PD,,0,3,0,0,I,I,N,N,03,3,NJ 36,E,36,,00000036__,1.27,02,,01,04,02,01,01,01,03,01,,AT,,ROUTE 547 / WYCKOFF RD,,,,50,40,26,,,N,,102
20181311I-2018-015709,MONMOUTH,EATONTOWN BORO,10/30/2018,TU,1711,01,EATONTOWN PD,,0,0,0,0,P,B,N,N,08,2,MEADOWBROOK DR **,W,,,13111025__,.45,07,,01,04,02,01,01,01,05,01,25,FE,E,BENSON PL,,,,25,25,26,,,N,,102
20181311I-2018-015718,MONMOUTH,EATONTOWN BORO,10/30/2018,TU,2134,01,EATONTOWN PD,EATONTOWN,0,0,0,0,P,B,N,N,01,2,NJ 36,W,36,,00000036__,.01,02,,01,04,02,01,05,01,03,01,30,FE,E,CR 51 / HOPE RD,,,,50,40,26,,,N,,117
20181311I-2018-015764,MONMOUTH,EATONTOWN BORO,10/31/2018,WE,1541,01,EATONTOWN PD,,0,0,0,0,P,B,N,N,01,2,NJ 36,W,36,,00000036__,.01,02,,01,04,02,01,01,01,03,01,50,FE,E,CR 51 / HOPE RD,,,,55,50,26,,,N,,107
20181311I-2018-015767,MONMOUTH,EATONTOWN BORO,10/31/2018,WE,1808,01,EATONTOWN PD,,0,0,0,0,P,B,N,N,03,2,NJ 35,S,35,,00000035__,29.71,02,,01,06,02,01,06,01,04,01,300,FE,N,ROUTE 547 / WYCKOFF RD,,,,40,35,26,,,N,,107
20181311I-2018-015771,MONMOUTH,EATONTOWN BORO,10/31/2018,WE,2029,01,EATONTOWN PD,,0,0,0,0,P,I,N,N,03,2,NJ 35,S,35,,00000035__,30.21,02,,01,04,02,01,06,01,05,01,,AT,,KREMER AVE,,,,30,25,26,,,N,,123
20181311I-2018-015797,MONMOUTH,EATONTOWN BORO,11/01/2018,TH,0736,01,EATONTOWN PD,,0,0,0,0,P,B,N,N,01,2,NJ 35,S,35,,00000035__,30.06,02,,01,04,02,01,01,01,04,01,15,FE,N,CLINTON AVE,,,,40,25,26,,,N,,107
20181311I-2018-015822,MONMOUTH,EATONTOWN BORO,11/01/2018,TH,1735,01,EATONTOWN PD,,0,1,0,0,I,B,N,N,01,4,NJ 36,S,36,,00000036__,.84,02,,01,04,02,01,01,01,03,01,30,FE,N,GRANT AVE,,,,50,25,26,,,N,,660
20181311I-2018-015877,MONMOUTH,EATONTOWN BORO,11/02/2018,FR,1701,01,EATONTOWN PD,EATONTOWN,0,0,0,0,P,B,N,N,01,2,NJ 36,W,36,,00000036__,1.08,02,,01,04,02,01,01,01,03,01,1320,FE,N,GRANT AVE,,,,55,25,26,,,N,,111
20181311I-2018-015878,MONMOUTH,EATONTOWN BORO,11/02/2018,FR,1712,01,EATONTOWN PD,,0,1,0,0,I,I,N,N,07,2,ROUTE 547,N,547,,00000547__,27.26,05,,01,04,02,01,01,01,05,01,,AT,,SOUTH ST,,,,35,25,26,,,N,,114
20181311I-2018-015880,MONMOUTH,EATONTOWN BORO,11/02/2018,FR,1751,01,EATONTOWN PD,,0,0,0,0,P,B,N,N,12,1,MONMOUTH COUNTY 32,E,32,,13000032__,.68,05,,03,04,02,02,06,02,05,01,100,FE,W,OLD DEAL RD,,,,40,25,24,,,N,,102
20181311I-2018-015904,MONMOUTH,EATONTOWN BORO,11/03/2018,SA,0813,01,EATONTOWN PD,,0,1,0,0,I,B,N,N,01,3,INDUSTRIAL WAY E,W,,,13111112__,.02,07,,01,04,02,01,01,01,05,01,100,FE,N,NJ 35,,,,45,50,26,,,N,,560
20181311I-2018-015912,MONMOUTH,EATONTOWN BORO,11/03/2018,SA,1204,01,EATONTOWN PD,,0,0,0,0,P,B,N,N,02,2,NJ 35,N,35,,00000035__,30.29,02,,01,04,02,01,01,01,05,01,800,FE,S,NJ 71 / ROUTE 537 / BROAD ST,,,,40,30,26,,,N,,114
20181311I-2018-015949,MONMOUTH,EATONTOWN BORO,11/04/2018,SU,1222,01,EATONTOWN PD,,0,0,0,0,P,B,N,N,01,2,NJ 36,S,36,,00000036__,1.31,02,,01,04,02,01,01,01,03,01,200,FE,N,ROUTE 547 / WYCKOFF RD,,,,50,35,26,,,N,,114
20181311I-2018-016002,MONMOUTH,EATONTOWN BORO,11/05/2018,MO,1423,01,EATONTOWN PD,EATONTOWN,0,0,0,0,P,B,N,N,01,2,NJ 36,N,36,,00000036__,.71,02,,01,04,02,02,01,02,01,01,617,FE,S,GRANT AVE,,,,55,25,26,,,N,,116
20181311I-2018-016003,MONMOUTH,EATONTOWN BORO,11/05/2018,MO,1450,01,EATONTOWN PD,,0,1,0,0,I,B,N,N,14,1,SOUTH ST **,S,,,13111043__,.54,07,,02,04,02,02,01,02,05,01,50,FE,N,RICHARDSON AVE,,,,25,25,21,,,N,,119
20181311I-2018-016004,MONMOUTH,EATONTOWN BORO,11/05/2018,MO,1504,01,EATONTOWN PD,EATONTOWN,0,0,0,0,P,B,N,N,01,2,NJ 35,S,35,,00000035__,29.02,02,,01,04,02,02,01,02,01,01,99,FE,N,MALL JUGHANDLE,,,,50,20,26,,,N,,116
20181311I-2018-016008,MONMOUTH,EATONTOWN BORO,11/05/2018,MO,1613,01,EATONTOWN PD,EATONTOWN,0,0,0,0,P,B,N,N,01,2,NJ 36,S,36,,00000036__,2.22,02,,01,04,02,02,01,02,03,01,1006,FE,N,DMV JUGHANDLE,,,,50,25,26,,,N,,116
20181311I-2018-016011,MONMOUTH,EATONTOWN BORO,11/05/2018,MO,1726,01,EATONTOWN PD,EATONTOWN,0,0,0,0,P,B,N,N,02,2,INDUSTRIAL WAY W,W,,,13111111__,.30,07,,01,04,02,02,06,02,05,01,1588,FE,E,HOPE RD,,,,45,40,26,,,N,,116
20181311I-2018-016015,MONMOUTH,EATONTOWN BORO,11/05/2018,MO,1930,01,EATONTOWN PD,,0,0,0,0,P,B,N,N,01,2,INDUSTRIAL WAY E,S,,,13111112__,.03,07,,01,04,02,02,06,02,05,01,150,FE,N,NJ 35,,,,45,45,26,,,N,,660
20181311I-2018-016056,MONMOUTH,EATONTOWN BORO,11/06/2018,TU,1250,01,EATONTOWN PD,EATONTOWN,0,1,0,0,I,I,N,N,03,2,PARKER RD **,E,,,13531044__,1.70,07,,01,04,02,02,01,02,05,01,,AT,,WALL ST,,,,35,35,26,,,N,,116
20181311I-2018-016066,MONMOUTH,EATONTOWN BORO,11/06/2018,TU,1549,01,EATONTOWN PD,EATONTOWN,0,1,0,0,I,B,N,N,03,2,ROUTE 547,S,547,,00000547__,26.82,05,,01,04,02,02,01,02,03,01,208,FE,S,EMMA PL,,,,40,25,26,,,N,,116
20181311I-2018-016068,MONMOUTH,EATONTOWN BORO,11/06/2018,TU,1639,01,EATONTOWN PD,,0,0,0,0,P,B,N,N,01,2,NJ 36,N,36,,00000036__,2.02,02,,01,05,02,02,01,02,03,01,50,FE,S,DMV JUG HANDLE,,,,50,25,26,,,N,,119
20181311I-2018-016069,MONMOUTH,EATONTOWN BORO,11/06/2018,TU,1652,01,EATONTOWN PD,EATONTOWN,0,0,0,0,P,B,N,N,12,1,REYNOLDS DR **,N,,,13111033__,.82,07,,01,04,02,02,03,02,05,01,272,FE,E,ROUTE 537 / WYCKOFF RD,,,,25,40,24,,,N,,116
20181311I-2018-016106,MONMOUTH,EATONTOWN BORO,11/07/2018,WE,1147,01,EATONTOWN PD,EATONTOWN POLI?,0,0,0,0,P,B,N,N,01,2,NJ 35,N,35,,00000035__,29.64,02,,01,04,02,01,01,01,05,01,75,FE,S,ROUTE 547 / WYCKOFF RD,,,,40,40,26,,,N,,106
20181311I-2018-016115,MONMOUTH,EATONTOWN BORO,11/07/2018,WE,1406,01,EATONTOWN PD,,0,0,0,0,P,B,N,N,01,2,MONMOUTH COUNTY 51,N,51,,13000051__,.04,05,,01,04,02,01,01,01,05,01,200,FE,N,ROUTE 547 / SHAFTO RD / WYCKOFF RD,,,,40,40,26,,,N,,114
20181311I-2018-016116,MONMOUTH,EATONTOWN BORO,11/07/2018,WE,1407,01,EATONTOWN PD,,0,0,0,0,P,B,N,N,02,2,NJ 36,S,36,,00000036__,2.02,02,,01,04,02,01,01,01,05,01,,,,,,,,50,,26,,,N,,114
20181311I-2018-016130,MONMOUTH,EATONTOWN BORO,11/07/2018,WE,1928,01,EATONTOWN PD,EATONTOWN,0,0,0,0,P,B,N,N,99,1,NJ 35,N,35,,00000035__,29.97,02,,01,04,02,01,06,01,05,01,450,FE,S,CLINTON AVE,,,,45,25,19,,,N,,117
20181311I-2018-016135,MONMOUTH,EATONTOWN BORO,11/07/2018,WE,2123,01,EATONTOWN PD,,0,0,0,0,P,B,N,N,12,1,NJ 36,S,36,,00000036__,.53,02,,01,04,02,01,06,01,01,01,1584,FE,S,GRANT AVE,,,,55,25,24,,,N,,120
20181311I-2018-016153,MONMOUTH,EATONTOWN BORO,11/08/2018,TH,0915,01,EATONTOWN PD,EATONTOWN POLI?,0,1,0,0,I,B,N,N,01,2,NJ 35,S,35,,00000035__,28.29,02,,01,04,02,01,01,01,01,01,200,FE,S,INDUSTRIAL WAY WEST,,,,45,45,26,,,N,,106
20181311I-2018-016157,MONMOUTH,EATONTOWN BORO,11/08/2018,TH,1143,01,EATONTOWN PD,EATONTOWN POLI?,0,0,0,0,P,I,N,N,02,2,NJ 36,E,36,,00000036__,.00,02,,01,04,02,01,01,01,05,01,,AT,,CR 51 / HOPE RD,,,,55,50,26,,,N,,106
20181311I-2018-016249,MONMOUTH,EATONTOWN BORO,11/10/2018,SA,0846,01,EATONTOWN PD,,0,0,0,0,P,B,N,N,02,3,NJ 36,N,36,,00000036__,2.22,02,,01,04,02,01,01,01,03,01,1000,FE,N,DMV JUG HANDLE,,,,50,25,26,,,N,,119
20181311I-2018-016268,MONMOUTH,EATONTOWN BORO,11/10/2018,SA,1508,01,EATONTOWN PD,,0,0,0,0,P,B,N,N,02,2,NJ 36,N,36,,00000036__,1.53,02,,01,04,02,01,01,01,03,01,50,FE,S,NJ 35 / NEPTUNE BLVD,,,,50,50,26,,,N,,119
20181311I-2018-016305,MONMOUTH,EATONTOWN BORO,11/11/2018,SU,1310,01,EATONTOWN PD,,0,0,0,0,P,B,N,N,03,2,MONMOUTH COUNTY 32,E,32,,13000032__,.03,05,,01,04,02,01,01,01,05,01,150,FE,E,NJ 35,,,,35,45,26,,,N,,840
20181311I-2018-016309,MONMOUTH,EATONTOWN BORO,11/11/2018,SU,1608,01,EATONTOWN PD,,0,3,0,0,I,B,N,N,03,2,NJ 35,S,35,,00000035__,30.68,02,,02,05,02,01,01,01,04,01,100,FE,N,ROUTE 537 / TINTON AVE,,,,40,35,26,,,N,,119
20181311I-2018-016311,MONMOUTH,EATONTOWN BORO,11/11/2018,SU,1717,01,EATONTOWN PD,,0,0,0,0,P,B,N,N,01,2,NJ 35,S,35,,00000035__,28.35,02,,01,04,02,01,06,01,01,01,100,FE,N,INDUSTRIAL WAY WEST,,,,45,45,26,,,N,,123
20181311I-2018-016368,MONMOUTH,EATONTOWN BORO,11/12/2018,MO,1622,01,EATONTOWN PD,EATONTOWN,0,0,0,0,P,B,N,N,01,2,NJ 36,N,36,,00000036__,2.01,02,,01,04,02,01,01,01,03,01,100,FE,S,DMV JUGHANDLE,,,,50,,26,,,Y,,117
20181311I-2018-016426,MONMOUTH,EATONTOWN BORO,11/13/2018,TU,1954,01,EATONTOWN PD,,0,0,0,0,P,B,N,N,01,2,NJ 35,S,35,,00000035__,29.40,02,,01,04,02,01,05,01,02,01,50,FE,N,NJ 36,,,,40,50,26,,,N,,114
20181311I-2018-016446,MONMOUTH,EATONTOWN BORO,11/14/2018,WE,0959,01,EATONTOWN PD,,0,0,0,0,P,B,N,N,01,2,NJ 36,S,36,,00000036__,1.20,02,,01,04,02,01,01,01,03,01,,,,,F,LAUREL PLACE,WB,36,,26,,,N,,104
20181311I-2018-016474,MONMOUTH,EATONTOWN BORO,11/14/2018,WE,1817,01,EATONTOWN PD,,0,0,0,0,P,B,N,N,01,2,NJ 35,S,35,,00000035__,29.67,02,,01,04,02,01,06,01,05,01,100,FE,N,ROUTE 547 / WYCKOFF RD,,,,40,40,26,,,N,,123
20181311I-2018-016508,MONMOUTH,EATONTOWN BORO,11/15/2018,TH,1556,01,EATONTOWN PD,,0,0,0,0,P,I,N,N,11,2,NJ 35,N,35,,00000035__,29.65,02,,01,04,02,02,03,02,05,01,,AT,,ROUTE 547 / WYCKOFF RD,,,,40,40,51,,,N,THE LIGHT POLE AT THE INTERSECTION OF ROUTE 35 SOUTH AND WYCKOFF ROAD  ON THE C?,123
20181311I-2018-016510,MONMOUTH,EATONTOWN BORO,11/15/2018,TH,1723,01,EATONTOWN PD,,0,0,0,0,P,B,N,N,01,2,ROUTE 547,N,547,,00000547__,27.26,05,,01,04,02,02,07,02,05,01,10,FE,S,SOUTH ST,,,,40,25,26,,,N,,104
20181311I-2018-016511,MONMOUTH,EATONTOWN BORO,11/15/2018,TH,1732,01,EATONTOWN PD,,0,0,0,0,P,B,N,N,15,1,MONMOUTH COUNTY 32,W,32,,13000032__,.98,05,,01,04,02,02,06,02,05,01,200,FE,E,ROZBERT DR,,,,40,25,39,,,N,DAMAGE TO MAILBOXES AT 489 AND 499 WALL STREET  DAMAGE TO GAS MEASURING LINE OW?,840
20181311I-2018-016516,MONMOUTH,EATONTOWN BORO,11/15/2018,TH,1912,01,EATONTOWN PD,EATONTOWN,0,0,0,0,P,B,N,N,01,2,NJ 35,N,35,,00000035__,29.61,02,,01,04,02,02,07,02,05,01,200,FE,S,ROUTE 547 / WYCKOFF RD,,,,40,40,26,,,N,,122
20181311I-2018-016549,MONMOUTH,EATONTOWN BORO,11/16/2018,FR,1542,01,EATONTOWN PD,,0,0,0,0,P,I,N,N,07,2,ROUTE 547,S,547,,00000547__,25.69,05,,01,04,02,01,01,01,05,01,,AT,,CR 51 / HOPE RD,,,,50,40,26,,,N,,120
20181311I-2018-016557,MONMOUTH,EATONTOWN BORO,11/16/2018,FR,1744,01,EATONTOWN PD,,0,1,0,0,I,B,N,N,01,2,NJ 35,N,35,,00000035__,29.37,02,,01,04,02,01,03,01,02,01,100,FE,S,NJ 36,,,,50,50,26,,,N,,110
20181311I-2018-016559,MONMOUTH,EATONTOWN BORO,11/16/2018,FR,1758,01,EATONTOWN PD,,0,0,0,0,P,B,N,N,03,2,ROUTE 537,W,537,,00000537__,64.48,05,,01,04,02,01,06,01,05,01,100,FE,W,NJ 35,,,,35,35,26,,,N,,103
20181311I-2018-016567,MONMOUTH,EATONTOWN BORO,11/16/2018,FR,2237,01,EATONTOWN PD,EATONTOWN,0,0,0,0,P,I,N,N,02,2,NJ 35,S,35,,00000035__,30.66,02,,01,04,02,01,06,01,05,02,,AT,E,ROUTE 537 / TINTON AVE,,,,30,35,26,,,N,,111
20181311I-2018-016579,MONMOUTH,EATONTOWN BORO,11/17/2018,SA,0947,01,EATONTOWN PD,,0,0,0,0,P,I,N,N,01,2,MONMOUTH COUNTY 32,W,32,,13000032__,.58,05,,01,04,02,01,01,01,05,01,,AT,,INDUSTRIAL WAY E,,,,45,40,26,,,N,,120
20181311I-2018-016674,MONMOUTH,EATONTOWN BORO,11/19/2018,MO,1702,01,EATONTOWN PD,EATONTOWN,0,0,0,0,P,B,N,N,01,2,NJ 36,S,36,,00000036__,2.17,02,,01,04,02,01,07,01,03,01,736,FE,N,DMV JUGHANDLE,,,,50,25,26,,,N,,116
20181311I-2018-016681,MONMOUTH,EATONTOWN BORO,11/19/2018,MO,1740,01,EATONTOWN PD,,0,0,0,0,P,B,N,N,01,2,NJ 36,S,36,,00000036__,2.05,02,,01,06,02,01,03,01,03,01,100,FE,N,DMV JUG HANDLE,,,,50,,26,,,N,,119
20181311I-2018-016729,MONMOUTH,EATONTOWN BORO,11/20/2018,TU,1136,01,EATONTOWN PD,EATONTOWN,0,0,0,0,P,B,N,N,01,2,NJ 35,S,35,,00000035__,29.86,02,,01,04,02,01,01,01,05,01,1096,FE,N,ROUTE 547 / WYCKOFF RD,,,,40,35,26,,,N,,116
20181311I-2018-016747,MONMOUTH,EATONTOWN BORO,11/20/2018,TU,2032,01,EATONTOWN PD,,0,0,0,0,P,B,N,N,08,2,GEORGETOWN DR **,E,,,13111138__,.04,07,,01,04,02,01,06,01,05,01,52,FE,S,SANDY LN,,,,25,25,28,,,N,,540
20181311I-2018-016750,MONMOUTH,EATONTOWN BORO,11/20/2018,TU,2128,01,EATONTOWN PD,,0,0,0,0,P,B,N,N,02,2,NJ 35,S,35,,00000035__,29.41,02,,01,04,02,01,06,01,02,01,100,FE,N,NJ 36,,,,40,50,26,,,N,,109
20181311I-2018-016780,MONMOUTH,EATONTOWN BORO,11/21/2018,WE,1133,01,EATONTOWN PD,,0,0,0,0,P,B,N,N,02,2,NJ 35,S,35,,00000035__,29.00,02,,01,04,02,01,01,01,05,01,,,,,F,MALL OUTER ROADWAY,,50,,26,,,N,,120
20181311I-2018-016787,MONMOUTH,EATONTOWN BORO,11/21/2018,WE,1225,01,EATONTOWN PD,,0,0,0,0,P,B,N,N,99,1,NJ 35,,35,,00000035__,,02,,,,,,,,,,,,,,,,,,,,,,N,,120
20181311I-2018-016810,MONMOUTH,EATONTOWN BORO,11/21/2018,WE,1654,01,EATONTOWN PD,,0,0,0,0,P,B,N,N,12,1,INDUSTRIAL WAY E,W,,,13111112__,.21,07,,03,04,02,01,06,01,05,01,1113,FE,E,NJ 35,,,,40,,24,,,N,,120
20181311I-2018-016813,MONMOUTH,EATONTOWN BORO,11/21/2018,WE,1901,01,EATONTOWN PD,EATONTOWN,0,0,0,0,P,B,N,N,02,2,NJ 35,N,35,,00000035__,30.55,02,,01,05,02,01,07,01,05,01,200,FE,N,THROCKMORTON AVE,,,,35,25,26,,,N,,111
20181311I-2018-016943,MONMOUTH,EATONTOWN BORO,11/24/2018,SA,1744,01,EATONTOWN PD,,0,0,0,0,P,B,N,N,02,2,NJ 35,S,35,,00000035__,30.75,02,,01,04,02,02,06,02,05,01,500,FE,N,ROUTE 537 / TINTON AVE,,,,40,35,26,,,N,,123
20181311I-2018-017008,MONMOUTH,EATONTOWN BORO,11/26/2018,MO,0121,01,EATONTOWN PD,,0,0,0,0,P,B,N,N,12,1,ROUTE 547,N,547,,00000547__,27.66,05,,01,04,02,01,06,01,05,01,200,FE,S,KREMER AVE,,,,40,25,24,,,N,,540
20181311I-2018-017129,MONMOUTH,EATONTOWN BORO,11/27/2018,TU,1601,01,EATONTOWN PD,EATONTOWN,0,0,0,0,P,B,N,N,01,2,NJ 35,N,35,,00000035__,30.43,02,,01,04,02,01,01,01,05,01,50,FE,S,NJ 71 / ROUTE 537 / BROAD ST,,,,40,25,26,,,Y,,117
20181311I-2018-017142,MONMOUTH,EATONTOWN BORO,11/27/2018,TU,1739,01,EATONTOWN PD,EATONTOWN,0,1,0,0,I,B,Y,N,01,3,NJ 36,S,36,,00000036__,.02,02,,01,04,02,01,07,01,03,01,100,FE,E,CR 51 / HOPE RD,,,,55,40,26,,,N,,117
20181311I-2018-017233,MONMOUTH,EATONTOWN BORO,11/28/2018,WE,1921,01,EATONTOWN PD,,0,0,0,0,P,B,N,N,01,3,NJ 36,W,36,,00000036__,.87,02,,01,04,02,01,05,01,02,01,200,FE,E,GRANT AVE,,,,50,25,26,,,N,,660
20181311I-2018-017235,MONMOUTH,EATONTOWN BORO,11/28/2018,WE,1951,01,EATONTOWN PD,,0,1,0,0,I,B,N,N,01,2,NJ 36,S,36,,00000036__,1.36,02,,01,04,02,01,06,01,03,01,500,FE,N,ROUTE 547 / WYCKOFF RD,,,,50,40,26,,,N,,540