Year(4)-CountyCode(2)-MunicipalityCode(2)-CaseNumber(9),County Name,Municipality Name,Crash Date,Crash Day of Week,Crash Time,Police Department Code,Police Department,Police Station,Total Killed,Total Injured,Pedestrians Killed,Pedestrians Injured,Severity,Intersection,Alcohol Involved,Hazmat Involved,Crash Type,Total Vehicles,Location,Location Direction,Route,Route Suffix,Std Rte Identifier,MilePost,Road System,Road Character,Road Horizontal Alignment,Road Grade,Road Surface Type,Surface Condition,Light Condition,Environmental Condition,Road Divided By,Temporary Traffic Control Zone,Distance To Cross Street,Unit Of Measurement,Direction From Cross Street,Cross Street Name,Is Ramp,Ramp To/From Route Name,Ramp To/From Route Direction,Posted Speed,Posted Speed Cross Street,First Harmful Event,Latitude,Longitude,Cell Phone In Use Flag,Other Property Damage,Reporting Badge No.
20181311I-2018-017276,MONMOUTH,EATONTOWN BORO,11/29/2018,TH,1440,01,EATONTOWN PD,EATONTOWN,0,0,0,0,P,B,N,N,02,2,ROUTE 547,N,547,,00000547__,27.32,05,,01,04,02,01,01,01,05,01,261,FE,S,NJ 35,,,,35,40,26,,,N,,116
20181311I-2018-017281,MONMOUTH,EATONTOWN BORO,11/29/2018,TH,1722,01,EATONTOWN PD,EATONTOWN,0,0,0,0,P,B,N,N,02,2,NJ 36,S,36,,00000036__,1.16,02,,01,04,02,01,07,01,01,01,212,FE,S,LAUREL PLACE RAMP,,,,55,25,26,,,N,,116
20181311I-2018-017282,MONMOUTH,EATONTOWN BORO,11/29/2018,TH,1753,01,EATONTOWN PD,,0,0,0,0,P,B,N,N,01,2,WOODMERE RD **,W,,,13111065__,.00,07,,01,04,02,01,06,01,04,01,10,FE,E,ROUTE 547 / WYCKEFF RD,,,,25,40,26,,,N,,109
20181311I-2018-017320,MONMOUTH,EATONTOWN BORO,11/30/2018,FR,1302,01,EATONTOWN PD,,0,1,0,0,I,B,N,N,02,2,MONMOUTH COUNTY 51,N,51,,13000051__,.88,05,,01,04,02,02,01,02,05,01,35,FE,S,NJ 36 / GARDEN STATE PARKWAY SPUR,,,,50,55,26,,,N,,108
20181311I-2018-017338,MONMOUTH,EATONTOWN BORO,11/30/2018,FR,1716,01,EATONTOWN PD,EATONTOWN,0,0,0,0,P,B,N,N,01,2,NJ 36,N,36,,00000036__,1.22,02,,01,04,02,01,07,01,01,01,250,FE,S,ROUTE 547 / WYCKOFF RD,,,,55,40,26,,,N,,117
20181311I-2018-017425,MONMOUTH,EATONTOWN BORO,12/02/2018,SU,1331,01,EATONTOWN PD,,0,0,0,0,P,B,N,N,02,2,NJ 35,N,35,,00000035__,29.54,02,,01,04,02,02,01,02,04,01,600,FE,S,ROUTE 547 / WYCKOFF RD,,,,40,40,26,,,N,,110
20181311I-2018-017457,MONMOUTH,EATONTOWN BORO,12/03/2018,MO,0748,01,EATONTOWN PD,EATONTOWN,0,0,0,0,P,B,N,N,12,1,NJ 36,N,36,,00000036__,1.23,02,,01,04,02,01,01,01,03,01,200,FE,S,ROUTE 547 / WYCKOFF RD,,,,55,40,24,,,N,,122
20181311I-2018-017492,MONMOUTH,EATONTOWN BORO,12/03/2018,MO,1712,01,EATONTOWN PD,,0,0,0,0,P,B,N,N,11,1,MAPLE AVE **,S,,,13111038__,.33,07,,01,04,02,01,01,01,05,01,150,FE,N,BUTTONWOOD AVE,,,,25,25,52,,,N,,540
20181311I-2018-017493,MONMOUTH,EATONTOWN BORO,12/03/2018,MO,1716,01,EATONTOWN PD,EATONTOWN,0,0,0,0,P,B,N,N,12,1,NJ 36,W,36,,00000036__,.06,02,,01,04,02,01,05,01,03,01,300,FE,E,CR 51 / HOPE RD,,,,55,40,24,,,N,,122
20181311I-2018-017498,MONMOUTH,EATONTOWN BORO,12/03/2018,MO,1755,01,EATONTOWN PD,EATONTOWN,0,0,0,0,P,I,N,N,11,1,NJ 71,N,71,,00000071__,16.65,02,,01,04,02,01,07,01,05,01,,AT,,WHITE ST,,,,30,25,52,,,N,LIGHT POLE BT513ETN WAS DAMAGED AT THE INTERSECTION OF BROAD STREET AND WHITE S?,122
20181311I-2018-017515,MONMOUTH,EATONTOWN BORO,12/04/2018,TU,0004,01,EATONTOWN PD,,0,0,0,0,P,B,N,N,12,1,MONMOUTH COUNTY 32,S,32,,13000032__,1.14,05,,01,04,02,01,06,01,05,01,1000,FE,W,WHALEPOND ROAD,,,,40,35,24,,,N,,123
20181311I-2018-017549,MONMOUTH,EATONTOWN BORO,12/04/2018,TU,1438,01,EATONTOWN PD,EATONTOWN,0,0,0,0,P,I,N,N,99,1,NJ 35,N,35,,00000035__,29.65,02,,01,04,02,01,01,01,05,01,,AT,,ROUTE 547 / WYCKOFF RD,,,,40,35,26,,,N,,116
20181311I-2018-017554,MONMOUTH,EATONTOWN BORO,12/04/2018,TU,1625,01,EATONTOWN PD,EATONTOWN,0,0,0,0,P,B,N,N,01,2,NJ 35,N,35,,00000035__,30.32,02,,01,04,02,01,03,01,04,01,213,FE,S,SOUTH ST,,,,40,25,26,,,N,,116
20181311I-2018-017561,MONMOUTH,EATONTOWN BORO,12/04/2018,TU,1735,01,EATONTOWN PD,,0,0,0,0,P,I,N,N,03,2,INDUSTRIAL WAY W,W,,,13111111__,1.15,07,,01,04,02,01,06,01,04,01,,AT,,MERIDIAN RD,,,,40,25,26,,,N,,107
20181311I-2018-017564,MONMOUTH,EATONTOWN BORO,12/04/2018,TU,1801,01,EATONTOWN PD,,0,0,0,0,P,I,N,N,02,2,NJ 36,W,36,,00000036__,.26,02,,01,04,02,01,06,01,03,01,,AT,W,NJ 18 ON RAMP,,,,50,50,26,,,N,,660
20181311I-2018-017609,MONMOUTH,EATONTOWN BORO,12/05/2018,WE,1444,01,EATONTOWN PD,,0,0,0,0,P,I,N,N,01,2,NJ 36,S,36,,00000036__,1.27,02,,01,04,02,01,01,05,03,01,,AT,,ROUTE 547 / WYCKOFF RD,,,,50,35,26,,,N,,120
20181311I-2018-017677,MONMOUTH,EATONTOWN BORO,12/06/2018,TH,2122,01,EATONTOWN PD,,0,0,0,0,P,B,N,N,11,1,NJ 36,N,36,,00000036__,.89,02,,01,04,02,01,06,01,01,01,300,FE,N,GRANT AVE,,,,55,25,50,,,Y,,102
20181311I-2018-017688,MONMOUTH,EATONTOWN BORO,12/07/2018,FR,0745,01,EATONTOWN PD,,0,1,0,0,I,B,N,N,01,2,NJ 36,N,36,,00000036__,1.26,02,,01,04,02,01,01,01,02,01,35,FE,S,ROUTE 547 / WYCKOFF RD,,,,50,40,26,,,N,,660
20181311I-2018-017700,MONMOUTH,EATONTOWN BORO,12/07/2018,FR,1207,01,EATONTOWN PD,EATONTOWN,0,0,0,0,P,B,N,N,01,2,NJ 71,N,71,,00000071__,16.78,02,,01,04,02,01,01,01,05,01,10,FE,S,NJ 35 / NEPTUNE BOULEVARD,,,,30,30,26,,,N,,122
20181311I-2018-017812,MONMOUTH,EATONTOWN BORO,12/09/2018,SU,0105,01,EATONTOWN PD,,0,0,0,0,P,B,N,N,02,2,NJ 36,W,36,,00000036__,2.02,02,,01,06,02,01,06,01,03,01,50,FE,S,DMV JUG HANDLE,,,,50,25,26,,,N,,119
20181311I-2018-017827,MONMOUTH,EATONTOWN BORO,12/09/2018,SU,1234,01,EATONTOWN PD,,0,1,0,0,I,B,N,N,01,2,ROUTE 547,S,547,,00000547__,25.70,05,,01,04,02,01,01,01,05,01,50,FE,N,CR 51 / HOPE RD,,,,40,40,26,,,N,,114
20181311I-2018-017872,MONMOUTH,EATONTOWN BORO,12/10/2018,MO,0850,01,EATONTOWN PD,EATONTOWN POLI?,0,1,0,0,I,I,N,N,03,2,NJ 36,E,36,,00000036__,1.27,02,,01,04,02,01,01,01,03,01,,AT,S,ROUTE 547 / WYCKOFF RD,,,,50,40,26,,,N,,106
20181311I-2018-017891,MONMOUTH,EATONTOWN BORO,12/10/2018,MO,1546,01,EATONTOWN PD,,0,1,0,0,I,B,N,N,01,2,NJ 36,W,36,,00000036__,.96,02,,01,04,02,01,01,01,01,01,700,FE,E,GRANT AVE,,,,50,25,26,,,N,,560
20181311I-2018-017895,MONMOUTH,EATONTOWN BORO,12/10/2018,MO,1716,01,EATONTOWN PD,,0,0,0,0,P,B,N,N,01,2,NJ 35,S,35,,00000035__,28.50,02,,03,06,02,01,05,01,03,01,,,,,T,INDUSTRIAL WAY WEST,WB,45,,26,,,N,,114
20181311I-2018-017896,MONMOUTH,EATONTOWN BORO,12/10/2018,MO,1737,01,EATONTOWN PD,EATONTOWN POLI?,0,0,0,0,P,I,N,N,09,2,MONMOUTH COUNTY 32,W,32,,13000032__,.58,05,,01,04,02,01,07,01,05,01,,AT,,INDUSTRIAL WAY E,,,,35,45,26,,,N,,106
20181311I-2018-017898,MONMOUTH,EATONTOWN BORO,12/10/2018,MO,1835,01,EATONTOWN PD,,0,0,0,0,P,B,N,N,01,2,NJ 36,N,36,,00000036__,1.24,02,,01,04,02,01,06,01,02,01,150,FE,S,ROUTE 547 / WYCKOFF RD,,,,50,40,26,,,N,,560
20181311I-2018-017940,MONMOUTH,EATONTOWN BORO,12/11/2018,TU,1126,01,EATONTOWN PD,,0,1,0,0,I,B,N,N,01,3,NJ 36,N,36,,00000036__,1.94,02,,01,04,02,01,01,01,03,01,500,FE,S,DMV JUGHANDLE,,,,50,50,26,,,N,,114
20181311I-2018-017968,MONMOUTH,EATONTOWN BORO,12/11/2018,TU,1753,01,EATONTOWN PD,,0,0,0,0,P,B,N,N,15,1,SOUTH ST **,N,,,13111043__,.65,07,,01,04,02,01,07,01,05,01,200,FE,S,BUTTONWOOD AVE,,,,25,25,99,,,N,,560
20181311I-2018-018012,MONMOUTH,EATONTOWN BORO,12/12/2018,WE,0910,01,EATONTOWN PD,,0,1,0,0,I,B,N,N,01,2,NJ 35,S,35,,00000035__,30.81,02,,01,04,02,01,01,01,05,01,800,FE,N,ROUTE 537 / TINTON AVE,,,,40,35,26,,,N,,660
20181311I-2018-018192,MONMOUTH,EATONTOWN BORO,12/14/2018,FR,1717,01,EATONTOWN PD,,0,0,0,0,P,B,N,N,03,2,NJ 35,N,35,,00000035__,30.08,02,,01,04,02,02,06,05,04,01,100,FE,N,CLINTON AVE,,,,40,25,26,,,N,,102
20181311I-2018-018196,MONMOUTH,EATONTOWN BORO,12/14/2018,FR,1826,01,EATONTOWN PD,,0,0,0,0,P,I,N,N,03,2,ROUTE 547,N,547,,00000547__,27.70,05,,01,04,02,02,04,02,05,01,,AT,,KREMER AVE,,,,40,25,26,,,N,,114
20181311I-2018-018242,MONMOUTH,EATONTOWN BORO,12/15/2018,SA,1758,01,EATONTOWN PD,EATONTOWN,0,0,0,0,P,I,N,N,07,2,MONMOUTH COUNTY 32,S,32,,13000032__,.58,05,,01,04,02,01,07,01,05,01,,AT,,INDUSTRIAL WAY E,,,,35,40,26,,,N,,111
20181311I-2018-018303,MONMOUTH,EATONTOWN BORO,12/17/2018,MO,0854,01,EATONTOWN PD,,0,0,0,0,P,B,N,N,01,2,NJ 36,S,36,,00000036__,.04,02,,01,04,02,01,01,01,03,01,200,FE,N,CR 51 / HOPE RD,,,,55,50,26,,,N,,540
20181311I-2018-018334,MONMOUTH,EATONTOWN BORO,12/17/2018,MO,1714,01,EATONTOWN PD,,0,1,0,0,I,B,N,N,01,2,NJ 35,N,35,,00000035__,30.91,02,,01,04,02,01,06,01,01,01,500,FE,S,MONMOUTH MALL JUG HANDLE,,,,50,,26,,,N,,109
20181311I-2018-018385,MONMOUTH,EATONTOWN BORO,12/18/2018,TU,1219,01,EATONTOWN PD,,0,0,0,0,P,B,N,N,03,2,INDUSTRIAL WAY E,N,,,13111112__,.06,07,,01,04,02,01,01,01,05,01,300,FE,N,NJ 35,,,,45,40,26,,,N,,540
20181311I-2018-018396,MONMOUTH,EATONTOWN BORO,12/18/2018,TU,1625,01,EATONTOWN PD,,0,0,0,0,P,B,N,N,01,2,NJ 36,S,36,,00000036__,.01,02,,01,04,02,01,03,01,03,01,75,FE,N,CR 51 / HOPE RD,,,,55,50,26,,,N,,810
20181311I-2018-018399,MONMOUTH,EATONTOWN BORO,12/18/2018,TU,1727,01,EATONTOWN PD,,0,0,0,0,P,B,N,N,01,2,NJ 35,N,35,,00000035__,28.29,02,,01,04,02,01,04,01,01,01,200,FE,S,INDUSTRIAL WAY,,,,40,45,26,,,N,,540
20181311I-2018-018427,MONMOUTH,EATONTOWN BORO,12/19/2018,WE,1105,01,EATONTOWN PD,,0,0,0,0,P,B,N,N,01,2,NJ 35,S,35,,00000035__,29.20,02,,03,04,02,01,01,01,01,01,,,,,F,NJ 36,NB,50,,26,,,N,,860
20181311I-2018-018440,MONMOUTH,EATONTOWN BORO,12/19/2018,WE,1625,01,EATONTOWN PD,,0,1,0,0,I,B,N,N,01,2,INDUSTRIAL WAY E,S,,,13111112__,.02,07,,01,04,02,01,01,01,05,01,100,FE,N,NJ 35,,,,40,50,26,,,N,,560
20181311I-2018-018444,MONMOUTH,EATONTOWN BORO,12/19/2018,WE,1742,01,EATONTOWN PD,EATONTOWN POLI?,0,0,0,0,P,B,N,N,12,1,MONMOUTH COUNTY 32,W,32,,13000032__,.49,05,,01,04,02,01,07,01,05,01,500,FE,W,INDUSTRIAL WAY E,,,,30,40,25,,,N,,106
20181311I-2018-018458,MONMOUTH,EATONTOWN BORO,12/19/2018,WE,2221,01,EATONTOWN PD,,0,1,0,0,I,B,Y,N,10,1,NJ 35,N,35,,00000035__,29.30,02,,03,04,02,01,06,01,02,01,,,,,T,NJ36,NB,45,,01,,,N,,840
20181311I-2018-018480,MONMOUTH,EATONTOWN BORO,12/20/2018,TH,1536,01,EATONTOWN PD,,0,0,0,0,P,B,N,N,01,2,NJ 35,N,35,,00000035__,28.25,02,,01,04,02,02,01,02,01,01,400,FE,S,INDUSTRIAL WAY EAST,,,,50,45,26,,,N,,114
20181311I-2018-018518,MONMOUTH,EATONTOWN BORO,12/21/2018,FR,1140,01,EATONTOWN PD,,0,0,0,0,P,B,N,N,01,2,NJ 36,N,36,,00000036__,.82,02,,01,04,02,02,01,02,01,01,30,FE,S,GRANT AVE,,,,55,25,26,,,N,,107
20181311I-2018-018526,MONMOUTH,EATONTOWN BORO,12/21/2018,FR,1432,01,EATONTOWN PD,,0,0,0,0,P,B,N,N,02,2,NJ 35,S,35,,00000035__,29.40,02,,01,04,02,02,01,02,02,01,50,FE,N,NJ 36,,,,40,,26,,,N,,107
20181311I-2018-018528,MONMOUTH,EATONTOWN BORO,12/21/2018,FR,1504,01,EATONTOWN PD,,0,0,0,0,P,B,N,N,01,2,NJ 36,E,36,,00000036__,1.21,02,,01,04,02,02,01,03,03,01,300,FE,W,ROUTE 547 / WYCKOFF RD,,,,50,,26,,,N,,107
20181311I-2018-018534,MONMOUTH,EATONTOWN BORO,12/21/2018,FR,1648,01,EATONTOWN PD,,0,0,0,0,P,B,N,N,01,2,NJ 35,N,35,,00000035__,29.30,02,,01,04,02,02,06,01,02,01,75,FE,S,NJ 36,,,,45,,26,,,N,,107
20181311I-2018-018540,MONMOUTH,EATONTOWN BORO,12/21/2018,FR,1841,01,EATONTOWN PD,,0,0,0,0,P,B,N,N,01,2,NJ 35,N,35,,00000035__,28.32,02,,01,04,02,01,06,01,01,01,50,FE,S,INDUSTRIAL WAY EAST,,,,45,40,26,,,N,,123
20181311I-2018-018575,MONMOUTH,EATONTOWN BORO,12/22/2018,SA,1223,01,EATONTOWN PD,,0,3,0,0,I,B,N,N,01,2,NJ 35,N,35,,00000035__,28.24,02,,01,04,02,01,01,01,01,01,500,FE,S,INDUSTRIAL WAY,,,,50,,26,,,N,,109
20181311I-2018-018597,MONMOUTH,EATONTOWN BORO,12/22/2018,SA,1820,01,EATONTOWN PD,,0,0,0,0,P,B,N,N,01,2,NJ 71,N,71,,00000071__,16.74,02,,01,04,02,01,06,01,05,01,200,FE,S,NJ 35 / NEPTUNE BOULEVARD,,,,30,30,26,,,N,,540
20181311I-2018-018622,MONMOUTH,EATONTOWN BORO,12/23/2018,SU,0047,01,EATONTOWN PD,,0,0,0,0,P,I,N,N,07,2,NJ 36,S,36,,00000036__,1.27,02,,01,04,02,01,06,01,03,01,,AT,,ROUTE 547 / WYCKOFF RD,,,,50,35,26,,,N,,119
20181311I-2018-018720,MONMOUTH,EATONTOWN BORO,12/26/2018,WE,1333,01,EATONTOWN PD,,0,0,0,0,P,I,N,N,03,2,NJ 35,S,35,,00000035__,29.65,02,,01,04,02,01,01,01,05,01,,AT,,ROUTE 547 / WYCKOFF RD,,,,40,40,26,,,N,,540
20181311I-2018-018728,MONMOUTH,EATONTOWN BORO,12/26/2018,WE,1620,01,EATONTOWN PD,EATONTOWN,0,0,0,0,P,B,N,N,02,2,NJ 35,S,35,,00000035__,29.43,02,,01,04,02,01,03,01,02,01,200,FE,N,NJ 36,,,,40,50,26,,,N,,122
20181311I-2018-018767,MONMOUTH,EATONTOWN BORO,12/27/2018,TH,1455,01,EATONTOWN PD,EATONTOWN,0,0,0,0,P,B,N,N,02,2,GREEN GROVE RD,N,,,13341417__,4.93,07,,01,04,02,01,01,01,05,01,50,FE,S,ROUTE 547 / SHAFTO RD / WYCKOFF RD,,,,40,40,26,,,N,,122
20181311I-2018-018798,MONMOUTH,EATONTOWN BORO,12/28/2018,FR,0916,01,EATONTOWN PD,,0,0,0,0,P,B,N,N,11,1,175 WYCKOFF ROAD,,,,,,09,,01,04,02,02,01,02,05,01,,,,,,,,,,69,,,N,LANDSCAPING  STRUCTURAL DAMAGE TO BUILDING AND GLASS WINDOWS,102
20181311I-2018-018808,MONMOUTH,EATONTOWN BORO,12/28/2018,FR,1706,01,EATONTOWN PD,EATONTOWN,0,0,0,0,P,B,N,N,02,2,ROUTE 547,N,547,,00000547__,26.86,05,,01,06,02,02,07,02,02,01,10,FE,N,MALL EXIT,,,,40,20,26,,,N,,111
20181311I-2018-018868,MONMOUTH,EATONTOWN BORO,12/30/2018,SU,1138,01,EATONTOWN PD,,0,0,0,0,P,I,N,N,03,2,NJ 35,N,35,,00000035__,30.06,02,,01,04,02,01,01,01,05,01,,AT,,CLINTON AVE,,,,40,25,26,,,N,,560
20181311I-2018-018915,MONMOUTH,EATONTOWN BORO,12/31/2018,MO,1753,01,EATONTOWN PD,,0,0,0,0,P,B,N,N,01,2,NJ 36,S,36,,00000036__,.02,02,,01,04,02,02,06,02,03,01,100,FE,N,CR 51 / HOPE RD,,,,55,50,26,,,N,,119
20181311I-2018-018917,MONMOUTH,EATONTOWN BORO,12/31/2018,MO,1952,01,EATONTOWN PD,EATONTOWN,0,0,0,0,P,B,N,N,02,2,NJ 36,S,36,,00000036__,.92,02,,01,04,02,02,06,02,03,01,500,FE,,GRANT AVE,,,,55,25,26,,,N,,122
2018131218ET00138,MONMOUTH,ENGLISHTOWN BORO,01/07/2018,SU,0140,01,ENGLISHTOWN PD,18ETA0002,0,0,0,0,P,B,N,N,12,1,LASATTA AVE,W,,,13121051__,.22,07,,01,04,02,01,06,01,05,01,25,FE,E,CARRIAGE LN,,,,25,25,24,40.297710,74.362760,N,,8
2018131218ET00156,MONMOUTH,ENGLISHTOWN BORO,01/08/2018,MO,1047,01,ENGLISHTOWN PD,18ETA0004,0,0,0,0,P,B,N,N,11,1,ROUTE 522,N,522,,00000522__,14.39,05,,01,04,02,01,01,05,05,01,100,FE,S,HAMILTON ST,,,,25,25,69,40.295950,74.358160,N,CABLE LINE ; VERIZON FIOS 680 US 130  TRENTON  NJ 08691,18
2018131218ET00740,MONMOUTH,ENGLISHTOWN BORO,01/27/2018,SA,1119,01,ENGLISHTOWN PD,18ETA0006,0,0,0,0,P,B,N,N,06,2,ROUTE 522,W,522,,00000522__,14.39,05,,01,04,02,01,01,01,05,01,125,FE,E,ROUTE 527 / MAIN ST,,,,25,25,28,40.297170,74.360050,N,,14
2018131218ET00790,MONMOUTH,ENGLISHTOWN BORO,01/30/2018,TU,1237,01,ENGLISHTOWN PD,18ETA0007,0,1,0,0,I,B,N,N,01,2,ROUTE 527,S,527,,00000527__,30.13,05,,01,04,02,01,01,05,05,01,250,FE,N,ROUTE 522 / WATER ST,,,,25,25,26,40.398410,74.358360,N,,14
2018131218ET00958,MONMOUTH,ENGLISHTOWN BORO,02/06/2018,TU,1142,01,ENGLISHTOWN PD,18ETA0008,0,0,0,0,P,I,N,N,03,2,ROUTE 527,S,527,,00000527__,29.61,05,,01,04,02,01,01,05,05,01,,AT,,PARK AVE,,,,25,30,26,40.296410,74.358390,N,,14
2018131218ET01105,MONMOUTH,ENGLISHTOWN BORO,02/11/2018,SU,2247,01,ENGLISHTOWN PD,18ETA0009,0,0,0,0,P,B,N,N,03,2,ROUTE 527,S,527,,00000527__,30.47,05,,01,04,02,02,06,01,05,01,150,FE,N,CR 22,,,,40,35,26,40.302520,74.357370,N,,12
2018131218ET01288,MONMOUTH,ENGLISHTOWN BORO,02/16/2018,FR,1730,01,ENGLISHTOWN PD,18ETA0014,0,0,0,0,P,B,N,N,02,2,ROUTE 527,N,527,,00000527__,30.10,05,,01,04,02,01,03,05,05,01,75,FE,S,ROUTE 522 / WATER ST,,,,25,25,26,40.398410,74.358360,N,,14
2018131218ET01326,MONMOUTH,ENGLISHTOWN BORO,02/18/2018,SU,1051,01,ENGLISHTOWN PD,18ETA0012,0,0,0,0,P,B,N,N,03,2,ROUTE 527,S,527,,00000527__,30.50,05,,01,04,02,01,01,01,05,01,300,FE,N,GORDONS CORNER ROAD,,,,40,35,26,40.303510,74.357580,N,,18
2018131218ET01869,MONMOUTH,ENGLISHTOWN BORO,03/09/2018,FR,1625,01,ENGLISHTOWN PD,18ETA0016,0,1,0,0,I,I,N,N,03,2,ROUTE 522,W,522,,00000522__,14.12,05,,01,04,02,01,01,01,05,01,,AT,,HARMONY LN / LASATTA AVE,,,,35,25,26,40.297910,74.362630,N,,14
2018131218ET01920,MONMOUTH,ENGLISHTOWN BORO,03/10/2018,SA,1833,01,ENGLISHTOWN PD,18ETA0017,0,0,0,0,P,B,N,N,01,2,ROUTE 527,N,527,,00000527__,30.36,05,,01,04,02,01,06,01,05,01,200,FE,S,GORDONS CORNER ROAD,,,,25,35,26,40.301540,74.357180,N,,18
2018131218ET02110,MONMOUTH,ENGLISHTOWN BORO,03/17/2018,SA,1250,01,ENGLISHTOWN PD,18ETA0019,0,0,0,0,P,B,N,N,01,2,ROUTE 522,W,522,,00000522__,14.38,05,,01,04,02,01,01,01,05,01,50,FE,E,ROUTE 522 / TENNENT AVE,,,,25,25,26,40.295480,74.358380,N,,14
2018131218ET02171,MONMOUTH,ENGLISHTOWN BORO,03/19/2018,MO,1555,01,ENGLISHTOWN PD,18ETA0020,0,0,0,0,P,I,N,N,05,2,ROUTE 527,S,527,,00000527__,29.97,05,,01,04,02,01,01,01,05,01,,AT,E,ROUTE 522 / TENNENT AVE,,,,25,25,26,40.295480,74.358380,N,,14
2018131218ET02484,MONMOUTH,ENGLISHTOWN BORO,03/31/2018,SA,1022,01,ENGLISHTOWN PD,18ETA0022,0,1,0,0,I,B,N,N,01,2,ROUTE 527,N,527,,00000527__,29.95,05,,01,04,02,01,01,01,05,01,100,FE,S,ROUTE 522 / TENNENT AVE,,,,25,25,26,40.294970,74.358180,N,,18
2018131218ET02683,MONMOUTH,ENGLISHTOWN BORO,04/06/2018,FR,1606,01,ENGLISHTOWN PD,18ETA0023,0,0,0,0,P,I,N,N,07,2,ROUTE 527,S,527,,00000527__,30.08,05,,01,04,02,01,01,01,05,01,,AT,,ROUTE 522 / WATER ST,,,,25,25,26,40.297100,74.358410,N,,18
2018131218ET02969,MONMOUTH,ENGLISHTOWN BORO,04/15/2018,SU,1807,01,ENGLISHTOWN PD,18ETA0025,0,1,0,0,I,B,N,N,14,1,ROUTE 527,S,527,,00000527__,30.10,05,,01,04,02,01,01,01,05,01,100,FE,N,ROUTE 522 / WATER ST,,,,25,25,21,40.297890,74.358430,N,,4
2018131218ET03371,MONMOUTH,ENGLISHTOWN BORO,04/27/2018,FR,1305,01,ENGLISHTOWN PD,18ETA0027,0,0,0,0,P,B,N,N,08,2,ROUTE 527,S,527,,00000527__,29.89,05,,03,04,02,01,01,01,05,01,400,FE,S,ROUTE 522 / TENNENT AVE,,,,25,25,26,40.294400,74.358400,N,,18
2018131218ET03632,MONMOUTH,ENGLISHTOWN BORO,05/08/2018,TU,1230,01,ENGLISHTOWN PD,18ETA0029,0,0,0,0,P,B,N,N,08,2,4 TENNENT AVE (P-LOT),N,,,,,09,,01,04,02,01,01,01,05,01,,,,,,,,,,26,40.295710,74.357870,N,,4
2018131218ET03706,MONMOUTH,ENGLISHTOWN BORO,05/10/2018,TH,2205,01,ENGLISHTOWN PD,18ETA0030,0,0,0,0,P,I,N,N,01,2,ROUTE 522,W,522,,00000522__,14.37,05,,01,04,02,01,06,01,05,01,,AT,E,ROUTE 527 / MAIN ST,,,,25,25,26,40.295480,74.357770,N,,15
2018131218ET03928,MONMOUTH,ENGLISHTOWN BORO,05/22/2018,TU,1500,01,ENGLISHTOWN PD,18ETA0032,0,0,0,0,P,B,N,N,03,2,ROUTE 522,W,522,,00000522__,14.39,05,,01,04,02,02,01,02,05,01,100,FE,E,ROUTE 527 / MAIN ST,,,,25,25,26,40.295450,74.357970,N,,2
2018131218ET03994,MONMOUTH,ENGLISHTOWN BORO,05/25/2018,FR,1754,01,ENGLISHTOWN PD,18ETA0033,0,0,0,0,P,B,N,N,01,2,ROUTE 527,S,527,,00000527__,29.83,05,,01,04,02,01,01,01,05,01,50,FE,S,SOUTH MAIN ST,,,,30,25,26,40.292880,74.358770,N,,19
2018131218ET04287,MONMOUTH,ENGLISHTOWN BORO,06/04/2018,MO,1042,01,ENGLISHTOWN PD,18ETA0036,0,3,0,0,I,B,N,N,04,2,ROUTE 527,S,527,,00000527__,29.61,05,,02,04,02,01,01,01,05,01,25,FE,E,PARK AVE,,,,25,25,26,40.293680,74.358930,N,,4
2018131218ET04464,MONMOUTH,ENGLISHTOWN BORO,06/10/2018,SU,1256,01,ENGLISHTOWN PD,18ETA0037,0,0,0,0,P,B,N,N,08,2,ROUTE 527,N,527,,00000527__,30.43,05,,01,04,02,01,01,01,05,01,50,FE,S,CR 22,,,,25,35,26,40.302150,74.356720,N,,18
2018131218ET04657,MONMOUTH,ENGLISHTOWN BORO,06/15/2018,FR,1456,01,ENGLISHTOWN PD,18ETA0039,0,0,0,0,P,B,N,N,01,2,ROUTE 522,W,522,,00000522__,14.10,05,,01,04,02,01,01,01,05,01,125,FE,W,HARMONY LN / LASATTA AVE,,,,35,25,26,40.299270,74.362290,N,,18
2018131218ET04674,MONMOUTH,ENGLISHTOWN BORO,06/16/2018,SA,0425,01,ENGLISHTOWN PD,18ETA0041,0,0,0,0,P,B,N,N,08,2,HERITAGE DR **,E,,,13121016__,.14,07,,01,04,02,01,06,01,05,01,,,,,,,,25,,26,40.294830,74.365580,N,,13
2018131218ET04774,MONMOUTH,ENGLISHTOWN BORO,06/19/2018,TU,0903,01,ENGLISHTOWN PD,18ETA0042,0,0,0,0,P,B,N,N,01,2,ROUTE 522,W,522,,00000522__,14.40,05,,01,04,02,01,01,01,05,01,137,FE,E,ROUTE 522 / TENNENT AVE,,,,25,25,26,40.295820,74.358400,N,,4
2018131218ET05335,MONMOUTH,ENGLISHTOWN BORO,07/09/2018,MO,0846,01,ENGLISHTOWN PD,18ETA0046,0,0,0,0,P,I,N,N,01,2,ROUTE 527,S,527,,00000527__,29.97,05,,01,04,02,01,01,01,05,01,,AT,,TENNENT AVE.,,,,25,25,26,40.295470,74.358370,Y,,8