Year(4)-CountyCode(2)-MunicipalityCode(2)-CaseNumber(9),County Name,Municipality Name,Crash Date,Crash Day of Week,Crash Time,Police Department Code,Police Department,Police Station,Total Killed,Total Injured,Pedestrians Killed,Pedestrians Injured,Severity,Intersection,Alcohol Involved,Hazmat Involved,Crash Type,Total Vehicles,Location,Location Direction,Route,Route Suffix,Std Rte Identifier,MilePost,Road System,Road Character,Road Horizontal Alignment,Road Grade,Road Surface Type,Surface Condition,Light Condition,Environmental Condition,Road Divided By,Temporary Traffic Control Zone,Distance To Cross Street,Unit Of Measurement,Direction From Cross Street,Cross Street Name,Is Ramp,Ramp To/From Route Name,Ramp To/From Route Direction,Posted Speed,Posted Speed Cross Street,First Harmful Event,Latitude,Longitude,Cell Phone In Use Flag,Other Property Damage,Reporting Badge No.
2018131518FB05058,MONMOUTH,FREEHOLD BORO,03/17/2018,SA,2024,01,FREEHOLD BORO PD,,0,0,0,0,P,B,N,N,05,2,ROUTE 537,W,537,,00000537__,52.41,07,,01,04,02,01,06,01,04,,150,FE,E,NJ 79 / BROADWAY / CENTER ST / SPRI,,,,25,25,26,,,N,,15101
2018131518FB05091,MONMOUTH,FREEHOLD BORO,03/18/2018,SU,1449,01,FREEHOLD BORO PD,,0,1,0,0,I,B,N,N,03,3,BOWNE AVE,W,,,,,07,,01,04,02,01,01,01,05,01,100,FE,E,STOKES ST,,,,25,,26,,,N,,
2018131518FB05121,MONMOUTH,FREEHOLD BORO,03/19/2018,MO,0859,01,FREEHOLD BORO PD,,0,0,0,0,P,B,N,N,03,2,BROAD ST,E,,,,,07,,01,04,02,01,01,01,04,01,250,FE,W,ROUTE 522,,,,25,25,26,,,N,,15103
2018131518FB05206,MONMOUTH,FREEHOLD BORO,03/20/2018,TU,1423,01,FREEHOLD BORO PD,,0,0,0,0,P,B,N,N,06,2,SCHIVEREA AVE,E,,,,,07,,01,04,02,01,01,01,,,500,FE,W,ROBERTSVILLE RD,,,,25,25,26,40.271630,74.269860,N,,15102
2018131518FB05218,MONMOUTH,FREEHOLD BORO,03/20/2018,TU,2017,01,FREEHOLD BORO PD,,0,0,0,0,P,B,N,N,06,2,LINCOLN PL,E,,,,,07,,01,04,02,03,06,03,,,75,FE,W,NJ 79,,,,25,35,26,40.254660,74.273730,N,,15102
2018131518FB05225,MONMOUTH,FREEHOLD BORO,03/21/2018,WE,0023,01,FREEHOLD BORO PD,,0,0,0,0,P,I,N,N,03,2,ROUTE 537,,537,,00000537__,52.10,07,,01,04,02,02,06,01,04,01,,AT,,ROUTE 522 / THROCKMORTON ST,,,,25,25,26,,,N,"DO NOT BLOCK THE BOX"""" STREET SIGN",15091
2018131518FB05247,MONMOUTH,FREEHOLD BORO,03/21/2018,WE,1249,01,FREEHOLD BORO PD,,0,0,0,0,P,B,N,N,11,1,ROUTE 537,,537,,00000537__,52.06,07,,01,04,02,05,01,03,05,01,200,FE,W,ROUTE 522 / THROCKMORTON ST,,,,25,25,26,,,N,54 W. MAIN ST.  FREEHOLD  NJ - BUSINESS VINYL SIDING AND WATER GUTTER DAMAGE.,15086
2018131518FB05339,MONMOUTH,FREEHOLD BORO,03/23/2018,FR,0939,01,FREEHOLD BORO PD,,0,0,0,0,P,I,N,N,03,2,NJ 79,S,79,,00000079__,1.05,02,,01,04,02,01,01,01,04,,,AT,N,INSTITUTE ST / LINCOLN PL,,,,35,25,26,,,N,,15101
2018131518FB05353,MONMOUTH,FREEHOLD BORO,03/23/2018,FR,1526,01,FREEHOLD BORO PD,,0,0,0,0,P,B,N,N,05,2,CONOVER ST,S,,,,,07,,01,04,02,01,01,01,,01,50,FE,N,MARCY ST,,,,25,,26,,,N,,15107
2018131518FB05367,MONMOUTH,FREEHOLD BORO,03/23/2018,FR,1737,01,FREEHOLD BORO PD,,0,1,0,0,I,I,N,N,01,2,US 9,N,9,,00000009__,,02,,01,04,02,01,01,01,01,01,,AT,,,F,BARKALOW AVE,NB,50,,26,,,N,,15103
2018131518FB05410,MONMOUTH,FREEHOLD BORO,03/24/2018,SA,1150,01,FREEHOLD BORO PD,,0,1,0,0,I,I,N,N,03,2,NJ 79,S,79,,00000079__,1.98,02,,01,04,02,,01,01,05,01,,AT,,ROBERTSVILLE RD,,,,30,25,26,,,N,,15098
2018131518FB05414,MONMOUTH,FREEHOLD BORO,03/24/2018,SA,1346,01,FREEHOLD BORO PD,,0,0,0,0,P,B,N,N,01,2,NJ 33 BUSINESS,W,33,B,00000033B_,,02,,01,04,02,01,01,01,04,,,,,,,,,40,,26,,,N,,15107
2018131518FB05474,MONMOUTH,FREEHOLD BORO,03/25/2018,SU,1405,01,FREEHOLD BORO PD,,0,0,0,0,P,B,N,N,02,2,ROUTE 537,W,537,,00000537__,51.58,07,,01,04,02,01,01,01,05,,100,FE,E,NJ 33 BUS / PARK AVE,,,,30,,26,40.253900,74.283350,N,,15083
2018131518FB05487,MONMOUTH,FREEHOLD BORO,03/25/2018,SU,1719,01,FREEHOLD BORO PD,,0,0,0,0,P,B,N,N,01,2,US 9,,9,,00000009__,,02,,03,05,02,01,01,01,05,01,,,,,T,US 9,NB,25,,26,,,N,,15105
2018131518FB05533,MONMOUTH,FREEHOLD BORO,03/26/2018,MO,0752,01,FREEHOLD BORO PD,,0,1,0,0,I,I,N,N,04,2,ROUTE 537,E,537,,00000537__,51.32,07,,01,04,02,01,01,01,,,,AT,,US 9,,,,35,50,26,40.251530,74.287070,N,,15102
2018131518FB05557,MONMOUTH,FREEHOLD BORO,03/26/2018,MO,1613,01,FREEHOLD BORO PD,,0,0,0,0,P,I,N,N,08,2,PARKER ST,N,,,,,07,,01,04,02,01,01,01,05,,,AT,,UNION AVE,,,,25,,26,,,N,,15090
2018131518FB05663,MONMOUTH,FREEHOLD BORO,03/28/2018,WE,0740,01,FREEHOLD BORO PD,,0,0,0,0,P,B,N,N,08,2,WASHINGTON ST,N,,,,,07,,01,04,02,02,01,05,,,200,FE,N,UNION AVE,,,,25,25,26,40.253820,74.272020,N,,15102
2018131518FB05762,MONMOUTH,FREEHOLD BORO,03/29/2018,TH,2157,01,FREEHOLD BORO PD,,0,0,0,0,P,I,N,N,02,2,ROUTE 537,E,537,,00000537__,,07,,01,04,02,01,06,01,04,,,AT,E,ENRIGHT AVENUE,,,,35,25,26,,,N,,15101
2018131518FB05818,MONMOUTH,FREEHOLD BORO,03/31/2018,SA,0701,01,FREEHOLD BORO PD,,0,1,0,0,I,B,N,N,11,1,NJ 79,N,79,,00000079__,1.19,02,,02,04,02,01,01,01,04,01,35,FE,S,MARCY ST,,,,30,25,26,,,N,VERIZON POLE # BT90042,15103
2018131518FB06224,MONMOUTH,FREEHOLD BORO,04/06/2018,FR,1327,01,FREEHOLD BORO PD,,0,2,0,0,I,B,N,N,01,2,ROUTE 537,W,537,,00000537__,51.64,07,,01,04,02,01,01,01,05,,50,FE,W,YARD AVE,,,,30,25,26,40.253900,74.283350,N,,15083
2018131518FB06253,MONMOUTH,FREEHOLD BORO,04/06/2018,FR,1756,01,FREEHOLD BORO PD,18-139,0,3,0,0,I,B,N,N,01,2,BARKALOW AVE,N,,,,,07,,03,04,02,01,01,01,02,,,,,,T,US 9,NB,25,,26,,,N,,107
2018131518FB06522,MONMOUTH,FREEHOLD BORO,04/11/2018,WE,0833,01,FREEHOLD BORO PD,,0,0,0,0,P,B,N,N,01,2,NJ 79,S,79,,00000079__,2.06,02,,01,04,02,01,01,01,04,,50,FE,N,US 46 / DUTCH LN,,,,30,30,26,,,N,,15090
2018131518FB06568,MONMOUTH,FREEHOLD BORO,04/11/2018,WE,2045,01,FREEHOLD BORO PD,,0,1,0,0,I,I,N,N,03,2,ROUTE 537,E,537,,00000537__,51.32,07,,01,04,02,01,06,01,04,,,AT,,,T,US 9,SB,25,,26,,,N,,15099
2018131518FB06572,MONMOUTH,FREEHOLD BORO,04/11/2018,WE,2120,01,FREEHOLD BORO PD,,0,1,0,0,I,B,N,N,99,1,NJ 79,S,79,,00000079__,.58,02,,01,04,02,01,06,01,05,01,250,FE,S,BARKALOW AVE,,,,30,,,,,N,,
2018131518FB06616,MONMOUTH,FREEHOLD BORO,04/12/2018,TH,1408,01,FREEHOLD BORO PD,,0,1,0,0,I,B,N,N,01,2,ROUTE 537,W,537,,00000537__,52.19,07,,01,04,02,01,01,01,05,01,50,FE,W,NJ 79 / COURT ST / SOUTH ST,,,,25,25,26,40.259120,74.275650,N,,15106
2018131518FB06719,MONMOUTH,FREEHOLD BORO,04/14/2018,SA,0743,01,FREEHOLD BORO PD,,0,0,0,0,P,I,N,N,06,3,STOKES ST,E,,,,,07,,01,04,02,01,00,01,05,01,,AT,,THOMAS ST,,,,25,,26,,,N,,
2018131518FB06856,MONMOUTH,FREEHOLD BORO,04/16/2018,MO,1316,01,FREEHOLD BORO PD,,0,0,0,0,P,B,N,N,06,2,BERKELEY PL,W,,,,,07,,01,04,02,01,01,01,05,01,200,FE,E,NJ 33 BUSSINESS,,,,25,,,,,N,,15084
2018131518FB06925,MONMOUTH,FREEHOLD BORO,04/17/2018,TU,1408,01,FREEHOLD BORO PD,,0,0,0,0,P,I,N,N,01,2,BARKALOW AVENUE,N,,,,,07,,03,05,01,01,01,01,02,,,AT,E,US 9,,,,25,50,26,,,N,,15101
2018131518FB06973,MONMOUTH,FREEHOLD BORO,04/18/2018,WE,0932,01,FREEHOLD BORO PD,,0,0,0,0,P,B,N,N,06,2,COURT ST,N,,,13151115__,.00,07,,01,04,02,01,01,01,,,200,FE,N,ROUTE 537,,,,25,25,26,40.260740,74.268100,N,,15102
2018131518FB07103,MONMOUTH,FREEHOLD BORO,04/19/2018,TH,1446,01,FREEHOLD BORO PD,,0,0,0,0,P,B,N,N,11,1,OAK STREET,W,,,,,07,,02,04,02,02,01,02,,01,30,FE,W,LOCKWOOD AVENUE,,,,25,25,,40.267330,74.271310,N,,15094
2018131518FB07210,MONMOUTH,FREEHOLD BORO,04/21/2018,SA,1346,01,FREEHOLD BORO PD,,0,0,0,0,P,I,N,N,02,2,ROUTE 537,W,537,,00000537__,52.10,07,,01,04,02,01,01,01,,,,AT,,ROUTE 522 / THROCKMORTON ST,,,,25,25,26,40.259120,74.275650,N,,15102
2018131518FB07314,MONMOUTH,FREEHOLD BORO,04/23/2018,MO,1530,01,FREEHOLD BORO PD,,0,1,0,0,I,I,N,N,01,2,ROUTE 537,E,537,,00000537__,51.85,07,,01,04,01,01,01,01,05,01,,AT,N,CR 24 / MANALAPAN AVE,,,,25,25,26,,,N,,15104
2018131518FB07315,MONMOUTH,FREEHOLD BORO,04/23/2018,MO,1554,01,FREEHOLD BORO PD,,0,0,0,0,P,I,N,N,01,3,ROUTE 537,E,537,,00000537__,51.85,07,,01,04,02,01,01,01,05,01,,AT,,CR 24 / MANALAPAN AVE,,,,,,,,,N,,15084
2018131518FB07324,MONMOUTH,FREEHOLD BORO,04/23/2018,MO,1913,01,FREEHOLD BORO PD,,0,0,0,0,P,B,N,N,06,2,PROSPECT PL,S,,,,,07,,01,04,01,01,01,01,05,01,150,FE,E,NJ 33 BUSINEE,,,,25,40,26,,,N,,15104
2018131518FB07353,MONMOUTH,FREEHOLD BORO,04/24/2018,TU,0902,01,FREEHOLD BORO PD,,0,0,0,0,P,B,N,N,06,2,BROAD ST PARKING LOT,,,,,,09,,01,04,02,01,01,01,,,,,,,,,,,,28,,,N,,15090
2018131518FB08240,MONMOUTH,FREEHOLD BORO,05/09/2018,WE,0855,01,FREEHOLD BORO PD,,0,0,0,0,P,B,N,N,11,1,FORD AVENUE,W,,,,,07,,03,04,02,01,01,01,05,,30,FE,W,FIRST ST,,,,25,25,,,,N,VEHICLE #1 STRUCK AND DAMAGED CHAIN LINK FENCE (DAMAGE EST. $500),15086
2018131518FB08335,MONMOUTH,FREEHOLD BORO,05/10/2018,TH,2250,01,FREEHOLD BORO PD,,0,0,0,0,P,B,N,N,11,1,MONMOUTH COUNTY 24,N,24,,13000024__,.01,05,,01,04,02,01,04,01,04,,50,FE,N,ROUTE 537 / W MAIN ST,,,,35,25,26,,,N,UTILITY POLE # JC369,15103
2018131518FB08336,MONMOUTH,FREEHOLD BORO,05/10/2018,TH,2328,01,FREEHOLD BORO PD,,0,0,0,0,P,I,N,N,01,2,NJ 79,N,79,,00000079__,.74,02,,01,04,01,01,06,01,05,01,,AT,S,NJ 33 BUSINESS / PARK AVE,,,,30,40,,,,N,,15104
2018131518FB08364,MONMOUTH,FREEHOLD BORO,05/11/2018,FR,1616,01,FREEHOLD BORO PD,,0,0,0,0,P,B,N,N,08,2,BOWNE AVE,,,,,,07,,01,04,02,01,01,01,05,01,1000,FE,S,ROUTE 522,,,,25,25,26,,,N,,15090
2018131518FB08384,MONMOUTH,FREEHOLD BORO,05/11/2018,FR,1628,01,FREEHOLD BORO PD,,0,0,0,0,P,B,N,N,02,2,BARKALOW AVE,N,,,,,07,,01,06,02,01,01,01,04,,,,,,F,US 9,NB,25,,26,,,N,,15107
2018131518FB08483,MONMOUTH,FREEHOLD BORO,05/13/2018,SU,1349,01,FREEHOLD BORO PD,,0,0,0,0,P,I,N,N,01,2,US 9,N,9,,00000009__,,02,,03,07,02,01,01,02,,,,AT,,,F,BARKALOW AVE,NB,50,,26,40.251240,74.286390,N,,15102
2018131518FB08484,MONMOUTH,FREEHOLD BORO,05/13/2018,SU,1418,01,FREEHOLD BORO PD,,0,0,0,0,P,B,N,N,06,2,CONOVER ST,N,,,,,07,,01,05,02,02,01,02,,,,,,,,,,25,,28,40.255420,74.271300,N,,15094
2018131518FB08491,MONMOUTH,FREEHOLD BORO,05/13/2018,SU,1740,01,FREEHOLD BORO PD,,0,1,0,0,I,I,N,N,03,3,MONMOUTH COUNTY 24,,24,,13000024__,.30,05,,01,04,02,01,01,01,04,01,,AT,,ANN ST / MONMOUTH AVE,,,,35,25,26,,,N,,
2018131518FB08528,MONMOUTH,FREEHOLD BORO,05/14/2018,MO,0831,01,FREEHOLD BORO PD,,0,0,0,0,P,I,N,N,01,2,US 9,N,9,,00000009__,,02,,03,07,02,01,01,01,,,,AT,,,F,BARKALOW AVE,NB,50,,26,40.252000,74.286320,N,,15102
2018131518FB08613,MONMOUTH,FREEHOLD BORO,05/15/2018,TU,1446,01,FREEHOLD BORO PD,,0,2,0,0,I,I,N,N,01,3,ROUTE 537,W,537,,00000537__,51.87,07,,01,04,02,01,01,01,,,,AT,,LINCOLN PL,,,,25,25,26,40.256900,74.278900,N,,15102
2018131518FB08713,MONMOUTH,FREEHOLD BORO,05/17/2018,TH,1327,01,FREEHOLD BORO PD,,0,0,0,0,P,I,N,N,01,2,ROUTE 537,E,537,,00000537__,51.68,07,,01,04,02,02,01,02,04,,,AT,,BRINCKERHOFF AVE,,,,30,25,26,,,N,,15090
2018131518FB08716,MONMOUTH,FREEHOLD BORO,05/17/2018,TH,1211,01,FREEHOLD BORO PD,,0,0,0,0,P,B,N,N,06,2,ROUTE 537,W,537,,00000537__,52.20,07,,01,04,02,02,01,02,04,01,100,FE,N,NJ 79 / COURT ST / SOUTH ST,,,,25,25,26,,,N,,15098
2018131518FB08808,MONMOUTH,FREEHOLD BORO,05/18/2018,FR,2112,01,FREEHOLD BORO PD,,0,0,0,0,P,I,N,N,02,2,ROUTE 537,W,537,,00000537__,51.32,07,,01,04,02,02,06,01,05,,,AT,,US 9,,,,35,,26,,,N,,15083
2018131518FB08834,MONMOUTH,FREEHOLD BORO,05/19/2018,SA,1004,01,FREEHOLD BORO PD,,0,0,0,0,P,I,N,N,03,2,ROUTE 537,W,537,,00000537__,52.10,07,,01,04,02,02,01,02,04,01,,AT,,ROUTE 522 / THROCKMORTON ST,,,,25,25,26,,,N,,15098
2018131518FB09015,MONMOUTH,FREEHOLD BORO,05/22/2018,TU,1530,01,FREEHOLD BORO PD,,0,0,0,0,P,B,N,N,11,1,CENTER ST,,,,13161208__,,07,,01,04,02,02,01,02,05,01,,,,,,,,25,,52,,,N,,15105
2018131518FB09095,MONMOUTH,FREEHOLD BORO,05/23/2018,WE,1726,01,FREEHOLD BORO PD,,0,1,0,0,I,I,N,N,01,2,ROUTE 522,N,522,,00000522__,19.52,05,,01,04,02,01,01,01,04,01,,AT,,BROAD ST,,,,25,25,26,,,N,,15105
2018131518FB09199,MONMOUTH,FREEHOLD BORO,05/25/2018,FR,1040,01,FREEHOLD BORO PD,,0,0,0,0,P,B,N,N,05,2,ROUTE 537,E,537,,00000537__,51.32,07,,01,04,02,01,01,01,,,100,FE,W,BARKALEW RD,,,,35,25,26,40.252000,74.286320,N,,15102
2018131518FB09387,MONMOUTH,FREEHOLD BORO,05/28/2018,MO,1629,01,FREEHOLD BORO PD,,0,1,0,0,I,B,N,N,01,2,US 9,N,9,,00000009__,,02,,03,05,02,02,01,01,05,01,,,,,F,BARKALOW AVE,NB,,,,,,N,,15104
2018131518FB09526,MONMOUTH,FREEHOLD BORO,05/30/2018,WE,1801,01,FREEHOLD BORO PD,,0,0,0,0,P,I,N,N,02,2,ROUTE 537,W,537,,00000537__,51.85,07,,01,04,02,01,01,01,05,,,AT,,CR 24 / MANALAPAN AVE,,,,25,35,26,40.256620,74.279300,N,,15083
2018131518FB09583,MONMOUTH,FREEHOLD BORO,05/31/2018,TH,1718,01,FREEHOLD BORO PD,,0,1,0,0,I,B,N,N,01,2,MARKET YARD LOT,N,,,,,07,,01,04,02,01,01,05,,01,15,FE,S,E MAIN ST,,,,,25,26,40.260060,74.274240,N,,15083
2018131518FB09594,MONMOUTH,FREEHOLD BORO,05/31/2018,TH,2129,01,FREEHOLD BORO PD,,0,0,0,0,P,I,N,N,03,2,ROUTE 537,E,537,,00000537__,52.69,07,,01,04,02,01,01,01,05,,,AT,,JACKSON ST / JACKSON TER,,,,25,25,26,40.263890,74.266680,N,,15083
2018131518FB09828,MONMOUTH,FREEHOLD BORO,06/05/2018,TU,2254,01,FREEHOLD BORO PD,,0,0,0,0,P,B,N,N,06,2,NJ 79,N,79,,00000079__,1.40,02,,01,04,02,01,06,01,04,,1000,FE,S,ROUTE 537 / CENTER ST / E MAIN ST /,,,,25,25,26,,,N,,15090
2018131518FB09857,MONMOUTH,FREEHOLD BORO,06/06/2018,WE,0740,01,FREEHOLD BORO PD,,0,0,0,0,P,B,N,N,08,2,RANDOLPH ST,N,,,,,07,,01,04,02,01,01,01,,,150,FE,S,MCLEAN ST,,,,25,25,26,40.256640,74.275800,N,,15083
2018131518FB09974,MONMOUTH,FREEHOLD BORO,06/08/2018,FR,1151,01,FREEHOLD BORO PD,,0,0,0,0,P,B,N,N,06,2,ROUTE 537,E,537,,00000537__,52.18,07,,01,04,02,01,01,01,05,01,100,FE,W,NJ 79 / COURT ST / SOUTH ST,,,,25,25,28,,,N,STOP SIGN,15088
2018131518FB10101,MONMOUTH,FREEHOLD BORO,06/11/2018,MO,0917,01,FREEHOLD BORO PD,,0,0,0,0,P,B,N,N,02,2,ROUTE 537,W,537,,00000537__,51.55,07,,01,04,02,01,01,01,04,01,50,FE,W,NJ 33 BUS / PARK AVE,,,,40,,26,,,N,,15103
2018131518FB10166,MONMOUTH,FREEHOLD BORO,06/11/2018,MO,1930,01,FREEHOLD BORO PD,,0,0,0,0,P,B,N,N,06,2,BRINCKERHOFF AVE,E,,,,,07,,01,04,02,01,06,01,,,1000,FE,W,NJ 79,,,,25,30,28,40.252140,74.275420,N,,15083
2018131518FB10168,MONMOUTH,FREEHOLD BORO,06/12/2018,TU,1642,01,FREEHOLD BORO PD,,0,0,0,0,P,I,N,N,11,1,COURT ST,N,,,13151115__,.07,07,,01,04,02,01,01,01,05,01,,AT,,LAFAYETTE STREET,,,,25,25,52,40.260440,74.275050,N,JCP&L TELEPHONE POLE #44091,15106
2018131518FB10173,MONMOUTH,FREEHOLD BORO,06/12/2018,TU,1845,01,FREEHOLD BORO PD,,0,1,0,0,I,I,N,N,01,2,HELEN AVE,N,,,,,07,,03,04,02,01,01,01,,,,AT,,US 9,,,,25,50,26,40.249730,74.285430,N,,15083
2018131518FB10199,MONMOUTH,FREEHOLD BORO,06/13/2018,WE,0851,01,FREEHOLD BORO PD,,0,0,0,0,P,I,N,N,03,2,BROOKWOOD DR,,,,,,07,,01,04,02,01,01,01,05,01,,AT,,OAK ST,,,,25,25,26,,,N,,15086
2018131518FB10254,MONMOUTH,FREEHOLD BORO,06/14/2018,TH,1120,01,FREEHOLD BORO PD,,0,0,0,0,P,B,N,N,01,2,US 9,N,9,,00000009__,,02,,01,04,02,01,01,01,02,02,,,,,T,BARKALOW AVE,NB,50,,26,,,N,,15086
2018131518FB10269,MONMOUTH,FREEHOLD BORO,06/14/2018,TH,1731,01,FREEHOLD BORO PD,,0,1,0,0,I,B,N,N,01,3,NJ 79,S,79,,00000079__,.74,02,,01,04,02,01,01,01,,,15,FE,N,NJ 33 BUSINESS / PARK AVE,,,,30,40,26,40.251340,74.271200,N,,
2018131518FB10300,MONMOUTH,FREEHOLD BORO,06/15/2018,FR,0840,01,FREEHOLD BORO PD,,0,1,0,0,I,B,N,N,06,2,CENTER ST,S,,,13161208__,1.08,07,,01,04,02,01,01,01,05,,300,FE,N,LLOYD STREET,,,,25,,26,,,N,,15101
2018131518FB10308,MONMOUTH,FREEHOLD BORO,06/15/2018,FR,1147,01,FREEHOLD BORO PD,,0,0,0,0,P,I,N,N,04,4,NJ 79,S,79,,00000079__,1.27,02,,01,04,02,01,01,01,05,01,,AT,,THROCKMORTON ST,,,,25,,,,,N,,
2018131518FB10309,MONMOUTH,FREEHOLD BORO,06/15/2018,FR,1200,01,FREEHOLD BORO PD,,0,0,0,0,P,B,N,N,06,2,INSTITUTE ST,W,,,,,07,,01,04,02,01,01,01,05,05,20,FE,E,NJ 79,,,,25,25,26,,,N,,15086
2018131518FB10315,MONMOUTH,FREEHOLD BORO,06/15/2018,FR,1449,01,FREEHOLD BORO PD,,0,1,0,0,I,B,N,N,02,3,NJ 79,E,79,,00000079__,1.52,02,,01,04,02,01,01,01,05,01,20,FE,W,SHERIFF ST,,,,25,25,26,,,N,,
2018131518FB10316,MONMOUTH,FREEHOLD BORO,06/15/2018,FR,1500,01,FREEHOLD BORO PD,,0,1,0,0,I,B,N,N,01,2,BARKALOW AVE,N,,,,,07,,03,05,02,01,01,01,,,,,,,T,US 9,NB,25,,26,,,N,,15107
2018131518FB10338,MONMOUTH,FREEHOLD BORO,06/15/2018,FR,1850,01,FREEHOLD BORO PD,,0,0,0,0,P,B,N,N,01,2,US 9,,9,,00000009__,,02,,03,05,02,01,01,01,05,01,,,,,F,BARKALOW ST,NB,25,,26,,,N,,15105
2018131518FB10432,MONMOUTH,FREEHOLD BORO,06/17/2018,SU,2225,01,FREEHOLD BORO PD,,0,0,0,0,P,I,N,N,03,2,NJ 79,W,79,,00000079__,1.76,02,,01,04,02,01,01,01,04,01,,AT,,MURRAY ST,,,,30,25,26,,,N,,15103
2018131518FB10464,MONMOUTH,FREEHOLD BORO,06/18/2018,MO,1021,01,FREEHOLD BORO PD,,0,2,0,0,I,I,N,N,04,2,NJ 33 BUSINESS,E,33,B,00000033B_,2.92,02,,01,04,02,01,01,01,,,,AT,,ROUTE 537 / WEST MAIN ST,,,,40,25,26,40.253900,74.283350,N,,15083
2018131518FB10479,MONMOUTH,FREEHOLD BORO,06/18/2018,MO,1535,01,FREEHOLD BORO PD,,0,0,0,0,P,B,N,N,04,2,NJ 79,W,79,,00000079__,1.54,02,,01,04,02,01,01,01,04,,100,FE,E,SHERIFF ST,,,,25,25,26,,,N,,15107
2018131518FB10529,MONMOUTH,FREEHOLD BORO,06/19/2018,TU,1007,01,FREEHOLD BORO PD,,0,0,0,0,P,B,N,N,01,2,US 9,S,9,,00000009__,113.74,02,,01,06,02,01,01,01,,,50,FE,S,ROUTE 537 / WEST MAIN ST,,,,25,,26,40.251530,74.287070,N,,15102
2018131518FB10574,MONMOUTH,FREEHOLD BORO,06/20/2018,WE,1041,01,FREEHOLD BORO PD,,0,0,0,0,P,I,N,N,03,2,CENTER ST,W,,,13161208__,1.28,07,,01,04,02,01,01,01,05,01,,AT,,HUDSON ST,,,,25,25,26,,,N,,108
2018131518FB10588,MONMOUTH,FREEHOLD BORO,06/20/2018,WE,1339,01,FREEHOLD BORO PD,,0,0,0,0,P,B,N,N,06,2,MECHANIC ST,E,,,,,07,,01,04,02,01,01,01,,,,,,,,,,25,,28,40.259730,74.272680,N,,15102
2018131518FB10644,MONMOUTH,FREEHOLD BORO,06/21/2018,TH,1638,01,FREEHOLD BORO PD,,0,0,0,0,P,B,N,N,06,2,ROBERTSVILLE RD,N,,,13261114__,3.46,07,,01,04,01,01,01,01,05,01,150,FE,N,OAK ST,,,,25,25,,,,N,,15104
2018131518FB10691,MONMOUTH,FREEHOLD BORO,06/22/2018,FR,1459,01,FREEHOLD BORO PD,,0,0,0,0,P,B,N,N,06,2,LOT OF 45 SOUTH ST,,,,,,09,,01,04,02,01,01,01,05,01,,,,SOUTH ST,,,,,30,99,,,N,***SEE CRASH DESCRIPTION***,15104
2018131518FB10746,MONMOUTH,FREEHOLD BORO,06/23/2018,SA,1102,01,FREEHOLD BORO PD,,0,1,0,0,I,I,N,N,01,2,NJ 79,S,79,,00000079__,.93,02,,01,04,02,02,01,02,04,01,,AT,,JERSEYVILLE AVE,,,,30,25,26,,,N,,15103
2018131518FB10848,MONMOUTH,FREEHOLD BORO,06/25/2018,MO,1618,01,FREEHOLD BORO PD,,0,0,0,0,P,I,N,N,01,2,NJ 79,N,79,,00000079__,1.19,02,,01,04,02,01,01,01,04,01,,AT,,MCLEAN ST,,,,30,25,26,,,N,,#108
2018131518FB10893,MONMOUTH,FREEHOLD BORO,06/26/2018,TU,1523,01,FREEHOLD BORO PD,,0,0,0,0,P,B,N,N,01,2,BARKALOW AVE,N,,,,,07,,03,04,02,01,01,01,,01,,,,,T,US 9,NB,25,,26,,,N,,#108
2018131518FB10910,MONMOUTH,FREEHOLD BORO,06/26/2018,TU,2307,01,FREEHOLD BORO PD,,0,0,0,0,P,B,N,N,11,1,93 MANALAPAN AVE,W,,,,,09,,01,04,02,01,06,01,,,,,,,,,,,,,,,N,,15104
2018131518FB10958,MONMOUTH,FREEHOLD BORO,06/27/2018,WE,2242,01,FREEHOLD BORO PD,,0,0,0,0,P,B,N,N,06,2,MARKET YARD LOT,,,,,,09,,01,04,02,01,03,01,05,01,,,,,,,,,,26,,,N,,15090
2018131518FB10983,MONMOUTH,FREEHOLD BORO,06/28/2018,TH,1530,01,FREEHOLD BORO PD,,0,0,0,0,P,I,N,N,01,2,NJ 79,E,79,,00000079__,1.93,02,,01,04,02,01,01,01,04,01,,AT,,LOCKWOOD AVE,,,,30,25,26,,,N,,15103
2018131518FB11003,MONMOUTH,FREEHOLD BORO,06/28/2018,TH,2151,01,FREEHOLD BORO PD,,0,0,0,0,P,I,N,N,03,4,NJ 33 BUSINESS,E,33,B,00000033B_,3.31,02,,01,04,02,02,06,01,04,,,AT,,BRENTWOOD AVE,,,,40,25,26,,,N,,
2018131518FB11028,MONMOUTH,FREEHOLD BORO,06/29/2018,FR,1113,01,FREEHOLD BORO PD,,0,0,0,0,P,B,N,N,01,3,ROUTE 537,W,537,,00000537__,52.09,07,,01,04,02,01,01,01,05,01,50,FE,W,ROUTE 522 / THROCKMORTON ST,,,,25,25,26,,,N,,
2018131518FB11064,MONMOUTH,FREEHOLD BORO,06/30/2018,SA,0900,01,FREEHOLD BORO PD,,0,0,0,0,P,I,N,N,11,1,COURT ST,W,,,13151115__,.07,07,,01,04,02,01,01,01,,,,AT,,LAFAYETTE ST,,,,25,25,,40.260280,74.275750,N,,15102
2018131518FB11072,MONMOUTH,FREEHOLD BORO,06/30/2018,SA,1528,01,FREEHOLD BORO PD,,0,0,0,0,P,I,N,N,01,2,ROUTE 537,W,537,,00000537__,51.32,07,,01,04,02,01,01,01,05,,,AT,,US 9,,,,25,50,26,,,N,,15088
2018131518FB11123,MONMOUTH,FREEHOLD BORO,07/01/2018,SU,1923,01,FREEHOLD BORO PD,,0,0,0,0,P,B,N,N,01,2,US 9,S,9,,00000009__,113.75,02,,01,05,02,01,01,01,05,,,,,,F,ROUTE 537,EB,50,,26,,,N,,15090