Year(4)-CountyCode(2)-MunicipalityCode(2)-CaseNumber(9),County Name,Municipality Name,Crash Date,Crash Day of Week,Crash Time,Police Department Code,Police Department,Police Station,Total Killed,Total Injured,Pedestrians Killed,Pedestrians Injured,Severity,Intersection,Alcohol Involved,Hazmat Involved,Crash Type,Total Vehicles,Location,Location Direction,Route,Route Suffix,Std Rte Identifier,MilePost,Road System,Road Character,Road Horizontal Alignment,Road Grade,Road Surface Type,Surface Condition,Light Condition,Environmental Condition,Road Divided By,Temporary Traffic Control Zone,Distance To Cross Street,Unit Of Measurement,Direction From Cross Street,Cross Street Name,Is Ramp,Ramp To/From Route Name,Ramp To/From Route Direction,Posted Speed,Posted Speed Cross Street,First Harmful Event,Latitude,Longitude,Cell Phone In Use Flag,Other Property Damage,Reporting Badge No.
2018131518FB15532,MONMOUTH,FREEHOLD BORO,10/05/2018,FR,2147,01,FREEHOLD BORO PD,,0,2,0,0,I,I,N,N,03,2,NJ 79,N,79,,00000079__,1.59,02,,01,04,02,01,01,01,05,01,,AT,,ROUTE 537 / CENTER ST / E MAIN ST /,,,,25,25,26,,,N,,15081
2018131518FB15534,MONMOUTH,FREEHOLD BORO,10/05/2018,FR,1628,01,FREEHOLD BORO PD,,0,0,0,0,P,B,N,N,06,2,SCHIVEREA AVE **,S,,,13151041__,.03,07,,01,04,02,01,01,01,05,01,150,FE,S,ROBERTSVILLE RD,,,,25,25,,,,N,,15104
2018131518FB15536,MONMOUTH,FREEHOLD BORO,10/05/2018,FR,1832,01,FREEHOLD BORO PD,,0,0,0,0,P,B,N,N,08,2,LAFAYETTE PL **,E,,,13151034__,.11,07,,01,04,02,01,01,01,05,01,20,FE,W,SHERIFF ST,,,,25,25,26,,,N,,15090
2018131518FB15537,MONMOUTH,FREEHOLD BORO,10/05/2018,FR,1818,01,FREEHOLD BORO PD,,0,0,0,0,P,B,N,N,06,2,CENTER ST,E,,,13161208__,1.10,07,,01,04,01,01,01,01,05,01,75,FE,S,1ST ST,,,,25,25,,,,N,,15104
2018131518FB15567,MONMOUTH,FREEHOLD BORO,10/06/2018,SA,1143,01,FREEHOLD BORO PD,,0,0,0,0,P,I,N,N,03,2,NJ 33 BUSINESS,W,33,B,00000033B_,2.92,02,,01,04,02,01,01,01,05,01,,AT,,ROUTE 537 / WEST MAIN ST,,,,25,40,26,,,N,,
2018131518FB15648,MONMOUTH,FREEHOLD BORO,10/08/2018,MO,1609,01,FREEHOLD BORO PD,,0,0,0,0,P,I,N,N,11,1,INSTITUTE ST **,W,,,13151076__,.11,07,,01,04,02,02,01,02,00,,,AT,N,CONOVER ST,,,,25,25,52,,,N,DRIVER OF VEHICLE #1 STRUCK POLE #BT918F. SAME APPEARED TO BE SLIGHTLY SHIFTED.,15101
2018131518FB15650,MONMOUTH,FREEHOLD BORO,10/08/2018,MO,1748,01,FREEHOLD BORO PD,,0,1,0,0,I,B,N,N,11,1,JACKSON ST,E,,,,,07,,01,04,02,02,01,05,05,01,30,FE,E,CENTER ST,,,,25,25,,,,N,,
2018131518FB15659,MONMOUTH,FREEHOLD BORO,10/08/2018,MO,2151,01,FREEHOLD BORO PD,,0,0,0,0,P,B,N,N,02,2,US 9,S,9,,00000009__,113.70,02,,01,04,02,02,06,05,02,01,250,FE,S,ROUTE 537 / WEST MAIN ST,,,,50,30,,,,N,,
2018131518FB15717,MONMOUTH,FREEHOLD BORO,10/10/2018,WE,0851,01,FREEHOLD BORO PD,,0,0,0,0,P,B,N,N,01,2,US 9,N,9,,00000009__,113.60,02,,03,05,02,01,01,05,01,01,,,,,F,BARKALOW AVE RAMP,,50,,26,,,N,,15090
2018131518FB15779,MONMOUTH,FREEHOLD BORO,10/11/2018,TH,1405,01,FREEHOLD BORO PD,,0,0,0,0,P,B,N,N,01,3,NJ 79,N,79,,00000079__,.59,02,,01,04,02,01,01,01,05,01,200,FE,S,BARKALOW AVE,,,,25,,,,,N,,
2018131518FB15786,MONMOUTH,FREEHOLD BORO,10/11/2018,TH,1925,01,FREEHOLD BORO PD,,0,0,0,0,P,B,N,N,02,2,NJ 79,N,79,,00000079__,1.34,02,,01,04,02,02,06,02,04,01,25,FE,S,MECHANIC ST,,,,30,25,26,,,N,,108
2018131518FB15791,MONMOUTH,FREEHOLD BORO,10/11/2018,TH,2144,01,FREEHOLD BORO PD,,0,0,0,0,P,I,N,N,01,2,NJ 79,S,79,,00000079__,1.90,02,,01,04,02,02,07,02,04,01,,AT,,JACKSON TER,,,,30,25,26,,,N,,108
2018131518FB15793,MONMOUTH,FREEHOLD BORO,10/11/2018,TH,2236,01,FREEHOLD BORO PD,,0,0,0,0,P,B,N,N,01,2,US 9,N,9,,00000009__,113.60,02,,03,04,02,02,07,02,05,01,,,,,F,BARKALOW AVE,,25,,26,,,N,,108
2018131518FB15811,MONMOUTH,FREEHOLD BORO,10/12/2018,FR,1246,01,FREEHOLD BORO PD,,0,1,0,0,I,I,N,N,01,2,ROUTE 537,W,537,,00000537__,51.68,07,,01,04,02,01,01,01,05,01,,AT,,BRINCKERHOFF AVE,,,,30,,,,,N,,15084
2018131518FB15864,MONMOUTH,FREEHOLD BORO,10/13/2018,SA,1655,01,FREEHOLD BORO PD,,0,0,0,0,P,I,N,N,03,2,ROUTE 537,E,537,,00000537__,51.98,07,,01,04,02,01,01,01,04,01,,AT,,McLEAN ST,,,,25,25,26,,,N,,15103
2018131518FB15871,MONMOUTH,FREEHOLD BORO,10/13/2018,SA,1923,01,FREEHOLD BORO PD,,0,1,0,0,I,B,N,N,01,2,ROUTE 537,E,537,,00000537__,51.94,07,,01,04,02,01,06,01,04,01,200,FE,W,McLEAN ST,,,,25,25,26,,,N,,15105
2018131518FB15952,MONMOUTH,FREEHOLD BORO,10/15/2018,MO,1855,01,FREEHOLD BORO PD,,0,0,0,0,P,B,N,N,08,2,CENTER ST,W,,,13161208__,1.29,07,,03,04,02,01,06,01,05,,50,FE,W,HUDSON ST,,,,25,25,26,,,N,,15107
2018131518FB15987,MONMOUTH,FREEHOLD BORO,10/16/2018,TU,1546,01,FREEHOLD BORO PD,,0,0,0,0,P,I,N,N,01,2,NJ 33 BUSINESS,W,33,B,00000033B_,3.47,02,,01,04,02,01,01,01,04,01,,AT,,NJ 79 / SOUTH ST,,,,40,35,26,,,N,,
2018131518FB16015,MONMOUTH,FREEHOLD BORO,10/17/2018,WE,0621,01,FREEHOLD BORO PD,,0,1,0,1,I,B,N,N,13,1,NJ 33 BUSINESS,W,33,B,00000033B_,3.20,02,,01,04,02,01,03,01,05,01,200,FE,E,KIAWAH AVE,,,,40,25,22,,,N,,15098
2018131518FB16033,MONMOUTH,FREEHOLD BORO,10/16/2018,TU,1600,01,FREEHOLD BORO PD,,0,0,0,0,P,B,N,N,08,2,BRINCKERHOFF AVE **,S,,,13151012__,.43,07,,01,04,02,01,01,01,05,01,150,FE,W,NJ 79 / SOUTH ST,,,,25,30,,,,N,,15104
2018131518FB16034,MONMOUTH,FREEHOLD BORO,10/17/2018,WE,1558,01,FREEHOLD BORO PD,,0,0,0,0,P,I,N,N,03,2,JACKSON ST,S,,,,,07,,01,04,02,01,01,01,05,01,,AT,,MECHANIC ST,,,,25,25,,,,N,,15084
2018131518FB16199,MONMOUTH,FREEHOLD BORO,10/22/2018,MO,0712,01,FREEHOLD BORO PD,,0,1,0,0,I,I,N,N,14,1,THIRD ST **,N,,,13151062__,.06,07,,01,05,02,01,01,01,05,01,,AT,,FORD AVE,,,,25,25,21,,,N,,15090
2018131518FB16215,MONMOUTH,FREEHOLD BORO,10/22/2018,MO,1616,01,FREEHOLD BORO PD,,0,0,0,0,P,B,N,N,01,3,ROUTE 537,W,537,,00000537__,51.33,07,,01,04,02,01,01,01,04,01,50,FE,W,BARKALEW RD,,,,40,25,26,40.253560,74.288000,N,,
2018131518FB16258,MONMOUTH,FREEHOLD BORO,10/23/2018,TU,1520,01,FREEHOLD BORO PD,,0,0,0,0,P,I,N,N,01,2,ROUTE 537,E,537,,00000537__,51.78,07,,01,04,02,01,01,01,,,,AT,,HULL AVE,,,,25,25,26,40.256040,74.280160,N,,15094
2018131518FB16259,MONMOUTH,FREEHOLD BORO,10/23/2018,TU,1526,01,FREEHOLD BORO PD,,0,0,0,0,P,B,N,N,01,2,US 9,W,9,,00000009__,113.60,02,,03,04,02,01,01,01,05,01,,,,,F,BARKALOW AVENUE,WB,25,,26,40.248580,74.274520,N,,15106
2018131518FB16271,MONMOUTH,FREEHOLD BORO,10/23/2018,TU,1823,01,FREEHOLD BORO PD,,0,0,0,0,P,B,N,N,12,1,ROUTE 537,W,537,,00000537__,52.86,05,,01,04,02,01,06,01,05,01,75,FE,W,DUNCAN WAY,,,,40,25,24,40.264680,74.263480,N,,15106
2018131518FB16339,MONMOUTH,FREEHOLD BORO,10/25/2018,TH,0745,01,FREEHOLD BORO PD,,0,0,0,0,P,B,N,N,01,2,US 9,N,9,,00000009__,113.60,02,,01,04,02,01,01,01,05,01,,,,,F,BARKALOW AVENUE,,50,,26,,,N,,15086
2018131518FB16347,MONMOUTH,FREEHOLD BORO,10/25/2018,TH,1136,01,FREEHOLD BORO PD,18FB16347,0,0,0,0,P,B,N,N,08,2,THROCKMORTON ST **,,,,13151078__,.04,07,,01,04,02,01,01,01,05,,200,FE,W,NJ 79 / SOUTH ST,,,,25,35,28,40.258310,74.274800,N,,15100
2018131518FB16366,MONMOUTH,FREEHOLD BORO,10/25/2018,TH,2032,01,FREEHOLD BORO PD,,0,3,0,0,I,B,Y,N,04,4,JACKSON ST,N,,,,,07,,01,07,02,01,06,01,05,,75,FE,S,EAST MAIN ST,,,,25,25,26,,,N,PROPERTY DAMAGE TO THE FRONT YARD OF 100 JACKSON ST,
2018131518FB16541,MONMOUTH,FREEHOLD BORO,10/30/2018,TU,0012,01,FREEHOLD BORO PD,,0,0,0,0,P,I,N,N,03,2,CENTER ST,E,,,13161208__,1.20,07,,01,04,02,01,07,01,05,01,,AT,,JACKSON ST,,,,25,25,26,40.260260,74.269040,N,,#108
2018131518FB16558,MONMOUTH,FREEHOLD BORO,10/30/2018,TU,1007,01,FREEHOLD BORO PD,,0,0,0,0,P,I,N,N,03,2,ROUTE 537,E,537,,00000537__,52.10,07,,01,04,02,01,01,01,,,,AT,,ROUTE 522 / THROCKMORTON ST,,,,25,25,26,,,N,BUILDING AT 46 W MAIN WAS DAMAGED//JC 558F POLE WAS KNOCKED DOWN,15102
2018131518FB16559,MONMOUTH,FREEHOLD BORO,10/30/2018,TU,1048,01,FREEHOLD BORO PD,,0,0,0,0,P,B,N,N,08,2,MARCY ST,E,,,,,07,,01,04,02,01,01,01,,01,200,FE,W,CONOVER ST,,,,25,25,26,,,N,,15099
2018131518FB16568,MONMOUTH,FREEHOLD BORO,10/30/2018,TU,1407,01,FREEHOLD BORO PD,,0,0,0,0,P,I,N,N,11,1,ROUTE 537,W,537,,00000537__,51.32,07,,01,04,02,01,01,01,,,,AT,,US 9,,,,35,50,,40.251530,74.287070,N,DOT SIGN FOR ROUTE 9 SOUTHBOUND WAS KNOCKED DOWN//DOT NOTIFIED,15102
2018131518FB16573,MONMOUTH,FREEHOLD BORO,10/30/2018,TU,1640,01,FREEHOLD BORO PD,,0,0,0,0,P,I,N,N,01,2,NJ 79,S,79,,00000079__,1.76,02,,01,04,02,01,01,01,05,01,,AT,,MURRAY ST,,,,30,25,,,,N,,15104
2018131518FB16612,MONMOUTH,FREEHOLD BORO,10/31/2018,WE,1407,01,FREEHOLD BORO PD,,0,0,0,0,P,I,N,N,02,2,ROUTE 537,W,537,,00000537__,51.87,07,,01,04,02,01,01,02,05,01,,AT,,LINCOLN PL,,,,25,25,26,,,N,,15081
2018131518FB16617,MONMOUTH,FREEHOLD BORO,10/31/2018,WE,1435,01,FREEHOLD BORO PD,,0,1,0,0,I,I,N,N,01,2,NJ 79,S,79,,00000079__,1.27,02,,01,04,02,01,01,01,04,01,,AT,,THROCKMORTON ST,,,,30,30,26,40.253530,74.273880,N,,#108
2018131518FB16687,MONMOUTH,FREEHOLD BORO,11/01/2018,TH,1000,01,FREEHOLD BORO PD,,0,0,0,0,P,B,N,N,06,2,36 JACKSON STREET LOT,,,,,,08,,01,04,02,01,01,01,,,,,,,,,,,,26,,,N,,15090
2018131518FB16746,MONMOUTH,FREEHOLD BORO,11/03/2018,SA,1057,01,FREEHOLD BORO PD,,0,1,0,0,I,I,N,N,07,2,NJ 79,S,79,,00000079__,.74,02,,01,04,02,01,01,01,04,01,,AT,,NJ 33 BUSINESS / PARK AVE,,,,40,30,26,,,N,,15090
2018131518FB16781,MONMOUTH,FREEHOLD BORO,11/04/2018,SU,0106,01,FREEHOLD BORO PD,,0,0,0,0,P,B,N,N,06,2,FACTORY ST **,N,,,13151060__,.09,07,,01,04,02,01,06,01,,,30,FE,S,FIRST ST,,,,25,25,28,40.258280,74.266640,N,,15102
2018131518FB16807,MONMOUTH,FREEHOLD BORO,11/04/2018,SU,2007,01,FREEHOLD BORO PD,,0,0,0,0,P,B,N,N,08,2,TRIANGLE PARKING LOT,W,,,,,09,,01,04,02,01,06,01,,,20,FE,W,SOUTH STREET,,,,,35,26,,,N,,95
2018131518FB16839,MONMOUTH,FREEHOLD BORO,11/05/2018,MO,1247,01,FREEHOLD BORO PD,,0,0,0,0,P,B,N,N,01,2,US 9,N,9,,00000009__,113.60,02,,03,05,02,02,01,02,02,,,,,,F,BARKALOW AVENUE,,25,,26,,,N,,15101
2018131518FB16862,MONMOUTH,FREEHOLD BORO,11/05/2018,MO,2318,01,FREEHOLD BORO PD,,0,0,0,0,P,I,N,N,01,2,ROUTE 537,E,537,,00000537__,51.56,07,,01,04,02,02,06,02,04,01,,AT,,NJ 33 BUS / PARK AVE,,,,25,40,26,,,N,,15099
2018131518FB16873,MONMOUTH,FREEHOLD BORO,11/06/2018,TU,0546,01,FREEHOLD BORO PD,,0,0,0,0,P,I,N,N,09,2,ROUTE 537,E,537,,00000537__,51.34,07,,01,05,02,02,06,01,04,01,,AT,,BARKALEW RD,,,,25,25,26,,,N,,15099
2018131518FB16944,MONMOUTH,FREEHOLD BORO,11/07/2018,WE,1754,01,FREEHOLD BORO PD,,0,0,0,0,P,I,N,N,08,2,NJ 79,N,79,,00000079__,2.05,02,,01,04,02,01,06,01,04,01,,AT,,CR 46 / DUTCH LN,,,,35,,26,,,N,,15103
2018131518FB16945,MONMOUTH,FREEHOLD BORO,11/07/2018,WE,1807,01,FREEHOLD BORO PD,,0,1,0,0,I,I,N,N,07,2,NJ 33 BUSINESS,W,33,B,00000033B_,2.92,02,,01,04,02,01,06,01,04,01,,AT,,ROUTE 537 / WEST MAIN ST,,,,40,25,26,,,N,,91
2018131518FB16971,MONMOUTH,FREEHOLD BORO,11/08/2018,TH,1228,01,FREEHOLD BORO PD,,0,0,0,0,P,I,N,N,02,2,US 9,N,9,,00000009__,113.60,02,,03,07,02,01,01,01,,02,,AT,,,F,BARKALOW AVE,NB,50,,26,40.251240,74.286390,N,,102
2018131518FB17047,MONMOUTH,FREEHOLD BORO,11/10/2018,SA,0846,01,FREEHOLD BORO PD,,0,3,0,0,I,I,N,N,03,2,ROUTE 522,W,522,,00000522__,19.26,05,,01,04,02,01,01,01,04,01,,AT,,HALEY ST,,,,25,25,26,,,N,,15099
2018131518FB17059,MONMOUTH,FREEHOLD BORO,11/10/2018,SA,1435,01,FREEHOLD BORO PD,,0,0,0,0,P,B,N,N,08,2,33 MECHANIC ST **,,,,,,09,,01,04,02,01,01,01,05,01,100,FE,W,HUDSON ST,,,,25,25,,,,N,,15104
2018131518FB17231,MONMOUTH,FREEHOLD BORO,11/14/2018,WE,1026,01,FREEHOLD BORO PD,,0,0,0,0,P,B,N,N,06,2,22 COURT ST,W,,,,,09,,01,04,02,,01,01,04,01,,,,,,,,,,28,40.260290,74.275750,N,,26
2018131518FB17249,MONMOUTH,FREEHOLD BORO,11/14/2018,WE,1917,01,FREEHOLD BORO PD,,0,0,0,0,P,I,N,N,08,2,NJ 79,N,79,,00000079__,1.59,02,,01,04,02,01,06,01,05,01,,AT,,ROUTE 537 / CENTER ST / E MAIN ST /,,,,25,25,26,40.261650,74.271940,N,,15106
2018131518FB17284,MONMOUTH,FREEHOLD BORO,11/15/2018,TH,1347,01,FREEHOLD BORO PD,,0,0,0,0,P,B,N,N,11,1,HUDSON ST **,S,,,13151066__,.45,07,,01,04,02,03,01,03,,,30,FE,S,CENTER ST,,,,25,25,,,,N,,15097
2018131518FB17288,MONMOUTH,FREEHOLD BORO,11/15/2018,TH,1448,01,FREEHOLD BORO PD,,0,0,0,0,P,I,N,N,02,2,BROAD ST **,E,,,13151033__,.37,07,,01,04,02,03,01,03,04,01,,AT,,STOKES ST,,,,25,25,26,,,N,,15090
2018131518FB17289,MONMOUTH,FREEHOLD BORO,11/15/2018,TH,1457,01,FREEHOLD BORO PD,,0,0,0,0,P,I,N,N,11,1,NJ 79,S,79,,00000079__,2.32,02,,01,04,02,03,01,03,04,01,,AT,,BOULEVARD DR,,,,40,25,26,40.271000,74.266320,N,"STREET SIGN """"BOULEVARD DR / RT 79""""",108
2018131518FB17354,MONMOUTH,FREEHOLD BORO,11/16/2018,FR,2207,01,FREEHOLD BORO PD,,0,0,0,0,P,I,N,N,03,3,COURT ST,,,,13151017__,.07,07,,01,04,02,01,06,01,05,,,AT,,LAFAYETTE PL,,,,25,25,26,,,N,,
2018131518FB17356,MONMOUTH,FREEHOLD BORO,11/16/2018,FR,2324,01,FREEHOLD BORO PD,,0,0,0,0,P,I,N,N,04,2,NJ 79,N,79,,00000079__,1.59,02,,01,04,02,02,06,01,,,,AT,,ROUTE 537 / CENTER ST / E MAIN ST /,,,,25,25,26,40.261610,74.271640,N,,15102
2018131518FB17369,MONMOUTH,FREEHOLD BORO,11/17/2018,SA,1046,01,FREEHOLD BORO PD,,0,1,0,0,I,I,N,N,03,2,ROUTE 522,W,522,,00000522__,19.64,05,,01,04,02,01,01,01,05,01,,AT,,ROUTE 537 / MAIN ST,,,,25,25,,,,N,,15084
2018131518FB17372,MONMOUTH,FREEHOLD BORO,11/17/2018,SA,1416,01,FREEHOLD BORO PD,,0,0,0,0,P,B,N,N,08,2,BROAD ST PARKING LOT,E,,,,,09,,01,04,02,01,01,01,05,01,,,,,,,,,,,,,N,,84
2018131518FB17374,MONMOUTH,FREEHOLD BORO,11/19/2018,MO,0909,01,FREEHOLD BORO PD,,0,0,0,0,P,I,N,N,01,2,COURT ST,N,,,13151017__,.07,07,,01,06,02,01,01,01,,,,AT,W,LAFAYETTE PL,,,,25,25,26,,,N,,15101
2018131518FB17384,MONMOUTH,FREEHOLD BORO,11/17/2018,SA,1820,01,FREEHOLD BORO PD,,0,1,0,0,I,B,N,N,01,2,ROUTE 537,E,537,,00000537__,52.09,07,,01,04,02,01,06,01,,,75,FE,W,ROUTE 522 / THROCKMORTON ST,,,,25,25,26,40.259150,74.275670,N,,15094
2018131518FB17388,MONMOUTH,FREEHOLD BORO,11/17/2018,SA,2019,01,FREEHOLD BORO PD,,0,1,0,0,I,I,N,N,07,2,NJ 79,E,79,,00000079__,1.59,02,,01,04,02,01,06,01,05,01,,AT,,ROUTE 537 / CENTER ST / E MAIN ST /,,,,25,25,26,,,N,,15106
2018131518FB17432,MONMOUTH,FREEHOLD BORO,11/19/2018,MO,0913,01,FREEHOLD BORO PD,,0,0,0,0,P,I,N,N,01,3,NJ 79,S,79,,00000079__,.74,02,,01,06,02,01,01,05,04,,,AT,N,NJ 33 BUSINESS / PARK AVE,,,,35,35,26,,,N,,15101
2018131518FB17443,MONMOUTH,FREEHOLD BORO,11/19/2018,MO,1305,01,FREEHOLD BORO PD,FREEHOLD BORO,0,0,0,0,P,B,N,N,01,2,ROUTE 537,E,537,,00000537__,52.18,07,,01,04,02,01,01,01,04,01,100,FE,W,NJ 79 / COURT ST / SOUTH ST,,,,25,25,26,,,N,BUILDING WAS STRUCK ALONG WITH METAL FENCE AND GAS METER,15210
2018131518FB17446,MONMOUTH,FREEHOLD BORO,11/19/2018,MO,1404,01,FREEHOLD BORO PD,,0,0,0,0,P,B,N,N,01,2,US 9,S,9,,00000009__,113.70,02,,01,06,02,01,01,01,05,01,,,,,T,537,,50,,26,,,N,,15105
2018131518FB17552,MONMOUTH,FREEHOLD BORO,11/21/2018,WE,1435,01,FREEHOLD BORO PD,,0,0,0,0,P,I,N,N,01,2,US 9,N,9,,00000009__,113.60,02,,03,04,02,01,06,01,05,01,,AT,,,F,BARKALOW AVE,NB,25,,26,,,N,,15088
2018131518FB17555,MONMOUTH,FREEHOLD BORO,11/21/2018,WE,1654,01,FREEHOLD BORO PD,,0,0,0,0,P,I,N,N,03,2,NJ 79,S,79,,00000079__,1.34,02,,01,04,02,01,06,01,04,01,,AT,,MECHANIC ST,,,,30,25,26,,,N,,15105
2018131518FB17609,MONMOUTH,FREEHOLD BORO,11/23/2018,FR,1055,01,FREEHOLD BORO PD,,0,0,0,0,P,I,N,N,02,2,US 9,N,9,,00000009__,113.75,02,,01,04,02,01,01,01,,,,AT,,ROUTE 537 / WEST MAIN ST,,,,35,50,26,40.251530,74.287070,N,,15102
2018131518FB17730,MONMOUTH,FREEHOLD BORO,11/27/2018,TU,0035,01,FREEHOLD BORO PD,,0,0,0,0,P,B,N,N,06,2,NJ 79,E,79,,00000079__,1.52,02,,01,04,02,02,06,01,,02,25,FE,N,SHERIFF ST,,,,25,25,26,,,N,,15102
2018131518FB17794,MONMOUTH,FREEHOLD BORO,11/28/2018,WE,1321,01,FREEHOLD BORO PD,,0,0,0,0,P,I,N,N,08,2,44 SOUTH STREET (RT 79),E,,,,,09,,01,04,02,01,01,01,,,,AT,E,,,,,35,,28,,,N,,15101
2018131518FB17802,MONMOUTH,FREEHOLD BORO,11/28/2018,WE,1824,01,FREEHOLD BORO PD,,0,1,0,0,I,I,N,N,03,2,COURT ST,E,,,13151017__,.00,07,,01,04,02,01,06,01,05,01,,AT,,MONUMENT STREET,,,,25,25,26,40.260650,74.274240,N,,15094
2018131518FB17885,MONMOUTH,FREEHOLD BORO,11/30/2018,FR,1736,01,FREEHOLD BORO PD,,0,1,0,0,I,B,N,N,01,2,NJ 33 BUSINESS,E,33,B,00000033B_,3.45,02,,01,04,02,01,06,01,04,,100,FE,W,NJ 79 / SOUTH ST,,,,40,30,26,,,N,,15107
2018131518FB17895,MONMOUTH,FREEHOLD BORO,11/30/2018,FR,2007,01,FREEHOLD BORO PD,,0,0,0,0,P,B,N,N,08,2,ROUTE 522,E,522,,00000522__,19.50,05,,01,04,02,01,06,01,04,,100,FE,W,BROAD ST,,,,25,25,26,,,N,,15097
2018131518FB17911,MONMOUTH,FREEHOLD BORO,12/01/2018,SA,0809,01,FREEHOLD BORO PD,,0,0,0,0,P,B,N,N,01,2,ROUTE 522,W,522,,00000522__,19.49,05,,01,04,02,01,01,01,04,01,150,FE,W,BROAD ST,,,,25,25,26,,,N,,15099
2018131518FB17954,MONMOUTH,FREEHOLD BORO,12/02/2018,SU,1544,01,FREEHOLD BORO PD,,0,0,0,0,P,B,N,N,02,2,THROCKMORTON ST **,E,,,13151078__,.02,07,,01,04,02,02,01,02,05,01,130,FE,W,NJ 79 / SOUTH ST,,,,25,,26,,,N,,15087
2018131518FB18047,MONMOUTH,FREEHOLD BORO,12/04/2018,TU,1353,01,FREEHOLD BORO PD,,0,0,0,0,P,B,N,N,03,2,BARKALOW ST **,N,,,13151001__,.53,07,,01,04,02,01,01,01,05,01,1000,FE,S,ROUTE 537 / W MAIN ST,,,,25,30,26,40.251530,74.287070,N,,15083
2018131518FB18060,MONMOUTH,FREEHOLD BORO,12/05/2018,WE,2004,01,FREEHOLD BORO PD,,0,0,0,0,P,I,N,N,02,2,ROUTE 537,E,537,,00000537__,51.56,07,,01,04,01,01,06,01,05,01,,AT,E,NJ 33 BUS / PARK AVE,,,,25,40,,,,N,,15104
2018131518FB18076,MONMOUTH,FREEHOLD BORO,12/05/2018,WE,0830,01,FREEHOLD BORO PD,,0,0,0,0,P,B,N,N,06,2,E STREET,,,,,,07,,01,06,02,01,01,01,05,,50,FE,W,INSTITUTE ST,,,,25,25,26,,,N,,15088
2018131518FB18129,MONMOUTH,FREEHOLD BORO,12/06/2018,TH,1335,01,FREEHOLD BORO PD,,0,1,0,0,I,I,N,N,03,2,COURT ST,,,,13151017__,.50,07,,01,04,01,01,01,01,05,01,,AT,W,CRESTWOOD DR / QUINN BLVD,,,,25,25,26,,,N,,15104
2018131518FB18137,MONMOUTH,FREEHOLD BORO,12/06/2018,TH,1723,01,FREEHOLD BORO PD,,0,0,0,0,P,I,N,N,03,2,NJ 79,S,79,,00000079__,1.69,02,,01,04,02,01,06,01,,01,,AT,,HENRY ST,,,,25,25,26,,,N,,15099
2018131518FB18148,MONMOUTH,FREEHOLD BORO,12/06/2018,TH,2230,01,FREEHOLD BORO PD,,0,0,0,0,P,I,N,N,03,2,ROUTE 537,E,537,,00000537__,52.69,07,,01,04,01,01,06,01,05,01,,AT,N,JACKSON ST / JACKSON TER,,,,25,25,,,,N,,15104
2018131518FB18192,MONMOUTH,FREEHOLD BORO,12/07/2018,FR,1946,01,FREEHOLD BORO PD,,0,0,0,0,P,B,N,N,08,2,MECHANIC ST **,,,,13151054__,.64,07,,01,04,02,01,06,01,05,01,100,FE,W,HUDSON ST,,,,25,25,,,,N,,15104
2018131518FB18220,MONMOUTH,FREEHOLD BORO,12/09/2018,SU,0734,01,FREEHOLD BORO PD,18FB18220,0,0,0,0,P,I,N,N,01,2,ROUTE 537,W,537,,00000537__,51.98,07,,01,04,02,01,06,01,,,,AT,,McLEAN ST,,,,25,25,26,,,N,,15094
2018131518FB18229,MONMOUTH,FREEHOLD BORO,12/08/2018,SA,2159,01,FREEHOLD BORO PD,,0,0,0,0,P,B,N,N,03,2,ROUTE 537,E,537,,00000537__,52.04,07,,01,04,02,01,06,01,,,300,FE,W,ROUTE 522 / THROCKMORTON ST,,,,25,25,26,40.259300,74.276400,N,,15102
2018131518FB18294,MONMOUTH,FREEHOLD BORO,12/10/2018,MO,1355,01,FREEHOLD BORO PD,18FB18294,0,0,0,0,P,B,N,N,03,2,ROUTE 522,W,522,,00000522__,19.33,05,,01,04,02,01,01,01,04,,100,FE,E,MONMOUTH AVE,,,,30,25,26,,,N,,15100
2018131518FB18297,MONMOUTH,FREEHOLD BORO,12/10/2018,MO,1334,01,FREEHOLD BORO PD,,0,0,0,0,P,I,N,N,02,2,NJ 79,N,79,,00000079__,1.43,02,,01,04,02,01,01,01,04,,,AT,S,ROUTE 537 / MAIN ST,,,,35,25,26,,,N,,15101
2018131518FB18302,MONMOUTH,FREEHOLD BORO,12/10/2018,MO,1544,01,FREEHOLD BORO PD,,0,1,0,0,I,B,N,N,04,2,JERSEY VILLE AVE **,E,,,13151205__,.04,07,,01,05,02,01,01,01,04,,200,FE,E,NJ 79 / SOUTH ST,,,,25,35,26,,,N,,15101
2018131518FB18363,MONMOUTH,FREEHOLD BORO,12/11/2018,TU,1204,01,FREEHOLD BORO PD,,0,0,0,0,P,B,N,N,08,2,ROUTE 522,W,522,,00000522__,19.35,05,,01,04,02,01,01,01,,02,200,FE,E,MONMOUTH AVE,,,,25,,28,,,N,,15099
2018131518FB18380,MONMOUTH,FREEHOLD BORO,12/11/2018,TU,2036,01,FREEHOLD BORO PD,,0,0,0,0,P,B,Y,N,06,2,TRIANGLE PARKING LOT,S,,,,,09,,01,04,02,01,07,01,,01,50,FE,S,28 W MAIN ST,,,,25,25,28,40.259360,74.275190,N,,15083