Year(4)-CountyCode(2)-MunicipalityCode(2)-CaseNumber(9),County Name,Municipality Name,Crash Date,Crash Day of Week,Crash Time,Police Department Code,Police Department,Police Station,Total Killed,Total Injured,Pedestrians Killed,Pedestrians Injured,Severity,Intersection,Alcohol Involved,Hazmat Involved,Crash Type,Total Vehicles,Location,Location Direction,Route,Route Suffix,Std Rte Identifier,MilePost,Road System,Road Character,Road Horizontal Alignment,Road Grade,Road Surface Type,Surface Condition,Light Condition,Environmental Condition,Road Divided By,Temporary Traffic Control Zone,Distance To Cross Street,Unit Of Measurement,Direction From Cross Street,Cross Street Name,Is Ramp,Ramp To/From Route Name,Ramp To/From Route Direction,Posted Speed,Posted Speed Cross Street,First Harmful Event,Latitude,Longitude,Cell Phone In Use Flag,Other Property Damage,Reporting Badge No.
2018131618FT05861,MONMOUTH,FREEHOLD TWP,03/05/2018,MO,2159,01,FREEHOLD TWP PD,,0,0,0,0,P,B,N,N,12,1,GRAVEL HILL RD,,,,,,07,,01,04,02,01,05,01,05,01,200,FE,S,PRINCETON OVAL,,,,50,25,24,,,N,,269
2018131618FT05925,MONMOUTH,FREEHOLD TWP,03/06/2018,TU,1641,01,FREEHOLD TWP PD,,0,3,0,0,I,B,N,N,01,2,US 9,S,9,,00000009__,112.75,02,,01,04,02,01,01,01,02,01,25,FE,N,NJ 79 / SCHANCK RD / SOUTH ST,,,,50,35,26,,,N,,16261
2018131618FT05927,MONMOUTH,FREEHOLD TWP,03/06/2018,TU,1346,01,FREEHOLD TWP PD,,0,0,0,0,P,B,N,N,01,2,NJ 33,E,33,,00000033__,26.59,02,,03,04,02,01,01,01,02,01,,,,,T,ROUTE 537,EB,55,,26,,,N,,16252
2018131618FT05954,MONMOUTH,FREEHOLD TWP,03/06/2018,TU,1932,01,FREEHOLD TWP PD,,0,0,0,0,P,B,N,N,06,2,CANNON RD,,,,,,07,,01,04,02,01,07,01,05,01,,,S,RYAN BLVD,,,,25,25,26,,,N,,16250
2018131618FT05998,MONMOUTH,FREEHOLD TWP,03/07/2018,WE,1437,01,FREEHOLD TWP PD,,0,0,0,0,P,B,N,N,11,1,US 9,N,9,,00000009__,115.12,02,,01,05,02,05,01,03,01,01,1320,FE,S,SCHIBANOFF LN,,,,55,20,26,,,N,GUARD RAIL ALONG US 9 N (DENT),16262
2018131618FT06000,MONMOUTH,FREEHOLD TWP,03/07/2018,WE,1458,01,FREEHOLD TWP PD,,0,0,0,0,P,B,N,N,11,1,NJ 33,E,33,,00000033__,27.48,02,,01,04,02,03,01,03,01,,300,FE,W,US 9,,,,55,50,,,,N,,16205
2018131618FT06003,MONMOUTH,FREEHOLD TWP,03/07/2018,WE,1553,01,FREEHOLD TWP PD,,0,0,0,0,P,B,N,N,11,1,ROUTE 527,,527,,00000527__,,05,,03,04,02,03,01,03,05,01,2112,FE,S,COTRELL ROAD,,,,50,,,,,N,,16260
2018131618FT06019,MONMOUTH,FREEHOLD TWP,03/07/2018,WE,1744,01,FREEHOLD TWP PD,,0,0,0,0,P,B,N,N,08,2,100 SHORE POINT DR,,,,,,09,,01,04,02,05,06,03,05,01,,,,REAR PARKING AREA,,,,,,26,,,N,,269
2018131618FT06059,MONMOUTH,FREEHOLD TWP,03/08/2018,TH,0843,01,FREEHOLD TWP PD,,0,0,0,0,P,I,N,N,99,1,US 9,,9,,00000009__,116.27,02,,01,04,02,02,01,01,01,01,,AT,S,CRAIG RD / EAST FREEHOLD RD,,,,55,35,99,,,N,,16245
2018131618FT06068,MONMOUTH,FREEHOLD TWP,03/08/2018,TH,1022,01,FREEHOLD TWP PD,,0,0,0,0,P,B,N,N,99,1,NJ 79,,79,,00000079__,.37,02,,01,04,02,02,01,01,04,01,200,FE,S,DANIELS WAY / EURETTA AVE,,,,35,25,12,,,N,,16218
2018131618FT06069,MONMOUTH,FREEHOLD TWP,03/08/2018,TH,1026,01,FREEHOLD TWP PD,,0,0,0,0,P,B,N,N,01,2,ROUTE 537,,537,,00000537__,53.31,05,,01,04,02,02,01,01,,01,25,FE,E,HARDING RD / WILSON AVE,,,,50,25,26,,,N,,16189
2018131618FT06073,MONMOUTH,FREEHOLD TWP,03/08/2018,TH,1125,01,FREEHOLD TWP PD,,0,0,0,0,P,B,N,N,01,2,SCHANCK RD,,,,13161329__,1.14,07,,01,04,02,01,01,01,05,01,25,FE,E,STILLWELLS CORNER ROAD,,,,35,35,26,,,N,,16261
2018131618FT06152,MONMOUTH,FREEHOLD TWP,03/09/2018,FR,1012,01,FREEHOLD TWP PD,,0,0,0,0,P,B,N,N,01,2,ROUTE 537,W,537,,00000537__,,05,,01,04,02,01,01,01,05,01,35,FE,E,VILLAGE CENTER DR,,,,45,25,26,,,N,,16235
2018131618FT06196,MONMOUTH,FREEHOLD TWP,03/09/2018,FR,1632,01,FREEHOLD TWP PD,,0,1,0,0,I,B,N,N,01,2,US 9,N,9,,00000009__,116.25,02,,01,04,02,01,01,01,01,01,100,FE,S,CRAIG RD / EAST FREEHOLD RD,,,,55,35,26,,,N,,16220
2018131618FT06220,MONMOUTH,FREEHOLD TWP,03/09/2018,FR,2238,01,FREEHOLD TWP PD,,0,0,0,0,P,I,N,N,03,2,ROUTE 537,,537,,00000537__,,05,,01,04,02,01,06,01,05,01,,AT,,WALMART DRIVE,,,,45,25,26,,,N,,16263
2018131618FT06265,MONMOUTH,FREEHOLD TWP,03/10/2018,SA,1609,01,FREEHOLD TWP PD,,0,0,0,0,P,B,N,N,01,2,ROUTE 537,,537,,00000537__,51.07,05,,01,04,02,01,01,01,05,01,25,FE,,,F,TROTTERS WAY,SB,35,,26,,,N,,16263
2018131618FT06270,MONMOUTH,FREEHOLD TWP,03/10/2018,SA,1704,01,FREEHOLD TWP PD,,0,0,0,0,P,B,N,N,01,2,NJ 33 BUSINESS,,33,B,00000033B_,1.25,02,,01,04,02,01,03,01,05,01,1200,FE,E,WEMROCK RD,,,,45,35,26,,,N,,16263
2018131618FT06271,MONMOUTH,FREEHOLD TWP,03/10/2018,SA,1715,01,FREEHOLD TWP PD,,0,0,0,0,P,I,N,N,03,2,ROUTE 537,E,537,,00000537__,51.07,05,,01,04,02,01,01,01,05,01,,AT,,TROTTERS WAY,,,,40,30,26,,,N,,16260
2018131618FT06277,MONMOUTH,FREEHOLD TWP,03/10/2018,SA,1830,01,FREEHOLD TWP PD,,0,0,0,0,P,B,N,N,08,2,CASTRONOVA WAY,,,,,,07,,01,04,02,01,06,01,05,01,25,FE,N,ROUTE 537,,,,25,45,26,,,N,,16263
2018131618FT06292,MONMOUTH,FREEHOLD TWP,03/10/2018,SA,2304,01,FREEHOLD TWP PD,,0,0,0,0,P,B,N,N,02,2,US 9,S,9,,00000009__,112.81,02,,01,04,02,01,06,01,02,01,300,FE,N,NJ 79 / SCHANCK RD / SOUTH ST,,,,50,35,26,,,N,,16265
2018131618FT06297,MONMOUTH,FREEHOLD TWP,03/10/2018,SA,2338,01,FREEHOLD TWP PD,,0,0,0,0,P,B,N,N,06,2,DICKENSON CT,,,,,,07,,01,04,02,01,06,01,05,01,100,FE,N,FRENEAU BLVD,,,,25,25,28,,,N,,219
2018131618FT06308,MONMOUTH,FREEHOLD TWP,03/11/2018,SU,0103,01,FREEHOLD TWP PD,,0,0,0,0,P,B,Y,N,11,1,THOMPSON GROVE RD,,,,,,07,,01,05,02,01,07,01,05,01,100,FE,S,ROUTE 537,,,,35,50,46,,,N,GUARD RAIL (FREEHOLD TWP DPW NOTIFIED),16251
2018131618FT06317,MONMOUTH,FREEHOLD TWP,03/11/2018,SU,0836,01,FREEHOLD TWP PD,,0,0,0,0,P,B,N,N,08,2,1 MUNICIPAL PLAZA,,,,,,09,,01,04,02,01,01,01,05,01,,,,PARKING LOT,,,,,,26,,,N,,16255
2018131618FT06380,MONMOUTH,FREEHOLD TWP,03/11/2018,SU,2051,01,FREEHOLD TWP PD,,0,0,0,0,P,I,N,N,11,1,ROUTE 524,,524,,00000524__,23.91,05,,01,04,02,01,06,01,05,01,,AT,,GEORGIA RD,,,,45,35,56,,,N,506 ELTON ADELPHIA ROAD- LANDSCAPING DAMAGE,16263
2018131618FT06388,MONMOUTH,FREEHOLD TWP,03/11/2018,SU,2210,01,FREEHOLD TWP PD,,0,0,0,0,P,B,Y,N,11,1,STILLWELLS CORNER RD,,,,13161328__,.89,07,,03,04,02,01,06,01,05,01,75,FE,N,DOUBLE CREEK PKWY,,,,35,25,,,,N,,16259
2018131618FT06412,MONMOUTH,FREEHOLD TWP,03/12/2018,MO,0914,01,FREEHOLD TWP PD,,0,0,0,0,P,B,N,N,01,2,IRON BRIDGE RD,N,,,13161327__,1.24,07,,01,04,02,01,01,01,04,,30,FE,S,ROUTE 537,,,,35,45,26,,,N,,16257
2018131618FT06420,MONMOUTH,FREEHOLD TWP,03/12/2018,MO,1027,01,FREEHOLD TWP PD,,0,0,0,0,P,I,N,N,02,2,E FREEHOLD RD,,,,13161067__,2.32,07,,01,05,02,01,01,01,05,,,AT,,ROBERTSVILLE ROAD,,,,35,35,26,,,N,,16262
2018131618FT06460,MONMOUTH,FREEHOLD TWP,03/12/2018,MO,1610,01,FREEHOLD TWP PD,,0,0,0,0,P,B,N,N,11,1,235 WILLOW BROOK ROAD,,,,,,09,,01,04,02,01,01,01,05,01,,,,ASBURY PRESS PARKING LOT,,,,,,69,,,N,ASBURY PARK PRESS PIV PIPE 235 WILLOW BROOK ROAD,16261
2018131618FT06480,MONMOUTH,FREEHOLD TWP,03/12/2018,MO,1831,01,FREEHOLD TWP PD,,0,1,0,0,I,B,N,N,01,2,ROUTE 537,,537,,00000537__,51.07,05,,03,04,02,01,01,01,05,01,10,FE,W,,F,TROTTERS WAY,SB,40,,26,,,N,,16234
2018131618FT06507,MONMOUTH,FREEHOLD TWP,03/13/2018,TU,0647,01,FREEHOLD TWP PD,,0,0,0,0,P,B,N,N,11,1,SYCAMORE AVE,E,,,,,07,,01,04,02,03,03,03,05,01,20,FE,E,MULBERRY LANE,,,,25,,,,,N,STREET LIGHT POLE,16251
2018131618FT06508,MONMOUTH,FREEHOLD TWP,03/13/2018,TU,0719,01,FREEHOLD TWP PD,,0,0,0,0,P,B,N,N,11,1,NJ 79,,79,,00000079__,2.64,02,,01,04,02,03,01,03,05,01,10,FE,,PINE AVE,,,,45,25,,,,N,STOP SIGN. DOT NOTIFIED,16246
2018131618FT06512,MONMOUTH,FREEHOLD TWP,03/13/2018,TU,0853,01,FREEHOLD TWP PD,,0,0,0,0,P,B,N,N,06,2,3000 KOZLOSKI RD,,,,,,09,,01,04,02,03,01,03,,01,,,,SOCIAL SERVICES PARKING LOT,,,,,,26,,,N,,16262
2018131618FT06520,MONMOUTH,FREEHOLD TWP,03/13/2018,TU,1124,01,FREEHOLD TWP PD,,0,1,0,0,I,I,N,N,01,2,HALLS MILL RD,,,,13161330__,.94,07,,01,04,02,02,01,03,05,01,,AT,,THREE BROOKS ROAD,,,,35,35,26,,,N,,16262
2018131618FT06542,MONMOUTH,FREEHOLD TWP,03/13/2018,TU,1720,01,FREEHOLD TWP PD,,0,1,0,0,I,B,N,N,01,2,MONMOUTH COUNTY 55,,55,,13000055__,2.08,05,,01,04,02,01,01,01,05,01,25,FE,N,ROUTE 537 / COLTS NECK RD,,,,50,45,26,,,N,,16234
2018131618FT06556,MONMOUTH,FREEHOLD TWP,03/13/2018,TU,1953,01,FREEHOLD TWP PD,,0,0,0,0,P,B,N,N,12,1,ROUTE 524,,524,,00000524__,22.14,05,,01,04,02,01,05,01,05,01,300,FE,W,GRAVEL HILL RD,,,,50,45,24,,,N,,16266
2018131618FT06579,MONMOUTH,FREEHOLD TWP,03/14/2018,WE,0753,01,FREEHOLD TWP PD,,0,0,0,0,P,B,N,N,01,2,US 9,N,9,,00000009__,113.56,02,,03,04,02,01,01,01,05,01,,,,,F,HELEN AVE,NB,50,,26,,,N,,16252
2018131618FT06662,MONMOUTH,FREEHOLD TWP,03/15/2018,TH,0938,01,FREEHOLD TWP PD,,0,0,0,0,P,B,N,N,01,2,MONMOUTH COUNTY 55,,55,,13000055__,1.67,05,,01,04,02,01,01,01,05,01,20,FE,N,BURLINGTON RD,,,,50,35,26,,,N,,16255
2018131618FT06782,MONMOUTH,FREEHOLD TWP,03/16/2018,FR,1103,01,FREEHOLD TWP PD,,0,0,0,0,P,B,N,N,03,2,ROUTE 537,,537,,00000537__,51.27,05,,01,04,02,01,01,01,05,01,264,FE,W,US 9,,,,40,50,26,,,N,,16255
2018131618FT06797,MONMOUTH,FREEHOLD TWP,03/16/2018,FR,1314,01,FREEHOLD TWP PD,,0,0,0,0,P,I,N,N,11,1,MONMOUTH COUNTY 23,,23,,13000023__,3.16,05,,01,04,02,01,01,01,05,01,,AT,,STRICKLAND RD,,,,45,35,52,,,N,POLE #: JC745FT,16255
2018131618FT06799,MONMOUTH,FREEHOLD TWP,03/16/2018,FR,1338,01,FREEHOLD TWP PD,,0,1,0,0,I,B,N,N,01,2,ROUTE 537,,537,,00000537__,50.33,05,,01,04,02,01,01,01,05,01,360,FE,E,STILLWELLS CORNER RD / WEMROCK RD,,,,45,35,26,,,N,,16259
2018131618FT06813,MONMOUTH,FREEHOLD TWP,03/16/2018,FR,1602,01,FREEHOLD TWP PD,,0,0,0,0,P,B,N,N,12,1,ROUTE 524,,524,,00000524__,24.57,05,,01,04,02,01,01,01,05,01,100,FE,W,OLD POST RD,,,,45,25,24,,,N,,16242
2018131618FT06821,MONMOUTH,FREEHOLD TWP,03/16/2018,FR,1719,01,FREEHOLD TWP PD,,0,2,0,0,I,B,N,N,07,2,ROUTE 522,,522,,00000522__,18.60,05,,01,04,02,01,01,01,05,01,500,FE,E,US 9,,,,40,55,26,,,N,,16266
2018131618FT06837,MONMOUTH,FREEHOLD TWP,03/16/2018,FR,1931,01,FREEHOLD TWP PD,,0,0,0,0,P,B,N,N,01,2,US 9,S,9,,00000009__,111.39,02,,01,04,02,01,06,01,02,01,200,FE,N,ROUTE 524 / ELTON-ADELPHIA RD,,,,50,45,26,,,N,,16242
2018131618FT06952,MONMOUTH,FREEHOLD TWP,03/17/2018,SA,2025,01,FREEHOLD TWP PD,,0,0,0,0,P,B,N,N,02,2,US 9,N,9,,00000009__,115.87,02,,01,04,02,01,06,01,02,01,2640,FE,N,SCHIBANOFF LN,,,,55,25,26,,,N,,16250
2018131618FT07005,MONMOUTH,FREEHOLD TWP,03/18/2018,SU,1414,01,FREEHOLD TWP PD,,0,1,0,0,I,B,N,N,03,2,NJ 79,,79,,00000079__,.37,02,,01,04,02,01,01,01,05,01,200,FE,S,DANIELS WAY / EURETTA AVE,,,,35,25,26,,,N,,16267
2018131618FT07039,MONMOUTH,FREEHOLD TWP,03/18/2018,SU,2003,01,FREEHOLD TWP PD,,0,0,0,0,P,B,N,N,02,2,US 9,N,9,,00000009__,111.30,02,,01,04,02,01,06,01,02,01,264,FE,S,ROUTE 524 / ELTON-ADELPHIA RD,,,,55,45,26,,,N,,226
2018131618FT07121,MONMOUTH,FREEHOLD TWP,03/19/2018,MO,2141,01,FREEHOLD TWP PD,,0,0,0,0,P,I,N,N,03,2,NJ 79,,79,,00000079__,.10,02,,01,04,02,01,06,01,02,01,,AT,,WILLOWBROOK RD,,,,40,25,26,,,N,,16250
2018131618FT07188,MONMOUTH,FREEHOLD TWP,03/20/2018,TU,1639,01,FREEHOLD TWP PD,,0,0,0,0,P,B,N,N,11,1,GEORGIA RD,,,,13161011__,,07,,01,04,02,05,01,03,05,01,1584,FE,W,LOVE LANE,,,,50,25,26,,,N,MINOR DAMAGE TO UTILITY POLE# JC322FRT,16250
2018131618FT07197,MONMOUTH,FREEHOLD TWP,03/20/2018,TU,1949,01,FREEHOLD TWP PD,,0,0,0,0,P,B,N,N,11,1,ROUTE 524,,524,,00000524__,24.90,05,,01,04,02,02,06,03,05,01,200,FE,E,PATRIOT WAY,,,,45,25,26,,,N,MINOR DAMAGE TO JCP&L UTILITY POLE 90018FT AND TOWNSHIP FIRE HYDRANT.,16250
2018131618FT07245,MONMOUTH,FREEHOLD TWP,03/21/2018,WE,1755,01,FREEHOLD TWP PD,,0,0,0,0,P,B,N,N,01,2,GLENDALE DR,,,,,,07,,01,04,02,03,01,03,04,01,20,FE,E,POND RD,,,,25,35,26,,,N,,269
2018131618FT07249,MONMOUTH,FREEHOLD TWP,03/21/2018,WE,1912,01,FREEHOLD TWP PD,,0,0,0,0,P,B,N,N,11,1,ROUTE 524,,524,,00000524__,22.84,05,,01,04,02,03,06,03,05,01,900,FE,E,IRON BRIDGE RD,,,,50,35,55,,,N,,16234
2018131618FT07284,MONMOUTH,FREEHOLD TWP,03/22/2018,TH,1010,01,FREEHOLD TWP PD,,0,0,0,0,P,B,N,N,01,2,US 9,S,9,,00000009__,114.12,02,,01,04,02,02,01,01,01,01,100,FE,S,RACEWAY MALL DR,,,,50,25,26,,,N,,16245
2018131618FT07292,MONMOUTH,FREEHOLD TWP,03/22/2018,TH,1337,01,FREEHOLD TWP PD,,0,0,0,0,P,I,N,N,11,2,NJ 33 BUSINESS,,33,B,00000033B_,3.99,02,,01,04,02,01,01,01,05,01,,AT,,KONDRUP WAY,,,,40,25,,,,N,STATE OF NJ TRAFFIC CONTROL BOX #1336101,16189
2018131618FT07297,MONMOUTH,FREEHOLD TWP,03/22/2018,TH,1437,01,FREEHOLD TWP PD,,0,0,0,0,P,B,N,N,01,2,WEMROCK ROAD,,,,,,07,,01,04,02,01,01,01,05,01,50,FE,N,WEEPING WILLOW LANE,,,,35,,26,,,N,,16263
2018131618FT07307,MONMOUTH,FREEHOLD TWP,03/22/2018,TH,1807,01,FREEHOLD TWP PD,,0,1,0,0,I,I,N,N,07,3,ROUTE 537,E,537,,00000537__,50.06,05,,01,04,02,01,01,01,04,01,,AT,,REDWOOD LN,,,,45,25,26,,,N,,
2018131618FT07361,MONMOUTH,FREEHOLD TWP,03/23/2018,FR,0812,01,FREEHOLD TWP PD,,0,0,0,0,P,B,N,N,11,1,MONMOUTH COUNTY 23,S,23,,13000023__,,05,,01,04,02,01,01,01,05,01,100,FE,W,US 9,,,,45,50,52,,,N,,16263
2018131618FT07362,MONMOUTH,FREEHOLD TWP,03/23/2018,FR,0823,01,FREEHOLD TWP PD,,0,1,0,0,I,B,N,N,01,2,MONMOUTH COUNTY 46,,46,,13000046__,1.42,05,,01,04,02,01,01,01,05,01,35,FE,W,CR 55 / KOSLOSKI DR,,,,45,50,26,,,N,,16235
2018131618FT07366,MONMOUTH,FREEHOLD TWP,03/23/2018,FR,0908,01,FREEHOLD TWP PD,,0,0,0,0,P,B,N,N,11,1,690 PARK AVE,,,,,,09,,01,04,02,01,01,01,05,01,,,,PARKING LOT OF SORRENTOS SUBS,,,,,,69,,,N,690 PARK AVE SORRENTOS SUBS,16229
2018131618FT07407,MONMOUTH,FREEHOLD TWP,03/23/2018,FR,1246,01,FREEHOLD TWP PD,,0,0,0,0,P,B,N,N,02,2,US 9,,9,,00000009__,111.35,02,,03,04,02,01,01,01,04,01,,FE,E,,T,ROUTE 524,EB,50,,26,,,N,,16245
2018131618FT07411,MONMOUTH,FREEHOLD TWP,03/23/2018,FR,1314,01,FREEHOLD TWP PD,,0,0,0,0,P,B,N,N,03,2,ROUTE 524,,524,,00000524__,25.08,05,,01,04,02,01,01,01,05,01,200,FE,E,CR 23 / JACKSON MILL RD,,,,45,45,26,,,N,,16255
2018131618FT07441,MONMOUTH,FREEHOLD TWP,03/23/2018,FR,1729,01,FREEHOLD TWP PD,,0,1,0,0,I,B,N,N,01,3,SCHANCK RD,E,,,13161329__,.07,07,,01,04,02,01,01,01,04,01,25,FE,E,STONEHURST BLVD.,,,,35,25,26,,,N,,
2018131618FT07446,MONMOUTH,FREEHOLD TWP,03/23/2018,FR,1812,01,FREEHOLD TWP PD,,0,0,0,0,P,B,N,N,02,2,ROUTE 537,,537,,00000537__,50.99,05,,01,04,02,01,01,01,05,01,400,FE,W,TROTTERS WAY,,,,40,35,26,,,N,,16266
2018131618FT07469,MONMOUTH,FREEHOLD TWP,03/23/2018,FR,2123,01,FREEHOLD TWP PD,,0,0,0,0,P,B,N,N,12,1,MONMOUTH COUNTY 55,,55,,13000055__,.01,05,,01,04,02,01,07,01,05,01,1584,FE,S,CR 46 / DUTCH LANE RD,,,,50,40,24,,,N,,16269
2018131618FT07536,MONMOUTH,FREEHOLD TWP,03/24/2018,SA,2043,01,FREEHOLD TWP PD,,0,0,0,0,P,B,N,N,01,2,US 9,S,9,,00000009__,114.14,02,,01,04,02,01,06,01,01,01,10,FE,N,RACEWAY MALL DR,,,,50,25,26,,,N,,16266
2018131618FT07537,MONMOUTH,FREEHOLD TWP,03/24/2018,SA,2046,01,FREEHOLD TWP PD,,0,0,0,0,P,B,N,N,01,2,ROUTE 537,,537,,00000537__,51.07,05,,01,04,02,01,06,01,05,01,30,FE,,,F,TROTTERS WAY,SB,40,,26,,,N,,16231
2018131618FT07553,MONMOUTH,FREEHOLD TWP,03/25/2018,SU,0031,01,FREEHOLD TWP PD,,0,0,0,0,P,I,N,N,03,2,ROUTE 537,W,537,,00000537__,49.64,05,,01,04,02,01,06,01,05,01,,AT,,IRON BRIDGE RD,,,,45,35,26,,,N,,258
2018131618FT07559,MONMOUTH,FREEHOLD TWP,03/25/2018,SU,0546,01,FREEHOLD TWP PD,,0,0,0,0,P,B,N,N,11,1,NJ 18,S,18,,00000018__,22.50,02,,01,04,02,01,06,01,01,01,200,FE,N,ROUTE 537 RAMP,,,,65,25,56,,,N,CENTER DIVIDER DENTED AT POINT OF IMPACT-DOT NOTIFIED,258
2018131618FT07703,MONMOUTH,FREEHOLD TWP,03/26/2018,MO,2001,01,FREEHOLD TWP PD,,0,0,0,0,P,B,N,N,12,2,ROUTE 537,,537,,00000537__,48.93,05,,01,04,02,01,07,01,05,01,25,FE,W,GRAVEL HILL RD,,,,45,40,24,,,N,,16202
2018131618FT07749,MONMOUTH,FREEHOLD TWP,03/27/2018,TU,0812,01,FREEHOLD TWP PD,,0,0,0,0,P,B,N,N,01,2,STRICKLAND RD,,,,,,07,,01,04,02,01,01,01,05,01,50,FE,W,WEATHERVANE LANE,,,,35,25,26,,,N,,16260
2018131618FT07779,MONMOUTH,FREEHOLD TWP,03/27/2018,TU,1340,01,FREEHOLD TWP PD,,0,0,0,0,P,B,N,N,01,2,ROUTE 537,,537,,00000537__,50.54,05,,01,04,02,01,01,01,05,01,200,FE,E,CASTRONOVA WAY / FREEHOLD MARKETPLA,,,,40,25,26,,,N,,16260
2018131618FT07780,MONMOUTH,FREEHOLD TWP,03/27/2018,TU,1344,01,FREEHOLD TWP PD,,0,1,0,0,I,B,N,N,01,2,US 9,S,9,,00000009__,111.35,02,,03,04,02,01,01,01,05,01,20,FE,S,,T,ROUTE 524,EB,50,,26,,,N,,16265
2018131618FT07808,MONMOUTH,FREEHOLD TWP,03/27/2018,TU,1947,01,FREEHOLD TWP PD,,0,0,0,0,P,B,N,N,02,2,MONMOUTH COUNTY 53,,53,,13000053__,.25,05,,01,04,02,01,06,01,,,600,FE,E,NOMOCO RD,,,,40,40,26,,,N,,16253
2018131618FT07847,MONMOUTH,FREEHOLD TWP,03/28/2018,WE,1032,01,FREEHOLD TWP PD,,0,0,0,0,P,I,N,N,03,2,SPRUCE STREET,,,,,,07,,01,04,02,01,01,01,05,01,,AT,,WOODCREST DRIVE,,,,25,25,26,,,N,,16204
2018131618FT07863,MONMOUTH,FREEHOLD TWP,03/28/2018,WE,1346,01,FREEHOLD TWP PD,,0,0,0,0,P,B,N,N,01,2,NJ 33,E,33,,00000033__,26.60,02,,03,06,02,01,01,01,05,01,,,,,T,ROUTE 537,WB,50,,26,,,N,,16260
2018131618FT08075,MONMOUTH,FREEHOLD TWP,03/30/2018,FR,1355,01,FREEHOLD TWP PD,,0,2,0,0,I,I,N,N,03,2,MONMOUTH COUNTY 23,S,23,,13000023__,2.73,05,,01,04,02,01,01,01,05,,,AT,,BERGERVILLE RD / STONE HILL RD,,,,45,35,26,,,N,DAMAGE TO BUSHES AT 145 STONEHILL ROAD,16257
2018131618FT08077,MONMOUTH,FREEHOLD TWP,03/30/2018,FR,1427,01,FREEHOLD TWP PD,,0,2,0,0,I,B,N,N,01,2,ROUTE 537,,537,,00000537__,51.08,05,,01,04,02,01,01,05,04,01,50,FE,E,TROTTERS WAY,,,,40,30,26,,,N,,16262
2018131618FT08084,MONMOUTH,FREEHOLD TWP,03/30/2018,FR,1625,01,FREEHOLD TWP PD,,0,2,0,0,I,B,N,N,01,2,US 9,N,9,,00000009__,115.97,02,,01,04,02,02,01,02,01,01,1584,FE,S,CRAIG RD / EAST FREEHOLD RD,,,,50,35,26,,,N,,16259
2018131618FT08148,MONMOUTH,FREEHOLD TWP,03/31/2018,SA,1018,01,FREEHOLD TWP PD,,0,0,0,0,P,B,N,N,02,2,ROUTE 537,,537,,00000537__,49.62,05,,01,04,02,01,01,01,05,01,100,FE,W,IRON BRIDGE RD,,,,45,35,26,,,N,,16267
2018131618FT08153,MONMOUTH,FREEHOLD TWP,03/31/2018,SA,1051,01,FREEHOLD TWP PD,,0,0,0,0,P,B,N,N,01,2,ROUTE 537,,537,,00000537__,50.22,05,,01,04,02,01,01,01,05,01,200,FE,W,STILLWELLS CORNER RD / WEMROCK RD,,,,45,35,26,,,N,,16267
2018131618FT08272,MONMOUTH,FREEHOLD TWP,04/02/2018,MO,0818,01,FREEHOLD TWP PD,,0,1,0,0,I,B,N,N,11,1,MONMOUTH COUNTY 23,S,23,,13000023__,1.00,05,,01,04,02,03,01,03,05,01,700,FE,S,JACK ALLEN CT,,,,45,25,69,,,N,BRICK FACED RETENTION WALL ALONG DRIVEWAY OF 319 JACKSON MILLS RD,16260
2018131618FT08276,MONMOUTH,FREEHOLD TWP,04/02/2018,MO,0840,01,FREEHOLD TWP PD,,0,0,0,0,P,B,N,N,11,1,SCHANCK RD,W,,,13161329__,.59,07,,01,05,02,03,01,03,04,,,,E,FRED JAHN DRIVE,,,,35,25,60,,,N,BUSH AT 2 FRED JAHN DRIVE,16257
2018131618FT08277,MONMOUTH,FREEHOLD TWP,04/02/2018,MO,1257,01,FREEHOLD TWP PD,,0,0,0,0,P,B,N,N,11,1,NJ 33,W,33,,00000033__,27.94,02,,01,04,02,03,01,03,03,,1320,FE,E,NJ 79 / SOUTH ST,,,,55,40,46,,,N,,16213
2018131618FT08279,MONMOUTH,FREEHOLD TWP,04/02/2018,MO,0945,01,FREEHOLD TWP PD,,0,0,0,0,P,B,N,N,11,1,HIDDEN STREAM ROAD,W,,,,,07,,01,06,02,03,01,03,05,,50,FE,E,MEADOW PLACE,,,,25,25,52,,,N,JCP&L POLE #JC2219FRT,16257
2018131618FT08493,MONMOUTH,FREEHOLD TWP,04/03/2018,TU,1502,01,FREEHOLD TWP PD,,0,2,0,0,I,B,N,N,01,2,NJ 33,W,33,,00000033__,26.60,02,,03,06,02,02,01,02,05,01,,,,,T,ROUTE 537,WB,55,,26,,,N,,16239
2018131618FT08495,MONMOUTH,FREEHOLD TWP,04/03/2018,TU,1530,01,FREEHOLD TWP PD,,0,0,0,0,P,I,N,N,03,2,SCHIBANOFF LN,,,,,,07,,01,04,02,02,01,02,05,01,,AT,,,F,US 9,NB,20,,26,,,N,,16224
2018131618FT08503,MONMOUTH,FREEHOLD TWP,04/03/2018,TU,1705,01,FREEHOLD TWP PD,,0,1,0,0,I,B,N,N,03,2,NJ 79,,79,,00000079__,.35,02,,01,04,02,02,01,02,05,01,1320,FE,N,WILLOWBROOK RD,,,,40,25,26,,,N,,16250
2018131618FT08515,MONMOUTH,FREEHOLD TWP,04/03/2018,TU,1909,01,FREEHOLD TWP PD,,0,3,0,0,I,I,N,N,07,2,ROUTE 537,,537,,00000537__,50.26,05,,01,04,02,02,07,02,05,01,,AT,,STILLWELLS CORNER RD / WEMROCK RD,,,,40,40,26,,,N,,16250
2018131618FT08546,MONMOUTH,FREEHOLD TWP,04/04/2018,WE,0452,01,FREEHOLD TWP PD,,0,1,0,0,I,B,N,N,11,1,NJ 33,W,33,,00000033__,26.89,02,,01,04,02,02,07,02,01,01,1584,FE,E,ROUTE 537 / FREEHOLD-MOUNT HOLLY RD,,,,55,50,50,,,N,,16246