Year(4)-CountyCode(2)-MunicipalityCode(2)-CaseNumber(9),County Name,Municipality Name,Crash Date,Crash Day of Week,Crash Time,Police Department Code,Police Department,Police Station,Total Killed,Total Injured,Pedestrians Killed,Pedestrians Injured,Severity,Intersection,Alcohol Involved,Hazmat Involved,Crash Type,Total Vehicles,Location,Location Direction,Route,Route Suffix,Std Rte Identifier,MilePost,Road System,Road Character,Road Horizontal Alignment,Road Grade,Road Surface Type,Surface Condition,Light Condition,Environmental Condition,Road Divided By,Temporary Traffic Control Zone,Distance To Cross Street,Unit Of Measurement,Direction From Cross Street,Cross Street Name,Is Ramp,Ramp To/From Route Name,Ramp To/From Route Direction,Posted Speed,Posted Speed Cross Street,First Harmful Event,Latitude,Longitude,Cell Phone In Use Flag,Other Property Damage,Reporting Badge No.
2018131618FT13017,MONMOUTH,FREEHOLD TWP,05/10/2018,TH,0958,01,FREEHOLD TWP PD,,0,0,0,0,P,B,N,N,02,2,ROUTE 537,,537,,00000537__,51.07,05,,03,04,02,01,01,01,05,01,300,FE,,,T,TROTTERS WAY,NB,40,,26,,,N,,16220
2018131618FT13193,MONMOUTH,FREEHOLD TWP,05/11/2018,FR,1633,01,FREEHOLD TWP PD,,0,1,0,0,I,B,N,N,14,1,ROUTE 537,,537,,00000537__,50.58,05,,01,04,02,01,01,01,05,01,400,FE,E,CASTRONOVA WAY / FREEHOLD MARKETPLA,,,,40,25,26,,,N,,16250
2018131618FT13201,MONMOUTH,FREEHOLD TWP,05/11/2018,FR,1757,01,FREEHOLD TWP PD,,0,0,0,0,P,B,N,N,02,2,ROUTE 537,,537,,00000537__,50.15,05,,01,04,02,01,01,01,05,01,500,FE,E,REDWOOD LN,,,,45,25,26,,,N,,269
2018131618FT13256,MONMOUTH,FREEHOLD TWP,05/12/2018,SA,0453,01,FREEHOLD TWP PD,,0,0,0,0,P,B,N,N,11,1,ELY HARMONY RD,,,,13321049__,1.51,07,,02,04,02,02,05,02,05,01,2640,FE,E,NOMOCO ROAD,,,,40,35,60,,,N,DAMAGE TO FRONT LAWN AND TREES OF 185 ELY HARMONY ROAD,16258
2018131618FT13296,MONMOUTH,FREEHOLD TWP,05/12/2018,SA,1400,01,FREEHOLD TWP PD,,0,0,0,0,P,B,N,N,01,2,NJ 33,W,33,,00000033__,26.60,02,,03,04,02,01,01,01,05,01,25,FE,,,T,ROUTE 537,WB,55,,26,,,N,,16261
2018131618FT13307,MONMOUTH,FREEHOLD TWP,05/12/2018,SA,1505,01,FREEHOLD TWP PD,,0,0,0,0,P,B,N,N,01,2,US 9,N,9,,00000009__,114.30,02,,01,04,02,01,01,01,01,01,150,FE,,,F,CR 24,NB,50,,26,,,N,,16220
2018131618FT13314,MONMOUTH,FREEHOLD TWP,05/12/2018,SA,1610,01,FREEHOLD TWP PD,,0,0,0,0,P,B,N,N,01,2,NJ 33 BUSINESS,,33,B,00000033B_,1.04,02,,01,04,02,01,01,01,05,01,100,FE,E,WEMROCK RD,,,,45,45,26,,,N,,16267
2018131618FT13413,MONMOUTH,FREEHOLD TWP,05/14/2018,MO,0733,01,FREEHOLD TWP PD,,0,0,0,0,P,B,N,N,02,2,MONMOUTH COUNTY 55,,55,,13000055__,1.40,05,,01,04,02,01,01,01,05,01,720,FE,S,FRENEAU BLVD,,,,50,25,26,,,N,,16253
2018131618FT13467,MONMOUTH,FREEHOLD TWP,05/14/2018,MO,1512,01,FREEHOLD TWP PD,,0,0,0,0,P,B,N,N,01,2,SCHANCK RD,,,,13161329__,1.14,07,,01,04,02,01,01,01,05,01,10,FE,E,STILLWELLS CORNER ROAD,,,,35,35,26,,,N,,16238
2018131618FT13471,MONMOUTH,FREEHOLD TWP,05/14/2018,MO,1553,01,FREEHOLD TWP PD,,0,0,0,0,P,B,N,N,01,2,ROUTE 537,,537,,00000537__,45.31,05,,01,04,02,01,01,01,05,01,20,FE,W,CANDLELIGHT DR / MINERAL SPRINGS RD,,,,50,25,26,,,N,,16260
2018131618FT13483,MONMOUTH,FREEHOLD TWP,05/14/2018,MO,1746,01,FREEHOLD TWP PD,,0,0,0,0,P,B,N,N,03,2,SCHANCK RD,,,,13161329__,.54,07,,01,04,02,01,01,01,05,01,250,FE,W,DOVER PLACE,,,,35,25,26,,,N,,16201
2018131618FT13484,MONMOUTH,FREEHOLD TWP,05/14/2018,MO,1751,01,FREEHOLD TWP PD,,0,0,0,0,P,B,N,N,02,2,NJ 79,,79,,00000079__,.10,02,,01,04,02,01,01,01,,01,25,FE,W,WILLOWBROOK RD,,,,35,25,26,,,N,,16259
2018131618FT13523,MONMOUTH,FREEHOLD TWP,05/15/2018,TU,0231,01,FREEHOLD TWP PD,,0,0,0,0,P,B,N,N,06,2,STILLWELLS CORNER RD,,,,13161328__,.73,07,,01,04,02,01,06,01,05,01,600,FE,S,CORNWALL RD,,,,35,25,26,,,N,,16256
2018131618FT13596,MONMOUTH,FREEHOLD TWP,05/15/2018,TU,1352,01,FREEHOLD TWP PD,,0,0,0,0,P,B,Y,N,11,1,ROUTE 537,W,537,,00000537__,54.97,05,,01,04,02,01,01,01,04,01,475,FE,W,HUNT DR / WALLING DR,,,,50,25,61,,,N,MAILBOX BELONGING TO 581 COLTS NECK ROAD  FREEHOLD (OWNED BY BAO TRAN),16238
2018131618FT13737,MONMOUTH,FREEHOLD TWP,05/16/2018,WE,1508,01,FREEHOLD TWP PD,,0,0,0,0,P,B,N,N,01,2,ROUTE 537,,537,,00000537__,51.07,05,,01,04,02,02,01,02,05,01,100,FE,,,F,TROTTERS WAY,SB,35,,26,,,N,,16220
2018131618FT13825,MONMOUTH,FREEHOLD TWP,05/17/2018,TH,1105,01,FREEHOLD TWP PD,,0,0,0,0,P,B,N,N,01,3,ROUTE 537,,537,,00000537__,50.57,05,,01,04,02,02,01,02,05,01,2640,FE,W,TROTTERS WAY,,,,40,30,26,,,N,,
2018131618FT13852,MONMOUTH,FREEHOLD TWP,05/17/2018,TH,1457,01,FREEHOLD TWP PD,,0,0,0,0,P,B,N,N,01,2,US 9,S,9,,00000009__,115.43,02,,01,04,02,02,01,02,02,01,300,FE,N,SCHIBANOFF LN,,,,55,25,26,,,N,,16235
2018131618FT13916,MONMOUTH,FREEHOLD TWP,05/18/2018,FR,0823,01,FREEHOLD TWP PD,,0,0,0,0,P,B,N,N,01,2,ROUTE 537,,537,,00000537__,50.10,05,,01,04,02,02,01,02,05,01,200,FE,E,REDWOOD LN,,,,40,20,26,,,N,,16220
2018131618FT13934,MONMOUTH,FREEHOLD TWP,05/18/2018,FR,1036,01,FREEHOLD TWP PD,,0,0,0,0,P,B,N,N,02,2,US 9,N,9,,00000009__,115.32,02,,01,04,02,02,01,02,05,01,250,FE,S,SCHIBANOFF LN,,,,55,20,26,,,N,,16220
2018131618FT13945,MONMOUTH,FREEHOLD TWP,05/18/2018,FR,1228,01,FREEHOLD TWP PD,,0,1,0,0,I,B,N,N,08,2,SYCAMORE AVENUE,,,,,,07,,01,04,02,01,,05,05,01,100,FE,W,STILLWELLS CORNER ROAD,,,,25,35,26,,,N,,16220
2018131618FT13976,MONMOUTH,FREEHOLD TWP,05/18/2018,FR,1606,01,FREEHOLD TWP PD,,0,0,0,0,P,B,N,N,08,2,LEGACY COURT,,,,,,07,,01,04,02,01,01,01,05,01,528,FE,W,CR 23,,,,25,45,26,,,N,,16242
2018131618FT13994,MONMOUTH,FREEHOLD TWP,05/18/2018,FR,1815,01,FREEHOLD TWP PD,,0,0,0,0,P,I,N,N,02,2,ROUTE 537,,537,,00000537__,50.26,05,,01,04,02,01,01,01,05,01,,AT,,STILLWELLS CORNER RD / WEMROCK RD,,,,45,35,26,,,N,,16259
2018131618FT14050,MONMOUTH,FREEHOLD TWP,05/19/2018,SA,0955,01,FREEHOLD TWP PD,,0,1,0,0,I,B,N,N,01,2,ROUTE 524,,524,,00000524__,25.23,05,,01,04,02,02,01,02,05,01,100,FE,E,US 9,,,,40,50,26,,,N,,16220
2018131618FT14163,MONMOUTH,FREEHOLD TWP,05/20/2018,SU,1933,01,FREEHOLD TWP PD,,0,0,0,0,P,B,N,N,01,2,US 9,S,9,,00000009__,114.35,02,,01,04,02,01,03,01,01,01,125,FE,N,NJ 33 BUSINESS / PARK AVE,,,,55,45,26,,,N,,16250
2018131618FT14379,MONMOUTH,FREEHOLD TWP,05/22/2018,TU,1615,01,FREEHOLD TWP PD,,0,0,0,0,P,B,N,N,01,2,ROUTE 537,W,537,,00000537__,51.07,05,,01,04,02,02,01,02,05,01,20,FE,E,TROTTERS WAY,,,,45,25,26,,,N,,16260
2018131618FT14458,MONMOUTH,FREEHOLD TWP,05/23/2018,WE,1104,01,FREEHOLD TWP PD,,0,0,0,0,P,B,N,N,03,2,ROUTE 524,,524,,00000524__,25.21,05,,03,04,02,01,01,01,05,01,200,FE,W,,F,US 9,SB,40,,26,,,N,,16238
2018131618FT14511,MONMOUTH,FREEHOLD TWP,05/23/2018,WE,1732,01,FREEHOLD TWP PD,,0,0,0,0,P,B,N,N,01,2,US 9,S,9,,00000009__,111.35,02,,01,04,02,01,01,01,03,01,20,FE,N,ROUTE 524 / ELTON-ADELPHIA RD,,,,50,40,26,,,N,,16231
2018131618FT14512,MONMOUTH,FREEHOLD TWP,05/23/2018,WE,1736,01,FREEHOLD TWP PD,,0,0,0,0,P,B,N,N,01,3,ROUTE 537,W,537,,00000537__,50.80,05,,01,07,01,01,01,01,05,01,810,FE,E,GIBSON RD,,,,40,25,26,,,N,,
2018131618FT14518,MONMOUTH,FREEHOLD TWP,05/23/2018,WE,1831,01,FREEHOLD TWP PD,,0,0,0,0,P,B,N,N,11,1,US 9,S,9,,00000009__,112.85,02,,01,04,02,01,01,01,02,01,528,FE,N,NJ 79 / SCHANCK RD / SOUTH ST,,,,50,35,56,,,N,FIRE HYDRANT ON PROPERTY OF 3636 ROUTE 9,16231
2018131618FT14523,MONMOUTH,FREEHOLD TWP,05/23/2018,WE,1916,01,FREEHOLD TWP PD,,0,0,0,0,P,B,N,N,01,2,NJ 33,W,33,,00000033__,26.60,02,,03,06,02,01,03,01,01,01,20,FE,,,T,ROUTE 537,EB,55,,26,,,N,,16262
2018131618FT14539,MONMOUTH,FREEHOLD TWP,05/23/2018,WE,2109,01,FREEHOLD TWP PD,,0,1,0,0,I,B,N,N,01,2,US 9,N,9,,00000009__,114.33,02,,01,04,02,01,06,01,01,01,20,FE,S,NJ 33 BUSINESS / PARK AVE,,,,50,45,26,,,N,,16231
2018131618FT14607,MONMOUTH,FREEHOLD TWP,05/24/2018,TH,1658,01,FREEHOLD TWP PD,,0,0,0,0,P,B,N,N,01,2,MONMOUTH COUNTY 23,,23,,13000023__,3.16,05,,01,04,02,01,01,01,05,01,25,FE,S,STRICKLAND RD,,,,45,45,26,,,N,,16267
2018131618FT14636,MONMOUTH,FREEHOLD TWP,05/24/2018,TH,2044,01,FREEHOLD TWP PD,,0,2,0,0,I,B,N,N,02,2,US 9,N,9,,00000009__,114.07,02,,01,04,02,01,06,01,01,01,366,FE,S,RACEWAY MALL DR,,,,50,25,26,,,N,DOT POLE #A7415 (DOT NOTIFIED),16234
2018131618FT14638,MONMOUTH,FREEHOLD TWP,05/24/2018,TH,2110,01,FREEHOLD TWP PD,,0,0,0,0,P,B,N,N,01,2,ROUTE 537,W,537,,00000537__,51.08,05,,01,04,02,01,06,01,05,01,50,FE,E,TROTTERS WAY,,,,45,25,26,,,N,,269
2018131618FT14643,MONMOUTH,FREEHOLD TWP,05/24/2018,TH,2155,01,FREEHOLD TWP PD,,0,0,0,0,P,B,N,N,02,2,ROUTE 524,,524,,00000524__,25.19,05,,01,04,02,01,06,01,05,01,100,FE,W,US 9,,,,45,50,26,,,N,,16267
2018131618FT14731,MONMOUTH,FREEHOLD TWP,05/25/2018,FR,1541,01,FREEHOLD TWP PD,,0,1,0,0,I,B,N,N,01,2,ROUTE 537,W,537,,00000537__,50.50,05,,01,04,02,01,01,01,05,01,25,FE,E,CASTRONOVA WAY / FREEHOLD MARKETPLA,,,,40,25,26,,,N,,16262
2018131618FT14759,MONMOUTH,FREEHOLD TWP,05/25/2018,FR,1922,01,FREEHOLD TWP PD,,0,0,0,0,P,I,N,N,04,2,NJ 79,,79,,00000079__,3.39,02,,01,04,02,01,01,01,05,01,,AT,,E FREEHOLD RD / KOZLOSKI RD,,,,35,50,26,,,N,,16259
2018131618FT14773,MONMOUTH,FREEHOLD TWP,05/25/2018,FR,2158,01,FREEHOLD TWP PD,,0,0,0,0,P,B,N,N,06,2,WILLOWBROOK RD,,,,,,07,,01,04,02,01,05,01,05,01,450,FE,W,FORSGATE DRIVE,,,,35,25,26,,,N,,16259
2018131618FT14814,MONMOUTH,FREEHOLD TWP,05/26/2018,SA,1207,01,FREEHOLD TWP PD,,0,0,0,0,P,B,N,N,01,2,711 PARK AVENUE,,,,,,09,,01,04,02,01,01,01,05,01,,,,33 EAST CAR WASH,,,,,,26,,,N,,16220
2018131618FT14881,MONMOUTH,FREEHOLD TWP,05/27/2018,SU,0017,01,FREEHOLD TWP PD,,0,6,0,0,I,B,N,N,01,3,US 9,S,9,,00000009__,112.21,02,,01,04,02,01,06,01,03,01,3696,FE,N,JACKSON MILL RD,,,,50,40,26,,,N,,
2018131618FT14899,MONMOUTH,FREEHOLD TWP,05/27/2018,SU,0738,01,FREEHOLD TWP PD,,0,0,0,0,P,B,N,N,11,1,US 9,S,9,,00000009__,115.88,02,,01,04,02,02,01,02,02,01,300,FE,S,LUIZ LN,,,,55,25,52,,,N,MINOR DAMAGE TO POLE #JC1533FT ALSO DAMAGED A NO STOPPING OR STANDING SIGN,16253
2018131618FT15020,MONMOUTH,FREEHOLD TWP,05/28/2018,MO,1515,01,FREEHOLD TWP PD,,0,2,0,0,I,I,N,N,01,2,NJ 79,N,79,,00000079__,.57,02,,01,04,02,01,01,01,04,01,,AT,,HELEN AVE,,,,35,25,26,,,N,,16257
2018131618FT15032,MONMOUTH,FREEHOLD TWP,05/28/2018,MO,1707,01,FREEHOLD TWP PD,,0,0,0,0,P,B,N,N,01,2,ROUTE 537,,537,,00000537__,51.07,05,,01,04,02,01,01,01,05,01,,,,,F,TROTTERS WAY,SB,45,,26,,,N,,16260
2018131618FT15044,MONMOUTH,FREEHOLD TWP,05/28/2018,MO,1859,01,FREEHOLD TWP PD,,0,0,0,0,P,B,N,N,02,2,US 9,N,9,,00000009__,111.18,02,,01,04,02,01,01,01,05,01,900,FE,S,ROUTE 524 / ELTON-ADELPHIA RD,,,,50,35,26,,,N,,16259
2018131618FT15062,MONMOUTH,FREEHOLD TWP,05/28/2018,MO,2354,01,FREEHOLD TWP PD,,0,0,0,0,P,B,N,N,06,2,BURLINGTON RD,,,,,,07,,01,04,02,01,06,01,05,,100,FE,E,CHATHAM RIDGE DR,,,,35,25,28,,,N,,219
2018131618FT15065,MONMOUTH,FREEHOLD TWP,05/29/2018,TU,0503,01,FREEHOLD TWP PD,,0,0,0,0,P,B,N,N,12,1,US 9,N,9,,00000009__,111.74,02,,01,04,02,01,02,01,03,01,2640,FE,S,THREE BROOKS RD,,,,50,35,24,,,N,,16258
2018131618FT15074,MONMOUTH,FREEHOLD TWP,05/29/2018,TU,0820,01,FREEHOLD TWP PD,,0,0,0,0,P,B,N,N,02,2,SCHANCK RD,,,,13161329__,.00,07,,01,06,02,01,01,01,02,01,75,FE,W,US 9,,,,35,50,26,,,N,,16189
2018131618FT15094,MONMOUTH,FREEHOLD TWP,05/29/2018,TU,1235,01,FREEHOLD TWP PD,,0,0,0,0,P,B,N,N,12,1,CENTER ST,,,,13161208__,.62,07,,03,04,02,01,01,01,05,01,1584,FE,E,GINESI DR.,,,,35,25,24,,,N,,16256
2018131618FT15148,MONMOUTH,FREEHOLD TWP,05/29/2018,TU,2000,01,FREEHOLD TWP PD,,0,0,0,0,P,B,N,N,02,2,US 9,N,9,,00000009__,114.28,02,,01,04,02,01,01,01,01,01,250,FE,S,NJ 33 BUSINESS / PARK AVE,,,,50,45,26,,,N,,16250
2018131618FT15182,MONMOUTH,FREEHOLD TWP,05/30/2018,WE,0641,01,FREEHOLD TWP PD,,0,2,0,0,I,B,N,N,04,2,MONMOUTH COUNTY 55,,55,,13000055__,.50,05,,02,04,02,01,01,01,05,01,1320,FE,N,ROUTE 524,,,,35,45,26,,,N,,16246
2018131618FT15206,MONMOUTH,FREEHOLD TWP,05/30/2018,WE,1326,01,FREEHOLD TWP PD,,0,0,0,0,P,I,N,N,03,2,NJ 79,,79,,00000079__,.57,02,,01,04,02,01,01,01,05,01,,AT,,HELEN AVE,,,,35,25,26,,,N,,16220
2018131618FT15309,MONMOUTH,FREEHOLD TWP,05/31/2018,TH,1213,01,FREEHOLD TWP PD,,0,0,0,0,P,B,N,N,02,2,ROUTE 537,,537,,00000537__,51.07,05,,03,04,02,01,01,01,05,01,200,FE,,,T,TROTTERS WAY,NB,40,,26,,,N,,16220
2018131618FT15339,MONMOUTH,FREEHOLD TWP,05/31/2018,TH,1749,01,FREEHOLD TWP PD,,0,0,0,0,P,I,N,N,03,2,ROUTE 524,,524,,00000524__,21.78,05,,01,04,02,01,01,01,05,01,,AT,,THOMPSON GROVE RD,,,,45,35,26,,,N,,16231
2018131618FT15377,MONMOUTH,FREEHOLD TWP,06/01/2018,FR,2303,01,FREEHOLD TWP PD,,0,0,0,0,P,B,N,N,03,2,ROUTE 522,,522,,00000522__,18.45,05,,01,04,02,01,01,01,05,01,300,FE,W,US 9,,,,40,55,26,,,N,,16253
2018131618FT15382,MONMOUTH,FREEHOLD TWP,06/01/2018,FR,0844,01,FREEHOLD TWP PD,,0,0,0,0,P,B,N,N,01,2,MONMOUTH COUNTY 55,,55,,13000055__,3.00,05,,01,04,02,02,01,01,05,01,50,FE,S,CR 46 / DUTCH LANE RD,,,,50,35,26,,,N,,16220
2018131618FT15394,MONMOUTH,FREEHOLD TWP,06/01/2018,FR,1034,01,FREEHOLD TWP PD,,0,0,0,0,P,B,N,N,02,2,US 9,N,9,,00000009__,115.87,02,,01,04,02,01,01,01,05,01,2112,FE,S,CRAIG RD / EAST FREEHOLD RD,,,,55,35,26,,,N,,16220
2018131618FT15418,MONMOUTH,FREEHOLD TWP,06/01/2018,FR,1416,01,FREEHOLD TWP PD,,0,1,0,0,I,B,N,N,02,2,NJ 33 BUSINESS,,33,B,00000033B_,2.25,02,,01,04,02,01,01,01,05,01,528,FE,W,US 9,,,,45,55,26,,,N,,16220
2018131618FT15426,MONMOUTH,FREEHOLD TWP,06/01/2018,FR,1543,01,FREEHOLD TWP PD,,0,0,0,0,P,B,N,N,01,2,US 9,S,9,,00000009__,113.50,02,,01,04,02,01,01,01,02,01,200,FE,S,ROUTE 537,,,,50,45,26,,,N,,16267
2018131618FT15427,MONMOUTH,FREEHOLD TWP,06/01/2018,FR,1615,01,FREEHOLD TWP PD,,0,1,0,0,I,B,N,N,01,2,ROUTE 537,,537,,00000537__,50.13,05,,01,04,02,01,01,01,05,01,675,FE,W,STILLWELLS CORNER RD / WEMROCK RD,,,,45,35,26,,,N,,16259
2018131618FT15459,MONMOUTH,FREEHOLD TWP,06/01/2018,FR,2138,01,FREEHOLD TWP PD,,0,0,0,0,P,B,N,N,06,2,STILLWELLS CORNER RD,,,,13161328__,.29,07,,03,04,02,01,06,01,05,01,300,FE,N,SARATOGA PLACE,,,,35,25,26,,,N,,16259
2018131618FT15506,MONMOUTH,FREEHOLD TWP,06/02/2018,SA,1119,01,FREEHOLD TWP PD,,0,0,0,0,P,B,N,N,01,2,US 9,N,9,,00000009__,116.22,02,,01,04,02,01,01,01,01,01,264,FE,S,CRAIG RD / EAST FREEHOLD RD,,,,50,35,26,,,N,,16220
2018131618FT15508,MONMOUTH,FREEHOLD TWP,06/02/2018,SA,1125,01,FREEHOLD TWP PD,,0,0,0,0,P,B,N,N,01,2,E FREEHOLD RD,,,,13161067__,.44,07,,01,04,02,01,01,01,05,01,75,FE,W,CONCORD DRIVE,,,,35,20,26,,,N,,16220
2018131618FT15548,MONMOUTH,FREEHOLD TWP,06/02/2018,SA,1938,01,FREEHOLD TWP PD,,0,0,0,0,P,I,N,N,02,2,IRON BRIDGE RD,,,,13161327__,.51,07,,01,04,02,01,01,01,05,01,,AT,,HARVARD OVAL,,,,35,25,26,,,N,,16250
2018131618FT15559,MONMOUTH,FREEHOLD TWP,06/02/2018,SA,2108,01,FREEHOLD TWP PD,,0,0,0,0,P,B,N,N,11,1,US 9,S,9,,00000009__,113.31,02,,01,04,02,02,06,01,02,01,1320,FE,S,HELEN AVE,,,,50,25,56,,,N,,16267
2018131618FT15562,MONMOUTH,FREEHOLD TWP,06/02/2018,SA,2131,01,FREEHOLD TWP PD,,0,0,0,0,P,B,N,N,01,2,MONMOUTH COUNTY 23,,23,,13000023__,3.97,05,,01,04,02,01,06,01,05,01,300,FE,N,ROUTE 524 / ELTON-ADELPHIA RD,,,,45,35,26,,,N,,16259
2018131618FT15566,MONMOUTH,FREEHOLD TWP,06/02/2018,SA,2213,01,FREEHOLD TWP PD,,0,0,0,0,P,I,N,N,03,2,ROUTE 527,,527,,00000527__,20.77,05,,01,04,02,02,05,02,05,01,,AT,N,ELY HARMONY RD,,,,40,40,26,,,N,,16259
2018131618FT15644,MONMOUTH,FREEHOLD TWP,06/03/2018,SU,1949,01,FREEHOLD TWP PD,,0,1,0,0,I,B,N,N,01,2,ROUTE 537,,537,,00000537__,51.07,05,,01,04,02,02,01,02,05,01,20,FE,E,TROTTERS WAY,,,,40,30,26,,,N,,16234
2018131618FT15662,MONMOUTH,FREEHOLD TWP,06/04/2018,MO,0631,01,FREEHOLD TWP PD,,0,0,0,0,P,B,N,N,06,2,113 CROW HILL RD,,,,,,09,,01,04,03,02,01,02,05,01,,,,PARKING LOT,,,,,,26,,,N,,16246
2018131618FT15738,MONMOUTH,FREEHOLD TWP,06/04/2018,MO,1640,01,FREEHOLD TWP PD,,0,0,0,0,P,B,N,N,01,2,STILLWELLS CORNER RD,,,,13161328__,.02,07,,01,04,02,01,01,01,05,01,120,FE,N,ROUTE 524,,,,35,45,26,,,N,,16234
2018131618FT15765,MONMOUTH,FREEHOLD TWP,06/04/2018,MO,2056,01,FREEHOLD TWP PD,,0,1,0,0,I,I,N,N,07,2,ROUTE 537,,537,,00000537__,50.26,05,,01,04,02,01,06,01,05,01,,AT,,STILLWELLS CORNER RD / WEMROCK RD,,,,45,35,26,,,N,,16259
2018131618FT15787,MONMOUTH,FREEHOLD TWP,06/05/2018,TU,0724,01,FREEHOLD TWP PD,,0,0,0,0,P,B,N,N,01,2,NJ 33,W,33,,00000033__,25.70,02,,03,04,02,01,01,01,,,10,FE,,,T,WEMROCK ROAD,NB,55,,26,,,N,,16258
2018131618FT15798,MONMOUTH,FREEHOLD TWP,06/05/2018,TU,1128,01,FREEHOLD TWP PD,,0,0,0,0,P,B,N,N,02,2,ROUTE 537,W,537,,00000537__,50.14,05,,01,04,02,01,01,01,04,01,435,FE,E,REDWOOD LN,,,,45,25,26,,,N,,16263
2018131618FT15871,MONMOUTH,FREEHOLD TWP,06/06/2018,WE,0811,01,FREEHOLD TWP PD,,0,0,0,0,P,I,N,N,01,2,MONMOUTH COUNTY 23,S,23,,13000023__,3.16,05,,01,04,02,01,01,01,05,01,,AT,,STRICKLAND RD,,,,45,35,26,,,N,,16261
2018131618FT15877,MONMOUTH,FREEHOLD TWP,06/06/2018,WE,0913,01,FREEHOLD TWP PD,,0,0,0,0,P,I,N,N,01,2,E FREEHOLD RD,W,,,13161067__,.00,07,,01,04,02,01,01,01,05,01,,AT,,WATERWORKS,,,,35,25,26,,,N,,16261
2018131618FT15894,MONMOUTH,FREEHOLD TWP,06/06/2018,WE,1237,01,FREEHOLD TWP PD,,0,0,0,0,P,B,N,N,01,2,ROUTE 537,,537,,00000537__,50.08,05,,01,04,02,01,01,01,05,04,100,FE,E,REDWOOD LN,,,,40,20,26,,,N,,16220
2018131618FT15902,MONMOUTH,FREEHOLD TWP,06/06/2018,WE,1306,01,FREEHOLD TWP PD,,0,0,0,0,P,B,N,N,03,2,ROUTE 537,,537,,00000537__,49.68,05,,01,04,02,01,01,01,05,04,200,FE,E,IRON BRIDGE RD,,,,45,35,26,,,N,,16220
2018131618FT15909,MONMOUTH,FREEHOLD TWP,06/06/2018,WE,1418,01,FREEHOLD TWP PD,,0,0,0,0,P,B,N,N,03,2,ROUTE 524,,524,,00000524__,25.04,05,,01,04,02,01,01,05,05,01,10,FE,E,CR 23 / JACKSON MILL RD,,,,45,45,26,,,N,,16229
2018131618FT16007,MONMOUTH,FREEHOLD TWP,06/07/2018,TH,0958,01,FREEHOLD TWP PD,,0,0,0,0,P,I,N,N,13,1,ROUTE 537,,537,,00000537__,50.50,05,,01,04,02,01,01,01,05,01,,AT,,WALMART DRIVE,,,,40,25,26,,,N,,16220
2018131618FT16055,MONMOUTH,FREEHOLD TWP,06/07/2018,TH,1352,01,FREEHOLD TWP PD,,0,0,0,0,P,I,N,N,02,2,ROUTE 537,,537,,00000537__,53.93,05,,01,04,02,01,01,01,05,01,,AT,,CR 55 / KOZLOSKI RD,,,,45,45,26,,,N,,16220
2018131618FT16067,MONMOUTH,FREEHOLD TWP,06/07/2018,TH,1512,01,FREEHOLD TWP PD,,0,1,0,0,I,B,N,N,02,2,SCHANCK RD,,,,13161329__,.07,07,,01,04,02,01,01,01,05,01,10,FE,E,STONEHURST BLVD,,,,35,35,26,,,N,,16255
2018131618FT16122,MONMOUTH,FREEHOLD TWP,06/08/2018,FR,0851,01,FREEHOLD TWP PD,,0,0,0,0,P,B,N,N,01,2,MONMOUTH COUNTY 55,N,55,,13000055__,.61,05,,01,06,02,01,01,01,04,01,100,FE,S,NJ 33 BUSINESS,,,,50,35,26,,,N,,16257
2018131618FT16147,MONMOUTH,FREEHOLD TWP,06/08/2018,FR,1318,01,FREEHOLD TWP PD,,0,1,0,0,I,I,N,N,02,2,MONMOUTH COUNTY 55,,55,,13000055__,1.10,05,,01,04,02,01,01,01,04,01,,AT,,CENTER ST / FRENEAU BLVD,,,,50,50,26,,,N,,16257
2018131618FT16154,MONMOUTH,FREEHOLD TWP,06/08/2018,FR,1412,01,FREEHOLD TWP PD,,0,0,0,0,P,B,N,N,08,2,3710 US 9,,,,,,09,,01,04,02,01,01,01,,01,,,,,,,,,,26,,,N,,16261
2018131618FT16301,MONMOUTH,FREEHOLD TWP,06/09/2018,SA,2159,01,FREEHOLD TWP PD,,0,1,0,0,I,B,Y,N,01,2,NJ 33,W,33,,00000033__,26.59,02,,02,06,02,01,06,01,05,01,,,,,T,ROUTE 537,WB,25,,26,,,N,,16259
2018131618FT16341,MONMOUTH,FREEHOLD TWP,06/10/2018,SU,1133,01,FREEHOLD TWP PD,,0,0,0,0,P,B,N,N,01,2,NJ 79,,79,,00000079__,.22,02,,01,04,02,02,01,05,05,01,370,FE,N,NJ 33,,,,35,55,26,,,N,,16255
2018131618FT16357,MONMOUTH,FREEHOLD TWP,06/10/2018,SU,1613,01,FREEHOLD TWP PD,,0,0,0,0,P,I,N,N,07,2,ROUTE 537,,537,,00000537__,50.26,05,,01,04,02,02,01,02,05,01,,AT,,STILLWELLS CORNER RD / WEMROCK RD,,,,45,35,26,,,N,,16260
2018131618FT16370,MONMOUTH,FREEHOLD TWP,06/10/2018,SU,2133,01,FREEHOLD TWP PD,,0,0,0,0,P,B,N,N,99,1,ROBERTSVILLE RD,,,,13261114__,2.17,07,,01,05,02,02,05,02,05,01,20,FE,N,EAST FREEHOLD ROAD,,,,35,35,,,,N,,16259
2018131618FT16384,MONMOUTH,FREEHOLD TWP,06/11/2018,MO,0636,01,FREEHOLD TWP PD,,0,0,0,0,P,B,N,N,11,1,HALLS MILL RD,S,,,13161330__,1.33,07,,02,04,02,02,01,02,05,01,100,FE,N,NJ 33,,,,45,55,69,,,N,FENCE,16251
2018131618FT16458,MONMOUTH,FREEHOLD TWP,06/11/2018,MO,1533,01,FREEHOLD TWP PD,,0,0,0,0,P,B,N,N,01,2,MONMOUTH COUNTY 23,,23,,13000023__,3.96,05,,01,04,02,01,01,01,05,01,50,FE,S,ROUTE 524 / ELTON-ADELPHIA RD,,,,45,45,26,,,N,,16239