Year(4)-CountyCode(2)-MunicipalityCode(2)-CaseNumber(9),County Name,Municipality Name,Crash Date,Crash Day of Week,Crash Time,Police Department Code,Police Department,Police Station,Total Killed,Total Injured,Pedestrians Killed,Pedestrians Injured,Severity,Intersection,Alcohol Involved,Hazmat Involved,Crash Type,Total Vehicles,Location,Location Direction,Route,Route Suffix,Std Rte Identifier,MilePost,Road System,Road Character,Road Horizontal Alignment,Road Grade,Road Surface Type,Surface Condition,Light Condition,Environmental Condition,Road Divided By,Temporary Traffic Control Zone,Distance To Cross Street,Unit Of Measurement,Direction From Cross Street,Cross Street Name,Is Ramp,Ramp To/From Route Name,Ramp To/From Route Direction,Posted Speed,Posted Speed Cross Street,First Harmful Event,Latitude,Longitude,Cell Phone In Use Flag,Other Property Damage,Reporting Badge No.
2018131618FT19654,MONMOUTH,FREEHOLD TWP,07/12/2018,TH,1057,01,FREEHOLD TWP PD,,0,0,0,0,P,B,N,N,01,2,ROUTE 537,,537,,00000537__,50.16,05,,01,04,02,01,01,01,05,01,528,FE,W,STILLWELLS CORNER RD / WEMROCK RD,,,,40,35,26,,,N,,16229
2018131618FT19676,MONMOUTH,FREEHOLD TWP,07/12/2018,TH,1644,01,FREEHOLD TWP PD,,0,0,0,0,P,B,N,N,01,2,NJ 33,W,33,,00000033__,26.60,02,,03,06,02,01,01,01,03,01,25,FE,,,T,ROUTE 537,WB,55,,26,,,N,,16262
2018131618FT19677,MONMOUTH,FREEHOLD TWP,07/12/2018,TH,1658,01,FREEHOLD TWP PD,,0,2,0,0,I,I,N,N,07,2,CARDIGAN BAY LANE,,,,,,07,,01,04,02,01,01,01,05,01,,AT,,WINNERS CIRCLE,,,,25,25,26,,,N,STOP SIGN ON CARDIGAN BAY LANE DAMAGED.,16231
2018131618FT19698,MONMOUTH,FREEHOLD TWP,07/12/2018,TH,2035,01,FREEHOLD TWP PD,,0,1,0,0,I,B,N,N,01,2,NJ 79,,79,,00000079__,.00,02,,01,04,02,01,03,01,02,01,25,FE,E,US 9 / SCHANCK RD,,,,40,50,26,,,N,,16262
2018131618FT19704,MONMOUTH,FREEHOLD TWP,07/12/2018,TH,2320,01,FREEHOLD TWP PD,,0,0,0,0,P,B,N,N,12,1,MONMOUTH COUNTY 53,,53,,13000053__,.23,05,,01,04,02,01,05,01,,01,450,FE,N,NOMOCO RD,,,,40,40,24,,,N,,16253
2018131618FT19750,MONMOUTH,FREEHOLD TWP,07/13/2018,FR,1229,01,FREEHOLD TWP PD,,0,0,0,0,P,B,N,N,01,2,US 9,S,9,,00000009__,111.35,02,,01,04,02,01,01,01,01,01,11,FE,N,ROUTE 524 / ELTON-ADELPHIA RD,,,,50,45,26,,,N,,16257
2018131618FT19759,MONMOUTH,FREEHOLD TWP,07/13/2018,FR,1411,01,FREEHOLD TWP PD,,0,2,0,0,I,B,N,N,01,2,US 9,S,9,,00000009__,114.00,02,,01,04,02,01,01,01,02,01,1320,FE,S,ROUTE 537,,,,50,40,26,,,N,,16257
2018131618FT19809,MONMOUTH,FREEHOLD TWP,07/13/2018,FR,2057,01,FREEHOLD TWP PD,,0,0,0,0,P,B,N,N,12,1,ROUTE 537,E,537,,00000537__,48.83,05,,01,04,02,01,05,01,05,01,528,FE,W,GRAVEL HILL RD,,,,50,25,24,,,N,,16268
2018131618FT19835,MONMOUTH,FREEHOLD TWP,07/14/2018,SA,0715,01,FREEHOLD TWP PD,,0,1,0,0,I,B,N,N,01,2,MONMOUTH COUNTY 55,,55,,13000055__,1.44,05,,01,04,02,01,01,01,02,01,1214,FE,S,BURLINGTON RD,,,,50,35,26,,,N,,16252
2018131618FT19840,MONMOUTH,FREEHOLD TWP,07/14/2018,SA,0906,01,FREEHOLD TWP PD,,0,0,0,0,P,I,N,N,01,2,ROUTE 537,E,537,,00000537__,55.06,05,,01,04,02,01,01,01,04,01,,AT,,HUNT DR / WALLING DR,,,,50,35,26,,,N,,16257
2018131618FT19860,MONMOUTH,FREEHOLD TWP,07/14/2018,SA,1318,01,FREEHOLD TWP PD,,0,0,0,0,P,I,N,N,03,2,ROUTE 524,,524,,00000524__,25.04,05,,01,04,02,01,01,01,05,01,,AT,,CR 23 / JACKSON MILL RD,,,,45,45,26,,,N,,16218
2018131618FT19927,MONMOUTH,FREEHOLD TWP,07/15/2018,SU,1002,01,FREEHOLD TWP PD,,0,0,0,0,P,I,N,N,03,2,WATERWORKS RD,,,,,,07,,01,04,02,02,01,05,05,01,,AT,,EDWARDS RD,,,,25,25,26,,,N,,247
2018131618FT19931,MONMOUTH,FREEHOLD TWP,07/15/2018,SU,1140,01,FREEHOLD TWP PD,,0,0,0,0,P,B,N,N,02,2,HALLS MILL RD,,,,13161330__,1.55,07,,02,04,02,02,01,02,05,01,400,FE,S,WILLOW BROOK RD,,,,50,35,26,,,N,,247
2018131618FT19932,MONMOUTH,FREEHOLD TWP,07/15/2018,SU,1157,01,FREEHOLD TWP PD,,0,0,0,0,P,B,N,N,01,2,ROUTE 537,,537,,00000537__,51.08,05,,01,04,02,02,01,02,05,01,50,FE,E,TROTTERS WAY,,,,40,35,26,,,N,,16247
2018131618FT19938,MONMOUTH,FREEHOLD TWP,07/15/2018,SU,1500,01,FREEHOLD TWP PD,,0,4,0,0,I,B,N,N,04,2,GEORGIA RD,,,,13161011__,.00,07,,03,04,02,02,01,05,05,01,1901,FE,E,CR 23,,,,50,45,26,,,N,PLASTIC MAILBOX AND POST OF 335 GEORGIA RD,16247
2018131618FT19954,MONMOUTH,FREEHOLD TWP,07/15/2018,SU,1940,01,FREEHOLD TWP PD,,0,0,0,0,P,B,N,N,08,2,STILLWELLS CORNER RD,,,,13161328__,.35,07,,01,04,02,01,01,01,05,01,300,FE,N,SARATOGA PL,,,,35,25,26,,,N,,16259
2018131618FT20021,MONMOUTH,FREEHOLD TWP,07/16/2018,MO,1235,01,FREEHOLD TWP PD,,0,0,0,0,P,B,N,N,12,1,HALLS MILL RD,,,,13161330__,1.19,07,,01,05,02,01,01,01,05,01,1320,FE,N,THREE BROOKS RD,,,,50,35,24,,,N,,247
2018131618FT20023,MONMOUTH,FREEHOLD TWP,07/16/2018,MO,1251,01,FREEHOLD TWP PD,,0,0,0,0,P,B,N,N,01,3,NJ 33 BUSINESS,,33,B,00000033B_,4.63,02,,01,04,02,01,01,01,05,02,1637,FE,W,CR 55 / HALLS MILL RD / KOZLOSKI RD,,,,45,50,26,,,N,,
2018131618FT20026,MONMOUTH,FREEHOLD TWP,07/16/2018,MO,1320,01,FREEHOLD TWP PD,,0,0,0,0,P,B,N,N,06,2,BAR HARBOR ROAD,,,,,,07,,01,04,02,01,01,01,05,01,50,FE,N,BURKI PLACE,,,,35,25,26,,,N,,16263
2018131618FT20046,MONMOUTH,FREEHOLD TWP,07/16/2018,MO,1551,01,FREEHOLD TWP PD,,0,0,0,0,P,I,N,N,11,1,ROUTE 537,,537,,00000537__,54.62,05,,01,04,02,01,01,01,05,01,,AT,,RANDOLPH RD / SHETLAND WAY,,,,50,25,,,,N,UTILITY POLE #VZ78,16250
2018131618FT20090,MONMOUTH,FREEHOLD TWP,07/17/2018,TU,0904,01,FREEHOLD TWP PD,,0,0,0,0,P,B,N,N,01,2,NJ 33,W,33,,00000033__,26.60,02,,03,04,02,01,01,01,05,01,50,FE,,,T,ROUTE 537,WB,55,,26,,,N,,16265
2018131618FT20124,MONMOUTH,FREEHOLD TWP,07/17/2018,TU,1513,01,FREEHOLD TWP PD,,0,0,0,0,P,B,N,N,02,2,ROUTE 537,,537,,00000537__,51.07,05,,03,04,02,01,01,01,05,01,300,FE,,,T,TROTTERS WAY,NB,45,,26,,,N,,16265
2018131618FT20150,MONMOUTH,FREEHOLD TWP,07/17/2018,TU,2102,01,FREEHOLD TWP PD,,0,2,0,0,I,B,Y,N,01,2,US 9,S,9,,00000009__,113.05,02,,01,04,02,01,07,01,02,01,1584,FE,N,NJ 79 / SCHANCK RD / SOUTH ST,,,,50,35,26,,,N,MODERATE DAMAGE TO LANDSCAPING ON THE PROPERTY OF QUALITY AUTO,16250
2018131618FT20199,MONMOUTH,FREEHOLD TWP,07/18/2018,WE,1336,01,FREEHOLD TWP PD,,0,0,0,0,P,B,N,N,08,2,STONEHURST BLVD,,,,,,07,,01,04,02,01,01,01,05,01,100,FE,,MANCHESTER COURT,,,,35,,26,,,N,,16266
2018131618FT20200,MONMOUTH,FREEHOLD TWP,07/18/2018,WE,1253,01,FREEHOLD TWP PD,,0,0,0,0,P,B,N,N,02,2,US 9,N,9,,00000009__,114.27,02,,01,04,02,01,01,01,01,01,300,FE,S,NJ 33 BUSINESS / PARK AVE,,,,50,50,26,,,N,,16235
2018131618FT20211,MONMOUTH,FREEHOLD TWP,07/18/2018,WE,1438,01,FREEHOLD TWP PD,,0,0,0,0,P,I,N,N,01,2,ROUTE 537,E,537,,00000537__,43.36,05,,01,04,02,01,01,01,04,01,,AT,,DEER RUN DR,,,,50,25,26,,,N,,16263
2018131618FT20214,MONMOUTH,FREEHOLD TWP,07/18/2018,WE,1530,01,FREEHOLD TWP PD,,0,0,0,0,P,B,N,N,02,2,MONMOUTH COUNTY 55,N,55,,13000055__,.63,05,,01,04,02,01,01,01,04,01,25,FE,N,NJ 33 BUSINESS,,,,50,55,26,,,N,,16261
2018131618FT20219,MONMOUTH,FREEHOLD TWP,07/18/2018,WE,1600,01,FREEHOLD TWP PD,,0,0,0,0,P,B,N,N,02,2,WINNERS CIRCLE,,,,,,07,,01,04,02,01,01,01,05,01,,,,,,,,25,,26,,,N,,269
2018131618FT20287,MONMOUTH,FREEHOLD TWP,07/19/2018,TH,0907,01,FREEHOLD TWP PD,,0,3,0,0,I,B,N,N,01,3,NJ 33 BUSINESS,,33,B,00000033B_,1.06,02,,01,04,02,01,01,01,05,01,200,FE,E,WEMROCK RD,,,,40,50,26,,,N,,
2018131618FT20289,MONMOUTH,FREEHOLD TWP,07/19/2018,TH,0950,01,FREEHOLD TWP PD,,0,0,0,0,P,B,N,N,11,1,2500 KOZLOSKI RD,,,,,,09,,02,04,02,01,01,01,04,01,,,,,,,,,,26,,,N,,16261
2018131618FT20290,MONMOUTH,FREEHOLD TWP,07/19/2018,TH,1000,01,FREEHOLD TWP PD,,0,0,0,0,P,B,N,N,08,2,1 REJE AVE,,,,,,09,,01,04,02,01,01,01,05,01,,,,,,,,,,26,,,N,,16261
2018131618FT20337,MONMOUTH,FREEHOLD TWP,07/19/2018,TH,1609,01,FREEHOLD TWP PD,,0,0,0,0,P,B,N,N,01,2,ROUTE 537,,537,,00000537__,51.07,05,,01,04,02,01,01,01,05,01,25,FE,,,F,TROTTERS WAY,WB,45,,26,,,N,,16267
2018131618FT20408,MONMOUTH,FREEHOLD TWP,07/20/2018,FR,0950,01,FREEHOLD TWP PD,,0,2,0,0,I,I,N,N,03,2,ROUTE 527,,527,,00000527__,20.77,05,,01,04,02,01,01,01,05,01,,AT,,ELY HARMONY RD,,,,50,40,26,,,N,**STOP SIGN OWNED BY MONMOUTH COUNTY HIGHWAY**,16220
2018131618FT20470,MONMOUTH,FREEHOLD TWP,07/20/2018,FR,1548,01,FREEHOLD TWP PD,,0,0,0,0,P,B,N,N,01,2,NJ 33 BUSINESS,,33,B,00000033B_,1.12,02,,01,04,02,01,01,01,05,01,528,FE,E,WEMROCK RD,,,,45,45,26,,,N,,16220
2018131618FT20473,MONMOUTH,FREEHOLD TWP,07/20/2018,FR,1634,01,FREEHOLD TWP PD,,0,0,0,0,P,B,N,N,01,2,HALLS MILL RD,,,,13161330__,.95,07,,01,04,02,01,01,01,05,01,75,FE,N,THREE BROOKS RD,,,,45,35,26,,,N,,269
2018131618FT20497,MONMOUTH,FREEHOLD TWP,07/20/2018,FR,1858,01,FREEHOLD TWP PD,,0,0,0,0,P,B,N,N,02,2,US 9,N,9,,00000009__,115.23,02,,01,05,02,01,01,01,01,01,750,FE,S,SCHIBANOFF LN,,,,50,20,26,,,N,,16259
2018131618FT20592,MONMOUTH,FREEHOLD TWP,07/21/2018,SA,2006,01,FREEHOLD TWP PD,,0,2,0,0,I,I,N,N,04,2,NJ 33 BUSINESS,,33,B,00000033B_,5.02,02,,01,04,02,02,03,02,05,01,,AT,,ASBURY AVE,,,,50,35,26,,,N,,16262
2018131618FT20673,MONMOUTH,FREEHOLD TWP,07/22/2018,SU,1648,01,FREEHOLD TWP PD,,0,1,0,0,I,B,N,N,01,2,NJ 33,W,33,,00000033__,25.82,02,,01,04,02,02,01,05,05,01,750,FE,E,WEMROCK RD,,,,45,45,26,,,N,,16234
2018131618FT20678,MONMOUTH,FREEHOLD TWP,07/22/2018,SU,1827,01,FREEHOLD TWP PD,,0,0,0,0,P,I,N,N,11,1,STONE HILL RD,,,,,,07,,01,04,02,02,01,02,05,01,,AT,,JACKSON MILLS RD,,,,35,45,62,,,N,HYDRANT WAS STRUCK & MOVED APPROX 6 INCHES. FREEHOLD TWP WATER DEPT NOTIFIED.,16230
2018131618FT20680,MONMOUTH,FREEHOLD TWP,07/22/2018,SU,1844,01,FREEHOLD TWP PD,,0,1,0,0,I,B,N,N,11,1,ROUTE 537,,537,,00000537__,53.91,05,,01,04,02,02,03,02,05,01,100,FE,W,CR 55 / KOZLOSKI RD,,,,50,50,,,,N,,16259
2018131618FT20681,MONMOUTH,FREEHOLD TWP,07/22/2018,SU,1958,01,FREEHOLD TWP PD,,0,0,0,0,P,B,N,N,11,1,MONMOUTH COUNTY 55,,55,,13000055__,2.28,05,,03,04,02,02,03,02,05,01,1050,FE,N,ROUTE 537 / COLTS NECK RD,,,,35,35,47,,,N,,16259
2018131618FT20684,MONMOUTH,FREEHOLD TWP,07/22/2018,SU,2123,01,FREEHOLD TWP PD,,0,1,0,0,I,B,N,N,11,1,REMEMBERANCE WAY,,,,,,08,,02,04,02,02,07,02,05,01,,,,,,,,15,,60,,,N,TREE WAS STRUCK. SOME BARK WAS REMOVED.,16230
2018131618FT20750,MONMOUTH,FREEHOLD TWP,07/23/2018,MO,1211,01,FREEHOLD TWP PD,,0,0,0,0,P,B,N,N,01,2,ROUTE 537,,537,,00000537__,51.02,05,,01,04,02,02,01,02,05,01,250,FE,W,TROTTERS WAY,,,,40,30,26,,,Y,,16255
2018131618FT20759,MONMOUTH,FREEHOLD TWP,07/23/2018,MO,1319,01,FREEHOLD TWP PD,,0,0,0,0,P,B,N,N,06,2,4345 US 9 N,,,,,,09,,01,04,02,01,01,05,05,01,,,,,,,,,,26,,,N,,16255
2018131618FT20765,MONMOUTH,FREEHOLD TWP,07/23/2018,MO,1355,01,FREEHOLD TWP PD,,0,0,0,0,P,B,N,N,02,2,US 9,N,9,,00000009__,112.93,02,,01,04,02,01,,05,03,01,100,FE,N,NJ 33,,,,50,55,26,,,N,,16255
2018131618FT20784,MONMOUTH,FREEHOLD TWP,07/23/2018,MO,1829,01,FREEHOLD TWP PD,,0,0,0,0,P,B,N,N,02,2,NJ 79,,79,,00000079__,.12,02,,01,04,02,01,01,01,05,01,250,FE,N,WILLOWBROOK RD,,,,40,35,26,,,N,,250
2018131618FT20816,MONMOUTH,FREEHOLD TWP,07/24/2018,TU,1005,01,FREEHOLD TWP PD,,0,0,0,0,P,I,N,N,02,2,US 9,N,9,,00000009__,112.75,02,,01,04,02,01,01,01,02,01,,AT,,NJ 79 / SCHANCK RD / SOUTH ST,,,,50,35,26,,,N,,16239
2018131618FT20855,MONMOUTH,FREEHOLD TWP,07/24/2018,TU,1513,01,FREEHOLD TWP PD,,0,0,0,0,P,B,N,N,01,2,SCHANCK RD,,,,13161329__,.00,07,,01,04,02,01,01,01,05,01,50,FE,W,US 9,,,,35,50,26,,,N,,16246
2018131618FT20858,MONMOUTH,FREEHOLD TWP,07/24/2018,TU,1543,01,FREEHOLD TWP PD,,0,0,0,0,P,B,N,N,01,2,ROUTE 537,,537,,00000537__,49.64,05,,01,04,02,01,01,05,05,01,25,FE,E,IRON BRIDGE RD,,,,45,35,26,,,N,,16267
2018131618FT20954,MONMOUTH,FREEHOLD TWP,07/25/2018,WE,1732,01,FREEHOLD TWP PD,,0,2,0,0,I,B,N,N,01,2,US 9,S,9,,00000009__,115.77,02,,01,04,02,02,01,02,02,01,900,FE,S,LUIZ LN,,,,55,25,26,,,N,,16262
2018131618FT20959,MONMOUTH,FREEHOLD TWP,07/25/2018,WE,1900,01,FREEHOLD TWP PD,,0,0,0,0,P,B,N,N,02,2,US 9,S,9,,00000009__,114.27,02,,01,04,02,02,01,02,01,01,300,FE,S,NJ 33 BUSINESS / PARK AVE,,,,55,40,26,,,N,,16262
2018131618FT20994,MONMOUTH,FREEHOLD TWP,07/26/2018,TH,1134,01,FREEHOLD TWP PD,,0,0,0,0,P,B,N,N,01,2,NJ 33,E,33,,00000033__,26.60,02,,03,06,02,01,01,01,03,01,,,,,T,ROUTE 537,EB,55,,26,,,N,,16220
2018131618FT21009,MONMOUTH,FREEHOLD TWP,07/26/2018,TH,1326,01,FREEHOLD TWP PD,,0,0,0,0,P,B,N,N,06,2,TAPPAN WAY **,,,,13161439__,,07,,02,04,02,01,01,01,05,01,400,FE,E,BROADWAY,,,,25,50,28,,,N,,16238
2018131618FT21024,MONMOUTH,FREEHOLD TWP,07/26/2018,TH,1557,01,FREEHOLD TWP PD,,0,0,0,0,P,B,N,N,02,2,ROUTE 537,E,537,,00000537__,50.20,05,,01,04,02,01,01,01,05,01,300,FE,W,STILLWELLS CORNER RD / WEMROCK RD,,,,45,35,26,,,N,,16268
2018131618FT21026,MONMOUTH,FREEHOLD TWP,07/26/2018,TH,1626,01,FREEHOLD TWP PD,,0,0,0,0,P,B,N,N,02,2,US 9,N,9,,00000009__,116.07,02,,01,04,02,01,01,01,01,01,1056,FE,S,CRAIG RD / EAST FREEHOLD RD,,,,55,35,26,,,N,,16202
2018131618FT21027,MONMOUTH,FREEHOLD TWP,07/26/2018,TH,1647,01,FREEHOLD TWP PD,,0,0,0,0,P,B,N,N,01,2,ROUTE 537,,537,,00000537__,50.98,05,,01,04,02,01,01,01,05,01,475,FE,W,TROTTERS LN / TROTTERS WAY,,,,40,30,26,,,N,,16268
2018131618FT21033,MONMOUTH,FREEHOLD TWP,07/26/2018,TH,1736,01,FREEHOLD TWP PD,,0,0,0,0,P,B,N,N,12,1,MONMOUTH COUNTY 53,,53,,13000053__,.65,05,,01,04,02,01,01,01,05,01,50,FE,E,BRANDON BLVD,,,,40,25,24,,,N,,16267
2018131618FT21086,MONMOUTH,FREEHOLD TWP,07/27/2018,FR,1123,01,FREEHOLD TWP PD,,0,1,0,0,I,B,N,N,01,2,ROUTE 537,,537,,00000537__,51.07,05,,01,04,02,01,01,01,05,01,,,,,T,TROTTERS WAY,SB,40,,26,,,N,,16220
2018131618FT21091,MONMOUTH,FREEHOLD TWP,07/27/2018,FR,1221,01,FREEHOLD TWP PD,,0,1,0,0,I,B,N,N,01,2,ROUTE 537,,537,,00000537__,50.36,05,,01,04,02,01,01,01,05,01,528,FE,E,STILLWELLS CORNER RD / WEMROCK RD,,,,40,35,26,,,N,,16220
2018131618FT21172,MONMOUTH,FREEHOLD TWP,07/27/2018,FR,2103,01,FREEHOLD TWP PD,,0,1,0,0,I,B,N,N,01,2,US 9,S,9,,00000009__,112.86,02,,01,04,02,02,06,02,01,01,600,FE,N,NJ 79 / SCHANCK RD / SOUTH ST,,,,50,35,26,,,N,,16259
2018131618FT21324,MONMOUTH,FREEHOLD TWP,07/29/2018,SU,1645,01,FREEHOLD TWP PD,,0,3,0,0,I,I,N,N,04,2,ROUTE 524,,524,,00000524__,20.41,05,,01,04,02,01,01,01,05,01,,AT,,ROUTE 527 / SILOAM RD / WOODVILLE R,,,,50,45,26,,,N,,16259
2018131618FT21329,MONMOUTH,FREEHOLD TWP,07/29/2018,SU,1818,01,FREEHOLD TWP PD,,0,1,0,0,I,B,N,N,11,1,STONE HILL RD **,,,,13091132__,,07,,01,04,02,01,01,01,05,01,200,FE,W,DEER PATH LANE,,,,35,35,52,,,N,MAIL BOX OF 244 & 250 STONE HILL ROAD AND JCP&L UTILITY POLE,16260
2018131618FT21353,MONMOUTH,FREEHOLD TWP,07/30/2018,MO,0630,01,FREEHOLD TWP PD,,0,1,0,0,I,I,N,N,04,2,ROUTE 537,E,537,,00000537__,53.74,05,,01,04,02,01,01,01,05,01,,AT,,E FREEHOLD RD,,,,45,35,26,,,N,,16211
2018131618FT21384,MONMOUTH,FREEHOLD TWP,07/30/2018,MO,1022,01,FREEHOLD TWP PD,,0,1,0,0,I,B,N,N,01,2,US 9,N,9,,00000009__,112.72,02,,01,04,02,01,01,01,02,01,150,FE,S,NJ 79 / SCHANCK RD / SOUTH ST,,,,50,40,26,,,N,,16238
2018131618FT21408,MONMOUTH,FREEHOLD TWP,07/30/2018,MO,1525,01,FREEHOLD TWP PD,,0,0,0,0,P,B,N,N,08,2,RANDOLPH RD **,,,,13161160__,.75,07,,01,08,02,01,01,01,05,01,200,FE,S,GLENBROOK RD,,,,25,25,26,,,N,,16238
2018131618FT21412,MONMOUTH,FREEHOLD TWP,07/30/2018,MO,1630,01,FREEHOLD TWP PD,,0,0,0,0,P,B,N,N,01,2,MONMOUTH COUNTY 55,,55,,13000055__,2.09,05,,01,04,02,01,01,01,05,01,50,FE,N,ROUTE 537 / COLTS NECK RD,,,,50,50,26,,,N,,16259
2018131618FT21497,MONMOUTH,FREEHOLD TWP,07/31/2018,TU,1758,01,FREEHOLD TWP PD,,0,0,0,0,P,I,N,N,03,2,US 9,N,9,,00000009__,112.75,02,,01,04,02,01,01,01,03,01,,AT,,NJ 79 / SCHANCK RD / SOUTH ST,,,,50,40,26,,,N,,16234
2018131618FT21546,MONMOUTH,FREEHOLD TWP,08/01/2018,WE,0906,01,FREEHOLD TWP PD,,0,0,0,0,P,B,N,N,06,2,WELLINGTON RD **,,,,13161138__,.55,07,,01,04,02,02,01,02,05,01,528,FE,N,PARKSIDE AVE,,,,25,,26,,,N,,16220
2018131618FT21573,MONMOUTH,FREEHOLD TWP,08/01/2018,WE,1645,01,FREEHOLD TWP PD,,0,0,0,0,P,B,N,N,01,2,MONMOUTH COUNTY 55,,55,,13000055__,2.08,05,,01,04,02,01,01,01,05,01,20,FE,S,ROUTE 537 / COLTS NECK RD,,,,50,50,26,,,N,,16260
2018131618FT21578,MONMOUTH,FREEHOLD TWP,08/01/2018,WE,1717,01,FREEHOLD TWP PD,,0,0,0,0,P,B,N,N,01,2,ROUTE 537,,537,,00000537__,51.30,05,,01,04,02,01,01,01,05,01,100,FE,W,US 9,,,,40,50,26,,,N,,226
2018131618FT21589,MONMOUTH,FREEHOLD TWP,08/01/2018,WE,1822,01,FREEHOLD TWP PD,,0,0,0,0,P,B,N,N,12,1,NJ 33,E,33,,00000033__,29.02,02,,01,04,02,01,01,01,01,01,100,FE,W,HALLS MILL RD,,,,55,50,24,,,N,,226
2018131618FT21676,MONMOUTH,FREEHOLD TWP,08/02/2018,TH,1405,01,FREEHOLD TWP PD,,0,0,0,0,P,I,N,N,07,2,US 9,S,9,,00000009__,112.75,02,,01,04,02,01,01,01,03,01,,AT,,NJ 79 / SCHANCK RD / SOUTH ST,,,,50,35,26,,,N,,16220
2018131618FT21767,MONMOUTH,FREEHOLD TWP,08/03/2018,FR,1452,01,FREEHOLD TWP PD,,0,0,0,0,P,B,N,N,01,2,ROUTE 537,,537,,00000537__,51.08,05,,01,04,02,02,01,02,05,01,50,FE,E,TROTTERS LN / TROTTERS WAY,,,,40,30,26,,,N,,16220
2018131618FT21770,MONMOUTH,FREEHOLD TWP,08/03/2018,FR,1528,01,FREEHOLD TWP PD,,0,1,0,0,I,I,N,N,03,3,ROUTE 537,,537,,00000537__,51.07,05,,01,04,02,02,01,02,05,01,,AT,,TROTTERS LN / TROTTERS WAY,,,,40,30,26,,,N,,
2018131618FT21800,MONMOUTH,FREEHOLD TWP,08/03/2018,FR,2000,01,FREEHOLD TWP PD,,0,0,0,0,P,B,Y,N,11,1,US 9,S,9,,00000009__,116.20,02,,01,04,02,01,03,01,01,01,370,FE,S,CRAIG RD / EAST FREEHOLD RD,,,,55,35,48,,,N,,16243
2018131618FT21852,MONMOUTH,FREEHOLD TWP,08/04/2018,SA,0819,01,FREEHOLD TWP PD,,0,0,0,0,P,B,N,N,11,1,SUMMER DR **,,,,13161433__,.35,07,,01,04,02,02,01,01,05,01,1056,FE,W,EQUINOX LN,,,,20,20,53,,,N,**LIGHT POLE #438852**,16220
2018131618FT21858,MONMOUTH,FREEHOLD TWP,08/04/2018,SA,1000,01,FREEHOLD TWP PD,,0,0,0,0,P,B,N,N,01,2,US 9,S,9,,00000009__,114.37,02,,01,04,02,01,01,01,01,01,200,FE,N,NJ 33 BUSINESS / PARK AVE,,,,55,40,26,,,N,,16220
2018131618FT21876,MONMOUTH,FREEHOLD TWP,08/04/2018,SA,1312,01,FREEHOLD TWP PD,,0,0,0,0,P,B,N,N,01,2,NJ 33 BUSINESS,,33,B,00000033B_,4.95,02,,03,05,02,01,01,01,05,01,,,,,F,CR 55,SB,50,,26,,,N,,16220
2018131618FT21915,MONMOUTH,FREEHOLD TWP,08/04/2018,SA,2124,01,FREEHOLD TWP PD,,0,1,0,0,I,B,N,N,01,2,US 9,S,9,,00000009__,110.90,02,,01,04,02,01,06,01,03,01,25,FE,N,EDINBURGH DR,,,,50,35,26,,,N,,16259
2018131618FT21929,MONMOUTH,FREEHOLD TWP,08/05/2018,SU,0001,01,FREEHOLD TWP PD,,0,0,0,0,P,I,N,N,01,2,MONMOUTH COUNTY 23,,23,,13000023__,3.12,05,,01,04,02,01,05,01,05,,,AT,,STRICKLAND RD,,,,50,35,26,,,N,,16212
2018131618FT21954,MONMOUTH,FREEHOLD TWP,08/05/2018,SU,1133,01,FREEHOLD TWP PD,,0,0,0,0,P,I,N,N,04,2,CARDIGAN BAY LN,,,,,,07,,01,04,02,01,01,01,05,01,,AT,,WINNERS CIR,,,,25,25,26,,,N,,16262
2018131618FT21955,MONMOUTH,FREEHOLD TWP,08/05/2018,SU,1237,01,FREEHOLD TWP PD,,0,0,0,0,P,B,N,N,01,2,US 9,S,9,,00000009__,112.72,02,,01,04,02,01,01,01,03,01,150,FE,S,NJ 79 / SCHANCK RD / SOUTH ST,,,,50,35,26,,,N,,16262
2018131618FT21983,MONMOUTH,FREEHOLD TWP,08/05/2018,SU,1903,01,FREEHOLD TWP PD,,0,0,0,0,P,B,N,N,08,2,HAMPTON DR **,,,,13161036__,.90,07,,01,04,02,01,01,01,05,01,500,FE,N,NEW CASTLE RD,,,,25,,28,,,N,,226
2018131618FT22074,MONMOUTH,FREEHOLD TWP,08/06/2018,MO,1307,01,FREEHOLD TWP PD,,0,0,0,0,P,B,N,N,02,2,ROUTE 537,W,537,,00000537__,50.24,05,,01,04,02,01,01,01,05,01,100,FE,W,STILLWELLS CORNER RD / WEMROCK RD,,,,40,35,26,,,N,,16262
2018131618FT22098,MONMOUTH,FREEHOLD TWP,08/06/2018,MO,1644,01,FREEHOLD TWP PD,,0,1,0,0,I,I,N,N,07,2,ROUTE 524,,524,,00000524__,20.41,05,,01,04,02,01,01,01,05,01,,AT,,ROUTE 527 / SILOAM RD / WOODVILLE R,,,,50,45,26,,,N,,16267
2018131618FT22179,MONMOUTH,FREEHOLD TWP,08/07/2018,TU,1508,01,FREEHOLD TWP PD,,0,1,0,0,I,B,N,N,01,2,ROUTE 527,,527,,00000527__,22.03,05,,01,04,02,01,01,01,05,01,25,FE,S,OLD TURKEY SWAMP RD,,,,50,25,26,,,N,,16239
2018131618FT22204,MONMOUTH,FREEHOLD TWP,08/07/2018,TU,2150,01,FREEHOLD TWP PD,,0,1,0,0,I,B,N,N,01,2,US 9,N,9,,00000009__,115.36,02,,01,04,02,02,06,05,01,01,55,FE,S,SCHIBANOFF LN,,,,50,20,26,,,N,,16215
2018131618FT22207,MONMOUTH,FREEHOLD TWP,08/07/2018,TU,2352,01,FREEHOLD TWP PD,,0,1,0,0,I,B,N,N,01,2,ROUTE 537,,537,,00000537__,51.07,05,,03,04,02,02,06,01,05,01,75,FE,,,F,TROTTERS WAY,SB,40,,26,,,N,,16246