Year(4)-CountyCode(2)-MunicipalityCode(2)-CaseNumber(9),County Name,Municipality Name,Crash Date,Crash Day of Week,Crash Time,Police Department Code,Police Department,Police Station,Total Killed,Total Injured,Pedestrians Killed,Pedestrians Injured,Severity,Intersection,Alcohol Involved,Hazmat Involved,Crash Type,Total Vehicles,Location,Location Direction,Route,Route Suffix,Std Rte Identifier,MilePost,Road System,Road Character,Road Horizontal Alignment,Road Grade,Road Surface Type,Surface Condition,Light Condition,Environmental Condition,Road Divided By,Temporary Traffic Control Zone,Distance To Cross Street,Unit Of Measurement,Direction From Cross Street,Cross Street Name,Is Ramp,Ramp To/From Route Name,Ramp To/From Route Direction,Posted Speed,Posted Speed Cross Street,First Harmful Event,Latitude,Longitude,Cell Phone In Use Flag,Other Property Damage,Reporting Badge No.
2018131618FT22279,MONMOUTH,FREEHOLD TWP,08/08/2018,WE,1317,01,FREEHOLD TWP PD,,0,0,0,0,P,B,N,N,03,2,US 9,N,9,,00000009__,113.25,02,,01,04,02,01,01,01,02,01,2640,FE,S,ROUTE 537,,,,50,40,26,,,N,,16220
2018131618FT22288,MONMOUTH,FREEHOLD TWP,08/08/2018,WE,1435,01,FREEHOLD TWP PD,,0,0,0,0,P,B,N,N,02,2,ROUTE 537,,537,,00000537__,50.54,05,,01,04,02,01,01,01,05,01,200,FE,E,CASTRONOVA WAY / FREEHOLD MARKETPLA,,,,40,25,26,,,N,,16220
2018131618FT22300,MONMOUTH,FREEHOLD TWP,08/08/2018,WE,1641,01,FREEHOLD TWP PD,,0,0,0,0,P,B,N,N,01,2,US 9,S,9,,00000009__,111.53,02,,01,04,02,01,01,01,03,01,100,FE,N,JACKSON MILL RD,,,,50,45,26,,,N,,16234
2018131618FT22351,MONMOUTH,FREEHOLD TWP,08/09/2018,TH,1023,01,FREEHOLD TWP PD,,0,0,0,0,P,B,N,N,02,2,E FREEHOLD RD,,,,,,07,,01,04,02,01,01,01,05,01,100,FE,W,US 9,,,,35,55,26,,,N,,16220
2018131618FT22364,MONMOUTH,FREEHOLD TWP,08/09/2018,TH,1156,01,FREEHOLD TWP PD,,0,0,0,0,P,B,N,N,11,1,WEMROCK ROAD,,,,,,07,,01,04,02,01,01,01,05,01,20,FE,S,FREEHOLD ENGLISHTOWN ROAD,,,,50,45,42,,,N,SCRAPES TO CONRAIL BRIDGE,16220
2018131618FT22428,MONMOUTH,FREEHOLD TWP,08/09/2018,TH,2336,01,FREEHOLD TWP PD,,0,0,0,0,P,I,N,N,11,1,E FREEHOLD RD,,,,13161067__,2.92,07,,03,04,02,01,01,01,05,01,,AT,,E FREEHOLD RD / SILVERS RD,,,,35,35,56,,,N,,16266
2018131618FT22459,MONMOUTH,FREEHOLD TWP,08/10/2018,FR,0838,01,FREEHOLD TWP PD,,0,1,0,0,I,B,N,N,01,2,US 9,N,9,,00000009__,114.35,02,,01,04,02,01,01,01,01,01,100,FE,N,NJ 33 BUSINESS / PARK AVE,,,,55,40,26,,,N,,16220
2018131618FT22515,MONMOUTH,FREEHOLD TWP,08/10/2018,FR,1637,01,FREEHOLD TWP PD,,0,0,0,0,P,B,N,N,01,2,NJ 79,W,79,,00000079__,.00,02,,01,04,02,01,01,01,02,01,10,FE,E,US 9 / SCHANCK RD,,,,35,50,26,,,N,,16261
2018131618FT22581,MONMOUTH,FREEHOLD TWP,08/11/2018,SA,0909,01,FREEHOLD TWP PD,,0,0,0,0,P,B,N,N,08,2,US 9,S,9,,00000009__,112.20,02,,02,04,02,02,01,02,03,01,,,,,T,US 9,NB,50,,26,,,N,,16220
2018131618FT22647,MONMOUTH,FREEHOLD TWP,08/12/2018,SU,1258,01,FREEHOLD TWP PD,,0,0,0,0,P,B,N,N,01,2,US 9,N,9,,00000009__,116.27,02,,01,04,02,01,01,01,01,01,25,FE,S,CRAIG RD / EAST FREEHOLD RD,,,,55,35,26,,,N,,16213
2018131618FT22656,MONMOUTH,FREEHOLD TWP,08/12/2018,SU,1224,01,FREEHOLD TWP PD,,0,0,0,0,P,B,N,N,02,2,ROUTE 537,,537,,00000537__,53.93,05,,01,04,02,01,01,01,05,01,20,FE,E,CR 55 / KOZLOSKI RD,,,,50,50,26,,,N,,16234
2018131618FT22658,MONMOUTH,FREEHOLD TWP,08/12/2018,SU,1311,01,FREEHOLD TWP PD,,0,0,0,0,P,B,N,N,12,1,MONMOUTH COUNTY 23,,23,,13000023__,.29,05,,01,05,02,01,01,01,05,01,300,FE,N,TREETOP CIR,,,,50,25,25,,,N,,16262
2018131618FT22727,MONMOUTH,FREEHOLD TWP,08/13/2018,MO,0952,01,FREEHOLD TWP PD,,0,0,0,0,P,B,N,N,11,1,US 9,S,9,,00000009__,113.16,02,,01,04,02,02,01,02,03,01,1320,FE,N,NJ 33,,,,50,55,56,,,N,,16255
2018131618FT22736,MONMOUTH,FREEHOLD TWP,08/13/2018,MO,1159,01,FREEHOLD TWP PD,,0,2,0,0,I,I,N,N,03,2,ROUTE 537,,537,,00000537__,49.64,05,,01,04,02,02,01,02,05,01,,AT,,IRON BRIDGE RD,,,,45,35,26,,,N,,16255
2018131618FT22740,MONMOUTH,FREEHOLD TWP,08/13/2018,MO,1214,01,FREEHOLD TWP PD,,0,1,0,0,I,I,N,N,03,2,ROUTE 527,,527,,00000527__,20.77,05,,01,04,02,02,01,05,05,01,,AT,,ELY HARMONY RD,,,,50,40,26,,,N,,16238
2018131618FT22755,MONMOUTH,FREEHOLD TWP,08/13/2018,MO,1447,01,FREEHOLD TWP PD,,0,0,0,0,P,B,N,N,01,2,US 9,S,9,,00000009__,114.33,02,,03,04,02,02,01,01,02,01,,,,,T,NJ 33 BUSINESS,WB,50,,26,,,N,,16238
2018131618FT22795,MONMOUTH,FREEHOLD TWP,08/14/2018,TU,0334,01,FREEHOLD TWP PD,,0,1,0,0,I,B,N,N,12,1,MONMOUTH COUNTY 23,N,23,,13000023__,3.37,05,,01,04,02,01,07,04,05,01,150,FE,N,HIGH JUMP RD,,,,45,25,58,,,N,,16258
2018131618FT22849,MONMOUTH,FREEHOLD TWP,08/14/2018,TU,1319,01,FREEHOLD TWP PD,,0,0,0,0,P,I,N,N,09,2,ROUTE 537,,537,,00000537__,49.64,05,,01,04,02,01,01,01,05,01,,AT,,IRON BRIDGE RD,,,,40,35,26,,,N,,16262
2018131618FT22936,MONMOUTH,FREEHOLD TWP,08/15/2018,WE,1221,01,FREEHOLD TWP PD,,0,0,0,0,P,I,N,N,03,2,ROUTE 537,,537,,00000537__,48.16,05,,01,04,02,01,01,01,05,01,,AT,,THOMPSON GROVE RD,,,,50,35,26,,,N,,16220
2018131618FT22941,MONMOUTH,FREEHOLD TWP,08/15/2018,WE,1256,01,FREEHOLD TWP PD,,0,1,0,0,I,I,N,N,07,2,ROUTE 537,,537,,00000537__,50.06,05,,01,04,02,01,01,01,05,01,,AT,,REDWOOD LN,,,,45,20,26,,,N,,16220
2018131618FT22966,MONMOUTH,FREEHOLD TWP,08/15/2018,WE,1842,01,FREEHOLD TWP PD,,0,0,0,0,P,B,N,N,01,2,MONMOUTH COUNTY 23,N,23,,13000023__,3.91,05,,01,04,02,01,01,01,05,01,10,FE,S,ROUTE 524 / ELTON-ADELPHIA RD,,,,45,40,26,,,N,,16261
2018131618FT22973,MONMOUTH,FREEHOLD TWP,08/15/2018,WE,1954,01,FREEHOLD TWP PD,,0,0,0,0,P,I,N,N,11,1,US 9,N,9,,00000009__,113.56,02,,01,04,02,01,06,01,02,01,,AT,,HELEN AVE,,,,50,25,26,,,N,JCPL POLE (NUMBER JC 2306 FT) LIGHT FIXTURE AT TOP OF POLE IS HANGING IMPROPERLY,16261
2018131618FT23012,MONMOUTH,FREEHOLD TWP,08/16/2018,TH,0812,01,FREEHOLD TWP PD,,0,0,0,0,P,B,N,N,03,2,NJ 33,,33,,00000033__,27.58,02,,01,04,02,01,02,01,05,01,200,FE,E,US 9,,,,45,50,26,,,N,,16220
2018131618FT23254,MONMOUTH,FREEHOLD TWP,08/17/2018,FR,2047,01,FREEHOLD TWP PD,,0,0,0,0,P,B,N,N,01,2,US 9,N,9,,00000009__,114.33,02,,01,04,02,01,06,01,01,01,20,FE,S,NJ 33 BUSINESS / PARK AVE,,,,50,35,26,,,N,,16261
2018131618FT23318,MONMOUTH,FREEHOLD TWP,08/18/2018,SA,1218,01,FREEHOLD TWP PD,,0,0,0,0,P,B,N,N,11,1,WEMROCK ROAD,E,,,,,07,,01,04,02,01,01,01,05,01,75,FE,S,ROUTE 522,,,,45,45,43,,,N,,16220
2018131618FT23362,MONMOUTH,FREEHOLD TWP,08/18/2018,SA,1944,01,FREEHOLD TWP PD,,0,2,0,0,I,B,N,N,02,2,NJ 79,,79,,00000079__,.37,02,,01,04,02,01,06,01,05,01,200,FE,S,DANIELS WAY / EURETTA AVE,,,,35,25,26,,,N,,16260
2018131618FT23366,MONMOUTH,FREEHOLD TWP,08/18/2018,SA,2053,01,FREEHOLD TWP PD,,0,0,0,0,P,B,N,N,01,2,ROUTE 537,,537,,00000537__,50.26,05,,01,04,02,01,06,01,05,01,15,FE,E,STILLWELLS CORNER RD / WEMROCK RD,,,,45,35,26,,,N,,16261
2018131618FT23415,MONMOUTH,FREEHOLD TWP,08/19/2018,SU,1155,01,FREEHOLD TWP PD,,0,0,0,0,P,B,N,N,01,2,ROUTE 524,,524,,00000524__,25.23,05,,01,04,02,01,01,05,05,01,100,FE,E,US 9,,,,40,50,26,,,N,,16255
2018131618FT23421,MONMOUTH,FREEHOLD TWP,08/19/2018,SU,1426,01,FREEHOLD TWP PD,,0,0,0,0,P,B,N,N,01,2,ROUTE 537,,537,,00000537__,50.84,05,,01,04,02,02,01,05,05,01,100,FE,E,NJ 33,,,,40,55,26,,,N,,16238
2018131618FT23437,MONMOUTH,FREEHOLD TWP,08/19/2018,SU,1751,01,FREEHOLD TWP PD,,0,1,0,0,I,B,N,N,11,1,US 9,N,9,,00000009__,114.20,02,,01,04,02,01,01,05,01,01,700,FE,S,NJ 33 BUSINESS / PARK AVE,,,,50,45,69,,,N,NJNG CAUTION SIGN DAMAGED. NJNG NOTIFIED.,16230
2018131618FT23443,MONMOUTH,FREEHOLD TWP,08/19/2018,SU,2034,01,FREEHOLD TWP PD,,0,3,0,0,I,B,N,N,01,3,JACKSON MILLS RD **,,,,13161415__,.07,07,,01,04,02,01,05,01,05,01,270,FE,W,US 9,,,,20,50,26,,,N,,
2018131618FT23545,MONMOUTH,FREEHOLD TWP,08/20/2018,MO,2205,01,FREEHOLD TWP PD,,0,0,0,0,P,B,N,N,01,2,ROUTE 537,,537,,00000537__,49.46,05,,01,04,02,01,06,01,05,01,945,FE,W,IRON BRIDGE RD,,,,45,35,26,,,N,,16268
2018131618FT23677,MONMOUTH,FREEHOLD TWP,08/22/2018,WE,0638,01,FREEHOLD TWP PD,,0,0,0,0,P,I,N,N,05,2,ROUTE 524,,524,,00000524__,20.41,05,,01,04,02,02,01,05,05,01,,AT,,ROUTE 527 / SILOAM RD / WOODVILLE R,,,,40,50,26,,,N,,16244
2018131618FT23834,MONMOUTH,FREEHOLD TWP,08/23/2018,TH,1332,01,FREEHOLD TWP PD,,0,1,0,0,I,B,N,N,03,2,NJ 79,,79,,00000079__,.20,02,,01,04,02,01,01,01,05,01,792,FE,S,MOREAU AVE,,,,35,25,26,,,N,,16220
2018131618FT23848,MONMOUTH,FREEHOLD TWP,08/23/2018,TH,1544,01,FREEHOLD TWP PD,,0,0,0,0,P,B,N,N,02,2,ROUTE 537,,537,,00000537__,50.05,05,,01,04,02,01,01,01,05,01,50,FE,W,REDWOOD LN,,,,45,25,26,,,N,,16259
2018131618FT23953,MONMOUTH,FREEHOLD TWP,08/24/2018,FR,1432,01,FREEHOLD TWP PD,,0,0,0,0,P,B,N,N,02,2,US 9,N,9,,00000009__,114.31,02,,01,04,02,01,01,01,01,01,100,FE,S,NJ 33 BUSINESS / PARK AVE,,,,50,45,26,,,N,,16220
2018131618FT24049,MONMOUTH,FREEHOLD TWP,08/25/2018,SA,1213,01,FREEHOLD TWP PD,,0,0,0,0,P,B,N,N,02,2,US 9,N,9,,00000009__,115.35,02,,01,05,02,01,01,01,02,01,100,FE,S,SCHIBANOFF LN,,,,55,20,26,,,N,,16257
2018131618FT24054,MONMOUTH,FREEHOLD TWP,08/25/2018,SA,1237,01,FREEHOLD TWP PD,,0,0,0,0,P,B,N,N,02,2,US 9,N,9,,00000009__,112.78,02,,01,04,02,01,01,01,03,01,150,FE,N,NJ 79 / SCHANCK RD / SOUTH ST,,,,50,35,26,,,N,,16259
2018131618FT24068,MONMOUTH,FREEHOLD TWP,08/25/2018,SA,1541,01,FREEHOLD TWP PD,,0,3,0,0,I,I,N,N,04,2,ROUTE 537,,537,,00000537__,50.26,05,,01,04,02,01,01,01,05,01,,AT,,STILLWELLS CORNER RD / WEMROCK RD,,,,45,35,26,,,N,STREET SIGN AT S/E CORNER OF STILLWELLS CORNER & W MAIN ST,247
2018131618FT24132,MONMOUTH,FREEHOLD TWP,08/26/2018,SU,1048,01,FREEHOLD TWP PD,,0,0,0,0,P,B,N,N,05,2,632 COLTS NECK ROAD,,,,,,09,,02,04,02,01,01,01,05,01,,,,ABUNDANT LIFE CHURCH ENTRANCE,,,,,,26,,,N,,247
2018131618FT24224,MONMOUTH,FREEHOLD TWP,08/27/2018,MO,1236,01,FREEHOLD TWP PD,,0,1,0,0,I,B,N,N,01,2,WEMROCK RD,,,,13161020__,,07,,01,04,02,01,01,01,05,01,300,FE,N,ROUTE 537,,,,35,40,26,,,N,,16255
2018131618FT24230,MONMOUTH,FREEHOLD TWP,08/27/2018,MO,1408,01,FREEHOLD TWP PD,,0,0,0,0,P,B,N,N,03,2,US 9,N,9,,00000009__,113.26,02,,01,04,02,01,01,01,03,01,1848,FE,N,NJ 33,,,,50,55,26,,,N,,16255
2018131618FT24242,MONMOUTH,FREEHOLD TWP,08/27/2018,MO,1556,01,FREEHOLD TWP PD,,0,0,0,0,P,B,N,N,02,2,NJ 33 BUSINESS,,33,B,00000033B_,2.30,02,,01,04,02,01,01,01,05,01,250,FE,W,US 9,,,,45,50,26,,,N,,16250
2018131618FT24252,MONMOUTH,FREEHOLD TWP,08/27/2018,MO,1716,01,FREEHOLD TWP PD,,0,0,0,0,P,I,N,N,03,2,ELY HARMONY RD,,,,13321049__,.32,07,,01,04,02,01,01,01,05,01,,AT,,PITTENGER POND RD,,,,40,30,26,,,N,,16250
2018131618FT24311,MONMOUTH,FREEHOLD TWP,08/28/2018,TU,1306,01,FREEHOLD TWP PD,,0,0,0,0,P,B,N,N,06,2,49 VILLAGE CENTER DR,,,,,,09,,01,04,02,01,01,01,05,01,,,,ACCESS ROAD BEHIND ROMEOS,,,,,,26,,,N,,16262
2018131618FT24315,MONMOUTH,FREEHOLD TWP,08/28/2018,TU,1643,01,FREEHOLD TWP PD,,0,0,0,0,P,I,N,N,02,2,ROUTE 537,,537,,00000537__,51.07,05,,01,04,02,01,01,01,05,01,,AT,,TROTTERS LN / TROTTERS WAY,,,,40,30,26,,,N,,16213
2018131618FT24384,MONMOUTH,FREEHOLD TWP,08/29/2018,WE,0251,01,FREEHOLD TWP PD,,0,0,0,0,P,B,N,N,11,1,MONMOUTH COUNTY 53,,53,,13000053__,.23,05,,01,04,02,01,05,01,05,01,500,FE,N,NOMOCO RD,,,,40,35,52,,,N,SNAPPED UTILITY POLE #JC1904FRT IN HALF,16253
2018131618FT24423,MONMOUTH,FREEHOLD TWP,08/29/2018,WE,1231,01,FREEHOLD TWP PD,,0,0,0,0,P,I,N,N,03,2,THREE BROOKS RD **,,,,13161106__,.31,07,,01,04,02,01,01,01,05,01,,AT,,LUTEA TER,,,,35,25,26,,,N,,269
2018131618FT24434,MONMOUTH,FREEHOLD TWP,08/29/2018,WE,1427,01,FREEHOLD TWP PD,,0,0,0,0,P,B,N,N,99,2,ROUTE 537,,537,,00000537__,48.10,05,,01,04,02,01,01,01,05,01,300,FE,W,THOMPSON GROVE RD,,,,45,25,26,,,N,,16265
2018131618FT24444,MONMOUTH,FREEHOLD TWP,08/29/2018,WE,0913,01,FREEHOLD TWP PD,,0,0,0,0,P,B,N,N,01,3,NJ 79,,79,,00000079__,.01,02,,01,04,02,01,01,01,02,01,50,FE,N,US 9 / SCHANCK RD,,,,40,50,26,,,N,,16218
2018131618FT24490,MONMOUTH,FREEHOLD TWP,08/29/2018,WE,2031,01,FREEHOLD TWP PD,,0,5,0,0,I,B,N,N,01,2,US 9,S,9,,00000009__,112.75,02,,01,04,02,01,06,01,02,01,25,FE,N,NJ 79 / SCHANCK RD / SOUTH ST,,,,50,35,26,,,Y,,16261
2018131618FT24526,MONMOUTH,FREEHOLD TWP,08/30/2018,TH,1008,01,FREEHOLD TWP PD,,0,0,0,0,P,B,N,N,01,2,ROUTE 537,,537,,00000537__,50.33,05,,01,04,02,01,01,01,,01,350,FE,E,STILLWELLS CORNER RD / WEMROCK RD,,,,40,35,26,,,N,,16235
2018131618FT24652,MONMOUTH,FREEHOLD TWP,08/31/2018,FR,1422,01,FREEHOLD TWP PD,,0,0,0,0,P,B,N,N,01,2,US 9,N,9,,00000009__,111.35,02,,03,04,02,01,01,01,02,01,25,FE,,,T,ROUTE 524,EB,55,,26,,,N,,16261
2018131618FT24706,MONMOUTH,FREEHOLD TWP,08/31/2018,FR,2212,01,FREEHOLD TWP PD,,0,0,0,0,P,B,N,N,02,2,ROUTE 537,,537,,00000537__,53.89,05,,01,04,02,01,06,01,05,,200,FE,W,CR 55 / KOZLOSKI RD,,,,50,50,26,,,N,,219
2018131618FT24723,MONMOUTH,FREEHOLD TWP,09/01/2018,SA,0038,01,FREEHOLD TWP PD,,0,0,0,0,P,I,N,N,11,1,US 9,S,9,,00000009__,111.35,02,,01,04,02,01,06,01,03,01,,AT,,ROUTE 524 / ELTON-ADELPHIA RD,,,,50,45,56,,,N,PEDESTRIAN CROSSING SIGNAL -NJDOT NOTIFIED,16258
2018131618FT24751,MONMOUTH,FREEHOLD TWP,09/01/2018,SA,1305,01,FREEHOLD TWP PD,,0,0,0,0,P,B,N,N,01,2,ROUTE 537,,537,,00000537__,50.06,05,,01,04,02,01,01,01,05,01,15,FE,E,REDWOOD LN,,,,40,,26,,,N,,16255
2018131618FT24772,MONMOUTH,FREEHOLD TWP,09/01/2018,SA,1604,01,FREEHOLD TWP PD,,0,2,0,0,I,I,N,N,03,2,ROUTE 537,,537,,00000537__,49.64,05,,01,04,02,01,01,01,05,01,,AT,,IRON BRIDGE RD,,,,45,35,26,,,N,,16250
2018131618FT24812,MONMOUTH,FREEHOLD TWP,09/01/2018,SA,2228,01,FREEHOLD TWP PD,,0,0,0,0,P,B,N,N,01,2,US 9,N,9,,00000009__,115.37,02,,01,04,02,01,06,01,05,01,10,FE,S,SCHIBANOFF LN,,,,50,25,26,,,N,,16260
2018131618FT24825,MONMOUTH,FREEHOLD TWP,09/01/2018,SA,2344,01,FREEHOLD TWP PD,,0,0,0,0,P,B,N,N,12,1,NJ 79,,79,,00000079__,2.52,02,,01,04,02,01,07,01,05,01,50,FE,N,MAJESTIC DR / RYAN BLVD,,,,45,25,,,,N,,16258
2018131618FT24867,MONMOUTH,FREEHOLD TWP,09/02/2018,SU,1100,01,FREEHOLD TWP PD,,0,2,0,0,I,I,N,N,03,2,MONMOUTH COUNTY 55,,55,,13000055__,3.01,05,,01,04,02,01,01,01,05,01,,AT,,CR 46 / DUTCH LANE RD,,,,50,35,26,,,N,FENSE AND FENCE POST ALONG HENRY HUDSON TRAIL,247
2018131618FT24885,MONMOUTH,FREEHOLD TWP,09/02/2018,SU,1423,01,FREEHOLD TWP PD,,0,2,0,0,I,I,N,N,03,2,ROUTE 537,,537,,00000537__,53.93,05,,01,04,02,06,01,02,05,01,,AT,,CR 55 / KOZLOSKI RD,,,,45,50,26,,,N,,16220
2018131618FT24896,MONMOUTH,FREEHOLD TWP,09/02/2018,SU,1833,01,FREEHOLD TWP PD,,0,1,0,0,I,B,N,N,06,2,NOMOCO RD **,,,,13161006__,.08,07,,02,04,02,01,01,01,05,01,50,FE,S,DICICCO DR,,,,40,25,,,,N,MINOR LAWN DAMAGE,16250
2018131618FT25015,MONMOUTH,FREEHOLD TWP,09/04/2018,TU,0745,01,FREEHOLD TWP PD,,0,0,0,0,P,B,N,N,11,1,WEMROCK RD,,,,13161020__,1.79,07,,01,04,02,01,01,01,05,01,20,FE,S,ROUTE 522 / FREEHOLD-ENGLISHTOWN RD,,,,45,50,42,,,N,TRAIN BRIDGE  OWNED BY CONRAIL,16252
2018131618FT25065,MONMOUTH,FREEHOLD TWP,09/04/2018,TU,1418,01,FREEHOLD TWP PD,,0,0,0,0,P,B,N,N,01,2,SCHIBANOFF RD **,,,,13161180__,.39,07,,01,04,02,01,01,01,05,01,50,FE,W,US 9,,,,20,50,26,,,N,,16238
2018131618FT25071,MONMOUTH,FREEHOLD TWP,09/04/2018,TU,1519,01,FREEHOLD TWP PD,,0,0,0,0,P,B,N,N,08,2,SCHAEFFER LN **,,,,13161109__,.28,07,,01,04,02,01,01,01,05,01,50,FE,W,WYNNEWOOD DR,,,,25,25,28,,,N,,16238
2018131618FT25086,MONMOUTH,FREEHOLD TWP,09/04/2018,TU,1703,01,FREEHOLD TWP PD,,0,0,0,0,P,B,N,N,01,2,US 9,S,9,,00000009__,112.81,02,,01,04,02,01,01,01,02,01,300,FE,N,NJ 79 / SCHANCK RD / SOUTH ST,,,,50,35,26,,,N,,16230
2018131618FT25089,MONMOUTH,FREEHOLD TWP,09/04/2018,TU,1818,01,FREEHOLD TWP PD,,0,4,0,0,I,I,N,N,03,2,ROUTE 537,,537,,00000537__,51.07,05,,01,04,02,01,01,01,05,01,,AT,,TROTTERS LN / TROTTERS WAY,,,,40,30,26,,,N,,16251
2018131618FT25123,MONMOUTH,FREEHOLD TWP,09/05/2018,WE,1009,01,FREEHOLD TWP PD,,0,0,0,0,P,I,N,N,03,2,WEMROCK RD,,,,13161020__,,07,,01,04,02,01,01,01,05,01,,AT,E,MOUNTS CORNER DRIVE,,,,45,20,26,,,N,,16220
2018131618FT25167,MONMOUTH,FREEHOLD TWP,09/05/2018,WE,1610,01,FREEHOLD TWP PD,,0,0,0,0,P,B,N,N,02,2,GRAVEL HILL RD **,,,,13161177__,.98,07,,01,04,02,01,01,01,05,01,10,FE,S,DANCER LN,,,,35,25,26,,,N,,16261
2018131618FT25172,MONMOUTH,FREEHOLD TWP,09/05/2018,WE,1651,01,FREEHOLD TWP PD,,0,1,0,0,I,I,N,N,03,2,ROUTE 537,W,537,,00000537__,50.50,05,,01,04,02,01,01,01,04,01,,AT,,CASTRONOVA WAY / FREEHOLD MARKETPLA,,,,45,35,26,,,N,,16261
2018131618FT25191,MONMOUTH,FREEHOLD TWP,09/05/2018,WE,2010,01,FREEHOLD TWP PD,,0,0,0,0,P,B,N,N,02,2,NJ 33 BUSINESS,,33,B,00000033B_,5.06,02,,01,04,02,01,05,01,05,01,200,FE,E,ASBURY AVE,,,,50,35,26,,,N,,16267
2018131618FT25279,MONMOUTH,FREEHOLD TWP,09/06/2018,TH,1200,01,FREEHOLD TWP PD,,0,0,0,0,P,B,N,N,02,2,THREE BROOKS RD **,,,,13161106__,.87,07,,01,04,02,01,01,01,05,01,100,FE,W,MERIDIAN DR / APACHE TR,,,,35,25,26,,,N,,16220
2018131618FT25313,MONMOUTH,FREEHOLD TWP,09/06/2018,TH,1431,01,FREEHOLD TWP PD,,0,1,0,0,I,I,N,N,09,2,INDIAN HILL RD **,,,,13161083__,.10,07,,01,04,02,01,01,01,05,01,,AT,,WOODCREST DR,,,,25,25,26,,,N,,16220
2018131618FT25359,MONMOUTH,FREEHOLD TWP,09/06/2018,TH,2112,01,FREEHOLD TWP PD,,0,1,0,0,I,B,N,N,03,2,STRICKLAND RD,,,,13161013__,.00,07,,01,04,01,01,03,01,05,01,10,FE,E,CR 23 / JACKSON MILLS RD,,,,35,45,26,,,N,,16266
2018131618FT25458,MONMOUTH,FREEHOLD TWP,09/07/2018,FR,1734,01,FREEHOLD TWP PD,,0,0,0,0,P,B,N,N,02,2,US 9,S,9,,00000009__,111.44,02,,01,04,02,01,01,05,03,01,480,FE,N,ROUTE 524 / ELTON-ADELPHIA RD,,,,50,45,26,,,N,,16243
2018131618FT25480,MONMOUTH,FREEHOLD TWP,09/08/2018,SA,0851,01,FREEHOLD TWP PD,,0,3,0,0,I,B,N,N,01,2,US 9,S,9,,00000009__,112.15,02,,01,04,02,02,07,02,05,01,500,FE,S,THREE BROOKS RD,,,,50,35,26,,,N,,16266
2018131618FT25481,MONMOUTH,FREEHOLD TWP,09/07/2018,FR,2213,01,FREEHOLD TWP PD,,0,0,0,0,P,B,N,N,01,2,US 9,S,9,,00000009__,112.65,02,,01,04,02,02,06,01,03,05,528,FE,S,NJ 79 / SCHANCK RD / SOUTH ST,,,,50,35,26,,,N,,16231
2018131618FT25503,MONMOUTH,FREEHOLD TWP,09/08/2018,SA,0704,01,FREEHOLD TWP PD,,0,1,0,0,I,B,N,N,11,1,US 9,S,9,,00000009__,112.21,02,,01,04,02,02,01,02,03,01,150,FE,S,THREE BROOKS RD,,,,50,25,56,,,N,1 TRAFFIC SIGNAL  2 DOT SIGNS  CURB; STATE DOT,16246
2018131618FT25510,MONMOUTH,FREEHOLD TWP,09/08/2018,SA,1012,01,FREEHOLD TWP PD,,0,0,0,0,P,B,N,N,06,2,ROUTE 527,,527,,00000527__,21.09,05,,01,04,02,02,01,02,05,01,2640,FE,S,TURKEY SWAMP RD,,,,50,35,28,,,N,,16220
2018131618FT25576,MONMOUTH,FREEHOLD TWP,09/09/2018,SU,1004,01,FREEHOLD TWP PD,,0,0,0,0,P,B,N,N,11,1,MONMOUTH COUNTY 23,,23,,13000023__,2.05,05,,02,04,02,02,01,02,05,01,15,FE,N,GEISLER LN,,,,45,25,52,,,N,,16262
2018131618FT25592,MONMOUTH,FREEHOLD TWP,09/09/2018,SU,1500,01,FREEHOLD TWP PD,,0,0,0,0,P,I,N,N,11,1,GEORGIA RD **,,,,13161016__,1.06,07,,01,04,02,02,01,02,05,01,,AT,,STONEHILL RD,,,,35,35,60,,,N,,16262
2018131618FT25646,MONMOUTH,FREEHOLD TWP,09/10/2018,MO,1045,01,FREEHOLD TWP PD,,0,0,0,0,P,B,N,N,01,2,US 9,S,9,,00000009__,114.34,02,,01,04,02,02,01,02,01,,50,FE,N,NJ 33 BUSINESS / PARK AVE,,,,55,45,26,,,N,,16257
2018131618FT25648,MONMOUTH,FREEHOLD TWP,09/10/2018,MO,1057,01,FREEHOLD TWP PD,,0,1,0,0,I,B,N,N,01,3,US 9,S,9,,00000009__,114.34,02,,01,04,02,02,01,02,05,01,50,FE,N,NJ 33 BUSINESS / PARK AVE,,,,55,45,26,,,N,,
2018131618FT25675,MONMOUTH,FREEHOLD TWP,09/10/2018,MO,1612,01,FREEHOLD TWP PD,,0,1,0,0,I,B,N,N,11,1,ROUTE 527,,527,,00000527__,22.44,05,,01,04,02,02,01,02,05,01,15,FE,S,ROUTE 524 / ROUTE 547,,,,45,50,56,,,N,,16230
2018131618FT25682,MONMOUTH,FREEHOLD TWP,09/10/2018,MO,1841,01,FREEHOLD TWP PD,,0,0,0,0,P,B,N,N,01,2,MONMOUTH COUNTY 55,,55,,13000055__,.05,05,,01,04,02,02,03,02,05,01,250,FE,N,WILLOWBROOK RD,,,,50,45,26,,,N,,16267
2018131618FT25732,MONMOUTH,FREEHOLD TWP,09/11/2018,TU,1116,01,FREEHOLD TWP PD,,0,0,0,0,P,B,N,N,01,2,NJ 33 BUSINESS,W,33,B,00000033B_,5.00,02,,01,04,02,02,01,02,05,01,120,FE,W,ASBURY AVE,,,,50,45,26,,,N,,16268
2018131618FT25755,MONMOUTH,FREEHOLD TWP,09/11/2018,TU,1425,01,FREEHOLD TWP PD,,0,0,0,0,P,B,N,N,06,2,ROUTE 522,,522,,00000522__,18.60,05,,01,04,02,01,01,01,05,01,500,FE,E,US 9,,,,40,55,26,,,N,,16239