Year(4)-CountyCode(2)-MunicipalityCode(2)-CaseNumber(9),County Name,Municipality Name,Crash Date,Crash Day of Week,Crash Time,Police Department Code,Police Department,Police Station,Total Killed,Total Injured,Pedestrians Killed,Pedestrians Injured,Severity,Intersection,Alcohol Involved,Hazmat Involved,Crash Type,Total Vehicles,Location,Location Direction,Route,Route Suffix,Std Rte Identifier,MilePost,Road System,Road Character,Road Horizontal Alignment,Road Grade,Road Surface Type,Surface Condition,Light Condition,Environmental Condition,Road Divided By,Temporary Traffic Control Zone,Distance To Cross Street,Unit Of Measurement,Direction From Cross Street,Cross Street Name,Is Ramp,Ramp To/From Route Name,Ramp To/From Route Direction,Posted Speed,Posted Speed Cross Street,First Harmful Event,Latitude,Longitude,Cell Phone In Use Flag,Other Property Damage,Reporting Badge No.
2018131618FT25759,MONMOUTH,FREEHOLD TWP,09/11/2018,TU,1453,01,FREEHOLD TWP PD,,0,0,0,0,P,B,N,N,02,2,STILLWELLS CORNER RD,,,,13161328__,.00,07,,01,04,02,01,01,01,05,01,5,FE,N,ROUTE 524 / ELTON ADELPHIA RD,,,,35,45,26,,,N,,16244
2018131618FT25771,MONMOUTH,FREEHOLD TWP,09/11/2018,TU,1647,01,FREEHOLD TWP PD,,0,4,0,0,I,B,N,N,01,3,ROUTE 524,,524,,00000524__,20.30,05,,01,04,02,02,01,02,05,01,600,FE,W,ROUTE 527 / SILOAM RD / WOODVILLE R,,,,50,45,26,,,N,,16234
2018131618FT25784,MONMOUTH,FREEHOLD TWP,09/11/2018,TU,2102,01,FREEHOLD TWP PD,,0,0,0,0,P,B,N,N,11,1,US 9,N,9,,00000009__,115.35,02,,01,04,02,02,05,02,02,01,100,FE,S,SCHIBANOFF LN,,,,55,20,56,,,N,NEW JERSEY STATE DOT GRASS MEDIAN,16267
2018131618FT25791,MONMOUTH,FREEHOLD TWP,09/11/2018,TU,2229,01,FREEHOLD TWP PD,,0,0,0,0,P,B,N,N,01,2,ROUTE 537,,537,,00000537__,51.07,05,,01,04,02,01,06,01,05,01,,,,,F,TROTTERS WAY,SB,40,,26,,,N,,
2018131618FT25852,MONMOUTH,FREEHOLD TWP,09/12/2018,WE,1325,01,FREEHOLD TWP PD,,0,0,0,0,P,B,N,N,01,2,MONMOUTH COUNTY 23,,23,,13000023__,.91,05,,01,04,02,02,01,02,05,01,2640,FE,S,CR 53 / GEORGIA RD,,,,45,35,26,,,N,,16220
2018131618FT25865,MONMOUTH,FREEHOLD TWP,09/12/2018,WE,1610,01,FREEHOLD TWP PD,,0,0,0,0,P,I,N,N,11,2,US 9,S,9,,00000009__,113.25,02,,01,04,02,02,01,02,02,01,,AT,,US 9,,,,50,50,99,,,N,,226
2018131618FT25871,MONMOUTH,FREEHOLD TWP,09/12/2018,WE,1721,01,FREEHOLD TWP PD,,0,1,0,0,I,B,N,N,14,1,ROUTE 537,,537,,00000537__,50.97,05,,01,04,02,02,01,05,05,01,528,FE,W,TROTTERS LN / TROTTERS WAY,,,,40,30,21,,,N,,16231
2018131618FT25872,MONMOUTH,FREEHOLD TWP,09/12/2018,WE,1733,01,FREEHOLD TWP PD,,0,1,0,0,I,B,N,N,11,1,NJ 18,N,18,,00000018__,22.70,02,,01,04,02,02,01,05,01,01,2059,FE,N,ROUTE 537,,,,65,45,58,,,N,STATE DOT GRASS EMBANKMENT,16267
2018131618FT25873,MONMOUTH,FREEHOLD TWP,09/12/2018,WE,1756,01,FREEHOLD TWP PD,,0,0,0,0,P,I,N,N,01,2,NJ 79,,79,,00000079__,.20,02,,01,04,02,02,01,01,04,01,,AT,,SHOPRITE ENTRANCE,,,,35,25,26,,,N,,16263
2018131618FT25933,MONMOUTH,FREEHOLD TWP,09/13/2018,TH,1406,01,FREEHOLD TWP PD,,0,0,0,0,P,B,N,N,01,2,US 9,S,9,,00000009__,114.30,02,,03,04,02,02,01,02,01,01,,,,,T,NJ 33 BUSINESS,WB,50,,26,,,N,,16220
2018131618FT25939,MONMOUTH,FREEHOLD TWP,09/13/2018,TH,1558,01,FREEHOLD TWP PD,,0,0,0,0,P,B,N,N,01,2,NJ 33 BUSINESS,,33,B,00000033B_,5.02,02,,01,04,02,02,01,01,05,01,25,FE,E,ASBURY AVE,,,,45,50,26,,,N,,16202
2018131618FT25943,MONMOUTH,FREEHOLD TWP,09/13/2018,TH,1724,01,FREEHOLD TWP PD,,0,0,0,0,P,B,N,N,11,1,ROUTE 524,,524,,00000524__,23.79,05,,01,04,02,02,01,02,05,01,10,FE,E,HOWELL LN / STILLWELLS CORNER RD,,,,45,35,62,,,N,FIRE HYDRANT ON THE SIDE OF THE ROAD.,16266
2018131618FT26033,MONMOUTH,FREEHOLD TWP,09/14/2018,FR,1657,01,FREEHOLD TWP PD,,0,0,0,0,P,B,N,N,01,2,US 9,S,9,,00000009__,115.69,02,,01,04,02,01,01,01,05,01,1320,FE,S,LUIZ LN,,,,55,25,26,,,N,,16266
2018131618FT26124,MONMOUTH,FREEHOLD TWP,09/15/2018,SA,1557,01,FREEHOLD TWP PD,,0,0,0,0,P,B,N,N,01,2,WEMROCK RD,,,,13161020__,.79,07,,01,04,02,01,01,01,05,01,5280,FE,S,ROUTE 522 / FREEHOLD-ENGLISHTOWN RD,,,,45,50,26,,,N,,16261
2018131618FT26128,MONMOUTH,FREEHOLD TWP,09/15/2018,SA,1716,01,FREEHOLD TWP PD,,0,1,0,0,I,B,N,N,12,1,NJ 33,E,33,,00000033__,25.66,02,,01,04,02,01,01,01,01,01,100,FE,W,WEMROCK RD,,,,55,40,26,,,N,,16261
2018131618FT26205,MONMOUTH,FREEHOLD TWP,09/16/2018,SU,1355,01,FREEHOLD TWP PD,,0,0,0,0,P,B,N,N,02,2,E FREEHOLD RD,,,,,,07,,01,06,02,01,01,01,05,01,50,FE,E,US 9,,,,35,50,26,,,N,,16247
2018131618FT26216,MONMOUTH,FREEHOLD TWP,09/16/2018,SU,1658,01,FREEHOLD TWP PD,,0,0,0,0,P,B,N,N,02,2,US 9,S,9,,00000009__,111.51,02,,01,04,02,01,01,01,05,01,25,FE,N,JACKSON MILL RD,,,,50,35,26,,,N,,16259
2018131618FT26235,MONMOUTH,FREEHOLD TWP,09/16/2018,SU,2051,01,FREEHOLD TWP PD,,0,0,0,0,P,B,N,N,01,2,US 9,N,9,,00000009__,114.32,02,,01,04,02,01,06,01,01,01,50,FE,S,NJ 33 BUSINESS / PARK AVE,,,,50,35,26,,,N,,16263
2018131618FT26252,MONMOUTH,FREEHOLD TWP,09/17/2018,MO,0432,01,FREEHOLD TWP PD,,0,0,0,0,P,B,N,N,12,1,BURLINGTON RD,,,,,,07,,01,04,02,01,05,01,05,01,600,FE,W,HUNT RD,,,,35,25,24,,,N,,16252
2018131618FT26302,MONMOUTH,FREEHOLD TWP,09/17/2018,MO,1511,01,FREEHOLD TWP PD,,0,0,0,0,P,B,N,N,06,2,WOODSTOCK PL **,,,,13161054__,.05,07,,01,04,02,01,01,01,05,01,280,FE,N,ROUTE 524 / ELTON-ADELPHIA RD,,,,25,45,28,,,N,,16238
2018131618FT26306,MONMOUTH,FREEHOLD TWP,09/17/2018,MO,1541,01,FREEHOLD TWP PD,,0,0,0,0,P,B,N,N,02,2,US 9,N,9,,00000009__,114.10,02,,03,04,02,01,01,01,01,01,1200,FE,S,NJ 33 BUSINESS / PARK AVE,,,,50,45,26,,,N,,16234
2018131618FT26320,MONMOUTH,FREEHOLD TWP,09/17/2018,MO,1907,01,FREEHOLD TWP PD,,0,0,0,0,P,I,N,N,03,2,US 9,N,9,,00000009__,114.33,02,,01,04,02,01,06,01,01,01,,AT,,NJ 33 BUSINESS / PARK AVE,,,,50,45,26,,,N,,16234
2018131618FT26358,MONMOUTH,FREEHOLD TWP,09/18/2018,TU,1126,01,FREEHOLD TWP PD,,0,0,0,0,P,B,N,N,08,2,3681 ROUTE 9,,,,,,09,,01,04,02,02,01,02,05,01,,,,REAR LOT OF FREEHOLD MALL,,,,,,26,,,N,,16213
2018131618FT26363,MONMOUTH,FREEHOLD TWP,09/18/2018,TU,1124,01,FREEHOLD TWP PD,,0,0,0,0,P,B,N,N,06,2,222 SCHANCK RD,,,,,,09,,01,04,02,02,01,05,05,01,,,,PATRIOTS PARK PARKING LOT,,,,,,28,,,N,,16238
2018131618FT26374,MONMOUTH,FREEHOLD TWP,09/18/2018,TU,1320,01,FREEHOLD TWP PD,,0,0,0,0,P,B,N,N,08,2,US 9,N,9,,00000009__,110.90,02,,01,04,02,01,01,01,03,01,20,FE,S,EDINBURGH DR,,,,50,35,26,,,N,,
2018131618FT26403,MONMOUTH,FREEHOLD TWP,09/18/2018,TU,2112,01,FREEHOLD TWP PD,,0,0,0,0,P,B,N,N,01,2,US 9,N,9,,00000009__,114.13,02,,01,04,02,01,06,01,01,01,50,FE,S,RACEWAY MALL DR,,,,55,35,26,,,N,,16263
2018131618FT26407,MONMOUTH,FREEHOLD TWP,09/18/2018,TU,2151,01,FREEHOLD TWP PD,,0,0,0,0,P,B,N,N,12,1,E FREEHOLD RD,,,,13161067__,2.84,07,,01,04,02,01,06,01,05,01,25,FE,W,PHEASANT RUN,,,,35,25,24,,,N,,16263
2018131618FT26417,MONMOUTH,FREEHOLD TWP,09/19/2018,WE,0431,01,FREEHOLD TWP PD,,0,0,0,0,P,B,N,N,12,1,US 9,S,9,,00000009__,110.90,02,,01,04,02,01,06,01,01,01,50,FE,S,EDINBURGH DR,,,,55,35,24,,,N,,258
2018131618FT26418,MONMOUTH,FREEHOLD TWP,09/19/2018,WE,0734,01,FREEHOLD TWP PD,,0,1,0,0,I,B,N,N,11,1,YALE DR **,,,,13161368__,.62,07,,01,04,02,01,01,01,05,01,10,FE,E,IRON BRIDGE RD,,,,25,35,56,,,N,ONE LARGE CUSTOM BRICK MAILBOX  ONE JCP&L STREET LIGHT  EXTENSIVE LAWN DAMAGE,16246
2018131618FT26475,MONMOUTH,FREEHOLD TWP,09/19/2018,WE,1200,01,FREEHOLD TWP PD,,0,0,0,0,P,I,N,N,03,2,POND ROAD,,,,,,07,,01,04,02,01,01,01,05,01,,AT,,WATERWORKS ROAD,,,,40,25,26,,,N,,16220
2018131618FT26477,MONMOUTH,FREEHOLD TWP,09/19/2018,WE,1211,01,FREEHOLD TWP PD,,0,0,0,0,P,B,N,N,02,2,WINNERS CIRCLE,W,,,,,07,,01,04,02,01,01,01,05,01,100,FE,E,TROTTERS WAY,,,,25,25,26,,,N,,269
2018131618FT26492,MONMOUTH,FREEHOLD TWP,09/19/2018,WE,1429,01,FREEHOLD TWP PD,,0,0,0,0,P,B,N,N,01,2,US 9,S,9,,00000009__,114.35,02,,01,04,02,01,01,01,01,01,100,FE,N,NJ 33 BUSINESS / PARK AVE,,,,50,45,26,,,N,,16220
2018131618FT26543,MONMOUTH,FREEHOLD TWP,09/19/2018,WE,2216,01,FREEHOLD TWP PD,,0,0,0,0,P,I,N,N,11,1,NJ 79,,79,,00000079__,.07,02,,01,04,02,01,06,01,02,01,,AT,,WILLOWBROOK RD,,,,40,25,56,,,N,TRAFFIC SIGN WAS KNOCKED DOWN.,16263
2018131618FT26568,MONMOUTH,FREEHOLD TWP,09/20/2018,TH,0914,01,FREEHOLD TWP PD,,0,0,0,0,P,B,N,N,05,2,531 SOLOMAN WAY,,,,,,09,,02,04,02,01,01,01,05,01,,,,PANERA REAR ACCESS ROAD,,,,,,26,,,N,,16220
2018131618FT26595,MONMOUTH,FREEHOLD TWP,09/20/2018,TH,1505,01,FREEHOLD TWP PD,,0,0,0,0,P,B,N,N,01,2,US 9,S,9,,00000009__,111.52,02,,01,04,02,01,01,01,03,01,30,FE,N,JACKSON MILL RD,,,,50,45,26,,,Y,,16255
2018131618FT26604,MONMOUTH,FREEHOLD TWP,09/20/2018,TH,1651,01,FREEHOLD TWP PD,,0,0,0,0,P,B,N,N,06,2,PLMOUTH DR **,E,,,13161027__,.13,07,,01,04,02,01,01,01,05,01,50,FE,E,CHURCHILL ST,,,,25,25,26,,,N,,16261
2018131618FT26679,MONMOUTH,FREEHOLD TWP,09/21/2018,FR,1537,01,FREEHOLD TWP PD,,0,1,0,0,I,I,N,N,07,2,MONMOUTH COUNTY 55,,55,,13000055__,1.10,05,,01,04,02,01,01,01,05,01,,AT,,CENTER ST / FRENEAU BLVD,,,,50,25,26,,,N,,16220
2018131618FT26697,MONMOUTH,FREEHOLD TWP,09/21/2018,FR,2051,01,FREEHOLD TWP PD,,0,0,0,0,P,B,N,N,01,2,US 9,N,9,,00000009__,112.72,02,,01,04,02,01,07,01,02,01,150,FE,S,NJ 79 / SCHANCK RD / SOUTH ST,,,,50,35,26,,,N,,16242
2018131618FT26725,MONMOUTH,FREEHOLD TWP,09/22/2018,SA,0203,01,FREEHOLD TWP PD,,0,1,0,0,I,B,N,N,10,1,MONMOUTH COUNTY 23,,23,,13000023__,1.11,05,,01,04,02,01,05,01,05,01,450,FE,S,JACK ALLEN CT,,,,45,25,61,,,N,MAILBOX TO 304 JACKSON MILLS RD  FREEHOLD  NJ 07728,16252
2018131618FT26756,MONMOUTH,FREEHOLD TWP,09/22/2018,SA,1332,01,FREEHOLD TWP PD,,0,0,0,0,P,I,N,N,03,2,ROUTE 537,,537,,00000537__,46.31,05,,01,04,02,01,01,01,05,01,,AT,,ROUTE 524 / STAGE COACH RD,,,,50,50,26,,,N,,16220
2018131618FT26781,MONMOUTH,FREEHOLD TWP,09/22/2018,SA,1935,01,FREEHOLD TWP PD,,0,0,0,0,P,B,N,N,01,2,ROUTE 537,,537,,00000537__,51.03,05,,01,04,02,01,06,01,05,01,225,FE,W,TROTTERS LN / TROTTERS WAY,,,,45,25,26,,,N,,16259
2018131618FT26810,MONMOUTH,FREEHOLD TWP,09/23/2018,SU,0038,01,FREEHOLD TWP PD,,0,0,0,0,P,B,N,N,11,1,BAR HARBOR RD S **,,,,13161126__,.69,07,,01,04,02,01,06,01,05,01,20,FE,N,KINGS WAY / BURKI PL,,,,35,25,,,,N,UTILITY POLE #JC2458FRT,16256
2018131618FT26867,MONMOUTH,FREEHOLD TWP,09/24/2018,MO,0128,01,FREEHOLD TWP PD,,0,1,0,0,I,B,N,N,11,1,MONMOUTH COUNTY 55,,55,,13000055__,1.21,05,,02,04,02,02,05,02,02,01,600,FE,N,CENTER ST / FRENEAU BLVD,,,,50,35,56,,,N,,16252
2018131618FT26883,MONMOUTH,FREEHOLD TWP,09/24/2018,MO,0810,01,FREEHOLD TWP PD,,0,0,0,0,P,B,N,N,01,2,ROUTE 524,,524,,00000524__,24.60,05,,01,04,02,02,01,05,05,01,30,FE,E,OLD POST RD,,,,30,25,26,,,N,,16255
2018131618FT26907,MONMOUTH,FREEHOLD TWP,09/24/2018,MO,0958,01,FREEHOLD TWP PD,,0,0,0,0,P,B,N,N,11,1,EQUINOX LN **,,,,13161354__,.07,07,,02,04,02,02,01,05,05,01,792,FE,W,SUMMER DR,,,,25,25,69,,,N,BRICK MAILBOX AND BRICK LANDSCAPING STRUCTURE OF 7 EQUINOX LN,16255
2018131618FT26959,MONMOUTH,FREEHOLD TWP,09/24/2018,MO,1736,01,FREEHOLD TWP PD,,0,0,0,0,P,B,N,N,03,2,POND RD,,,,,,07,,01,04,02,01,01,01,05,01,975,FE,S,EAST FREEHOLD RD,,,,35,35,26,,,N,,16259
2018131618FT26977,MONMOUTH,FREEHOLD TWP,09/24/2018,MO,1957,01,FREEHOLD TWP PD,,0,2,0,0,I,B,N,N,01,2,US 9,N,9,,00000009__,111.20,02,,01,04,02,01,07,01,02,01,528,FE,S,ADELPHIA RD,,,,55,50,26,,,N,,16230
2018131618FT26983,MONMOUTH,FREEHOLD TWP,09/24/2018,MO,2102,01,FREEHOLD TWP PD,,0,1,0,0,I,B,N,N,01,2,US 9,S,9,,00000009__,114.34,02,,01,04,02,01,06,01,01,01,50,FE,N,NJ 33 BUSINESS / PARK AVE,,,,55,40,26,,,N,,16263
2018131618FT27025,MONMOUTH,FREEHOLD TWP,09/25/2018,TU,1459,01,FREEHOLD TWP PD,,0,0,0,0,P,I,N,N,11,2,US 9,N,9,,00000009__,112.75,02,,01,04,02,01,01,05,02,01,,AT,,NJ 79 / SCHANCK RD / SOUTH ST,,,,50,35,56,,,N,,247
2018131618FT27075,MONMOUTH,FREEHOLD TWP,09/26/2018,WE,0923,01,FREEHOLD TWP PD,,0,0,0,0,P,I,N,N,03,2,ROUTE 537,,537,,00000537__,47.54,05,,01,04,02,02,01,02,04,01,,AT,,ROUTE 524 / ELTON RD,,,,50,50,26,,,N,,16265
2018131618FT27084,MONMOUTH,FREEHOLD TWP,09/26/2018,WE,1000,01,FREEHOLD TWP PD,,0,0,0,0,P,B,N,N,01,2,ROUTE 537,,537,,00000537__,47.74,05,,01,06,02,02,01,05,05,01,1056,FE,E,ROUTE 524 / ELTON RD,,,,50,45,26,,,N,,16189
2018131618FT27125,MONMOUTH,FREEHOLD TWP,09/26/2018,WE,1556,01,FREEHOLD TWP PD,,0,0,0,0,P,I,N,N,02,2,US 9,S,9,,00000009__,112.75,02,,01,04,02,01,01,01,05,01,,AT,,NJ 79 / SCHANCK RD / SOUTH ST,,,,50,35,26,,,N,,16260
2018131618FT27135,MONMOUTH,FREEHOLD TWP,09/26/2018,WE,1728,01,FREEHOLD TWP PD,,0,0,0,0,P,B,N,N,01,2,US 9,S,9,,00000009__,115.62,02,,01,04,02,01,01,01,05,01,1320,FE,N,SCHIBANOFF LN,,,,55,25,26,,,N,,16260
2018131618FT27136,MONMOUTH,FREEHOLD TWP,09/26/2018,WE,1746,01,FREEHOLD TWP PD,,0,0,0,0,P,B,N,N,01,2,US 9,S,9,,00000009__,115.47,02,,01,04,02,01,01,01,02,01,528,FE,N,SCHIBANOFF LN,,,,55,20,26,,,N,,16260
2018131618FT27177,MONMOUTH,FREEHOLD TWP,09/27/2018,TH,0646,01,FREEHOLD TWP PD,,0,0,0,0,P,I,N,N,12,1,NJ 33,E,33,,00000033__,29.04,02,,01,04,02,01,01,05,01,01,,AT,,HALLS MILL RD,,,,55,35,24,,,N,,16251
2018131618FT27260,MONMOUTH,FREEHOLD TWP,09/28/2018,FR,0352,01,FREEHOLD TWP PD,,0,0,0,0,P,B,N,N,12,1,MONMOUTH COUNTY 55,,55,,13000055__,1.61,05,,01,04,02,02,05,02,02,01,300,FE,S,BURLINGTON RD,,,,50,35,24,,,N,,16252
2018131618FT27262,MONMOUTH,FREEHOLD TWP,09/28/2018,FR,0719,01,FREEHOLD TWP PD,,0,0,0,0,P,B,N,N,12,1,ROUTE 537,,537,,00000537__,54.91,05,,01,04,02,02,01,02,04,01,300,FE,E,BERNICE DR / OVER BROOK DR,,,,45,25,24,,,N,,16252
2018131618FT27342,MONMOUTH,FREEHOLD TWP,09/29/2018,SA,0545,01,FREEHOLD TWP PD,,0,0,0,0,P,B,N,N,05,2,ROUTE 537,,537,,00000537__,48.22,05,,01,04,02,01,04,01,05,01,300,FE,E,THOMPSON GROVE RD,,,,50,35,26,,,N,,16252
2018131618FT27369,MONMOUTH,FREEHOLD TWP,09/29/2018,SA,1254,01,FREEHOLD TWP PD,,0,0,0,0,P,B,N,N,01,2,ROUTE 537,,537,,00000537__,50.31,05,,01,04,02,01,01,01,05,01,264,FE,E,STILLWELLS CORNER RD / WEMROCK RD,,,,40,45,26,,,N,,16220
2018131618FT27424,MONMOUTH,FREEHOLD TWP,09/30/2018,SU,0013,01,FREEHOLD TWP PD,,0,0,0,0,P,B,N,N,12,1,ROUTE 527,,527,,00000527__,21.53,05,,01,04,02,01,05,01,05,01,300,FE,S,TURKEY SWAMP RD,,,,45,25,24,,,N,,16252
2018131618FT27501,MONMOUTH,FREEHOLD TWP,10/01/2018,MO,0225,01,FREEHOLD TWP PD,,0,0,0,0,P,B,N,N,12,1,NJ 33,E,33,,00000033__,25.43,02,,01,04,02,01,07,01,01,01,1320,FE,W,WEMROCK RD,,,,55,35,24,,,N,,16258
2018131618FT27514,MONMOUTH,FREEHOLD TWP,10/01/2018,MO,0822,01,FREEHOLD TWP PD,,0,0,0,0,P,I,N,N,01,2,ROUTE 524,W,524,,00000524__,25.21,05,,01,04,02,01,01,01,04,01,,AT,,US 9,,,,45,50,26,,,N,,16257
2018131618FT27528,MONMOUTH,FREEHOLD TWP,10/01/2018,MO,1019,01,FREEHOLD TWP PD,,0,1,0,0,I,B,N,N,01,2,WEMROCK RD,,,,13161020__,.00,07,,01,04,02,01,01,01,05,01,20,FE,S,OAKLEY DR / GULLY RD,,,,35,25,26,,,N,,16262
2018131618FT27542,MONMOUTH,FREEHOLD TWP,10/01/2018,MO,1418,01,FREEHOLD TWP PD,,0,0,0,0,P,B,N,N,02,2,ROUTE 537,,537,,00000537__,49.64,05,,01,04,02,01,01,01,05,01,20,FE,W,IRON BRIDGE RD,,,,40,35,26,,,N,,16262
2018131618FT27544,MONMOUTH,FREEHOLD TWP,10/01/2018,MO,1657,01,FREEHOLD TWP PD,,0,1,0,0,I,B,N,N,11,1,PLMOUTH DR **,,,,13161027__,.89,07,,01,04,02,01,01,01,05,01,50,FE,E,KENT PL,,,,25,25,,,,N,POLE #JC 2578 FRT,16234
2018131618FT27661,MONMOUTH,FREEHOLD TWP,10/02/2018,TU,1834,01,FREEHOLD TWP PD,,0,0,0,0,P,B,N,N,15,1,ROUTE 537,,537,,00000537__,50.52,05,,01,04,02,01,01,01,04,01,100,FE,E,CASTRONOVA WAY / FREEHOLD MARKETPLA,,,,40,25,39,,,N,,16263
2018131618FT27700,MONMOUTH,FREEHOLD TWP,10/03/2018,WE,0935,01,FREEHOLD TWP PD,,0,0,0,0,P,B,N,N,01,2,NJ 33 BUSINESS,,33,B,00000033B_,2.37,02,,01,04,02,01,01,01,05,01,100,FE,E,US 9,,,,45,50,26,,,N,,16220
2018131618FT27725,MONMOUTH,FREEHOLD TWP,10/03/2018,WE,1411,01,FREEHOLD TWP PD,,0,0,0,0,P,I,N,N,11,1,ROUTE 522,,522,,00000522__,17.90,05,,01,04,02,01,01,01,05,01,,AT,,WEMROCK RD,,,,45,50,42,,,N,,16220
2018131618FT27746,MONMOUTH,FREEHOLD TWP,10/03/2018,WE,1718,01,FREEHOLD TWP PD,,0,0,0,0,P,B,N,N,01,2,NJ 33 BUSINESS,,33,B,00000033B_,3.91,02,,01,04,02,01,01,01,05,01,400,FE,W,KONDRUP WAY,,,,40,25,26,,,N,,16231
2018131618FT27775,MONMOUTH,FREEHOLD TWP,10/03/2018,WE,2152,01,FREEHOLD TWP PD,,0,0,0,0,P,B,N,N,12,1,ROUTE 524,,524,,00000524__,22.73,05,,01,04,02,01,06,01,05,01,300,FE,E,IRON BRIDGE RD,,,,50,35,24,,,N,,16261
2018131618FT27799,MONMOUTH,FREEHOLD TWP,10/04/2018,TH,0546,01,FREEHOLD TWP PD,,0,0,0,0,P,B,N,N,12,1,HALLS MILL RD,,,,13161330__,.64,07,,01,04,02,01,05,01,05,01,1584,FE,S,THREE BROOKS RD,,,,35,35,24,,,N,,16252
2018131618FT27801,MONMOUTH,FREEHOLD TWP,10/04/2018,TH,0719,01,FREEHOLD TWP PD,,0,0,0,0,P,B,N,N,11,1,HALLS MILL RD,,,,13161330__,.22,07,,02,04,02,01,01,01,05,01,1162,FE,N,ROUTE 524 / ELTON ADELPHIA RD,,,,35,35,46,,,N,,16252
2018131618FT27807,MONMOUTH,FREEHOLD TWP,10/04/2018,TH,0829,01,FREEHOLD TWP PD,,0,0,0,0,P,B,N,N,99,1,SHERWOOD DRIVE,,,,,,07,,01,04,02,01,01,01,05,01,200,FE,N,JEANNE BRENNAN DRIVE,,,,25,20,99,,,N,,16220
2018131618FT27852,MONMOUTH,FREEHOLD TWP,10/04/2018,TH,1452,01,FREEHOLD TWP PD,,0,0,0,0,P,B,N,N,01,2,ROUTE 537,,537,,00000537__,50.27,05,,01,04,02,01,01,01,05,01,75,FE,E,STILLWELLS CORNER RD / WEMROCK RD,,,,40,45,26,,,N,,16220
2018131618FT27857,MONMOUTH,FREEHOLD TWP,10/04/2018,TH,1526,01,FREEHOLD TWP PD,,0,1,0,0,I,B,N,N,01,2,NJ 33,E,33,,00000033__,28.54,02,,01,04,02,01,01,01,01,01,2640,FE,W,HALLS MILL RD,,,,55,45,26,,,N,,16245
2018131618FT27868,MONMOUTH,FREEHOLD TWP,10/05/2018,FR,1140,01,FREEHOLD TWP PD,,0,0,0,0,P,B,N,N,03,2,ROUTE 537,,537,,00000537__,50.48,05,,01,04,02,02,06,02,04,01,100,FE,W,CASTRONOVA WAY / FREEHOLD MARKETPLA,,,,40,25,26,,,N,,16265
2018131618FT27984,MONMOUTH,FREEHOLD TWP,10/05/2018,FR,1335,01,FREEHOLD TWP PD,,0,0,0,0,P,B,N,N,01,2,US 9,S,9,,00000009__,111.37,02,,01,04,02,01,02,01,02,01,100,FE,N,ROUTE 524 / ELTON-ADELPHIA RD,,,,50,40,26,,,N,,16220
2018131618FT28017,MONMOUTH,FREEHOLD TWP,10/05/2018,FR,1831,01,FREEHOLD TWP PD,,0,0,0,0,P,B,N,N,11,1,GEORGIA RD,,,,13161011__,,07,,01,04,02,01,03,01,05,01,200,FE,N,LOVE LANE,,,,45,25,52,,,N,403 GEORGIA RD MAIL BOX/ UTILITY POLES JC313FT/JC314FT,16260
2018131618FT28041,MONMOUTH,FREEHOLD TWP,10/05/2018,FR,2243,01,FREEHOLD TWP PD,,0,0,0,0,P,B,N,N,12,1,ROUTE 524,,524,,00000524__,22.50,05,,01,04,02,01,05,01,05,01,20,FE,W,VASSAR DR,,,,45,25,24,,,N,,16259
2018131618FT28086,MONMOUTH,FREEHOLD TWP,10/06/2018,SA,1318,01,FREEHOLD TWP PD,,0,2,0,0,I,B,N,N,01,2,US 9,N,9,,00000009__,115.47,02,,01,04,02,01,01,05,02,01,528,FE,N,SCHIBANOFF LN,,,,55,20,26,,,N,,16220
2018131618FT28087,MONMOUTH,FREEHOLD TWP,10/06/2018,SA,1326,01,FREEHOLD TWP PD,,0,0,0,0,P,B,N,N,01,2,ROUTE 537,,537,,00000537__,50.22,05,,01,04,02,01,01,05,04,01,200,FE,W,STILLWELLS CORNER RD / WEMROCK RD,,,,45,35,26,,,N,,16245
2018131618FT28091,MONMOUTH,FREEHOLD TWP,10/06/2018,SA,1420,01,FREEHOLD TWP PD,,0,0,0,0,P,B,N,N,03,2,WEMROCK RD,,,,13161020__,1.22,07,,01,04,02,01,01,05,05,01,5280,FE,N,NJ 33,,,,45,35,26,,,N,,269
2018131618FT28175,MONMOUTH,FREEHOLD TWP,10/07/2018,SU,1617,01,FREEHOLD TWP PD,,0,0,0,0,P,B,N,N,02,2,US 9,S,9,,00000009__,114.26,02,,01,04,02,01,01,01,01,01,350,FE,S,NJ 33 BUSINESS / PARK AVE,,,,50,45,26,,,N,,16250
2018131618FT28177,MONMOUTH,FREEHOLD TWP,10/07/2018,SU,1629,01,FREEHOLD TWP PD,,0,1,0,0,I,B,N,N,11,1,ROUTE 537,,537,,00000537__,44.63,05,,01,04,02,01,01,01,05,01,600,FE,E,FRANCIS MILL RD,,,,50,25,,,,N,UTILITY POLE BT17631FT,16259
2018131618FT28235,MONMOUTH,FREEHOLD TWP,10/08/2018,MO,0905,01,FREEHOLD TWP PD,,0,0,0,0,P,I,N,N,03,2,EDINBURGH DR,,,,,,07,,01,04,02,02,01,05,05,01,,AT,,WENTWORTH DR,,,,35,25,26,,,N,,247
2018131618FT28253,MONMOUTH,FREEHOLD TWP,10/08/2018,MO,1043,01,FREEHOLD TWP PD,,0,0,0,0,P,B,N,N,01,2,US 9,S,9,,00000009__,113.25,02,,02,04,02,02,01,05,02,01,,,,,T,US 9,NB,50,,26,,,N,,247
2018131618FT28280,MONMOUTH,FREEHOLD TWP,10/08/2018,MO,1308,01,FREEHOLD TWP PD,,0,1,0,0,I,B,N,N,01,2,US 9,N,9,,00000009__,115.07,02,,01,05,02,02,01,02,02,01,1056,FE,N,ROUTE 522 / ENGLISHTOWN RD / THROCK,,,,55,40,26,,,N,,16255