Year(4)-CountyCode(2)-MunicipalityCode(2)-CaseNumber(9),County Name,Municipality Name,Crash Date,Crash Day of Week,Crash Time,Police Department Code,Police Department,Police Station,Total Killed,Total Injured,Pedestrians Killed,Pedestrians Injured,Severity,Intersection,Alcohol Involved,Hazmat Involved,Crash Type,Total Vehicles,Location,Location Direction,Route,Route Suffix,Std Rte Identifier,MilePost,Road System,Road Character,Road Horizontal Alignment,Road Grade,Road Surface Type,Surface Condition,Light Condition,Environmental Condition,Road Divided By,Temporary Traffic Control Zone,Distance To Cross Street,Unit Of Measurement,Direction From Cross Street,Cross Street Name,Is Ramp,Ramp To/From Route Name,Ramp To/From Route Direction,Posted Speed,Posted Speed Cross Street,First Harmful Event,Latitude,Longitude,Cell Phone In Use Flag,Other Property Damage,Reporting Badge No.
2018131618FT32563,MONMOUTH,FREEHOLD TWP,11/19/2018,MO,1246,01,FREEHOLD TWP PD,,0,0,0,0,P,B,N,N,01,2,ROUTE 537,,537,,00000537__,51.09,05,,01,04,02,01,01,01,05,01,100,FE,E,TROTTERS LN / TROTTERS WAY,,,,35,35,26,,,N,,16247
2018131618FT32575,MONMOUTH,FREEHOLD TWP,11/19/2018,MO,1441,01,FREEHOLD TWP PD,,0,0,0,0,P,B,N,N,15,2,ROBERTSVILLE RD,,,,13261114__,2.29,07,,01,04,02,01,01,01,05,01,650,FE,S,E FREEHOLD RD,,,,35,35,,,,N,,16262
2018131618FT32591,MONMOUTH,FREEHOLD TWP,11/19/2018,MO,1724,01,FREEHOLD TWP PD,,0,1,0,0,I,I,N,N,12,1,MONMOUTH COUNTY 23,S,23,,13000023__,3.51,05,,01,04,02,01,03,01,05,01,,AT,,POLO CLUB DR,,,,45,25,24,,,N,,16263
2018131618FT32628,MONMOUTH,FREEHOLD TWP,11/20/2018,TU,0642,01,FREEHOLD TWP PD,,0,0,0,0,P,B,N,N,12,1,ROUTE 537,,537,,00000537__,54.62,05,,01,04,02,02,02,02,05,01,15,FE,W,RANDOLPH RD / SHETLAND WAY,,,,50,25,24,,,N,,16258
2018131618FT32643,MONMOUTH,FREEHOLD TWP,11/20/2018,TU,0954,01,FREEHOLD TWP PD,,0,0,0,0,P,B,N,N,11,1,MONMOUTH COUNTY 55,,55,,13000055__,2.02,05,,01,06,02,02,01,05,05,01,300,FE,S,ROUTE 537 / COLTS NECK RD,,,,50,50,56,,,N,RETAINING WALL ON WEST SIDE OF KOZLOSKI RD,247
2018131618FT32713,MONMOUTH,FREEHOLD TWP,11/20/2018,TU,2138,01,FREEHOLD TWP PD,,0,0,0,0,P,B,N,N,02,2,NJ 33 BUSINESS,E,33,B,00000033B_,1.93,02,,01,04,02,01,05,01,05,01,1000,FE,E,CARDIGAN BAY RD,,,,45,25,26,,,N,,16234
2018131618FT32740,MONMOUTH,FREEHOLD TWP,11/21/2018,WE,0722,01,FREEHOLD TWP PD,,0,0,0,0,P,B,N,N,12,1,ROUTE 524,,524,,00000524__,25.02,05,,01,04,02,01,01,01,05,01,120,FE,W,CR 23 / JACKSON MILL RD,,,,45,35,24,,,N,,16256
2018131618FT32744,MONMOUTH,FREEHOLD TWP,11/21/2018,WE,0825,01,FREEHOLD TWP PD,,0,0,0,0,P,B,N,N,01,2,NJ 33,W,33,,00000033__,26.60,02,,01,04,02,01,01,01,01,01,,,,,T,COUNTY ROUTE 537,WB,55,,26,,,N,,16220
2018131618FT32787,MONMOUTH,FREEHOLD TWP,11/21/2018,WE,1525,01,FREEHOLD TWP PD,,0,0,0,0,P,I,N,N,01,2,SCHANCK RD,,,,13161329__,.88,07,,01,04,02,01,01,01,05,01,,AT,,LANCASTER RD,,,,35,25,26,,,N,,16220
2018131618FT32792,MONMOUTH,FREEHOLD TWP,11/21/2018,WE,1629,01,FREEHOLD TWP PD,,0,0,0,0,P,I,N,N,03,2,COURT ST,S,,,13151115__,1.50,07,,01,04,02,01,02,01,05,01,,AT,,WATERWORKS RD,,,,40,25,26,,,N,,16261
2018131618FT32793,MONMOUTH,FREEHOLD TWP,11/21/2018,WE,1647,01,FREEHOLD TWP PD,,0,0,0,0,P,B,N,N,02,2,NJ 79,,79,,00000079__,2.73,02,,01,04,02,01,05,01,05,01,150,FE,N,BEECHWOOD AVE,,,,50,25,26,,,N,,16234
2018131618FT32796,MONMOUTH,FREEHOLD TWP,11/21/2018,WE,1737,01,FREEHOLD TWP PD,,0,0,0,0,P,B,N,N,01,2,ROUTE 524,E,524,,00000524__,25.04,05,,03,04,02,01,06,01,02,01,,,,,T,JACKSON MILLS ROAD,,45,,26,,,N,,16260
2018131618FT32797,MONMOUTH,FREEHOLD TWP,11/21/2018,WE,1742,01,FREEHOLD TWP PD,,0,0,0,0,P,B,N,N,01,2,ROUTE 524,,524,,00000524__,25.04,05,,01,04,02,01,06,01,05,01,5,FE,E,CR 23 / JACKSON MILL RD,,,,45,45,26,,,N,,16261
2018131618FT32803,MONMOUTH,FREEHOLD TWP,11/21/2018,WE,1907,01,FREEHOLD TWP PD,,0,0,0,0,P,B,N,N,12,1,MONMOUTH COUNTY 23,N,23,,13000023__,.08,05,,01,04,02,01,06,01,05,01,50,FE,N,CLOVER CT,,,,45,25,24,,,N,,16261
2018131618FT32808,MONMOUTH,FREEHOLD TWP,11/21/2018,WE,1940,01,FREEHOLD TWP PD,,0,0,0,0,P,B,N,N,12,1,ROUTE 537,,537,,00000537__,44.13,05,,01,04,02,01,05,01,05,01,200,FE,E,BLUEBERRY HILL RD,,,,50,25,24,,,N,,16260
2018131618FT32870,MONMOUTH,FREEHOLD TWP,11/22/2018,TH,1200,01,FREEHOLD TWP PD,,0,0,0,0,P,I,N,N,03,2,MONMOUTH COUNTY 23,,23,,13000023__,3.12,05,,01,04,02,01,01,01,05,01,,AT,,STRICKLAND RD,,,,45,35,26,,,N,,16220
2018131618FT32928,MONMOUTH,FREEHOLD TWP,11/23/2018,FR,1223,01,FREEHOLD TWP PD,,0,2,0,0,I,B,N,N,01,2,US 9,N,9,,00000009__,114.88,02,,01,07,02,01,01,01,01,01,75,FE,N,ROUTE 522 / ENGLISHTOWN RD / THROCK,,,,55,45,26,,,N,,16220
2018131618FT32929,MONMOUTH,FREEHOLD TWP,11/23/2018,FR,1220,01,FREEHOLD TWP PD,,0,2,0,0,I,B,N,N,01,2,ROUTE 537,,537,,00000537__,50.90,05,,01,04,01,01,01,01,05,01,,FE,E,NJ 33 BYPASS,,,,40,55,26,,,N,,16255
2018131618FT32954,MONMOUTH,FREEHOLD TWP,11/23/2018,FR,1554,01,FREEHOLD TWP PD,,0,1,0,0,I,I,N,N,03,2,ROUTE 537,,537,,00000537__,51.07,05,,01,04,02,01,01,01,05,01,,AT,,TROTTERS LN / TROTTERS WAY,,,,40,30,26,,,N,,16260
2018131618FT32962,MONMOUTH,FREEHOLD TWP,11/23/2018,FR,1650,01,FREEHOLD TWP PD,,0,0,0,0,P,B,N,N,02,2,WINNERS CIRCLE,,,,,,09,,01,04,02,01,03,01,05,01,10,FE,S,RACEWAY MALL DRIVE,,,,25,25,26,,,N,,16261
2018131618FT32968,MONMOUTH,FREEHOLD TWP,11/23/2018,FR,1747,01,FREEHOLD TWP PD,,0,0,0,0,P,B,N,N,01,3,RACEWAY MALL DR,,,,,,09,,01,05,02,01,06,01,05,01,300,FE,E,WINNERS CIRCLE,,,,25,25,26,,,N,,16261
2018131618FT32970,MONMOUTH,FREEHOLD TWP,11/23/2018,FR,1749,01,FREEHOLD TWP PD,,0,0,0,0,P,B,N,N,01,2,WINNERS CIRCLE,,,,,,09,,01,04,02,01,06,01,05,01,1320,FE,N,TROTTERS WAY,,,,25,30,26,,,N,,16260
2018131618FT33041,MONMOUTH,FREEHOLD TWP,11/24/2018,SA,0314,01,FREEHOLD TWP PD,,0,0,0,0,P,B,N,N,12,1,US 9,N,9,,00000009__,111.33,02,,01,04,02,01,06,01,01,01,100,FE,S,ROUTE 524 / ELTON-ADELPHIA RD,,,,55,45,24,,,N,,16258
2018131618FT33067,MONMOUTH,FREEHOLD TWP,11/24/2018,SA,1247,01,FREEHOLD TWP PD,,0,0,0,0,P,B,N,N,02,2,RACEWAY MALL DR,,,,,,09,,01,04,02,01,01,01,05,01,500,FE,E,WINNERS CIRCLE,,,,25,25,26,,,N,,16269
2018131618FT33074,MONMOUTH,FREEHOLD TWP,11/24/2018,SA,1427,01,FREEHOLD TWP PD,,0,0,0,0,P,B,N,N,11,1,116 JACKSON MILLS RD,,,,,,08,,01,04,02,01,01,01,05,01,,,,MICHAEL J TIGHE PARK,,,,,,59,,,N,PART OF THE WHITE FENCE ON SOUTHEAST SIDE OF PARK IS COMPLETELY KNOCKED DOWN,16255
2018131618FT33088,MONMOUTH,FREEHOLD TWP,11/24/2018,SA,1610,01,FREEHOLD TWP PD,,0,1,0,0,I,B,N,N,11,1,PITTENGER POND RD,,,,13161009__,1.10,07,,03,04,02,01,03,01,05,01,500,FE,S,SCHREIBERS LN,,,,30,25,52,,,N,VERIZON UTILITY POLE# VZ3320,16250
2018131618FT33214,MONMOUTH,FREEHOLD TWP,11/25/2018,SU,1913,01,FREEHOLD TWP PD,,0,0,0,0,P,B,N,N,01,2,ROUTE 537,W,537,,00000537__,50.51,05,,01,04,02,01,06,01,05,01,75,FE,E,CASTRONOVA WAY / FREEHOLD MARKETPLA,,,,40,25,26,,,N,,263
2018131618FT33238,MONMOUTH,FREEHOLD TWP,11/26/2018,MO,0631,01,FREEHOLD TWP PD,,0,0,0,0,P,B,N,N,01,2,US 9,S,9,,00000009__,114.20,02,,03,04,02,01,02,01,01,01,,,,,T,ROUTE 33 BUSINESS,WB,50,,26,,,N,,16258
2018131618FT33271,MONMOUTH,FREEHOLD TWP,11/26/2018,MO,1213,01,FREEHOLD TWP PD,,0,0,0,0,P,B,N,N,01,2,US 9,S,9,,00000009__,115.54,02,,01,04,02,01,01,05,02,01,898,FE,N,SCHIBANOFF LN,,,,50,20,26,,,N,,16238
2018131618FT33284,MONMOUTH,FREEHOLD TWP,11/26/2018,MO,1425,01,FREEHOLD TWP PD,,0,0,0,0,P,B,N,N,01,2,US 9,S,9,,00000009__,116.27,02,,01,04,02,02,01,02,01,01,20,FE,N,CRAIG RD / EAST FREEHOLD RD,,,,50,40,26,,,N,,16238
2018131618FT33285,MONMOUTH,FREEHOLD TWP,11/26/2018,MO,1429,01,FREEHOLD TWP PD,,0,0,0,0,P,B,N,N,05,2,WEMROCK RD,,,,13161020__,.09,07,,01,04,02,02,01,02,05,01,500,FE,N,OAKLEY DR / GULLY RD,,,,35,35,26,,,N,,16262
2018131618FT33292,MONMOUTH,FREEHOLD TWP,11/26/2018,MO,1548,01,FREEHOLD TWP PD,,0,0,0,0,P,B,N,N,01,2,US 9,S,9,,00000009__,114.20,02,,01,04,02,02,01,02,05,01,25,FE,,,T,NJ 33 BUSINESS,WB,55,,26,,,N,,16262
2018131618FT33326,MONMOUTH,FREEHOLD TWP,11/27/2018,TU,0756,01,FREEHOLD TWP PD,,0,0,0,0,P,B,N,N,01,2,US 9,S,9,,00000009__,112.23,02,,01,04,02,01,01,01,03,01,50,FE,S,THREE BROOKS RD,,,,50,35,26,,,N,,16239
2018131618FT33362,MONMOUTH,FREEHOLD TWP,11/27/2018,TU,1240,01,FREEHOLD TWP PD,,0,0,0,0,P,B,N,N,07,2,NJ 33 BUSINESS,,33,B,00000033B_,4.85,02,,01,04,02,01,01,01,05,01,500,FE,W,CR 55 / HALLS MILL RD / KOZLOSKI RD,,,,50,50,26,,,N,,16239
2018131618FT33477,MONMOUTH,FREEHOLD TWP,11/28/2018,WE,1549,01,FREEHOLD TWP PD,,0,0,0,0,P,B,N,N,02,2,ROUTE 537,,537,,00000537__,51.08,05,,01,04,02,01,01,01,05,01,50,FE,E,TROTTERS LN / TROTTERS WAY,,,,40,30,26,,,N,,16189
2018131618FT33507,MONMOUTH,FREEHOLD TWP,11/28/2018,WE,2114,01,FREEHOLD TWP PD,,0,2,0,0,I,I,N,N,03,2,US 9,N,9,,00000009__,114.33,02,,01,04,02,01,06,01,01,01,,AT,,NJ 33 BUSINESS / PARK AVE,,,,50,35,26,,,N,,16263
2018131618FT33518,MONMOUTH,FREEHOLD TWP,11/29/2018,TH,0023,01,FREEHOLD TWP PD,,0,0,0,0,P,B,N,N,01,2,NJ 33,W,33,,00000033__,26.19,02,,01,05,02,01,05,01,03,,2112,FE,W,ROUTE 537 / FREEHOLD-MOUNT HOLLY RD,,,,55,40,26,,,N,,16256
2018131618FT33529,MONMOUTH,FREEHOLD TWP,11/29/2018,TH,0918,01,FREEHOLD TWP PD,,0,0,0,0,P,B,N,N,02,2,NJ 79,E,79,,00000079__,.06,02,,01,04,02,01,01,01,05,01,50,FE,S,WILLOWBROOK RD,,,,35,25,26,,,N,,269
2018131618FT33558,MONMOUTH,FREEHOLD TWP,11/29/2018,TH,1425,01,FREEHOLD TWP PD,,0,0,0,0,P,B,N,N,03,2,MONMOUTH COUNTY 55,,55,,13000055__,1.37,05,,01,04,02,01,01,01,02,01,1584,FE,S,BURLINGTON RD,,,,50,35,26,,,N,,16229
2018131618FT33559,MONMOUTH,FREEHOLD TWP,11/29/2018,TH,1452,01,FREEHOLD TWP PD,,1,0,1,0,F,B,N,N,13,1,ALMOND RD,,,,,,07,,01,04,02,01,01,01,05,01,150,FE,W,HAZEL DRIVE,,,,25,25,26,,,N,,16250
2018131618FT33562,MONMOUTH,FREEHOLD TWP,11/29/2018,TH,1532,01,FREEHOLD TWP PD,,0,0,0,0,P,B,N,N,02,2,SCHANCK RD,,,,13161329__,.07,07,,01,04,02,01,01,01,05,01,25,FE,E,STONEHURST AVE,,,,35,35,26,,,N,,269
2018131618FT33618,MONMOUTH,FREEHOLD TWP,11/30/2018,FR,0425,01,FREEHOLD TWP PD,,0,0,0,0,P,B,N,N,12,1,ROUTE 537,,537,,00000537__,49.36,05,,01,04,02,01,06,01,05,01,50,FE,E,SENTINEL RD,,,,50,25,24,,,N,,16258
2018131618FT33627,MONMOUTH,FREEHOLD TWP,11/30/2018,FR,0727,01,FREEHOLD TWP PD,,0,0,0,0,P,B,N,N,12,1,MONMOUTH COUNTY 55,,55,,13000055__,3.02,07,,01,04,02,01,01,01,05,01,50,FE,N,CR 46 / DUTCH LANE RD,,,,50,35,24,,,N,,16246
2018131618FT33645,MONMOUTH,FREEHOLD TWP,11/30/2018,FR,1255,01,FREEHOLD TWP PD,,0,0,0,0,P,B,N,N,02,2,US 9,S,9,,00000009__,115.39,02,,01,04,02,02,01,02,02,01,100,FE,N,SCHIBANOFF LN,,,,55,20,26,,,N,,16257
2018131618FT33657,MONMOUTH,FREEHOLD TWP,11/30/2018,FR,1540,01,FREEHOLD TWP PD,,0,0,0,0,P,B,N,N,01,2,US 9,S,9,,00000009__,112.25,02,,01,04,02,01,01,01,05,01,2640,FE,S,NJ 79 / SCHANCK RD / SOUTH ST,,,,50,35,26,,,N,,16260
2018131618FT33666,MONMOUTH,FREEHOLD TWP,11/30/2018,FR,1653,01,FREEHOLD TWP PD,,0,1,0,0,I,B,N,N,99,3,ROUTE 537,W,537,,00000537__,50.69,05,,01,04,02,01,03,01,04,01,200,FE,E,GIBSON RD,,,,40,25,26,,,N,,16266
2018131618FT33667,MONMOUTH,FREEHOLD TWP,11/30/2018,FR,1656,01,FREEHOLD TWP PD,,0,0,0,0,P,B,N,N,12,1,ROUTE 537,,537,,00000537__,45.31,05,,01,04,02,01,05,01,05,01,20,FE,W,CANDLELIGHT DR / MINERAL SPRINGS RD,,,,50,25,24,,,N,,16242
2018131618FT33668,MONMOUTH,FREEHOLD TWP,11/30/2018,FR,1658,01,FREEHOLD TWP PD,,0,2,0,0,I,B,N,N,01,2,ROUTE 537,,537,,00000537__,50.08,05,,01,04,02,01,06,01,05,01,100,FE,E,REDWOOD LN,,,,40,25,26,,,N,,16260
2018131618FT33674,MONMOUTH,FREEHOLD TWP,11/30/2018,FR,1811,01,FREEHOLD TWP PD,,0,1,0,0,I,B,N,N,01,2,NJ 79,S,79,,00000079__,.07,02,,03,04,02,01,06,01,05,01,10,FE,E,WILLOWBROOK RD,,,,35,25,26,,,Y,,16261
2018131618FT33681,MONMOUTH,FREEHOLD TWP,11/30/2018,FR,1901,01,FREEHOLD TWP PD,,0,0,0,0,P,I,N,N,12,1,US 9,S,9,,00000009__,111.35,02,,01,04,02,01,06,01,05,01,,AT,N,ROUTE 524 / ELTON-ADELPHIA RD,,,,50,45,24,,,N,,16260
2018131618FT33696,MONMOUTH,FREEHOLD TWP,12/01/2018,SA,0006,01,FREEHOLD TWP PD,,0,0,0,0,P,B,N,N,08,2,50 SCHANCK ROAD,,,,,,09,,01,04,02,01,06,01,05,01,,,,7 ELEVEN PARKING LOT,,,,,,26,,,N,,16244
2018131618FT33724,MONMOUTH,FREEHOLD TWP,12/01/2018,SA,1352,01,FREEHOLD TWP PD,,0,0,0,0,P,I,N,N,01,2,ROUTE 537,,537,,00000537__,50.82,05,,01,05,01,01,01,01,05,01,,AT,,NJ 33,,,,40,55,26,,,N,,16255
2018131618FT33728,MONMOUTH,FREEHOLD TWP,12/01/2018,SA,1603,01,FREEHOLD TWP PD,,0,0,0,0,P,B,N,N,01,2,ROUTE 537,E,537,,00000537__,50.71,05,,01,04,02,02,06,02,05,01,300,FE,E,GIBSON RD,,,,40,25,26,,,N,,16266
2018131618FT33743,MONMOUTH,FREEHOLD TWP,12/01/2018,SA,2234,01,FREEHOLD TWP PD,,0,1,0,0,I,B,N,N,01,2,US 9,S,9,,00000009__,112.22,02,,01,04,02,02,06,02,03,01,100,FE,S,THREE BROOKS RD,,,,55,25,26,,,N,,16266
2018131618FT33749,MONMOUTH,FREEHOLD TWP,12/02/2018,SU,0132,01,FREEHOLD TWP PD,,0,1,0,0,I,B,N,N,11,1,NJ 33 BUSINESS,,33,B,00000033B_,5.31,02,,01,04,02,02,06,02,05,01,65,FE,W,CROW HILL RD / SHORE POINT DR,,,,50,40,52,,,N,DAMAGE POLE# JC2259 AND GRASS DAMAGE TO SHORE POINT DIST.,16250
2018131618FT33750,MONMOUTH,FREEHOLD TWP,12/02/2018,SU,0137,01,FREEHOLD TWP PD,,0,0,0,0,P,B,N,N,11,1,MONMOUTH COUNTY 55,,55,,13000055__,.01,05,,01,04,02,02,07,02,05,01,50,FE,N,WILLOWBROOK RD,,,,50,45,56,,,N,,16258
2018131618FT33765,MONMOUTH,FREEHOLD TWP,12/02/2018,SU,1132,01,FREEHOLD TWP PD,,0,0,0,0,P,B,N,N,02,2,ROUTE 537,,537,,00000537__,51.07,05,,03,04,02,02,01,05,05,01,100,FE,,,T,TROTTERS WAY,,40,,26,,,N,,16262
2018131618FT33843,MONMOUTH,FREEHOLD TWP,12/03/2018,MO,1033,01,FREEHOLD TWP PD,,0,0,0,0,P,B,N,N,01,2,NJ 33 BUSINESS,,33,B,00000033B_,2.36,02,,01,04,02,01,01,01,02,01,50,FE,E,US 9,,,,45,55,26,,,N,,247
2018131618FT33856,MONMOUTH,FREEHOLD TWP,12/03/2018,MO,1142,01,FREEHOLD TWP PD,,0,0,0,0,P,I,N,N,01,3,ROUTE 537,,537,,00000537__,50.82,05,,01,05,01,01,01,01,05,01,,AT,,NJ 33,,,,40,55,26,,,N,,16255
2018131618FT33895,MONMOUTH,FREEHOLD TWP,12/03/2018,MO,2125,01,FREEHOLD TWP PD,,0,1,0,0,I,B,Y,N,11,1,COURT ST,,,,13151115__,2.11,07,,01,04,02,01,06,01,05,01,500,FE,S,E FREEHOLD RD,,,,40,35,56,,,N,TOWNSHIP FIRE HYDRANT  VERIZON UTILITY POLE # FL15HP,16250
2018131618FT33957,MONMOUTH,FREEHOLD TWP,12/04/2018,TU,1523,01,FREEHOLD TWP PD,,0,0,0,0,P,B,N,N,01,2,ROUTE 524,,524,,00000524__,20.16,05,,01,04,02,01,01,01,05,01,1320,FE,W,ROUTE 527 / SILOAM RD / WOODVILLE R,,,,50,50,26,,,N,,247
2018131618FT33974,MONMOUTH,FREEHOLD TWP,12/04/2018,TU,1826,01,FREEHOLD TWP PD,,0,0,0,0,P,B,N,N,12,1,NJ 33,E,33,,00000033__,26.55,02,,01,04,02,01,05,01,01,01,200,FE,W,ROUTE 537 / FREEHOLD-MOUNT HOLLY RD,,,,55,40,24,,,N,,16234
2018131618FT34025,MONMOUTH,FREEHOLD TWP,12/05/2018,WE,0926,01,FREEHOLD TWP PD,,0,0,0,0,P,B,N,N,01,2,US 9,N,9,,00000009__,111.85,02,,01,04,02,01,01,01,03,01,2640,FE,N,ROUTE 524 / ELTON-ADELPHIA RD,,,,50,45,26,,,N,,16265
2018131618FT34080,MONMOUTH,FREEHOLD TWP,12/05/2018,WE,1530,01,FREEHOLD TWP PD,,0,0,0,0,P,B,N,N,01,2,KINNEY RD,,,,13261176__,2.46,07,,01,04,02,01,01,01,05,01,35,FE,W,ROUTE 537 / W MAIN ST,,,,35,40,26,,,N,,16189
2018131618FT34136,MONMOUTH,FREEHOLD TWP,12/06/2018,TH,2149,01,FREEHOLD TWP PD,,0,0,0,0,P,B,N,N,12,1,ROUTE 522,,522,,00000522__,18.30,05,,01,04,02,01,01,01,05,01,50,FE,W,OLD MONMOUTH RD,,,,45,25,24,,,N,,16251
2018131618FT34139,MONMOUTH,FREEHOLD TWP,12/06/2018,TH,0757,01,FREEHOLD TWP PD,,0,0,0,0,P,B,N,N,03,2,US 9,S,9,,00000009__,113.26,02,,01,04,02,01,01,01,02,01,1848,FE,N,NJ 33,,,,50,55,26,,,N,,16220
2018131618FT34143,MONMOUTH,FREEHOLD TWP,12/06/2018,TH,0822,01,FREEHOLD TWP PD,,0,0,0,0,P,B,N,N,11,1,WELLESLEY WAY **,,,,13161369__,.41,07,,03,04,02,01,01,01,05,01,200,FE,N,ROUTE 524 / ELTON ADELPHIA DR,,,,25,50,61,,,N,THE BRICK MAILBOX BELONGING ALYSE MATTIOLI WHO LIVES AT 170 WELLESLY DRIVE,16265
2018131618FT34156,MONMOUTH,FREEHOLD TWP,12/06/2018,TH,1113,01,FREEHOLD TWP PD,,0,0,0,0,P,B,N,N,01,2,US 9,S,9,,00000009__,111.37,02,,01,04,02,01,01,01,03,01,100,FE,N,ROUTE 524 / ELTON-ADELPHIA RD,,,,50,35,26,,,N,,16220
2018131618FT34178,MONMOUTH,FREEHOLD TWP,12/06/2018,TH,1540,01,FREEHOLD TWP PD,,0,0,0,0,P,I,N,N,03,2,ASBURY AVE **,,,,13161129__,,07,,01,04,02,01,01,01,05,01,,AT,,BUSINESS PARK DR,,,,35,25,26,,,N,,16235
2018131618FT34196,MONMOUTH,FREEHOLD TWP,12/06/2018,TH,2032,01,FREEHOLD TWP PD,,1,0,1,0,F,B,N,N,13,1,ROUTE 537,,537,,00000537__,50.97,05,,01,04,02,01,07,01,05,01,528,FE,W,TROTTERS LN / TROTTERS WAY,,,,40,30,22,,,N,,16231
2018131618FT34202,MONMOUTH,FREEHOLD TWP,12/06/2018,TH,1945,01,FREEHOLD TWP PD,,0,0,0,0,P,I,N,N,01,2,ROUTE 537,,537,,00000537__,51.07,05,,01,04,02,01,06,01,05,05,,AT,E,TROTTERS LN / TROTTERS WAY,,,,40,35,26,,,N,,16266
2018131618FT34225,MONMOUTH,FREEHOLD TWP,12/07/2018,FR,0517,01,FREEHOLD TWP PD,,0,0,0,0,P,I,N,N,11,1,US 9,S,9,,00000009__,111.51,02,,01,04,02,01,06,01,03,01,,AT,,JACKSON MILL RD,,,,45,50,69,,,Y,NEW JERSEY NATURAL GAS CONCRETE PILLERS/NJDOT STREET SIGN,16251
2018131618FT34248,MONMOUTH,FREEHOLD TWP,12/07/2018,FR,1418,01,FREEHOLD TWP PD,,0,0,0,0,P,B,N,N,08,2,EVERGREEN CT,,,,,,09,,02,05,02,01,01,01,05,01,,,,,,,,25,,26,,,N,,247
2018131618FT34347,MONMOUTH,FREEHOLD TWP,12/08/2018,SA,1236,01,FREEHOLD BORO PD,,0,0,0,0,P,B,N,N,02,2,ROUTE 537,,537,,00000537__,51.07,05,,03,04,02,01,01,01,05,01,,,,,T,TROTTERS WAY,NB,40,,26,,,N,,16220
2018131618FT34348,MONMOUTH,FREEHOLD TWP,12/08/2018,SA,1243,01,FREEHOLD TWP PD,,0,0,0,0,P,B,N,N,03,2,COURT ST,,,,13151115__,2.13,07,,01,04,02,01,01,01,05,01,345,FE,S,E FREEHOLD RD,,,,40,35,26,,,N,,247
2018131618FT34362,MONMOUTH,FREEHOLD TWP,12/08/2018,SA,1543,01,FREEHOLD TWP PD,,0,0,0,0,P,B,N,N,01,2,ROUTE 537,,537,,00000537__,50.05,05,,03,04,02,01,01,01,02,01,75,FE,W,,F,VILLAGE CENTER DRIVE,SB,40,,26,,,N,,16260
2018131618FT34363,MONMOUTH,FREEHOLD TWP,12/08/2018,SA,1549,01,FREEHOLD TWP PD,,0,0,0,0,P,B,N,N,01,2,ROUTE 537,,537,,00000537__,50.05,05,,03,04,02,01,01,01,02,01,75,FE,,,F,VILLAGE CENTER DRIVE,SB,45,,26,,,N,,16260
2018131618FT34370,MONMOUTH,FREEHOLD TWP,12/08/2018,SA,1745,01,FREEHOLD TWP PD,,0,0,0,0,P,I,N,N,07,2,ROUTE 524,,524,,00000524__,24.59,05,,01,04,02,01,06,01,05,01,,AT,,OLD POST RD,,,,45,25,26,,,N,,16261
2018131618FT34450,MONMOUTH,FREEHOLD TWP,12/09/2018,SU,1814,01,FREEHOLD TWP PD,,0,0,0,0,P,B,N,N,02,2,US 9,N,9,,00000009__,114.40,02,,01,04,02,01,06,01,01,01,140,MI,S,KINGLSEY WAY,,,,50,25,26,,,N,,242
2018131618FT34504,MONMOUTH,FREEHOLD TWP,12/10/2018,MO,1056,01,FREEHOLD TWP PD,,0,0,0,0,P,B,N,N,04,2,COLONIAL PLAZA,,,,,,09,,01,04,02,01,01,01,05,01,,,,REAR ENTRANCE FROM CASTRONOVA W,,,,,,26,,,N,,247
2018131618FT34533,MONMOUTH,FREEHOLD TWP,12/10/2018,MO,1634,01,FREEHOLD TWP PD,,0,1,0,0,I,B,N,N,01,2,US 9,S,9,,00000009__,111.53,02,,01,04,02,01,01,01,05,01,100,FE,N,JACKSON MILL RD,,,,50,35,26,,,N,,259
2018131618FT34542,MONMOUTH,FREEHOLD TWP,12/10/2018,MO,1859,01,FREEHOLD TWP PD,,0,0,0,0,P,B,N,N,02,2,US 9,S,9,,00000009__,112.76,02,,01,04,02,01,06,01,02,01,50,FE,N,NJ 79 / SCHANCK RD / SOUTH ST,,,,50,35,26,,,N,,263
2018131618FT34594,MONMOUTH,FREEHOLD TWP,12/11/2018,TU,1744,01,FREEHOLD TWP PD,,0,0,0,0,P,B,N,N,02,2,ROUTE 537,,537,,00000537__,50.47,05,,01,04,02,01,06,01,05,01,150,FE,W,WALMART DRIVE,,,,40,25,26,,,N,,234
2018131618FT34600,MONMOUTH,FREEHOLD TWP,12/11/2018,TU,1826,01,FREEHOLD TWP PD,,0,0,0,0,P,B,N,N,01,2,ROUTE 537,E,537,,00000537__,51.05,05,,01,04,02,01,06,01,04,01,100,FE,W,TROTTERS LN / TROTTERS WAY,,,,40,35,26,,,N,,16263
2018131618FT34601,MONMOUTH,FREEHOLD TWP,12/11/2018,TU,1849,01,FREEHOLD TWP PD,,0,0,0,0,P,B,N,N,12,1,E FREEHOLD RD,,,,13161067__,2.07,07,,01,04,02,01,06,01,05,01,1320,FE,S,ROBERTSVILLE RD,,,,35,35,24,,,N,,16250
2018131618FT34604,MONMOUTH,FREEHOLD TWP,12/11/2018,TU,1930,01,FREEHOLD TWP PD,,0,0,0,0,P,I,N,N,03,2,ROUTE 522,,522,,00000522__,17.90,05,,01,04,02,01,06,01,05,01,,AT,,WEMROCK RD,,,,50,50,26,,,N,,226
2018131618FT34607,MONMOUTH,FREEHOLD TWP,12/11/2018,TU,2017,01,FREEHOLD TWP PD,,0,0,0,0,P,B,N,N,01,2,ROUTE 537,E,537,,00000537__,51.06,05,,01,04,02,01,06,01,04,01,75,FE,W,TROTTERS LN / TROTTERS WAY,,,,40,35,26,,,N,,16263