Year(4)-CountyCode(2)-MunicipalityCode(2)-CaseNumber(9),County Name,Municipality Name,Crash Date,Crash Day of Week,Crash Time,Police Department Code,Police Department,Police Station,Total Killed,Total Injured,Pedestrians Killed,Pedestrians Injured,Severity,Intersection,Alcohol Involved,Hazmat Involved,Crash Type,Total Vehicles,Location,Location Direction,Route,Route Suffix,Std Rte Identifier,MilePost,Road System,Road Character,Road Horizontal Alignment,Road Grade,Road Surface Type,Surface Condition,Light Condition,Environmental Condition,Road Divided By,Temporary Traffic Control Zone,Distance To Cross Street,Unit Of Measurement,Direction From Cross Street,Cross Street Name,Is Ramp,Ramp To/From Route Name,Ramp To/From Route Direction,Posted Speed,Posted Speed Cross Street,First Harmful Event,Latitude,Longitude,Cell Phone In Use Flag,Other Property Damage,Reporting Badge No.
2018131818-11881-AC,MONMOUTH,HOLMDEL TWP,06/11/2018,MO,2003,01,HOLMDEL PD,,0,0,0,0,P,B,N,N,08,2,SAGE ST,W,,,,,07,,01,04,02,01,03,01,05,01,100,FE,S,CROCUS DR,,,,25,25,26,,,N,,0099
2018131818-11894-AC,MONMOUTH,HOLMDEL TWP,06/11/2018,MO,2324,01,HOLMDEL PD,,0,0,0,0,P,B,N,N,11,1,MONMOUTH COUNTY 4 II,N,4,2,130000042_,4.74,05,,03,05,02,01,05,01,05,01,20,FE,N,LINE RD,,,,40,30,,,,N,,0099
2018131818-11935-AC,MONMOUTH,HOLMDEL TWP,06/12/2018,TU,1517,01,HOLMDEL PD,,0,0,0,0,P,B,N,N,03,2,NJ 35,S,35,,00000035__,40.72,02,,01,04,02,01,01,01,01,01,200,FE,N,CENTERVILLE RD,,,,50,30,26,,,N,,0091
2018131818-12005-AC,MONMOUTH,HOLMDEL TWP,06/13/2018,WE,1552,01,HOLMDEL PD,,0,0,0,0,P,B,N,N,12,1,CRAWFORDS CORNER RD,W,,,,,07,,01,04,02,01,01,01,05,01,50,FE,W,RED HILL RD,,,,45,40,24,,,N,,0093
2018131818-12017-AC,MONMOUTH,HOLMDEL TWP,06/13/2018,WE,1753,01,HOLMDEL PD,,0,0,0,0,P,B,N,N,02,2,MONMOUTH COUNTY 52,S,52,,13000052__,2.98,05,,01,06,02,01,01,01,04,,250,FE,S,GALLOPING HILL RD,,,,45,25,26,,,N,,0068
2018131818-12181-AC,MONMOUTH,HOLMDEL TWP,06/15/2018,FR,2311,01,HOLMDEL PD,,0,3,0,0,I,I,N,N,07,2,MONMOUTH COUNTY 4 II,S,4,2,130000042_,7.22,05,,01,04,02,01,07,01,05,,,AT,,BETHANY RD,,,,35,35,26,,,N,,0057
2018131818-12240-AC,MONMOUTH,HOLMDEL TWP,06/16/2018,SA,1737,01,HOLMDEL PD,,0,0,0,0,P,B,N,N,01,2,MONMOUTH COUNTY 52,E,52,,13000052__,5.23,05,,03,04,02,01,01,01,02,01,,,,,T,NJ 35,SB,45,,26,,,N,,0096
2018131818-12375-AC,MONMOUTH,HOLMDEL TWP,06/18/2018,MO,1404,01,HOLMDEL PD,,0,0,0,0,P,B,N,N,01,2,MONMOUTH COUNTY 52,S,52,,13000052__,2.71,05,,01,05,02,01,01,01,,01,500,FE,S,CR 12 / DWIGHT RD / RED HILL RD,,,,40,40,26,,,N,,0092
2018131818-12497-AC,MONMOUTH,HOLMDEL TWP,06/20/2018,WE,0619,01,HOLMDEL PD,,0,1,0,1,I,B,N,N,13,1,EMPRESS DR,N,,,,,07,,01,04,02,01,02,05,05,01,200,FE,N,APPLE GROVE DR,,,,25,25,22,,,N,,0087
2018131818-12579-AC,MONMOUTH,HOLMDEL TWP,06/21/2018,TH,1034,01,HOLMDEL PD,,0,1,0,0,I,B,N,N,01,3,NJ 34,S,34,,00000034__,17.42,02,,01,04,02,01,01,01,05,01,100,FE,N,ROUTE 520 / MAIN STREET / NEWMAN SP,,,,50,40,26,,,N,,0076
2018131818-12601-AC,MONMOUTH,HOLMDEL TWP,06/21/2018,TH,1501,01,HOLMDEL PD,,0,2,0,0,I,I,N,N,01,2,ROUTE 516,S,516,,00000516__,13.15,05,,01,04,02,01,01,01,05,01,,AT,S,LAUREL AVE / MIDDLE AVE,,,,35,35,26,,,N,,0087
2018131818-1265-AC,MONMOUTH,HOLMDEL TWP,01/19/2018,FR,1056,01,HOLMDEL PD,,0,0,0,0,P,B,N,N,11,1,MONMOUTH COUNTY 52,S,52,,13000052__,,05,,01,04,02,01,01,01,04,,624,FE,S,AVON DR,,,,45,25,42,,,N,RAILROAD BRIDGE UNCARRIAGE#45 - NJ TRANSIT - 1 PENN PLZ NEWARK NJ 07101,0098
2018131818-1275-AC,MONMOUTH,HOLMDEL TWP,01/19/2018,FR,1421,01,HOLMDEL PD,,0,0,0,0,P,B,N,N,01,2,NJ 35,S,35,,00000035__,,02,,01,04,02,01,01,01,,,600,FE,S,MILLER AVE,,,,50,25,26,,,N,,0092
2018131818-12860-AC,MONMOUTH,HOLMDEL TWP,06/25/2018,MO,1415,01,HOLMDEL PD,,0,0,0,0,P,B,N,N,01,2,NJ 35,S,35,,00000035__,39.90,02,,01,04,02,01,01,01,01,01,300,FE,N,ROUTE 516 / CR 52 / S LAUREL AVE,,,,50,45,26,,,N,,0091
2018131818-12946-AC,MONMOUTH,HOLMDEL TWP,06/26/2018,TU,1903,01,HOLMDEL PD,,0,0,0,0,P,B,Y,N,01,2,MONMOUTH COUNTY 52,N,52,,13000052__,,05,,01,04,02,01,01,01,05,,85,FE,S,COMMONS WAY,,,,45,25,26,,,N,,0099
2018131818-12988-AC,MONMOUTH,HOLMDEL TWP,06/27/2018,WE,1244,01,HOLMDEL PD,,0,0,0,0,P,B,N,N,01,2,MONMOUTH COUNTY 52,E,52,,13000052__,5.23,05,,01,04,02,01,01,01,05,,,,,,T,NJ 35,SB,45,,26,,,N,,0088
2018131818-13020-AC,MONMOUTH,HOLMDEL TWP,06/27/2018,WE,2057,01,HOLMDEL PD,,0,0,0,0,P,B,N,N,01,2,ROUTE 516,W,516,,00000516__,13.89,05,,01,04,02,01,06,01,05,,30,FE,E,NJ 35,,,,40,50,26,,,N,,0086
2018131818-13076-AC,MONMOUTH,HOLMDEL TWP,06/28/2018,TH,1314,01,HOLMDEL PD,,0,0,0,0,P,B,N,N,15,1,CRAWFORDS CORNER RD,E,,,,,07,,01,04,02,02,01,01,05,,25,FE,E,FALCONS RIDGE CIR,,,,45,25,39,,,N,,0088
2018131818-13117-AC,MONMOUTH,HOLMDEL TWP,06/28/2018,TH,2018,01,HOLMDEL PD,,0,1,0,0,I,B,N,N,01,3,NJ 35,N,35,,00000035__,41.08,02,,01,07,02,01,01,01,01,01,1000,FE,N,MULBERRY LN,,,,50,25,26,,,N,,0094
2018131818-13248-AC,MONMOUTH,HOLMDEL TWP,06/30/2018,SA,1622,01,HOLMDEL PD,,0,0,0,0,P,I,N,N,02,2,MONMOUTH COUNTY 52,W,52,,13000052__,2.56,05,,01,04,02,01,01,01,05,,,AT,,GARDEN STATE PARKWAY,,,,40,25,26,,,N,,0076
2018131818-13363-AC,MONMOUTH,HOLMDEL TWP,07/02/2018,MO,0903,01,HOLMDEL PD,,0,0,0,0,P,B,N,N,01,2,MONMOUTH COUNTY 52,S,52,,13000052__,,05,,01,04,02,01,01,01,05,,50,FE,S,COMMONS WAY,,,,45,15,26,,,N,,0093
2018131818-13386-AC,MONMOUTH,HOLMDEL TWP,07/02/2018,MO,1555,01,HOLMDEL PD,,0,0,0,0,P,I,N,N,01,2,ROUTE 520,W,520,,00000520__,10.46,05,,01,06,02,01,01,01,05,,,AT,,LADWOOD DR,,,,40,25,26,,,N,,0088
2018131818-13574-AC,MONMOUTH,HOLMDEL TWP,07/05/2018,TH,1025,01,HOLMDEL PD,,0,0,0,0,P,B,N,N,06,2,BRIARCLIFF LN,N,,,,,07,,01,04,02,01,01,01,05,,35,FE,N,BEVERLY DR,,,,25,25,26,,,N,,0095
2018131818-13673-AC,MONMOUTH,HOLMDEL TWP,07/06/2018,FR,1755,01,HOLMDEL PD,,0,0,0,0,P,B,N,N,02,2,NJ 35,N,35,,00000035__,39.83,02,,01,04,02,01,01,01,01,,50,FE,S,ROUTE 516 / CR 52 / S LAUREL AVE,,,,50,40,26,,,N,,0088
2018131818-13678-AC,MONMOUTH,HOLMDEL TWP,07/06/2018,FR,1907,01,HOLMDEL PD,,0,0,0,0,P,B,N,N,11,1,DEERCREST DR,S,,,,,07,,01,04,02,01,01,01,05,,800,FE,N,STILWELL DR,,,,25,25,46,,,N,GUIDE RAIL IN FRONT OF 13 DEECREST--HOLMDEL TOWNSHIP-4 CRAWFORDS CORNER RD HOLM?,0098
2018131818-13684-AC,MONMOUTH,HOLMDEL TWP,07/06/2018,FR,2034,01,HOLMDEL PD,,0,1,0,0,I,I,N,N,03,2,NJ 34,S,34,,00000034__,18.75,02,,01,04,02,01,06,01,05,,,AT,W,SCHANCK RD,,,,50,35,26,,,N,,0086
2018131818-13758-AC,MONMOUTH,HOLMDEL TWP,07/07/2018,SA,2320,01,HOLMDEL PD,,0,0,0,0,P,B,N,N,11,1,MIDDLE RD,W,,,13182107__,.09,07,,01,04,02,01,06,01,05,,500,FE,E,LAUREL AVE,,,,35,40,56,,,N,LAWN AND ROCK WALL IN LANDSCAPE - SALVATORE D AMMATURO - 300 MIDDLE RD HOLMDEL ?,0086
2018131818-13836-AC,MONMOUTH,HOLMDEL TWP,07/09/2018,MO,1010,01,HOLMDEL PD,,0,0,0,0,P,B,N,N,08,2,101 CRAWFORDS CORNER RD,W,,,,,09,,01,04,02,01,01,01,,,,,,,,,,30,,26,,,N,,0090
2018131818-13841-AC,MONMOUTH,HOLMDEL TWP,07/09/2018,MO,1217,01,HOLMDEL PD,,0,0,0,0,P,B,N,N,01,2,MONMOUTH COUNTY 52,S,52,,13000052__,4.28,05,,01,04,02,01,01,01,05,,55,FE,N,BEAURIDGE DR,,,,45,25,26,,,N,,0099
2018131818-13857-AC,MONMOUTH,HOLMDEL TWP,07/09/2018,MO,1532,01,HOLMDEL PD,,0,0,0,0,P,B,N,N,05,2,ROUTE 520,E,520,,00000520__,10.40,05,,01,04,02,01,01,01,05,,55,FE,E,RAMBLING BROOK DR,,,,40,25,26,,,N,,0095
2018131818-13875-AC,MONMOUTH,HOLMDEL TWP,07/09/2018,MO,2117,01,HOLMDEL PD,,0,3,0,0,I,I,N,N,03,2,ROUTE 516,S,516,,00000516__,13.15,05,,01,04,02,01,06,01,05,,,AT,,LAUREL AVE / MIDDLE AVE,,,,40,35,26,,,N,,0087
2018131818-13886-AC,MONMOUTH,HOLMDEL TWP,07/10/2018,TU,0454,01,HOLMDEL PD,,0,2,0,0,I,I,N,N,01,2,CRAWFORDS CORNER RD,E,,,,,07,,01,04,02,01,02,01,05,01,,AT,,GARDEN STATE PKWY ACCESS RD,,,,45,20,26,,,N,,0091
2018131818-13948-AC,MONMOUTH,HOLMDEL TWP,07/10/2018,TU,1559,01,HOLMDEL PD,,0,0,0,0,P,I,N,N,02,2,NJ 34,N,34,,00000034__,17.40,02,,01,04,02,01,01,01,05,,,AT,,ROUTE 520 / MAIN STREET / NEWMAN SP,,,,50,40,26,,,N,,0057
2018131818-13996-AC,MONMOUTH,HOLMDEL TWP,07/11/2018,WE,0932,01,HOLMDEL PD,,0,0,0,0,P,I,N,N,03,2,MONMOUTH COUNTY 4 II,E,4,2,130000042_,3.61,05,,01,04,02,01,01,01,05,,,AT,,ROBERTS RD,,,,40,40,26,,,N,,0085
2018131818-14032-AC,MONMOUTH,HOLMDEL TWP,07/11/2018,WE,1913,01,HOLMDEL PD,,0,0,0,0,P,B,N,N,02,2,MONMOUTH COUNTY 52,N,52,,13000052__,5.22,05,,01,04,02,01,01,01,05,,175,FE,S,NJ 35,,,,45,50,26,,,N,,0088
2018131818-14104-AC,MONMOUTH,HOLMDEL TWP,07/12/2018,TH,1703,01,HOLMDEL PD,,0,0,0,0,P,B,N,N,01,2,UNION AVE,S,,,13181306__,.01,07,,01,04,02,01,01,01,05,,50,FE,E,NJ 35,,,,40,50,26,,,N,,0094
2018131818-1416-AC,MONMOUTH,HOLMDEL TWP,01/21/2018,SU,1430,01,HOLMDEL PD,,0,0,0,0,P,B,N,N,12,1,S HOLLAND RD,S,,,,,07,,01,04,02,01,01,01,05,,200,FE,N,CRAWFORDS CORNER RD,,,,45,45,24,,,N,,0068
2018131818-14160-AC,MONMOUTH,HOLMDEL TWP,07/13/2018,FR,1105,01,HOLMDEL PD,,0,0,0,0,P,B,N,N,02,2,NJ 35,N,35,,00000035__,40.12,02,,01,04,02,01,01,01,01,,1500,FE,N,ROUTE 516 / CR 52 / S LAUREL AVE,,,,50,40,26,,,N,,0099
2018131818-1419-AC,MONMOUTH,HOLMDEL TWP,01/21/2018,SU,1504,01,HOLMDEL PD,,0,0,0,0,P,B,N,N,12,1,MIDDLETOWN RD,W,,,13181001__,.99,07,,01,04,02,01,01,01,05,,500,FE,W,STILWELL RD,,,,35,30,24,,,N,,0068
2018131818-14282-AC,MONMOUTH,HOLMDEL TWP,07/15/2018,SU,0202,01,HOLMDEL PD,,0,0,0,0,P,B,N,N,12,1,NJ 34,N,34,,00000034__,18.33,02,,01,04,02,01,05,05,05,,1267,FE,S,ROBERTS RD,,,,50,40,24,,,N,,0087
2018131818-14306-AC,MONMOUTH,HOLMDEL TWP,07/15/2018,SU,1150,01,HOLMDEL PD,,0,1,0,0,I,B,N,N,11,1,NJ 35,S,35,,00000035__,40.00,02,,01,04,02,02,01,05,01,,100,FE,N,COMMONS WAY,,,,50,25,,,,N,,0099
2018131818-14410-AC,MONMOUTH,HOLMDEL TWP,07/17/2018,TU,0803,01,HOLMDEL PD,,0,0,0,0,P,B,N,N,02,2,NJ 34,S,34,,00000034__,18.58,02,,01,04,02,01,01,01,,,50,FE,N,ROBERTS RD,,,,50,40,26,,,N,,0086
2018131818-14421-AC,MONMOUTH,HOLMDEL TWP,07/17/2018,TU,0955,01,HOLMDEL PD,,0,0,0,0,P,B,N,N,01,2,CENTERVILLE RD,E,,,,,07,,01,04,02,01,01,01,05,,100,FE,S,NJ 35,,,,30,50,26,,,N,,0098
2018131818-14488-AC,MONMOUTH,HOLMDEL TWP,07/18/2018,WE,0745,01,HOLMDEL PD,,0,1,0,0,I,I,N,N,07,2,CRAWFORDS CORNER RD,W,,,,,07,,01,04,02,01,01,01,05,,,AT,W,SOUTH PARK CT,,,,40,25,26,,,N,TELEPHONE POLE #BT334 HLM-VERIZON - 1 VERIZON WAY BASKING RIDGE NJ 07920,0095
2018131818-14520-AC,MONMOUTH,HOLMDEL TWP,07/18/2018,WE,1556,01,HOLMDEL PD,,0,0,0,0,P,B,N,N,12,1,MONMOUTH COUNTY 52,N,52,,13000052__,1.67,05,,01,05,02,01,01,01,05,,50,FE,N,COUNTRY LN,,,,40,25,24,,,N,,0087
2018131818-14530-AC,MONMOUTH,HOLMDEL TWP,07/18/2018,WE,1944,01,HOLMDEL PD,,0,0,0,0,P,B,Y,N,01,3,MIDDLE RD,S,,,13182107__,.55,07,,01,06,02,01,01,01,05,,50,FE,N,CR 7,,,,35,40,26,,,N,,
2018131818-14579-AC,MONMOUTH,HOLMDEL TWP,07/19/2018,TH,1235,01,HOLMDEL PD,,0,0,0,0,P,B,Y,N,01,2,NJ 35,N,35,,00000035__,39.86,02,,01,04,02,01,01,01,01,,125,FE,E,ROUTE 516 / CR 52 / S LAUREL AVE,,,,50,40,26,,,N,,0095
2018131818-14587-AC,MONMOUTH,HOLMDEL TWP,07/19/2018,TH,1508,01,HOLMDEL PD,,0,0,0,0,P,B,N,N,01,2,NJ 35,S,35,,00000035__,39.84,02,,01,04,02,01,01,01,01,,575,FE,,,F,CR 52,NB,50,,26,,,N,,0099
2018131818-14614-AC,MONMOUTH,HOLMDEL TWP,07/19/2018,TH,2247,01,HOLMDEL PD,,0,0,0,0,P,B,N,N,06,2,SAGE ST,E,,,,,07,,01,04,02,01,07,01,05,,75,FE,W,CROCUS DR,,,,25,25,28,,,N,,0091
2018131818-14645-AC,MONMOUTH,HOLMDEL TWP,07/20/2018,FR,1034,01,HOLMDEL PD,,0,0,0,0,P,B,N,N,01,2,MONMOUTH COUNTY 4 II,S,4,2,130000042_,5.39,05,,01,05,02,01,01,01,05,,50,FE,N,CRAWFORDS CORNER RD,,,,45,45,26,,,N,,0094
2018131818-14655-AC,MONMOUTH,HOLMDEL TWP,07/20/2018,FR,1338,01,HOLMDEL PD,,0,0,0,0,P,B,N,N,01,2,UNION AVE,S,,,13181306__,.02,07,,01,04,02,01,01,01,05,,100,FE,N,NJ 35,,,,40,50,26,,,N,,0098
2018131818-14656-AC,MONMOUTH,HOLMDEL TWP,07/20/2018,FR,1343,01,HOLMDEL PD,,0,0,0,0,P,B,N,N,02,2,LAUREL AVE,S,,,13181305__,.01,07,,01,04,02,01,01,01,05,,75,FE,N,MIDDLE RD,,,,35,35,26,,,N,,0085
2018131818-14835-AC,MONMOUTH,HOLMDEL TWP,07/23/2018,MO,0903,01,HOLMDEL PD,,0,0,0,0,P,B,N,N,12,1,MONMOUTH COUNTY 4 II,S,4,2,130000042_,5.75,05,,01,05,02,02,01,05,04,,25,FE,N,LONGVIEW DR,,,,40,25,24,,,N,,0081
2018131818-14836-AC,MONMOUTH,HOLMDEL TWP,07/23/2018,MO,0905,01,HOLMDEL PD,,0,0,0,0,P,B,N,N,01,2,ROUTE 520,W,520,,00000520__,9.58,05,,01,04,02,02,01,05,05,,250,FE,E,NJ 34,,,,40,50,26,,,N,,0057
2018131818-14877-AC,MONMOUTH,HOLMDEL TWP,07/23/2018,MO,2109,01,HOLMDEL PD,,0,0,0,0,P,B,N,N,12,1,MONMOUTH COUNTY 4 II,N,4,2,130000042_,1.93,05,,01,08,02,01,01,01,05,,600,FE,N,SADDLE RIDGE RD,,,,40,25,24,,,N,,0076
2018131818-14943-AC,MONMOUTH,HOLMDEL TWP,07/24/2018,TU,1910,01,HOLMDEL PD,,0,0,0,0,P,B,N,N,02,2,NJ 35,S,35,,00000035__,40.71,02,,01,04,02,01,01,05,01,,150,FE,N,CENTERVILLE RD,,,,50,30,26,,,N,,0087
2018131818-15081-AC,MONMOUTH,HOLMDEL TWP,07/26/2018,TH,1620,01,HOLMDEL PD,,0,1,0,0,I,B,Y,N,11,1,MONMOUTH COUNTY 4 II,N,4,2,130000042_,2.15,05,,02,04,02,01,01,01,05,,1200,FE,S,ROUTE 520 / W MAIN ST,,,,40,40,,,,N,,0086
2018131818-15087-AC,MONMOUTH,HOLMDEL TWP,07/26/2018,TH,1715,01,HOLMDEL PD,,0,0,0,0,P,B,N,N,02,2,NJ 35,N,35,,00000035__,40.73,02,,01,04,02,01,01,01,01,,100,FE,S,TAKOLUSA DR / UNION AVE,,,,50,40,26,,,N,,0093
2018131818-15089-AC,MONMOUTH,HOLMDEL TWP,07/26/2018,TH,1801,01,HOLMDEL PD,,0,1,0,0,I,B,N,N,01,3,CRAWFORDS CORNER RD,W,,,,,07,,01,04,02,01,01,01,05,,60,FE,E,CR 4,,,,45,40,26,,,N,,
2018131818-1515-AC,MONMOUTH,HOLMDEL TWP,01/22/2018,MO,2026,01,HOLMDEL PD,,0,0,0,0,P,B,N,N,08,2,11 CENTERVILLE RD,N,,,,,09,,01,04,02,01,06,01,05,01,,,,,,,,5,,28,,,N,,0055
2018131818-15296-AC,MONMOUTH,HOLMDEL TWP,07/29/2018,SU,1042,01,HOLMDEL PD,,0,0,0,0,P,B,N,N,01,2,NJ 35,N,35,,00000035__,39.84,02,,03,04,02,01,01,01,05,,575,FE,,,F,CR 52,NB,50,,26,,,N,,0085
2018131818-15306-AC,MONMOUTH,HOLMDEL TWP,07/29/2018,SU,1357,01,HOLMDEL PD,,0,0,0,0,P,B,N,N,03,2,CENTERVILLE RD,N,,,,,07,,01,04,02,01,01,01,05,,100,FE,S,NJ 35,,,,30,50,26,,,N,,0098
2018131818-15445-AC,MONMOUTH,HOLMDEL TWP,07/31/2018,TU,1520,01,HOLMDEL PD,,0,0,0,0,P,B,N,N,02,2,MONMOUTH COUNTY 52,S,52,,13000052__,4.03,05,,01,04,02,01,01,01,04,,500,FE,N,TAKOLUSA RD,,,,45,25,26,,,N,,0094
2018131818-15479-AC,MONMOUTH,HOLMDEL TWP,08/01/2018,WE,0003,01,HOLMDEL PD,,0,0,0,0,P,I,N,N,07,2,MONMOUTH COUNTY 4 II,W,4,2,130000042_,7.22,05,,01,07,02,01,06,01,05,,,AT,,BETHANY RD,,,,35,35,26,,,N,,0088
2018131818-1548-AC,MONMOUTH,HOLMDEL TWP,01/23/2018,TU,1209,01,HOLMDEL PD,,0,1,0,0,I,I,N,N,01,2,NJ 35,N,35,,00000035__,39.84,02,,01,04,02,02,01,02,03,01,,AT,,ROUTE 516 / CR 52 / S LAUREL AVE,,,,50,40,26,,,N,,0096
2018131818-15629-AC,MONMOUTH,HOLMDEL TWP,08/03/2018,FR,0730,01,HOLMDEL PD,,0,0,0,0,P,I,N,N,03,2,ROUTE 516,W,516,,00000516__,13.74,05,,01,04,02,01,01,01,05,,,AT,,BANYAN BLVD,,,,40,25,26,,,N,,0086
2018131818-15645-AC,MONMOUTH,HOLMDEL TWP,08/03/2018,FR,1124,01,HOLMDEL PD,,0,0,0,0,P,B,N,N,02,2,ROUTE 516,W,516,,00000516__,13.73,05,,01,04,02,01,01,01,05,,50,FE,W,BANYAN BLVD,,,,40,25,26,,,N,,0086
2018131818-15659-AC,MONMOUTH,HOLMDEL TWP,08/03/2018,FR,1452,01,HOLMDEL PD,,0,0,0,0,P,B,N,N,01,2,LAUREL AVE,S,,,13181305__,.02,07,,01,04,02,02,01,05,05,,100,FE,N,ROUTE 516,,,,35,35,26,,,N,,0094
2018131818-1569-AC,MONMOUTH,HOLMDEL TWP,01/23/2018,TU,1515,01,HOLMDEL PD,,0,1,0,0,I,B,N,N,01,2,ROUTE 520,W,520,,00000520__,9.57,05,,01,04,02,02,01,05,,,200,FE,E,NJ 34,,,,40,50,26,,,N,,0090
2018131818-1571-AC,MONMOUTH,HOLMDEL TWP,01/23/2018,TU,1544,01,HOLMDEL PD,,0,0,0,0,P,B,N,N,01,2,NJ 35,S,35,,00000035__,39.81,02,,01,04,02,01,01,01,01,,150,FE,S,ROUTE 516 / CR 52 / S LAUREL AVE,,,,50,40,26,,,N,,0084
2018131818-15723-AC,MONMOUTH,HOLMDEL TWP,08/04/2018,SA,1956,01,HOLMDEL PD,,0,0,0,0,P,B,N,N,01,2,MONMOUTH COUNTY 52,N,52,,13000052__,5.24,05,,01,04,02,01,01,01,05,,68,FE,S,NJ 35,,,,45,50,26,,,N,,0092
2018131818-15783-AC,MONMOUTH,HOLMDEL TWP,08/05/2018,SU,1610,01,HOLMDEL PD,,0,0,0,0,P,I,N,N,01,2,CRAWFORDS CORNER RD,W,,,,,07,,01,04,02,01,01,01,05,,,AT,,CR 4,,,,45,45,26,,,N,,0099
2018131818-15831-AC,MONMOUTH,HOLMDEL TWP,08/06/2018,MO,1305,01,HOLMDEL PD,,0,1,0,0,I,B,N,N,02,2,MONMOUTH COUNTY 7 I,S,7,1,130000071_,.39,05,,01,04,02,01,01,01,05,,50,FE,N,TANNERS LANDING WAY,,,,40,15,26,,,N,BUSHES AND FLOWERS - RCP MANAGEMENT - TANNERS LANDING WAY HOLMDEL NJ 07733,0091
2018131818-15865-AC,MONMOUTH,HOLMDEL TWP,08/06/2018,MO,1857,01,HOLMDEL PD,,0,0,0,0,P,B,N,N,02,2,N BEERS ST,E,,,,,07,,01,04,02,01,01,01,05,,55,FE,W,CR 4,,,,35,40,26,,,N,,0090
2018131818-15916-AC,MONMOUTH,HOLMDEL TWP,08/07/2018,TU,1050,01,HOLMDEL PD,,0,0,0,0,P,I,N,N,01,2,ROUTE 520,W,520,,00000520__,10.69,05,,03,05,02,01,01,01,05,01,,AT,,MIDDLETOWN RD / OLD MILL RD,,,,40,35,26,,,N,,0087
2018131818-15969-AC,MONMOUTH,HOLMDEL TWP,08/07/2018,TU,2234,01,HOLMDEL PD,,0,0,0,0,P,B,N,N,02,2,NJ 35,N,35,,00000035__,40.24,02,,02,04,02,06,07,02,01,01,2096,FE,N,ROUTE 516 / CR 52 / S LAUREL AVE,,,,50,40,26,,,N,,0084
2018131818-16054-AC,MONMOUTH,HOLMDEL TWP,08/09/2018,TH,0952,01,HOLMDEL PD,,0,0,0,0,P,B,N,N,01,2,MONMOUTH COUNTY 4 II,,4,2,130000042_,2.38,05,,01,04,02,01,01,01,05,01,20,FE,S,ROUTE 520 / W MAIN ST,,,,45,40,26,,,N,,0092
2018131818-16150-AC,MONMOUTH,HOLMDEL TWP,08/10/2018,FR,1452,01,HOLMDEL PD,,0,0,0,0,P,I,N,N,03,2,HOLLAND RD,N,,,13312108__,2.13,07,,01,04,02,01,01,01,05,01,,AT,,TAKOLUSA DR,,,,35,25,26,,,N,,0076
2018131818-16298-AC,MONMOUTH,HOLMDEL TWP,08/13/2018,MO,0834,01,HOLMDEL PD,,0,0,0,0,P,B,N,N,01,2,NJ 35,W,35,,00000035__,40.75,02,,01,04,02,02,01,02,05,,20,FE,E,TAKOLUSA DR / UNION AVE,,,,50,40,26,,,N,,0092
2018131818-16299-AC,MONMOUTH,HOLMDEL TWP,08/13/2018,MO,0902,01,HOLMDEL PD,,0,0,0,0,P,B,N,N,01,2,MONMOUTH COUNTY 52,S,52,,13000052__,4.01,05,,01,04,02,02,01,02,05,,25,FE,N,CONTINENTAL BLVD / SATINWOOD DR,,,,45,25,26,,,N,,0088
2018131818-16325-AC,MONMOUTH,HOLMDEL TWP,08/13/2018,MO,1748,01,HOLMDEL PD,,0,0,0,0,P,I,N,N,07,2,MONMOUTH COUNTY 52,N,52,,13000052__,1.98,05,,01,04,02,02,01,01,05,01,,AT,,CRAWFORDS CORNER EVERETT / MIDDLETO,,,,40,45,26,,,N,,0093
2018131818-16379-AC,MONMOUTH,HOLMDEL TWP,08/14/2018,TU,1210,01,HOLMDEL PD,,0,2,0,0,I,I,N,N,04,2,ROUTE 516,S,516,,00000516__,13.74,05,,01,04,02,01,01,01,05,,,AT,,BANYAN BLVD,,,,40,15,26,,,N,,0093
2018131818-16442-AC,MONMOUTH,HOLMDEL TWP,08/15/2018,WE,0845,01,HOLMDEL PD,,0,1,0,0,I,B,N,N,01,2,ROBERTS RD,E,,,13181066__,.41,07,,03,04,02,01,01,01,05,,30,FE,W,,T,CR 4,SB,40,,26,,,N,,0091
2018131818-16468-AC,MONMOUTH,HOLMDEL TWP,08/15/2018,WE,1706,01,HOLMDEL PD,,0,0,0,0,P,B,N,N,01,2,BETHANY RD,E,,,,,07,,01,04,02,01,01,01,05,,50,FE,W,CHESTNUT RIDGE RD,,,,35,25,26,,,N,,0095
2018131818-16517-AC,MONMOUTH,HOLMDEL TWP,08/16/2018,TH,1048,01,HOLMDEL PD,,0,0,0,0,P,B,N,N,01,2,MONMOUTH COUNTY 4 II,N,4,2,130000042_,7.21,05,,01,04,02,01,01,01,05,,75,FE,S,BETHANY RD,,,,35,35,26,,,N,,0091
2018131818-16530-AC,MONMOUTH,HOLMDEL TWP,08/16/2018,TH,1320,01,HOLMDEL PD,,0,0,0,0,P,B,N,N,01,2,NJ 35,S,35,,00000035__,39.82,02,,03,06,02,01,01,01,03,,575,FE,,,F,CR 52,SB,50,,26,,,N,,0087
2018131818-16681-AC,MONMOUTH,HOLMDEL TWP,08/18/2018,SA,1024,01,HOLMDEL PD,,0,2,0,0,I,B,N,N,09,2,MONMOUTH COUNTY 52,N,52,,13000052__,5.07,05,,01,04,02,01,01,01,05,,55,FE,N,COMMONS WAY,,,,45,15,26,,,N,,0092
2018131818-16767-AC,MONMOUTH,HOLMDEL TWP,08/19/2018,SU,1033,01,HOLMDEL PD,,0,0,0,0,P,B,N,N,01,2,CENTERVILLE RD,S,,,,,07,,01,04,02,02,01,02,05,,45,FE,N,TAKOLUSA DR,,,,30,25,26,,,N,,0099
2018131818-1683-AC,MONMOUTH,HOLMDEL TWP,01/25/2018,TH,0621,01,HOLMDEL PD,,0,0,0,0,P,B,N,N,12,1,MONMOUTH COUNTY 4 II,N,4,2,130000042_,5.76,05,,01,05,02,01,06,01,05,,50,FE,N,LONGVIEW DR,,,,40,25,24,,,N,,0098
2018131818-16865-AC,MONMOUTH,HOLMDEL TWP,08/20/2018,MO,1726,01,HOLMDEL PD,,0,1,0,0,I,B,N,N,01,3,ROUTE 516,S,516,,00000516__,13.05,05,,01,04,02,01,01,01,04,01,50,FE,S,LEXINGTON CT,,,,35,15,26,,,N,,
2018131818-16947-AC,MONMOUTH,HOLMDEL TWP,08/21/2018,TU,1753,01,HOLMDEL PD,,0,1,0,0,I,B,N,N,01,2,ROUTE 520,W,520,,00000520__,9.68,05,,01,05,02,01,01,01,05,,800,FE,E,NJ 34,,,,40,50,26,,,N,,0084