Year(4)-CountyCode(2)-MunicipalityCode(2)-CaseNumber(9),County Name,Municipality Name,Crash Date,Crash Day of Week,Crash Time,Police Department Code,Police Department,Police Station,Total Killed,Total Injured,Pedestrians Killed,Pedestrians Injured,Severity,Intersection,Alcohol Involved,Hazmat Involved,Crash Type,Total Vehicles,Location,Location Direction,Route,Route Suffix,Std Rte Identifier,MilePost,Road System,Road Character,Road Horizontal Alignment,Road Grade,Road Surface Type,Surface Condition,Light Condition,Environmental Condition,Road Divided By,Temporary Traffic Control Zone,Distance To Cross Street,Unit Of Measurement,Direction From Cross Street,Cross Street Name,Is Ramp,Ramp To/From Route Name,Ramp To/From Route Direction,Posted Speed,Posted Speed Cross Street,First Harmful Event,Latitude,Longitude,Cell Phone In Use Flag,Other Property Damage,Reporting Badge No.
2018131818-1699-AC,MONMOUTH,HOLMDEL TWP,01/25/2018,TH,1002,01,HOLMDEL PD,,0,0,0,0,P,B,N,N,03,2,UNION AVE,W,,,13181306__,.09,07,,01,04,02,01,01,01,05,01,500,FE,W,HAWTHORNE AVE,,,,35,25,26,,,N,,0094
2018131818-16998-AC,MONMOUTH,HOLMDEL TWP,08/22/2018,WE,1150,01,HOLMDEL PD,,0,1,0,0,I,B,N,N,01,2,BETHANY RD,E,,,,,07,,01,04,02,01,01,01,05,,600,FE,W,CR 4,,,,35,35,26,,,N,,0093
2018131818-17133-AC,MONMOUTH,HOLMDEL TWP,08/24/2018,FR,0051,01,HOLMDEL PD,,0,0,0,0,P,B,N,N,12,1,NJ 34,N,34,,00000034__,19.62,02,,01,04,02,01,05,01,05,,100,FE,S,DEER PATH RD,,,,50,25,24,,,N,,0085
2018131818-17167-AC,MONMOUTH,HOLMDEL TWP,08/24/2018,FR,1110,01,HOLMDEL PD,,0,0,0,0,P,B,N,N,01,2,MONMOUTH COUNTY 52,S,52,,13000052__,.52,05,,01,04,02,01,01,01,05,,850,FE,S,DEBELE LN / MCCAMPBELL RD,,,,40,35,26,,,N,,0076
2018131818-17215-AC,MONMOUTH,HOLMDEL TWP,08/24/2018,FR,2126,01,HOLMDEL PD,,0,0,0,0,P,B,N,N,02,2,NJ 35,S,35,,00000035__,40.77,02,,01,04,02,01,06,01,01,,500,FE,N,CENTERVILLE RD,,,,50,30,26,,,N,,0090
2018131818-17271-AC,MONMOUTH,HOLMDEL TWP,08/25/2018,SA,1446,01,HOLMDEL PD,,0,0,0,0,P,B,N,N,01,2,MIDDLE RD,S,,,13182107__,.46,07,,01,04,02,01,01,01,05,,500,FE,S,CR 7 I / PALMER AVE,,,,35,40,26,,,N,,0076
2018131818-17772-AC,MONMOUTH,HOLMDEL TWP,09/01/2018,SA,1519,01,HOLMDEL PD,,0,0,0,0,P,B,N,N,01,2,NJ 35,S,35,,00000035__,40.00,02,,01,04,02,01,01,01,01,,820,FE,N,ROUTE 516 / CR 52 / S LAUREL AVE,,,,50,45,26,,,N,,0091
2018131818-17784-AC,MONMOUTH,HOLMDEL TWP,09/01/2018,SA,2053,01,HOLMDEL PD,,0,0,0,0,P,I,N,N,99,2,ROUTE 520,E,520,,00000520__,9.53,05,,01,04,02,01,06,01,05,,,AT,,NJ 34,,,,45,50,09,,,N,,0099
2018131818-17816-AC,MONMOUTH,HOLMDEL TWP,09/02/2018,SU,1632,01,HOLMDEL PD,,0,0,0,0,P,I,N,N,07,2,MONMOUTH COUNTY 52,N,52,,13000052__,3.77,05,,01,04,02,01,01,01,05,,,AT,,HOLLAND RD,,,,45,35,26,,,N,,0093
2018131818-17883-AC,MONMOUTH,HOLMDEL TWP,09/03/2018,MO,1558,01,HOLMDEL PD,,0,0,0,0,P,B,N,N,02,2,NJ 35,S,35,,00000035__,39.75,02,,01,04,02,01,01,01,01,,500,FE,S,ROUTE 516 / CR 52 / S LAUREL AVE,,,,50,45,26,,,N,,0076
2018131818-18002-AC,MONMOUTH,HOLMDEL TWP,09/05/2018,WE,0854,01,HOLMDEL PD,,0,0,0,0,P,B,N,N,01,2,MONMOUTH COUNTY 52,S,52,,13000052__,3.23,05,,01,06,02,01,01,01,04,,100,FE,N,FOX HUNT RD,,,,45,25,26,,,N,,0094
2018131818-18008-AC,MONMOUTH,HOLMDEL TWP,09/05/2018,WE,0944,01,HOLMDEL PD,,0,0,0,0,P,B,N,N,01,2,ROUTE 520,E,520,,00000520__,9.52,05,,01,04,02,01,01,01,05,,75,FE,W,NJ 34,,,,45,50,26,,,N,,0099
2018131818-18055-AC,MONMOUTH,HOLMDEL TWP,09/05/2018,WE,1714,01,HOLMDEL PD,,0,1,0,0,I,B,N,N,07,2,MONMOUTH COUNTY 4 II,N,4,2,130000042_,2.64,05,,01,04,02,01,01,01,05,01,280,FE,N,SPRING VALLEY DR,,,,40,25,26,,,N,,0093
2018131818-18059-AC,MONMOUTH,HOLMDEL TWP,09/05/2018,WE,1753,01,HOLMDEL PD,,0,0,0,0,P,B,N,N,01,2,ROUTE 520,E,520,,00000520__,11.34,05,,01,04,02,01,01,01,05,,50,FE,W,SUNAPEE LN,,,,45,25,26,,,N,,0093
2018131818-18130-AC,MONMOUTH,HOLMDEL TWP,09/06/2018,TH,1608,01,HOLMDEL PD,,0,0,0,0,P,B,N,N,02,2,NJ 35,S,35,,00000035__,39.76,02,,01,05,02,01,01,01,05,,400,FE,W,ROUTE 516 / CR 52 / S LAUREL AVE,,,,50,45,26,,,N,,0085
2018131818-18172-AC,MONMOUTH,HOLMDEL TWP,09/07/2018,FR,0851,01,HOLMDEL PD,,0,1,0,0,I,I,N,N,01,2,NJ 34,S,34,,00000034__,19.64,02,,01,04,02,01,01,05,05,,,AT,,DEER PATH RD,,,,50,25,26,,,N,,0079
2018131818-18194-AC,MONMOUTH,HOLMDEL TWP,09/07/2018,FR,1217,01,HOLMDEL PD,,0,1,0,0,I,I,N,N,03,2,MONMOUTH COUNTY 52,W,52,,13000052__,4.01,05,,01,04,02,01,01,01,05,,,AT,,BEAURIDGE DR,,,,45,15,26,,,N,,0057
2018131818-18214-AC,MONMOUTH,HOLMDEL TWP,09/07/2018,FR,1733,01,HOLMDEL PD,,0,0,0,0,P,B,N,N,01,2,MONMOUTH COUNTY 4 II,S,4,2,130000042_,3.90,05,,01,04,02,01,03,01,05,,50,FE,N,ARBOR LN,,,,40,25,26,,,N,,0098
2018131818-18295-AC,MONMOUTH,HOLMDEL TWP,09/08/2018,SA,1830,01,HOLMDEL PD,,0,1,0,0,I,I,N,N,14,1,NJ 35,S,35,,00000035__,40.68,02,,01,04,02,01,01,05,01,01,,AT,,CENTERVILLE RD,,,,50,30,21,,,N,,0076
2018131818-18343-AC,MONMOUTH,HOLMDEL TWP,09/09/2018,SU,1623,01,HOLMDEL PD,,0,1,0,0,I,B,N,N,01,2,CRAWFORDS CORNER RD,W,,,,,07,,01,06,02,02,01,02,,,50,FE,E,CR 4,,,,45,40,26,,,N,,0090
2018131818-18374-AC,MONMOUTH,HOLMDEL TWP,09/10/2018,MO,0814,01,HOLMDEL PD,,0,1,0,0,I,B,N,N,11,1,MONMOUTH COUNTY 7 I,W,7,1,130000071_,.38,05,,01,04,02,02,01,02,05,,20,FE,W,TANNERS LANDING WAY,,,,40,25,56,,,N,CURB-MONMOUTH COUNTY-250 CENTER ST FREEHOLD NJ 07728,0086
2018131818-18376-AC,MONMOUTH,HOLMDEL TWP,09/10/2018,MO,0852,01,HOLMDEL PD,,0,1,0,0,I,B,N,N,10,1,TELEGRAPH HILL RD,N,,,,,07,,02,05,02,02,01,02,05,,500,FE,S,OVERLOOK DR,,,,35,25,56,,,N,,0079
2018131818-18391-AC,MONMOUTH,HOLMDEL TWP,09/10/2018,MO,1349,01,HOLMDEL PD,,0,0,0,0,P,B,N,N,01,2,NJ 35,S,35,,00000035__,39.59,02,,01,04,02,02,01,02,01,01,75,FE,N,CR 7 / PALMER AVE,,,,50,40,26,,,N,,0094
2018131818-18402-AC,MONMOUTH,HOLMDEL TWP,09/10/2018,MO,1612,01,HOLMDEL PD,,0,0,0,0,P,B,N,N,15,1,SCHANCK RD **,W,,,13181099__,.64,07,,02,06,02,02,01,05,05,,250,FE,W,TIBERON DR,,,,35,25,39,,,N,,0072
2018131818-18410-AC,MONMOUTH,HOLMDEL TWP,09/10/2018,MO,1857,01,HOLMDEL PD,,0,0,0,0,P,B,N,N,11,1,ROUTE 520,W,520,,00000520__,9.53,05,,01,04,02,02,03,02,05,,25,FE,E,NJ 34,,,,40,50,60,,,N,,0088
2018131818-18503-AC,MONMOUTH,HOLMDEL TWP,09/12/2018,WE,0041,01,HOLMDEL PD,,0,1,0,0,I,I,N,N,11,1,MONMOUTH COUNTY 4 II,S,4,2,130000042_,5.38,05,,03,04,02,02,06,04,04,01,,AT,,CRAWFORDS CORNER RD,,,,25,45,59,,,N,SECTION OF THE WOODEN FENCE WAS TAKEN OUT BY V1 - VALERIE NIESS - 820 HOLMDEL R?,0097
2018131818-18555-AC,MONMOUTH,HOLMDEL TWP,09/12/2018,WE,1613,01,HOLMDEL PD,,0,0,0,0,P,B,N,N,11,1,MONMOUTH COUNTY 4 II,S,4,2,130000042_,3.59,05,,01,04,02,02,01,02,05,,100,FE,S,ROBERTS RD,,,,50,40,50,,,N,ROUTE 4 SIGN - MONMOUTH COUNTY DPW - 250 CENTER ST FREEHOLD TWP NJ 07728,0057
2018131818-18569-AC,MONMOUTH,HOLMDEL TWP,09/12/2018,WE,1917,01,HOLMDEL PD,,0,0,0,0,P,B,N,N,12,1,TELEGRAPH HILL RD,E,,,,,07,,01,04,02,02,03,05,05,01,200,FE,W,THERESA DR,,,,35,25,24,,,N,,0091
2018131818-1861-AC,MONMOUTH,HOLMDEL TWP,01/26/2018,FR,1900,01,HOLMDEL PD,,0,0,0,0,P,B,N,N,11,1,TAKOLUSA DR,W,,,,,07,,01,04,02,01,00,01,05,01,1000,FE,W,LAUREL AVE,,,,25,45,61,,,N,MAILBOX OF 10 TAKALUSA-VALUE-$750 - EDWARD G SAMSON - 10 TAKOLUSA DR HOLMDEL NJ?,0099
2018131818-18733-AC,MONMOUTH,HOLMDEL TWP,09/14/2018,FR,1847,01,HOLMDEL PD,,0,1,0,0,I,I,N,N,03,2,HOLLAND RD,W,,,13312108__,2.13,07,,01,04,02,01,01,01,,01,,AT,,S HOLLAND RD / TAKOLUSA DR,,,,35,35,26,,,N,,0093
2018131818-18839-AC,MONMOUTH,HOLMDEL TWP,09/16/2018,SU,0608,01,HOLMDEL PD,,0,0,0,0,P,B,N,N,12,1,CRAWFORDS CORNER RD,E,,,,,07,,01,04,02,01,02,01,04,01,800,FE,W,LONGSTREET RD,,,,45,35,24,,,N,,0097
2018131818-18897-AC,MONMOUTH,HOLMDEL TWP,09/17/2018,MO,0942,01,HOLMDEL PD,,0,0,0,0,P,B,N,N,06,2,WISTERIA CT,W,,,,,07,,01,04,02,01,01,01,05,,150,FE,N,FREESIA CT,,,,25,25,28,,,N,#61 MAILBOX - JOHN HOOK - 775 JEFFERY ST BOCA RATON FL 33487,0084
2018131818-18913-AC,MONMOUTH,HOLMDEL TWP,09/17/2018,MO,1148,01,HOLMDEL PD,,0,0,0,0,P,B,N,N,01,2,MONMOUTH COUNTY 52,E,52,,13000052__,1.99,05,,01,04,02,01,01,01,04,02,50,FE,E,CRAWFORDS CORNER EVERETT / MIDDLETO,,,,40,40,26,,,N,,0057
2018131818-18936-AC,MONMOUTH,HOLMDEL TWP,09/17/2018,MO,2030,01,HOLMDEL PD,,0,0,0,0,P,B,N,N,01,2,TELEGRAPH HILL RD,N,,,,,07,,01,04,02,01,07,05,05,01,15,FE,S,BETHANY RD,,,,35,30,26,,,N,,0101
2018131818-18984-AC,MONMOUTH,HOLMDEL TWP,09/18/2018,TU,1325,01,HOLMDEL PD,,0,0,0,0,P,I,N,N,03,2,MONMOUTH COUNTY 4 II,S,4,2,130000042_,6.36,05,,01,05,02,02,01,02,,,,AT,,HILLCREST RD,,,,40,35,26,,,N,,0090
2018131818-19068-AC,MONMOUTH,HOLMDEL TWP,09/19/2018,WE,1444,01,HOLMDEL PD,,0,0,0,0,P,B,N,N,11,1,735 HOLMDEL RD,,,,,,09,,01,04,02,01,01,01,05,,,,,,,,,,,56,,,N,BOX 126B #59 PRIVACY FENCE - HOLMDEL BOE - 67 MCCAMPBELL RD HOLMDEL NJ 07733,0079
2018131818-19077-AC,MONMOUTH,HOLMDEL TWP,09/19/2018,WE,1926,01,HOLMDEL PD,,0,0,0,0,P,B,N,N,12,1,SCHANCK RD **,S,,,13181099__,.73,07,,02,04,02,01,07,01,05,01,200,FE,S,RAMAPO WAY,,,,35,25,24,,,N,,0093
2018131818-19081-AC,MONMOUTH,HOLMDEL TWP,09/19/2018,WE,2058,01,HOLMDEL PD,,0,1,0,0,I,B,N,N,99,1,MONMOUTH COUNTY 4 II,N,4,2,130000042_,2.00,05,,02,04,02,01,07,01,05,01,2000,FE,S,ROUTE 520 / W MAIN ST,,,,40,40,,,,N,,0093
2018131818-19147-AC,MONMOUTH,HOLMDEL TWP,09/20/2018,TH,1818,01,HOLMDEL PD,,0,0,0,0,P,B,N,N,01,2,MONMOUTH COUNTY 52,N,52,,13000052__,5.06,05,,01,04,02,01,01,01,05,,10,FE,S,COMMONS WAY,,,,45,25,26,,,N,,0095
2018131818-19205-AC,MONMOUTH,HOLMDEL TWP,09/21/2018,FR,1537,01,HOLMDEL PD,,0,0,0,0,P,B,N,N,01,2,NJ 35,S,35,,00000035__,40.71,02,,01,04,02,01,01,01,01,,150,FE,N,CENTERVILLE RD,,,,50,30,26,,,N,,0101
2018131818-19211-AC,MONMOUTH,HOLMDEL TWP,09/21/2018,FR,1654,01,HOLMDEL PD,,0,0,0,0,P,I,N,N,03,2,NORTH BEERS ST,S,,,,,07,,01,04,02,01,01,01,05,,,AT,,BETHANY RD,,,,35,35,26,,,N,,0054
2018131818-19212-AC,MONMOUTH,HOLMDEL TWP,09/21/2018,FR,1657,01,HOLMDEL PD,,0,1,0,0,I,B,N,N,01,3,NJ 35,S,35,,00000035__,39.64,02,,01,04,02,01,01,01,01,,300,FE,N,CR 7 / PALMER AVE,,,,50,35,26,,,N,,
2018131818-19267-AC,MONMOUTH,HOLMDEL TWP,09/22/2018,SA,1105,01,HOLMDEL PD,,0,0,0,0,P,I,N,N,07,2,BETHANY RD,W,,,,,07,,01,04,02,01,01,01,05,,,AT,,LINE RD,,,,35,25,26,,,N,,0080
2018131818-19281-AC,MONMOUTH,HOLMDEL TWP,09/22/2018,SA,1451,01,HOLMDEL PD,,0,0,0,0,P,B,N,N,02,2,NJ 35,S,35,,00000035__,40.77,02,,01,04,02,01,01,01,01,,500,FE,N,CENTERVILLE RD,,,,50,30,26,,,N,,0057
2018131818-19381-AC,MONMOUTH,HOLMDEL TWP,09/24/2018,MO,1152,01,HOLMDEL PD,,0,0,0,0,P,B,N,N,01,2,MONMOUTH COUNTY 52,W,52,,13000052__,5.06,05,,01,04,02,01,01,01,05,,20,FE,E,COMMONS WAY,,,,45,15,26,,,N,,0099
2018131818-1945-AC,MONMOUTH,HOLMDEL TWP,01/28/2018,SU,1749,01,HOLMDEL PD,,0,1,0,0,I,B,N,N,03,2,UNION AVE,E,,,13181306__,.01,07,,01,04,02,02,06,01,05,,50,FE,E,NJ 35,,,,40,50,26,,,N,,0079
2018131818-19537-AC,MONMOUTH,HOLMDEL TWP,09/26/2018,WE,1419,01,HOLMDEL PD,,0,0,0,0,P,B,N,N,08,2,36 CRAWFORDS CORNER RD,,,,,,08,,,04,02,01,01,01,05,,,,,,,,,5,,26,,,N,,0081
2018131818-19548-AC,MONMOUTH,HOLMDEL TWP,09/26/2018,WE,1727,01,HOLMDEL PD,,0,0,0,0,P,B,N,N,02,2,NJ 35,S,35,,00000035__,40.64,02,,01,04,02,01,01,01,01,,200,FE,S,CENTERVILLE RD,,,,50,30,26,,,N,,0090
2018131818-19588-AC,MONMOUTH,HOLMDEL TWP,09/27/2018,TH,0808,01,HOLMDEL PD,,0,0,0,0,P,I,N,N,01,2,NJ 34,N,34,,00000034__,19.64,02,,01,04,02,01,01,01,05,,,AT,,DEER PATH RD,,,,50,25,26,,,N,,0057
2018131818-19620-AC,MONMOUTH,HOLMDEL TWP,09/27/2018,TH,1256,01,HOLMDEL PD,,0,0,0,0,P,I,N,N,07,2,NJ 35,S,35,,00000035__,40.75,02,,01,04,02,01,01,01,05,,,AT,,TAKOLUSA DR / UNION AVE,,,,50,50,26,,,N,,0080
2018131818-19632-AC,MONMOUTH,HOLMDEL TWP,09/27/2018,TH,1638,01,HOLMDEL PD,,0,0,0,0,P,B,N,N,03,2,ROUTE 520,W,520,,00000520__,10.14,05,,01,04,02,01,01,01,05,,250,FE,E,CR 4 / N HOLMDEL RD / S HOLMDEL RD,,,,40,40,26,,,N,,0057
2018131818-19800-AC,MONMOUTH,HOLMDEL TWP,09/29/2018,SA,1410,01,HOLMDEL PD,,0,1,0,0,I,I,N,N,03,2,ROUTE 520,W,520,,00000520__,10.69,05,,01,04,02,01,01,01,05,,,AT,,MIDDLETOWN RD / OLD MILL RD,,,,45,25,26,,,N,,0085
2018131818-20005-AC,MONMOUTH,HOLMDEL TWP,10/02/2018,TU,0848,01,HOLMDEL PD,,0,0,0,0,P,B,N,N,01,2,ROUTE 520,W,520,,00000520__,10.40,05,,01,04,02,01,01,01,05,,60,FE,E,RAMBLING BROOK DR,,,,40,25,26,,,N,,0075
2018131818-20035-AC,MONMOUTH,HOLMDEL TWP,10/02/2018,TU,1758,01,HOLMDEL PD,,0,0,0,0,P,B,N,N,12,1,BETHANY RD,E,,,,,07,,01,04,02,01,01,01,05,01,100,FE,E,HILLCREST RD,,,,35,35,24,,,N,,0095
2018131818-20074-AC,MONMOUTH,HOLMDEL TWP,10/03/2018,WE,1210,01,HOLMDEL PD,,0,0,0,0,P,B,N,N,02,2,MONMOUTH COUNTY 52,E,52,,13000052__,5.19,05,,01,04,02,01,01,01,05,01,200,FE,W,NJ 35,,,,45,50,26,,,N,,0093
2018131818-20165-AC,MONMOUTH,HOLMDEL TWP,10/04/2018,TH,1350,01,HOLMDEL PD,,0,1,0,0,I,B,N,N,04,2,MONMOUTH COUNTY 7 I,S,7,1,130000071_,.38,05,,01,04,02,01,01,01,04,01,20,FE,N,TANNERS LANDING WAY,,,,40,15,26,,,N,,0097
2018131818-20191-AC,MONMOUTH,HOLMDEL TWP,10/04/2018,TH,2249,01,HOLMDEL PD,,0,0,0,0,P,B,N,N,12,1,NORTH BEERS ST,E,,,,,07,,01,04,02,01,06,01,05,01,2000,FE,W,BETHANY RD,,,,35,35,24,,,N,,0094
2018131818-20205-AC,MONMOUTH,HOLMDEL TWP,10/05/2018,FR,0707,01,HOLMDEL PD,,0,0,0,0,P,B,N,N,01,2,HILLCREST RD **,W,,,13181152__,.00,07,,01,04,02,01,01,01,05,01,10,FE,W,CR 4 II / HOLMDELL RD,,,,35,40,26,,,N,,0101
2018131818-20415-AC,MONMOUTH,HOLMDEL TWP,10/08/2018,MO,1100,01,HOLMDEL PD,,0,0,0,0,P,I,N,N,03,2,MOUNT DR **,,,,13181113__,.00,07,,02,06,02,02,01,02,,,,AT,,TELEGRAPH HILL RD,,,,35,25,26,,,N,,0097
2018131818-2045-AC,MONMOUTH,HOLMDEL TWP,01/29/2018,MO,2218,01,HOLMDEL PD,,0,0,0,0,P,I,N,N,07,2,ROUTE 516,N,516,,00000516__,13.15,05,,01,04,02,01,06,01,05,,,AT,,LAUREL AVE / MIDDLE AVE,,,,40,35,26,,,N,,0092
2018131818-20478-AC,MONMOUTH,HOLMDEL TWP,10/09/2018,TU,1245,01,HOLMDEL PD,,0,0,0,0,P,B,N,N,01,2,CENTERVILLE RD,E,,,,,07,,01,04,02,01,01,01,05,01,100,FE,W,NJ 35,,,,35,50,26,,,N,,0093
2018131818-2058-AC,MONMOUTH,HOLMDEL TWP,01/30/2018,TU,0714,01,HOLMDEL PD,,0,0,0,0,P,B,N,N,01,2,NJ 35,S,35,,00000035__,39.93,02,,01,04,02,02,01,03,01,,500,FE,N,ROUTE 516 / CR 52 / S LAUREL AVE,,,,50,45,26,,,N,,0094
2018131818-20604-AC,MONMOUTH,HOLMDEL TWP,10/10/2018,WE,2118,01,HOLMDEL PD,,0,0,0,0,P,I,N,N,03,2,ROUTE 520,E,520,,00000520__,10.69,05,,01,04,02,01,07,01,05,,,AT,,MIDDLETOWN RD / OLD MILL RD,,,,40,25,26,,,N,#52 UTILITY POLE (BT 223 HML) - VERIZON - SHREWSBURY AVE SHREWSBURY NJ 07702,0084
2018131818-2069-AC,MONMOUTH,HOLMDEL TWP,01/30/2018,TU,1051,01,HOLMDEL PD,,0,0,0,0,P,B,N,N,11,1,CANDLELIGHT DR,W,,,,,07,,01,04,02,02,01,03,05,01,150,FE,S,SHADOW LN,,,,25,25,54,,,N,LIGHT POST #533 - JERSEY CENTRAL POWER & LIGHT - 101 CRAWFORDS CORNER RD HOLMDE?,0094
2018131818-20693-AC,MONMOUTH,HOLMDEL TWP,10/11/2018,TH,1746,01,HOLMDEL PD,,0,0,0,0,P,B,N,N,03,2,ROUTE 520,,520,,00000520__,10.17,05,,01,04,02,02,03,02,05,01,400,FE,E,CR 4 / N HOLMDEL RD / S HOLMDEL RD,,,,40,50,26,,,N,,0096
2018131818-2070-AC,MONMOUTH,HOLMDEL TWP,01/30/2018,TU,1119,01,HOLMDEL PD,,0,0,0,0,P,B,N,N,01,2,ROUTE 520,W,520,,00000520__,9.76,05,,01,05,02,02,01,03,05,01,1200,FE,E,NJ 34,,,,40,50,26,,,N,,0094
2018131818-20720-AC,MONMOUTH,HOLMDEL TWP,10/12/2018,FR,0807,01,HOLMDEL PD,,0,0,0,0,P,B,N,N,01,2,MONMOUTH COUNTY 52,S,52,,13000052__,2.76,05,,03,06,02,01,01,01,05,,1300,FE,S,GALLOPING HILL RD,,,,45,25,26,,,N,,0068
2018131818-20763-AC,MONMOUTH,HOLMDEL TWP,10/12/2018,FR,1313,01,HOLMDEL PD,,0,0,0,0,P,I,N,N,01,2,MONMOUTH COUNTY 4 II,S,4,2,130000042_,3.61,05,,01,04,02,01,01,01,05,,,AT,,ROBERTS RD,,,,40,40,26,,,N,,0092
2018131818-20845-AC,MONMOUTH,HOLMDEL TWP,10/13/2018,SA,1909,01,HOLMDEL PD,,0,0,0,0,P,I,N,N,02,2,NJ 35,S,35,,00000035__,39.84,02,,01,04,02,01,06,01,,,,AT,E,ROUTE 516 / CR 52 / S LAUREL AVE,,,,50,45,26,,,N,,0086
2018131818-2092-AC,MONMOUTH,HOLMDEL TWP,01/30/2018,TU,1535,01,HOLMDEL PD,,0,1,0,0,I,B,Y,N,05,2,MIDDLETOWN RD,S,,,13181001__,.50,07,,02,04,02,02,01,05,05,01,2000,FE,N,MCCAMPBELL RD,,,,35,40,26,,,N,CONCRETE DRAINAGE PIPE - HOLMDEL TOWNSHIP - 4 CRAWFORDS CORNER RD HOLMDEL NJ 07?,0094
2018131818-20942-AC,MONMOUTH,HOLMDEL TWP,10/15/2018,MO,1025,01,HOLMDEL PD,,0,0,0,0,P,B,N,N,01,2,MIDDLETOWN RD,S,,,13181001__,.00,07,,03,05,02,02,01,02,03,01,,,,,T,ROUTE 520,WB,35,,26,,,N,,0101
2018131818-20953-AC,MONMOUTH,HOLMDEL TWP,10/15/2018,MO,1213,01,HOLMDEL PD,,0,0,0,0,P,B,N,N,01,2,BETHANY RD,E,,,,,07,,01,04,02,02,01,05,05,,750,FE,E,NORTH BEERS ST,,,,35,35,26,,,N,,0054
2018131818-20973-AC,MONMOUTH,HOLMDEL TWP,10/15/2018,MO,1601,01,HOLMDEL PD,,0,0,0,0,P,I,N,N,01,2,ROUTE 516,E,516,,00000516__,13.06,05,,01,04,02,01,01,05,05,01,,AT,,LEXINGTON CT,,,,35,25,26,,,N,,0091
2018131818-21024-AC,MONMOUTH,HOLMDEL TWP,10/16/2018,TU,0905,01,HOLMDEL PD,,0,0,0,0,P,B,N,N,01,2,MONMOUTH COUNTY 52,E,52,,13000052__,2.57,05,,01,04,02,01,01,01,05,01,10,FE,W,GARDEN STATE PARKWAY,,,,40,25,26,,,N,,0095
2018131818-21101-AC,MONMOUTH,HOLMDEL TWP,10/16/2018,TU,2252,01,HOLMDEL PD,,0,0,0,0,P,B,N,N,12,1,NJ 34,S,34,,00000034__,18.56,02,,01,04,02,01,05,01,05,,50,FE,S,ROBERTS RD,,,,50,40,24,,,N,,0098
2018131818-21195-AC,MONMOUTH,HOLMDEL TWP,10/17/2018,WE,1658,01,HOLMDEL PD,,0,0,0,0,P,I,N,N,11,1,PLUM LN **,E,,,13181124__,.23,07,,03,04,02,01,01,01,05,01,,AT,,PRIMROSE CT,,,,25,15,56,,,N,,0093
2018131818-21234-AC,MONMOUTH,HOLMDEL TWP,10/18/2018,TH,0804,01,HOLMDEL PD,,0,0,0,0,P,B,N,N,01,2,NJ 35,S,35,,00000035__,39.70,02,,01,04,02,01,01,01,05,01,,,W,,F,CR 52,EB,50,,26,,,N,,0093
2018131818-21281-AC,MONMOUTH,HOLMDEL TWP,10/18/2018,TH,1647,01,HOLMDEL PD,,0,4,0,0,I,B,N,N,01,6,NJ 35,S,35,,00000035__,39.86,02,,01,04,02,01,01,01,01,,100,FE,N,ROUTE 516 / CR 52 / S LAUREL AVE,,,,50,45,26,,,N,,
2018131818-21283-AC,MONMOUTH,HOLMDEL TWP,10/18/2018,TH,1843,01,HOLMDEL PD,,0,0,0,0,P,B,N,N,12,1,MONMOUTH COUNTY 4 II,N,4,2,130000042_,2.74,05,,01,04,02,01,05,01,,,300,FE,S,HOP BROOK LN,,,,50,25,24,,,N,,0086
2018131818-21367-AC,MONMOUTH,HOLMDEL TWP,10/19/2018,FR,2044,01,HOLMDEL PD,,0,0,0,0,P,I,N,N,12,1,MONMOUTH COUNTY 52,S,52,,13000052__,4.01,05,,01,04,02,01,06,01,05,,,AT,,CONTINENTAL BLVD / SATINWOOD DR,,,,45,25,24,,,N,,0098
2018131818-21379-AC,MONMOUTH,HOLMDEL TWP,10/19/2018,FR,2247,01,HOLMDEL PD,,0,0,0,0,P,B,N,N,02,2,NJ 35,S,35,,00000035__,40.92,02,,01,04,02,01,06,01,05,05,,,,,,,,50,,26,,,N,,0098
2018131818-21380-AC,MONMOUTH,HOLMDEL TWP,10/19/2018,FR,2253,01,HOLMDEL PD,,0,0,0,0,P,B,N,N,12,1,ROBERTS RD,S,,,,,07,,01,04,02,01,05,01,,,500,FE,N,WILSON BLVD,,,,40,25,24,,,N,,0090
2018131818-21480-AC,MONMOUTH,HOLMDEL TWP,10/21/2018,SU,1201,01,HOLMDEL PD,,0,0,0,0,P,B,N,N,02,2,NJ 34,N,34,,00000034__,18.75,02,,01,04,02,01,01,01,05,01,5,FE,S,SCHANCK RD,,,,50,35,26,,,N,,0101
2018131818-21481-AC,MONMOUTH,HOLMDEL TWP,10/21/2018,SU,1209,01,HOLMDEL PD,,0,0,0,0,P,B,N,N,01,2,NJ 35,S,35,,00000035__,39.58,02,,01,04,02,01,01,01,01,,20,FE,N,CR 7 / PALMER AVE,,,,50,40,26,,,N,,0087
2018131818-21512-AC,MONMOUTH,HOLMDEL TWP,10/22/2018,MO,0840,01,HOLMDEL PD,,0,0,0,0,P,B,N,N,02,2,ROUTE 520,W,520,,00000520__,11.35,05,,01,04,02,01,01,01,05,,20,FE,E,SUNAPEE LN,,,,45,25,26,,,N,,0068
2018131818-21523-AC,MONMOUTH,HOLMDEL TWP,10/22/2018,MO,1031,01,HOLMDEL PD,,0,0,0,0,P,I,N,N,03,2,CRAWFORDS CORNER RD,E,,,,,07,,01,04,02,01,01,01,05,,,AT,,LONGSTREET RD,,,,45,35,26,,,N,,0093
2018131818-21547-AC,MONMOUTH,HOLMDEL TWP,10/22/2018,MO,1728,01,HOLMDEL PD,,0,0,0,0,P,B,N,N,01,2,ROUTE 520,W,520,,00000520__,9.62,05,,01,04,02,01,01,01,05,01,500,FE,E,NJ 34,,,,40,50,26,,,N,,0093
2018131818-21548-AC,MONMOUTH,HOLMDEL TWP,10/22/2018,MO,1730,01,HOLMDEL PD,,0,1,0,0,I,B,N,N,06,2,TELEGRAPH HILL RD,S,,,,,07,,03,06,02,01,03,01,,01,500,FE,N,MOUNT DR,,,,35,25,28,,,N,,0097
2018131818-21712-AC,MONMOUTH,HOLMDEL TWP,10/24/2018,WE,1540,01,HOLMDEL PD,,0,0,0,0,P,B,N,N,01,2,MONMOUTH COUNTY 52,S,52,,13000052__,5.23,05,,03,04,02,01,01,01,05,,,,,,T,NJ 35,SB,45,,26,,,N,,0101
2018131818-21722-AC,MONMOUTH,HOLMDEL TWP,10/24/2018,WE,1735,01,HOLMDEL PD,,0,0,0,0,P,B,N,N,12,1,ROBERTS RD **,S,,,13181071__,.01,07,,01,04,02,01,03,01,05,01,50,FE,N,LONGSTREET RD,,,,40,35,24,,,N,,0091