Year(4)-CountyCode(2)-MunicipalityCode(2)-CaseNumber(9),County Name,Municipality Name,Crash Date,Crash Day of Week,Crash Time,Police Department Code,Police Department,Police Station,Total Killed,Total Injured,Pedestrians Killed,Pedestrians Injured,Severity,Intersection,Alcohol Involved,Hazmat Involved,Crash Type,Total Vehicles,Location,Location Direction,Route,Route Suffix,Std Rte Identifier,MilePost,Road System,Road Character,Road Horizontal Alignment,Road Grade,Road Surface Type,Surface Condition,Light Condition,Environmental Condition,Road Divided By,Temporary Traffic Control Zone,Distance To Cross Street,Unit Of Measurement,Direction From Cross Street,Cross Street Name,Is Ramp,Ramp To/From Route Name,Ramp To/From Route Direction,Posted Speed,Posted Speed Cross Street,First Harmful Event,Latitude,Longitude,Cell Phone In Use Flag,Other Property Damage,Reporting Badge No.
2018131818-25292-AC,MONMOUTH,HOLMDEL TWP,12/09/2018,SU,1355,01,HOLMDEL PD,,0,0,0,0,P,I,N,N,01,2,NJ 35,N,35,,00000035__,39.58,02,,01,04,02,01,01,01,01,,,AT,,CR 7 / PALMER AVE,,,,50,40,26,,,N,,0088
2018131818-25376-AC,MONMOUTH,HOLMDEL TWP,12/10/2018,MO,1449,01,HOLMDEL PD,,0,2,0,0,I,B,N,N,11,1,SWEET BRIAR LN **,S,,,13181181__,.63,07,,02,04,02,01,01,01,05,01,200,FE,S,TANGLEWOOD LN,,,,25,25,,,,N,LANDSCAPING AND MAILBOX - DAVID M TSCHAEN - 29 SWEET BRIAR LN HOLMDEL NJ 07733-?,0091
2018131818-25388-AC,MONMOUTH,HOLMDEL TWP,12/10/2018,MO,1742,01,HOLMDEL PD,,0,0,0,0,P,B,N,N,12,1,MONMOUTH COUNTY 52,W,52,,13000052__,2.17,05,,01,04,02,01,01,01,05,01,1000,FE,E,CRAWFORDS CORNER EVERETT / MIDDLETO,,,,40,40,24,,,N,,0076
2018131818-25390-AC,MONMOUTH,HOLMDEL TWP,12/10/2018,MO,1815,01,HOLMDEL PD,,0,0,0,0,P,I,N,N,02,2,VAN BRAKLE RD **,W,,,13181132__,.86,07,,01,04,02,01,07,01,05,01,,AT,,MABERN DR,,,,35,25,26,,,N,OAKWOOD CT STREET SIGN - HOLMDEL TWP - 4 CRAWFORDS CORNER RD HOLMDEL NJ 07733,0091
2018131818-25415-AC,MONMOUTH,HOLMDEL TWP,12/11/2018,TU,0710,01,HOLMDEL PD,,0,0,0,0,P,B,N,N,12,1,CRAWFORDS CORNER RD,W,,,,,07,,03,04,02,01,01,01,05,,100,FE,E,SEVEN OAKS DR,,,,40,35,24,,,N,,0101
2018131818-25424-AC,MONMOUTH,HOLMDEL TWP,12/11/2018,TU,0825,01,HOLMDEL PD,,0,0,0,0,P,B,N,N,01,2,LONGBRIDGE RD **,N,,,13091117__,1.77,07,,01,04,02,01,01,01,05,,10,FE,S,MAIN ST,,,,35,45,26,,,N,,0101
2018131818-25445-AC,MONMOUTH,HOLMDEL TWP,12/11/2018,TU,1246,01,HOLMDEL PD,,0,0,0,0,P,B,N,N,12,1,CRAWFORDS CORNER RD,E,,,,,07,,02,04,02,01,01,01,05,,100,FE,W,SEVEN OAKS DR,,,,40,35,24,,,N,,0101
2018131818-25475-AC,MONMOUTH,HOLMDEL TWP,12/11/2018,TU,2036,01,HOLMDEL PD,,0,0,0,0,P,I,N,N,12,1,MONMOUTH COUNTY 4 II,S,4,2,130000042_,6.31,05,,01,04,02,01,04,01,04,,,AT,,MANNEE PL,,,,40,25,24,,,N,,0089
2018131818-25497-AC,MONMOUTH,HOLMDEL TWP,12/12/2018,WE,0650,01,HOLMDEL PD,,0,0,0,0,P,B,N,N,02,2,NJ 34,N,34,,00000034__,18.74,02,,01,04,02,01,01,01,05,,30,FE,S,SCHANCK RD,,,,50,35,26,,,N,,0068
2018131818-25547-AC,MONMOUTH,HOLMDEL TWP,12/12/2018,WE,1754,01,HOLMDEL PD,,0,0,0,0,P,B,N,N,01,2,NJ 35,S,35,,00000035__,39.85,02,,01,04,02,01,06,01,01,,50,FE,N,ROUTE 516 / CR 52 / S LAUREL AVE,,,,50,45,26,,,N,,0068
2018131818-25630-AC,MONMOUTH,HOLMDEL TWP,12/13/2018,TH,0652,01,HOLMDEL PD,,0,0,0,0,P,B,N,N,12,1,MONMOUTH COUNTY 4 II,S,4,2,130000042_,2.80,05,,01,04,02,01,02,01,05,,20,FE,N,HOP BROOK LN,,,,50,25,24,,,N,,0068
2018131818-2568-AC,MONMOUTH,HOLMDEL TWP,02/05/2018,MO,1652,01,HOLMDEL PD,,0,0,0,0,P,I,N,N,07,2,MONMOUTH COUNTY 52,W,52,,13000052__,3.79,05,,01,04,02,01,01,01,05,,,AT,,HOLLAND RD,,,,45,45,26,,,N,#50 TRAFFIC SIGN SUPPORT - HOLMDEL TWP - 4 CRAWFORDS CORNER RD HOLMDEL NJ 07733,0084
2018131818-25729-AC,MONMOUTH,HOLMDEL TWP,12/14/2018,FR,1642,01,HOLMDEL PD,,0,0,0,0,P,B,N,N,15,1,9 EAST BROOK DR,,,,,,09,,01,04,02,01,05,01,05,,,,,,,,,25,,39,,,N,FIBER OPTIC CABLE - VERIZON - 1 VERIZON WAY BASKING RIDGE NJ 07920,0101
2018131818-2575-AC,MONMOUTH,HOLMDEL TWP,02/05/2018,MO,1858,01,HOLMDEL PD,,0,0,0,0,P,B,N,N,02,2,NJ 35,N,35,,00000035__,41.11,02,,01,04,02,01,06,01,01,,150,FE,N,MULBERRY LN,,,,50,25,26,,,N,,0076
2018131818-25785-AC,MONMOUTH,HOLMDEL TWP,12/15/2018,SA,1322,01,HOLMDEL PD,,0,0,0,0,P,B,N,N,01,3,MONMOUTH COUNTY 4 II,N,4,2,130000042_,6.63,05,,01,04,02,02,01,05,05,,20,FE,S,CRAPE MYRTLE DR / N BEERS ST,,,,40,25,26,,,N,,
2018131818-25797-AC,MONMOUTH,HOLMDEL TWP,12/15/2018,SA,1541,01,HOLMDEL PD,,0,0,0,0,P,B,N,N,11,1,101 CRAWFORDS CORNER RD,W,,,,,09,,02,04,02,02,02,02,03,01,,,,,,,,25,,54,,,N,LIGHT POLE - BELL WORKS - 101 CRAWFORDS CORNER RD HOLMDEL NJ 07733,0101
2018131818-25850-AC,MONMOUTH,HOLMDEL TWP,12/16/2018,SU,0650,01,HOLMDEL PD,,0,0,0,0,P,B,Y,N,11,3,HAWTHORNE AVE **,N,,,13181297__,.15,07,,02,04,02,02,02,02,05,01,50,FE,N,BAYBERRY DR,,,,25,25,56,,,N,DAMAGED CURB AND STORM DRAIN - HOLMDEL TOWNSHIP - 4 CRAWFORDS CORNER RD HOLMDEL?,
2018131818-25962-AC,MONMOUTH,HOLMDEL TWP,12/17/2018,MO,1601,01,HOLMDEL PD,,0,0,0,0,P,B,N,N,01,2,MONMOUTH COUNTY 52,W,52,,13000052__,5.21,05,,01,04,02,01,03,01,05,01,100,FE,W,NJ 35,,,,45,50,26,,,N,,0097
2018131818-25967-AC,MONMOUTH,HOLMDEL TWP,12/17/2018,MO,1720,01,HOLMDEL PD,,0,0,0,0,P,I,N,N,03,2,CRAWFORDS CORNER RD,E,,,,,07,,01,04,02,01,05,01,05,,,AT,,GARDEN STATE PKWY ACCESS RD,,,,45,25,26,,,N,,0088
2018131818-25968-AC,MONMOUTH,HOLMDEL TWP,12/17/2018,MO,1735,01,HOLMDEL PD,,0,0,0,0,P,B,N,N,01,2,UNION AVE,W,,,13181306__,.01,07,,01,04,02,01,06,01,05,01,50,FE,E,NJ 35,,,,40,50,26,,,N,,0093
2018131818-26047-AC,MONMOUTH,HOLMDEL TWP,12/18/2018,TU,1249,01,HOLMDEL PD,,0,0,0,0,P,I,N,N,01,2,NJ 35,S,35,,00000035__,39.58,02,,01,04,02,01,01,01,01,01,,AT,,CR 7 / PALMER AVE,,,,50,40,26,,,N,,0093
2018131818-2608-AC,MONMOUTH,HOLMDEL TWP,02/06/2018,TU,0752,01,HOLMDEL PD,,0,0,0,0,P,B,N,N,01,2,NJ 35,S,35,,00000035__,39.84,02,,03,04,02,01,01,01,01,,475,FE,S,,F,CR 52,NB,50,,26,,,N,,0090
2018131818-26118-AC,MONMOUTH,HOLMDEL TWP,12/19/2018,WE,0656,01,HOLMDEL PD,,0,0,0,0,P,B,N,N,12,2,S HOLLAND RD **,N,,,13181107__,.00,07,,01,04,02,01,01,01,05,01,200,FE,N,YELLOW BROOK RD,,,,45,25,24,,,N,,0096
2018131818-26153-AC,MONMOUTH,HOLMDEL TWP,12/19/2018,WE,1331,01,HOLMDEL PD,,0,0,0,0,P,B,N,N,07,2,ROUTE 520,E,520,,00000520__,10.08,05,,01,04,02,01,01,01,05,01,75,FE,W,CR 4 / N HOLMDEL RD / S HOLMDEL RD,,,,40,40,26,,,N,,0095
2018131818-26157-AC,MONMOUTH,HOLMDEL TWP,12/19/2018,WE,1415,01,HOLMDEL PD,,0,0,0,0,P,B,N,N,01,2,NJ 35,N,35,,00000035__,40.74,02,,01,04,02,01,01,01,01,01,50,FE,S,TAKOLUSA DR / UNION AVE,,,,50,30,26,,,N,,0101
2018131818-26340-AC,MONMOUTH,HOLMDEL TWP,12/21/2018,FR,0720,01,HOLMDEL PD,,0,0,0,0,P,B,N,N,01,2,S HOLLAND RD **,S,,,13181107__,.00,07,,01,04,02,02,01,02,05,01,700,FE,N,YELLOW BROOK RD,,,,45,25,26,,,N,,0093
2018131818-26372-AC,MONMOUTH,HOLMDEL TWP,12/21/2018,FR,1318,01,HOLMDEL PD,,0,0,0,0,P,B,N,N,99,1,NJ 35,N,35,,00000035__,40.81,02,,01,04,02,02,01,05,01,,300,FE,E,TAKOLUSA DR / UNION AVE,,,,50,,26,,,N,,0092
2018131818-26384-AC,MONMOUTH,HOLMDEL TWP,12/21/2018,FR,1651,01,HOLMDEL PD,,0,1,0,0,I,B,N,N,01,3,ROUTE 520,W,520,,00000520__,9.59,05,,01,05,02,02,03,01,05,,300,FE,E,NJ 34,,,,40,50,26,,,N,,
2018131818-26391-AC,MONMOUTH,HOLMDEL TWP,12/21/2018,FR,1802,01,HOLMDEL PD,,0,0,0,0,P,I,N,N,99,2,MONMOUTH COUNTY 4 II,N,4,2,130000042_,5.75,05,,01,06,02,01,06,01,05,,,AT,,LONGVIEW DR,,,,40,25,39,,,N,,0068
2018131818-26435-AC,MONMOUTH,HOLMDEL TWP,12/22/2018,SA,0841,01,HOLMDEL PD,,0,2,0,0,I,B,N,N,11,1,NJ 35,S,35,,00000035__,40.89,02,,01,04,02,02,01,01,01,01,1100,FE,N,CENTERVILLE RD,,,,50,30,56,,,N,BROKEN UTILITY POLE/SIGN - STATE DOT - 1035 PARKWAY AVE EWING NJ 08618,0093
2018131818-26440-AC,MONMOUTH,HOLMDEL TWP,12/22/2018,SA,1126,01,HOLMDEL PD,,0,1,0,0,I,I,N,N,07,2,ROUTE 516,N,516,,00000516__,13.74,05,,01,04,02,01,01,01,04,,,AT,,BANYAN BLVD,,,,40,25,26,,,N,,0088
2018131818-26451-AC,MONMOUTH,HOLMDEL TWP,12/22/2018,SA,1715,01,HOLMDEL PD,,0,0,0,0,P,I,N,N,12,1,ROUTE 516,E,516,,00000516__,13.06,05,,01,04,02,01,07,01,05,01,,AT,,LEXINGTON CT,,,,35,25,24,,,N,,0093
2018131818-2646-AC,MONMOUTH,HOLMDEL TWP,02/06/2018,TU,1808,01,HOLMDEL PD,,0,0,0,0,P,B,N,N,12,1,NJ 34,S,34,,00000034__,17.68,02,,01,04,02,01,07,01,05,,1500,FE,N,ROUTE 520 / MAIN STREET / NEWMAN SP,,,,50,40,24,,,N,,0084
2018131818-26474-AC,MONMOUTH,HOLMDEL TWP,12/22/2018,SA,2311,01,HOLMDEL PD,,0,1,0,0,I,B,N,N,11,1,BETHANY RD,N,,,,,07,,02,04,02,01,07,01,05,,130,FE,N,CRAIG ST,,,,35,25,52,,,N,UTILITY POLE BT1012HML - VERIZON - 114 PATERSON ST PATERSON NJ 07501,0072
2018131818-26521-AC,MONMOUTH,HOLMDEL TWP,12/23/2018,SU,1438,01,HOLMDEL PD,,0,0,0,0,P,B,N,N,01,2,MONMOUTH COUNTY 4 II,N,4,2,130000042_,5.79,05,,01,06,02,01,01,01,05,01,200,FE,N,LONGVIEW DR,,,,40,25,,,,N,,0092
2018131818-26523-AC,MONMOUTH,HOLMDEL TWP,12/23/2018,SU,1459,01,HOLMDEL PD,,0,0,0,0,P,B,N,N,01,2,NJ 35,S,35,,00000035__,39.84,02,,03,04,02,01,01,01,05,01,50,FE,E,,T,CR 52,NB,50,,26,,,N,,0093
2018131818-26584-AC,MONMOUTH,HOLMDEL TWP,12/24/2018,MO,1650,01,HOLMDEL PD,,0,0,0,0,P,I,N,N,01,2,NJ 35,S,35,,00000035__,39.84,02,,01,04,02,01,01,01,01,,,AT,,ROUTE 516 / CR 52 / S LAUREL AVE,,,,50,45,26,,,N,,0090
2018131818-26708-AC,MONMOUTH,HOLMDEL TWP,12/27/2018,TH,0908,01,HOLMDEL PD,,0,0,0,0,P,I,N,N,09,2,S HOLLAND RD **,N,,,13181107__,.97,07,,01,04,02,01,01,01,05,01,,AT,,TAKOLUSA RD / HOLLAND RD,,,,45,35,26,,,N,,0078
2018131818-26720-AC,MONMOUTH,HOLMDEL TWP,12/27/2018,TH,1207,01,HOLMDEL PD,,0,0,0,0,P,B,N,N,01,2,MONMOUTH COUNTY 52,S,52,,13000052__,4.64,05,,01,04,02,01,01,01,05,01,800,FE,N,BOXWOOD TER,,,,45,25,26,,,N,,0094
2018131818-26732-AC,MONMOUTH,HOLMDEL TWP,12/27/2018,TH,1742,01,HOLMDEL PD,,0,0,0,0,P,B,N,N,12,1,UNION AVE,S,,,13181306__,.30,07,,01,04,02,01,05,01,05,01,135,FE,N,NORTHAMPTON AVE,,,,40,25,24,,,N,,0078
2018131818-26796-AC,MONMOUTH,HOLMDEL TWP,12/28/2018,FR,1717,01,HOLMDEL PD,,0,0,0,0,P,B,N,N,01,2,MONMOUTH COUNTY 52,W,52,,13000052__,1.99,05,,01,05,02,02,06,02,,,50,FE,E,CRAWFORDS CORNER EVERETT / MIDDLETO,,,,40,40,26,,,N,,0090
2018131818-26970-AC,MONMOUTH,HOLMDEL TWP,12/30/2018,SU,1847,01,HOLMDEL PD,,0,0,0,0,P,B,N,N,06,2,STONEBROOK RD **,N,,,13181118__,.67,07,,01,06,02,01,05,01,05,01,100,FE,W,SUGAR LN,,,,25,25,28,,,N,,0095
2018131818-27054-AC,MONMOUTH,HOLMDEL TWP,12/31/2018,MO,1531,01,HOLMDEL PD,,0,0,0,0,P,B,N,N,01,2,NJ 35,N,35,,00000035__,40.71,02,,01,04,02,02,01,02,01,01,200,FE,S,TAKOLUSA DR / UNION AVE,,,,50,40,26,,,N,,0094
2018131818-2955-AC,MONMOUTH,HOLMDEL TWP,02/11/2018,SU,1551,01,HOLMDEL PD,,0,0,0,0,P,B,N,N,01,2,NJ 35,S,35,,00000035__,39.74,02,,01,04,02,02,01,02,03,,528,FE,S,ROUTE 516 / CR 52 / S LAUREL AVE,,,,50,45,26,,,N,,0084
2018131818-2992-AC,MONMOUTH,HOLMDEL TWP,02/12/2018,MO,0711,01,HOLMDEL PD,,0,0,0,0,P,B,N,N,07,2,CRAWFORDS CORNER RD,N,,,,,07,,01,04,02,01,01,05,,,25,FE,S,LONGSTREET RD,,,,45,35,26,,,N,,0086
2018131818-3028-AC,MONMOUTH,HOLMDEL TWP,02/12/2018,MO,1525,01,HOLMDEL PD,,0,1,0,0,I,I,N,N,03,2,MONMOUTH COUNTY 4 II,N,4,2,130000042_,6.63,05,,01,04,02,01,01,01,,,,AT,,CRAPE MYRTLE DR / N BEERS ST,,,,35,35,26,,,N,,0086
2018131818-3361-AC,MONMOUTH,HOLMDEL TWP,02/16/2018,FR,1229,01,HOLMDEL PD,,0,0,0,0,P,B,Y,N,99,1,MIDDLETOWN RD,S,,,13181001__,.70,07,,02,05,02,02,01,05,05,,2000,FE,S,STILLWELL RD,,,,35,30,,,,N,DAMAGED UTILITY POLE JC1092HML - JERSEY CENTRAL POWER & LIGHTING - 101 CRAWFORD?,0085
2018131818-3442-AC,MONMOUTH,HOLMDEL TWP,02/17/2018,SA,2119,01,HOLMDEL PD,,0,0,0,0,P,B,N,N,11,1,BETHANY RD,W,,,,,07,,02,04,02,03,06,03,05,,200,FE,W,NORTH BEERS ST,,,,35,35,56,,,N,,0068
2018131818-3485-AC,MONMOUTH,HOLMDEL TWP,02/18/2018,SU,1925,01,HOLMDEL PD,,0,1,0,0,I,B,N,N,08,2,MONMOUTH COUNTY 52,E,52,,13000052__,5.23,05,,01,04,02,01,06,01,04,,100,FE,W,NJ 35,,,,40,50,26,,,N,,0098
2018131818-3591-AC,MONMOUTH,HOLMDEL TWP,02/20/2018,TU,1310,01,HOLMDEL PD,,0,0,0,0,P,B,N,N,11,1,MONMOUTH COUNTY 52,S,52,,13000052__,4.08,05,,01,04,02,01,01,01,05,01,300,FE,S,AVON DR,,,,45,25,42,,,N,,0087
2018131818-3595-AC,MONMOUTH,HOLMDEL TWP,02/20/2018,TU,1435,01,HOLMDEL PD,,0,0,0,0,P,B,N,N,01,2,ROUTE 516,E,516,,00000516__,13.14,05,,01,04,02,01,01,01,05,,50,FE,W,LAUREL AVE / MIDDLE AVE,,,,35,40,26,,,N,,0084
2018131818-3596-AC,MONMOUTH,HOLMDEL TWP,02/20/2018,TU,1441,01,HOLMDEL PD,,0,0,0,0,P,B,N,N,01,2,LINE RD,N,,,13181131__,1.02,07,,01,04,02,01,01,05,05,01,150,FE,S,BETHANY RD,,,,30,35,26,,,N,,0076
2018131818-3603-AC,MONMOUTH,HOLMDEL TWP,02/20/2018,TU,1658,01,HOLMDEL PD,,0,0,0,0,P,B,N,N,01,2,NJ 35,S,35,,00000035__,40.77,02,,01,04,02,01,01,01,01,01,500,FE,N,CENTERVILLE RD,,,,50,30,26,,,N,,0087
2018131818-3730-AC,MONMOUTH,HOLMDEL TWP,02/22/2018,TH,1442,01,HOLMDEL PD,,0,0,0,0,P,B,N,N,08,2,PLEASANT VALLEY RD,E,,,,,07,,01,04,02,02,01,02,05,01,10,FE,W,NJ 34,,,,35,50,26,,,N,,0093
2018131818-3783-AC,MONMOUTH,HOLMDEL TWP,02/23/2018,FR,1212,01,HOLMDEL PD,,0,0,0,0,P,B,N,N,11,2,MONMOUTH COUNTY 52,,52,,13000052__,4.71,05,,01,04,02,02,01,02,05,01,1000,FE,N,BOXWOOD TERR,,,,45,25,42,,,N,,0055
2018131818-3791-AC,MONMOUTH,HOLMDEL TWP,02/23/2018,FR,1409,01,HOLMDEL PD,,0,0,0,0,P,B,N,N,11,1,MIDDLETOWN RD,S,,,13181001__,.80,07,,02,04,02,02,01,02,05,01,1500,FE,S,STILWELL RD,,,,35,35,47,,,N,DAMAGED GUARDRAIL - HOLMDEL TWP - 4 CRAWFORDS CORNER RD HOLMDEL NJ 07733,0091
2018131818-3850-AC,MONMOUTH,HOLMDEL TWP,02/24/2018,SA,1422,01,HOLMDEL PD,,0,0,0,0,P,B,N,N,02,2,UNION AVE,S,,,13181306__,.02,07,,01,04,02,02,01,05,05,01,100,FE,N,NJ 35,,,,40,50,26,,,N,,0091
2018131818-3886-AC,MONMOUTH,HOLMDEL TWP,02/25/2018,SU,1427,01,HOLMDEL PD,,0,0,0,0,P,B,N,N,06,2,CROCUS DR,W,,,,,07,,01,04,02,00,00,00,05,01,250,FE,E,TELEGRAPH HILL RD,,,,25,40,26,,,N,,0091
2018131818-3922-AC,MONMOUTH,HOLMDEL TWP,02/26/2018,MO,1012,01,HOLMDEL PD,,0,0,0,0,P,I,N,N,03,2,MONMOUTH COUNTY 52,S,52,,13000052__,2.56,05,,01,04,02,02,01,05,05,01,,AT,,GARDEN STATE PARKWAY,,,,40,25,26,,,N,,0093
2018131818-3926-AC,MONMOUTH,HOLMDEL TWP,02/26/2018,MO,1118,01,HOLMDEL PD,,0,0,0,0,P,B,N,N,11,1,2182 STATE HWY 35,N,,,,,09,,01,04,02,01,02,01,05,,,,,,,,,15,,54,,,N,METAL CHAIN LINK FENCE & METAL POST - SHOPRITE - 2170 STATE HWY 35 HOLMDEL NJ 0?,0088
2018131818-3938-AC,MONMOUTH,HOLMDEL TWP,02/26/2018,MO,1224,01,HOLMDEL PD,,0,1,0,0,I,I,N,N,03,2,ROUTE 516,E,516,,00000516__,13.15,05,,01,04,02,01,01,01,05,,,AT,,LAUREL AVE / MIDDLE AVE,,,,40,35,26,,,N,,0098
2018131818-3989-AC,MONMOUTH,HOLMDEL TWP,02/27/2018,TU,0859,01,HOLMDEL PD,,0,2,0,0,I,B,N,N,01,3,MONMOUTH COUNTY 52,W,52,,13000052__,2.07,05,,01,05,02,01,01,01,05,,500,FE,E,CRAWFORDS CORNER EVERETT / MIDDLETO,,,,35,40,26,,,N,,
2018131818-4020-AC,MONMOUTH,HOLMDEL TWP,02/27/2018,TU,1435,01,HOLMDEL PD,,0,2,0,0,I,B,N,N,02,2,CRAWFORDS CORNER RD,S,,,,,07,,01,04,02,01,01,01,05,,700,FE,S,CR 4,,,,45,40,26,,,N,,0098
2018131818-405-AC,MONMOUTH,HOLMDEL TWP,01/07/2018,SU,0635,01,HOLMDEL PD,,0,1,0,0,I,B,N,N,11,1,BETHANY RD,N,,,,,07,,01,04,02,01,04,01,,01,700,FE,N,CRESCI BLVD,,,,35,25,46,,,N,,0092
2018131818-414-AC,MONMOUTH,HOLMDEL TWP,01/07/2018,SU,1025,01,HOLMDEL PD,,0,0,0,0,P,B,N,N,01,2,HILLCREST RD,N,,,,,07,,01,04,02,04,01,03,05,,10,FE,S,BETHANY RD,,,,35,35,26,,,N,,0098
2018131818-4249-AC,MONMOUTH,HOLMDEL TWP,03/02/2018,FR,0930,01,HOLMDEL PD,,0,0,0,0,P,B,N,N,08,2,DEER PATH,N,,,,,07,,01,04,02,02,01,06,05,,500,FE,N,PARTRIDGE RUN,,,,25,25,26,,,N,,0054
2018131818-4266-AC,MONMOUTH,HOLMDEL TWP,03/02/2018,FR,1405,01,HOLMDEL PD,,0,0,0,0,P,B,N,N,11,1,MONMOUTH COUNTY 4 II,N,4,2,130000042_,4.48,05,,01,04,02,03,01,03,05,,200,FE,S,HONEYSUCKLE CT,,,,40,25,60,,,N,,0088
2018131818-429-AC,MONMOUTH,HOLMDEL TWP,01/07/2018,SU,1844,01,HOLMDEL PD,,0,0,0,0,P,B,N,N,01,2,COMMONS WAY,E,,,,,07,,01,05,02,05,06,01,05,,50,FE,W,LAUREL AVE,,,,15,45,26,,,N,,0085
2018131818-4291-AC,MONMOUTH,HOLMDEL TWP,03/02/2018,FR,1734,01,HOLMDEL PD,,0,0,0,0,P,B,N,N,01,3,MONMOUTH COUNTY 52,S,52,,13000052__,1.98,05,,01,05,02,05,03,03,,01,5,FE,N,CRAWFORDS CORNER EVERETT / MIDDLETO,,,,40,40,26,,,N,,
2018131818-4300-AC,MONMOUTH,HOLMDEL TWP,03/02/2018,FR,1802,01,HOLMDEL PD,,0,0,0,0,P,B,N,N,01,2,VAN BRACKLE RD,W,,,,,07,,01,05,02,03,06,03,05,,500,FE,E,SOUTH BEERS ST,,,,35,35,26,,,N,,0068
2018131818-4305-AC,MONMOUTH,HOLMDEL TWP,03/02/2018,FR,1821,01,HOLMDEL PD,,0,0,0,0,P,B,N,N,01,2,VAN BRACKLE RD,W,,,,,07,,01,05,02,03,06,03,05,,450,FE,E,SOUTH BEERS ST,,,,35,35,26,,,N,,0068
2018131818-4307-AC,MONMOUTH,HOLMDEL TWP,03/02/2018,FR,1825,01,HOLMDEL PD,,0,1,0,0,I,I,N,N,03,2,NJ 35,N,35,,00000035__,40.75,02,,01,04,02,03,07,03,01,01,,AT,,TAKOLUSA DR / UNION AVE,,,,50,40,26,,,N,,0093
2018131818-4389-AC,MONMOUTH,HOLMDEL TWP,03/04/2018,SU,0020,01,HOLMDEL PD,,0,0,0,0,P,B,N,N,12,1,MONMOUTH COUNTY 52,S,52,,13000052__,2.07,05,,01,05,02,01,06,01,05,01,500,FE,N,CRAWFORDS CORNER EVERETT / MIDDLETO,,,,40,45,24,,,N,,0085
2018131818-4440-AC,MONMOUTH,HOLMDEL TWP,03/05/2018,MO,0659,01,HOLMDEL PD,,0,0,0,0,P,B,N,N,05,2,ROBERTS RD,E,,,13181066__,.38,07,,02,04,02,01,01,05,05,01,150,FE,W,CR 4,,,,40,40,26,,,N,,0076
2018131818-4493-AC,MONMOUTH,HOLMDEL TWP,03/05/2018,MO,1810,01,HOLMDEL PD,,0,0,0,0,P,B,N,N,12,1,CRAWFORDS CORNER RD,S,,,,,07,,01,04,02,01,06,01,05,01,250,FE,S,ROUND HILL RD,,,,40,25,24,,,N,,0076
2018131818-4595-AC,MONMOUTH,HOLMDEL TWP,03/07/2018,WE,0225,01,HOLMDEL PD,,0,0,0,0,P,I,Y,N,04,2,NJ 35,S,35,,00000035__,40.75,02,,01,04,02,02,06,02,01,01,,AT,,TAKOLUSA DR / UNION AVE,,,,50,40,26,,,N,,0099
2018131818-4608-AC,MONMOUTH,HOLMDEL TWP,03/07/2018,WE,1136,01,HOLMDEL PD,,0,1,0,0,I,B,Y,N,11,1,MONMOUTH COUNTY 4 II,S,4,2,130000042_,4.73,05,,02,04,02,02,01,03,05,01,50,FE,S,LINE RD,,,,40,35,52,,,N,UTILITY POLE - JCP&L - 101 CRAWFORDS CORNER RD HOLMDEL NJ 07733,0093
2018131818-4611-AC,MONMOUTH,HOLMDEL TWP,03/07/2018,WE,1211,01,HOLMDEL PD,,0,0,0,0,P,B,N,N,01,2,ROUTE 516,N,516,,00000516__,13.14,05,,01,04,02,03,01,03,,01,50,FE,S,LAUREL AVE / MIDDLE AVE,,,,40,35,26,,,N,,0092
2018131818-4618,MONMOUTH,HOLMDEL TWP,05/08/2018,TU,1911,01,KEYPORT PD,,0,1,0,0,I,I,N,N,01,2,GARDEN STATE PARKWAY,S,444,,00000444__,117.60,03,,02,04,02,01,01,01,01,01,,AT,N,,T,NJ 35,SB,30,,26,,,N,,35
2018131818-4732-AC,MONMOUTH,HOLMDEL TWP,03/08/2018,TH,0737,01,HOLMDEL PD,,0,1,0,0,I,I,N,N,03,2,NJ 34,S,34,,00000034__,17.40,02,,01,04,02,01,01,01,05,05,,AT,,ROUTE 520 / MAIN STREET / NEWMAN SP,,,,50,40,26,,,N,,0086
2018131818-4771-AC,MONMOUTH,HOLMDEL TWP,03/08/2018,TH,1545,01,HOLMDEL PD,,0,3,0,0,I,B,N,N,01,4,ROUTE 520,W,520,,00000520__,9.44,05,,01,04,02,01,01,01,05,,500,FE,W,NJ 34,,,,40,50,26,,,N,,
2018131818-480-AC,MONMOUTH,HOLMDEL TWP,01/08/2018,MO,1455,01,HOLMDEL PD,,0,0,0,0,P,B,N,N,01,2,MONMOUTH COUNTY 52,S,52,,13000052__,2.61,05,,01,04,02,01,01,01,05,01,1000,FE,S,CR 12 / DWIGHT RD / RED HILL RD,,,,40,40,26,,,N,,0055
2018131818-4811-AC,MONMOUTH,HOLMDEL TWP,03/09/2018,FR,0620,01,HOLMDEL PD,,0,1,0,0,I,B,N,N,11,1,MIDDLETOWN RD,S,,,13181001__,.12,07,,02,04,02,04,02,03,05,01,1500,FE,N,MCCAMPBELL RD,,,,35,40,46,,,N,DAMAGE TO METAL GUARD RAIL NEAR 35 HOLMDEL RD - HOLMDEL TOWNSHIP DPW - 14 CRAWF?,0094
2018131818-4819-AC,MONMOUTH,HOLMDEL TWP,03/09/2018,FR,0833,01,HOLMDEL PD,,0,2,0,0,I,I,N,N,04,2,ROUTE 520,E,520,,00000520__,10.09,05,,01,04,02,01,01,01,05,,,AT,,CR 4 / N HOLMDEL RD / S HOLMDEL RD,,,,40,40,26,,,N,,0060
2018131818-4829-AC,MONMOUTH,HOLMDEL TWP,03/09/2018,FR,1029,01,HOLMDEL PD,,0,1,0,0,I,B,N,N,01,2,ROUTE 520,E,520,,00000520__,10.02,05,,01,04,02,01,01,01,05,01,350,FE,W,CR 4 / N HOLMDEL RD / S HOLMDEL RD,,,,40,40,26,,,N,,0076
2018131818-4837-AC,MONMOUTH,HOLMDEL TWP,03/09/2018,FR,1127,01,HOLMDEL PD,,0,0,0,0,P,B,N,N,02,2,NORTH BEERS ST,W,,,,,07,,03,04,02,01,01,01,05,01,1000,FE,E,BETHANY RD,,,,35,35,26,,,N,,0091
2018131818-4864-AC,MONMOUTH,HOLMDEL TWP,03/09/2018,FR,1830,01,HOLMDEL PD,,0,0,0,0,P,B,N,N,12,1,NJ 34,N,34,,00000034__,18.38,02,,01,04,02,01,06,05,05,01,1000,FE,S,ROBERTS RD,,,,50,40,24,,,N,,0076
2018131818-4899-AC,MONMOUTH,HOLMDEL TWP,03/10/2018,SA,1146,01,HOLMDEL PD,,0,0,0,0,P,B,N,N,01,2,MIDDLE RD,N,,,13182107__,.00,07,,01,04,02,01,01,05,05,01,250,FE,S,ROUTE 516,,,,35,40,26,,,N,,0076