Year(4)-CountyCode(2)-MunicipalityCode(2)-CaseNumber(9),County Name,Municipality Name,Crash Date,Crash Day of Week,Crash Time,Police Department Code,Police Department,Police Station,Total Killed,Total Injured,Pedestrians Killed,Pedestrians Injured,Severity,Intersection,Alcohol Involved,Hazmat Involved,Crash Type,Total Vehicles,Location,Location Direction,Route,Route Suffix,Std Rte Identifier,MilePost,Road System,Road Character,Road Horizontal Alignment,Road Grade,Road Surface Type,Surface Condition,Light Condition,Environmental Condition,Road Divided By,Temporary Traffic Control Zone,Distance To Cross Street,Unit Of Measurement,Direction From Cross Street,Cross Street Name,Is Ramp,Ramp To/From Route Name,Ramp To/From Route Direction,Posted Speed,Posted Speed Cross Street,First Harmful Event,Latitude,Longitude,Cell Phone In Use Flag,Other Property Damage,Reporting Badge No.
2018131818-4946,MONMOUTH,HOLMDEL TWP,05/19/2018,SA,1512,01,KEYPORT PD,,0,0,0,0,P,I,N,N,11,1,GARDEN STATE PARKWAY,S,444,,00000444__,117.00,03,,03,05,02,02,01,05,01,01,,AT,,NJ 35,,,,30,50,46,,,N,,29
2018131818-4949,MONMOUTH,HOLMDEL TWP,05/19/2018,SA,1831,01,KEYPORT PD,KEYPORT,0,0,0,0,P,I,N,N,01,2,GARDEN STATE PARKWAY,N,444,,00000444__,117.60,03,,01,06,02,01,01,01,01,01,,AT,,NJ 35,,,,25,25,26,,,N,,2233
2018131818-5009,MONMOUTH,HOLMDEL TWP,05/22/2018,TU,1748,01,KEYPORT PD,KEYPORT,0,1,0,0,I,B,N,N,01,2,GARDEN STATE PARKWAY,S,444,,00000444__,117.60,03,,03,04,02,01,01,01,03,01,5,FE,,,T,NJ 35,SB,35,,26,,,N,,31
2018131818-5142-AC,MONMOUTH,HOLMDEL TWP,03/14/2018,WE,0736,01,HOLMDEL PD,,0,0,0,0,P,B,N,N,01,2,MIDDLETOWN RD,S,,,13181001__,.70,07,,02,04,02,04,01,01,05,01,2000,FE,S,STILWELL RD,,,,35,35,26,,,N,,0055
2018131818-5143,MONMOUTH,HOLMDEL TWP,05/25/2018,FR,1228,01,KEYPORT PD,KEYPORT,0,0,0,0,P,B,N,N,01,2,GARDEN STATE PARKWAY,S,444,,00000444__,117.60,03,,03,04,02,01,01,01,03,01,5,FE,N,,T,NJ 35,SB,35,,26,,,N,,31
2018131818-5143-AC,MONMOUTH,HOLMDEL TWP,03/14/2018,WE,0743,01,HOLMDEL PD,,0,0,0,0,P,B,N,N,11,1,MIDDLETOWN RD,S,,,13181001__,.22,07,,03,04,02,04,01,01,05,01,528,FE,N,MCCAMPBELL RD,,,,35,25,46,,,N,GUARDRAIL - HOLMDEL OWNSHIP - 4 CRAWFORDS CORNER RD HOLMDEL NJ 07733,0095
2018131818-5284-AC,MONMOUTH,HOLMDEL TWP,03/16/2018,FR,0849,01,HOLMDEL PD,,0,0,0,0,P,B,N,N,11,1,MALVERN RD,N,,,,,07,,01,04,02,01,01,01,05,,100,FE,S,DEER PATH,,,,25,25,60,,,N,,0088
2018131818-5426,MONMOUTH,HOLMDEL TWP,06/03/2018,SU,1930,01,KEYPORT PD,KEYPORT,0,0,0,0,P,I,N,N,01,2,GARDEN STATE PARKWAY,S,444,,00000444__,117.60,03,,03,04,02,01,01,01,05,01,,AT,,NJ 35,,,,30,35,26,,,N,,2233
2018131818-5589-AC,MONMOUTH,HOLMDEL TWP,03/20/2018,TU,1431,01,HOLMDEL PD,,0,0,0,0,P,B,N,N,08,2,NORTHVIEW TER,E,,,,,07,,01,04,02,01,01,05,,,75,FE,E,INDIAN CREEK RD,,,,25,25,28,,,N,,0090
2018131818-5604,MONMOUTH,HOLMDEL TWP,06/06/2018,WE,2221,01,KEYPORT PD,,0,1,0,0,I,I,N,N,01,3,GARDEN STATE PARKWAY,S,444,,00000444__,117.60,03,,01,04,02,01,06,01,05,01,,AT,,,T,NJ 35,SB,35,,26,,,N,,
2018131818-5605-AC,MONMOUTH,HOLMDEL TWP,03/20/2018,TU,1754,01,HOLMDEL PD,,0,0,0,0,P,B,N,N,11,1,HOLLAND RD,E,,,13312108__,1.59,07,,02,05,02,04,01,07,05,01,200,FE,W,GLENN WAY,,,,40,25,56,,,N,GUARD RAIL - HOLMDEL TOWNSHIP - 4 CRAWFORDS CORNER RD HOLMDEL NJ 07733,0096
2018131818-5609-AC,MONMOUTH,HOLMDEL TWP,03/20/2018,TU,1857,01,HOLMDEL PD,,0,1,0,0,I,B,N,N,11,1,ROUTE 520,E,520,,00000520__,10.95,05,,02,04,02,04,03,06,05,01,200,FE,W,OLD MILL RD,,,,45,25,52,,,N,DAMAGED UTILITY POLE - VERIZON - 1 VERIZON WAY BASKING RIDGE NJ 07920,0091
2018131818-5614-AC,MONMOUTH,HOLMDEL TWP,03/20/2018,TU,2121,01,HOLMDEL PD,,0,0,0,0,P,B,N,N,11,1,MONMOUTH COUNTY 4 II,N,4,2,130000042_,4.38,05,,02,05,02,02,06,07,05,01,200,FE,S,TULIP LN,,,,40,25,46,,,N,SCRATCHED GUARDRAIL-MONMOUTH COUNTY HIGHWAY DIVISION - 250 CENTER ST FREEHOLD N?,0095
2018131818-5636-AC,MONMOUTH,HOLMDEL TWP,03/21/2018,WE,1259,01,HOLMDEL PD,,0,0,0,0,P,I,N,N,01,2,NJ 35,W,35,,00000035__,39.84,02,,01,04,02,03,01,03,01,,,AT,,ROUTE 516 / CR 52 / S LAUREL AVE,,,,50,45,26,,,N,,0098
2018131818-5646-AC,MONMOUTH,HOLMDEL TWP,03/21/2018,WE,1704,01,HOLMDEL PD,,0,0,0,0,P,B,N,N,11,1,VAN BRACKLE RD,W,,,,,07,,03,05,02,03,01,03,05,,1000,FE,W,MABERN DR,,,,35,25,,,,N,,0085
2018131818-5650-AC,MONMOUTH,HOLMDEL TWP,03/21/2018,WE,2041,01,HOLMDEL PD,,0,0,0,0,P,B,N,N,01,2,ROUTE 516,S,516,,00000516__,13.74,05,,01,04,02,03,06,03,04,,25,FE,S,BANYAN BLVD,,,,40,25,26,,,N,,0088
2018131818-5676-AC,MONMOUTH,HOLMDEL TWP,03/22/2018,TH,0802,01,HOLMDEL PD,,0,0,0,0,P,B,N,N,11,1,BETHANY RD,N,,,,,07,,01,04,02,03,01,01,04,,30,FE,N,CRAIG ST,,,,35,25,52,,,N,VERIZON UTILITY POLE BT1012HML - VERIZON - 1 VERIZON WAY BASKING RIDGE NJ 07920,0098
2018131818-5709-AC,MONMOUTH,HOLMDEL TWP,03/22/2018,TH,1201,01,HOLMDEL PD,,0,0,0,0,P,I,Y,N,01,2,MONMOUTH COUNTY 4 II,S,4,2,130000042_,2.80,05,,01,07,02,01,01,01,05,01,,AT,,HOP BROOK LN,,,,50,25,26,,,N,,0094
2018131818-5736-AC,MONMOUTH,HOLMDEL TWP,03/22/2018,TH,1749,01,HOLMDEL PD,,0,0,0,0,P,B,N,N,11,1,SCHANCK RD,W,,,,,07,,01,04,02,01,01,01,05,01,25,FE,W,CR 4,,,,25,40,,,,N,,0078
2018131818-5754-AC,MONMOUTH,HOLMDEL TWP,03/23/2018,FR,0810,01,HOLMDEL PD,,0,0,0,0,P,B,N,N,11,1,OVERLOOK DR,E,,,,,07,,01,06,02,00,00,00,05,01,50,FE,E,TELEGRAPH HILL RD,,,,25,35,69,,,N,DAMAGED SIDING TO HOUSE - SHIRLEY WOLFF - 1 OVERLOOK DR HOLMDEL NJ 07733-1315,0099
2018131818-5755-AC,MONMOUTH,HOLMDEL TWP,03/23/2018,FR,0830,01,HOLMDEL PD,,0,0,0,0,P,B,N,N,12,1,MONMOUTH COUNTY 52,N,52,,13000052__,3.39,05,,01,06,02,01,01,01,05,,50,FE,S,WINCHESTER LN,,,,45,25,24,,,N,,0084
2018131818-5786-AC,MONMOUTH,HOLMDEL TWP,03/23/2018,FR,1424,01,HOLMDEL PD,,0,1,0,0,I,B,N,N,01,2,NJ 35,S,35,,00000035__,40.68,02,,01,04,02,01,01,01,01,,20,FE,N,CENTERVILLE RD,,,,50,30,26,,,N,,0099
2018131818-5959-AC,MONMOUTH,HOLMDEL TWP,03/25/2018,SU,1610,01,HOLMDEL PD,,0,0,0,0,P,B,N,N,03,3,MONMOUTH COUNTY 52,E,52,,13000052__,5.23,05,,01,04,02,01,01,01,05,01,100,FE,W,NJ 35,,,,45,50,26,,,N,,
2018131818-6032-AC,MONMOUTH,HOLMDEL TWP,03/26/2018,MO,1743,01,HOLMDEL PD,,0,1,0,0,I,B,N,N,01,2,NJ 35,S,35,,00000035__,40.70,02,,01,04,02,01,01,01,01,,100,FE,N,CENTERVILLE RD,,,,50,30,26,,,N,,0086
2018131818-6053-AC,MONMOUTH,HOLMDEL TWP,03/27/2018,TU,0840,01,HOLMDEL PD,,0,1,0,0,I,I,N,N,01,2,NJ 34,S,34,,00000034__,19.49,02,,01,04,02,01,01,01,,01,,AT,S,E LAWN DR,,,,50,25,26,,,N,,0098
2018131818-6073-AC,MONMOUTH,HOLMDEL TWP,03/27/2018,TU,2033,01,HOLMDEL PD,,0,1,0,0,I,B,N,N,01,2,NJ 35,S,35,,00000035__,39.84,02,,03,04,02,01,05,01,02,,25,FE,S,ROUTE 516 / CR 52 / S LAUREL AVE,,,,50,45,26,,,N,,0088
2018131818-6158,MONMOUTH,HOLMDEL TWP,06/20/2018,WE,1902,01,KEYPORT PD,,0,2,0,0,I,B,N,N,01,2,GARDEN STATE PARKWAY,S,444,,00000444__,117.60,03,,03,04,02,01,01,01,03,01,,,N,NJ 35,,,,50,50,26,,,N,,32
2018131818-6230-AC,MONMOUTH,HOLMDEL TWP,03/29/2018,TH,1650,01,HOLMDEL PD,,0,0,0,0,P,I,N,N,01,2,NJ 34,S,34,,00000034__,17.40,02,,01,04,02,01,01,01,05,01,,AT,N,ROUTE 520 / MAIN STREET / NEWMAN SP,,,,50,40,26,,,N,,0096
2018131818-6292-AC,MONMOUTH,HOLMDEL TWP,03/30/2018,FR,0945,01,HOLMDEL PD,,0,0,0,0,P,B,N,N,11,1,SOUTH HOLLAND RD,E,,,,,07,,01,04,02,01,01,01,05,01,800,FE,E,YELLOW BROOK RD,,,,40,25,,,,N,,0078
2018131818-6361-AC,MONMOUTH,HOLMDEL TWP,03/31/2018,SA,1018,01,HOLMDEL PD,,0,0,0,0,P,B,N,N,02,2,BETHANY RD,N,,,,,07,,01,04,02,01,01,01,05,,800,FE,N,TELEGRAPH HILL RD,,,,35,35,26,,,N,,0085
2018131818-6445,MONMOUTH,HOLMDEL TWP,06/28/2018,TH,1412,01,KEYPORT PD,,0,1,0,0,I,B,N,N,01,2,GARDEN STATE PARKWAY,E,444,,00000444__,117.60,03,,03,04,02,01,01,01,03,01,15,FE,W,,F,NJ 35,SB,50,,26,,,N,,24
2018131818-6576,MONMOUTH,HOLMDEL TWP,06/30/2018,SA,1400,01,KEYPORT PD,,0,0,0,0,P,I,N,N,01,2,GARDEN STATE PARKWAY,S,444,,00000444__,117.60,03,,03,04,02,01,01,01,03,01,,AT,,NJ 35,,,,25,50,26,,,N,,38
2018131818-6591-AC,MONMOUTH,HOLMDEL TWP,04/03/2018,TU,1420,01,HOLMDEL PD,,0,0,0,0,P,B,N,N,02,2,NJ 35,S,35,,00000035__,39.64,02,,01,04,02,02,01,02,01,,300,FE,N,CR 7 / PALMER AVE,,,,50,40,26,,,N,,0090
2018131818-6628-AC,MONMOUTH,HOLMDEL TWP,04/03/2018,TU,1924,01,HOLMDEL PD,,0,0,0,0,P,B,N,N,11,1,MIDDLETOWN RD,S,,,13181001__,.31,07,,02,04,02,02,05,02,05,01,1000,FE,N,MCCAMPBELL RD,,,,35,35,47,,,N,GUARD RAIL - HOLMDEL TOWNSHIP - 4 CRAWFORDS CORNER RD HOLMDEL NJ 07733,0091
2018131818-6682-AC,MONMOUTH,HOLMDEL TWP,04/04/2018,WE,1119,01,HOLMDEL PD,,0,0,0,0,P,I,N,N,11,1,NJ 35,S,35,,00000035__,39.84,02,,01,04,02,01,01,01,01,,,AT,,ROUTE 516 / CR 52 / S LAUREL AVE,,,,50,45,51,,,N,TRAFFIC SIGNAL - STATE OF NEW JERSEY - PO BOX 600 TRENTON NJ 08625,0054
2018131818-6781,MONMOUTH,HOLMDEL TWP,07/06/2018,FR,1551,01,KEYPORT PD,KEYPORT,0,0,0,0,P,I,N,N,01,2,GARDEN STATE PARKWAY,N,444,,00000444__,117.60,03,,01,06,02,01,01,01,01,01,,AT,,NJ 35,,,,50,30,26,,,N,,2233
2018131818-687-AC,MONMOUTH,HOLMDEL TWP,01/11/2018,TH,0816,01,HOLMDEL PD,,0,0,0,0,P,B,N,N,01,2,MONMOUTH COUNTY 52,S,52,,13000052__,2.13,05,,01,04,02,04,01,03,05,,800,FE,N,CRAWFORDS CORNER EVERETT / MIDDLETO,,,,40,40,26,,,N,,0098
2018131818-6876,MONMOUTH,HOLMDEL TWP,07/09/2018,MO,1226,01,KEYPORT PD,,0,0,0,0,P,I,N,N,01,2,GARDEN STATE PARKWAY,S,444,,00000444__,117.60,03,,01,04,02,01,01,01,03,01,,AT,N,NJ 35,,,,30,50,26,,,N,,29
2018131818-6913-AC,MONMOUTH,HOLMDEL TWP,04/06/2018,FR,1634,01,HOLMDEL PD,,0,0,0,0,P,I,N,N,01,2,MONMOUTH COUNTY 52,W,52,,13000052__,1.98,05,,03,05,02,01,01,01,02,,,AT,,CRAWFORDS CORNER EVERETT / MIDDLETO,,,,40,40,26,,,N,,0057
2018131818-6916-AC,MONMOUTH,HOLMDEL TWP,04/06/2018,FR,1650,01,HOLMDEL PD,,0,1,0,0,I,B,N,N,01,2,NJ 34,N,34,,00000034__,18.89,02,,01,04,02,01,01,01,,,750,FE,N,SCHANCK RD,,,,50,35,26,,,N,,0090
2018131818-6989,MONMOUTH,HOLMDEL TWP,07/12/2018,TH,1552,01,KEYPORT PD,,0,1,0,0,I,B,N,N,01,2,GARDEN STATE PARKWAY,E,444,,00000444__,117.60,03,,03,04,02,01,01,01,03,01,15,FE,S,,T,NJ 35,SB,50,,26,,,N,,#24
2018131818-7002-AC,MONMOUTH,HOLMDEL TWP,04/07/2018,SA,1608,01,HOLMDEL PD,,0,0,0,0,P,I,N,N,03,2,MIDDLE RD,N,,,13182107__,.55,07,,01,04,02,01,01,01,05,01,,AT,,CR 7,,,,35,40,26,,,N,CURB AND STORM DRAIN - HOLMDEL TOWNSHIP - 4 CFRAWFORDS CORNER RD HOLMDEL NJ 077?,0096
2018131818-7334,MONMOUTH,HOLMDEL TWP,07/20/2018,FR,1501,01,KEYPORT PD,,0,0,0,0,P,B,N,N,01,2,GARDEN STATE PARKWAY,E,444,,00000444__,117.60,03,,03,04,02,01,01,01,03,01,15,FE,S,,T,NJ 35,SB,50,,26,,,N,,24
2018131818-7363-AC,MONMOUTH,HOLMDEL TWP,04/11/2018,WE,1920,01,HOLMDEL PD,,0,0,0,0,P,B,N,N,12,1,LONGBRIDGE RD,N,,,,,07,,01,04,02,01,03,01,05,01,2000,FE,S,WILLOWBROOK RD,,,,35,35,24,,,N,,0091
2018131818-7432-AC,MONMOUTH,HOLMDEL TWP,04/12/2018,TH,1529,01,HOLMDEL PD,,0,0,0,0,P,B,N,N,01,2,NJ 35,S,35,,00000035__,39.84,02,,03,04,02,01,01,01,,,,,,,F,CR 52,NB,50,,26,,,N,,0090
2018131818-7503-AC,MONMOUTH,HOLMDEL TWP,04/13/2018,FR,1444,01,HOLMDEL PD,,0,0,0,0,P,B,N,N,01,2,ROUTE 520,W,520,,00000520__,9.60,05,,01,04,02,01,01,01,,,350,FE,E,NJ 34,,,,40,50,26,,,N,,0086
2018131818-7511-AC,MONMOUTH,HOLMDEL TWP,04/13/2018,FR,1602,01,HOLMDEL PD,,0,0,0,0,P,I,N,N,07,2,CENTERVILLE RD,N,,,,,07,,01,04,02,01,01,01,05,,,AT,,TAKOLUSA DR,,,,30,25,26,,,N,,0059
2018131818-7651-AC,MONMOUTH,HOLMDEL TWP,04/15/2018,SU,1022,01,HOLMDEL PD,,0,0,0,0,P,I,N,N,07,2,MONMOUTH COUNTY 7 I,E,7,1,130000071_,.85,05,,01,04,02,02,01,02,05,,,AT,,MAIN ST / MIDDLE AVE,,,,35,40,26,,,N,,0098
2018131818-7721-AC,MONMOUTH,HOLMDEL TWP,04/16/2018,MO,0800,01,HOLMDEL PD,,0,0,0,0,P,B,N,N,11,1,CRAWFORDS CORNER RD,N,,,,,07,,01,04,02,02,01,02,05,01,50,FE,W,RED HILL RD,,,,45,45,56,,,N,DAMAGE TO UTILITY POLE - JCP&L - 101 CRAWFORDS CORNER RD HOLMDEL NJ 07733,0055
2018131818-7838-AC,MONMOUTH,HOLMDEL TWP,04/17/2018,TU,1535,01,HOLMDEL PD,,0,0,0,0,P,B,N,N,01,2,NJ 35,N,35,,00000035__,39.84,02,,03,04,02,01,01,05,03,01,,,,,T,ROUTE 516,WB,50,,26,,,N,,0076
2018131818-7903-AC,MONMOUTH,HOLMDEL TWP,04/18/2018,WE,0940,01,HOLMDEL PD,,0,0,0,0,P,B,N,N,08,2,10 CRAWFORDS CORNER RD,,,,,,09,,01,04,02,01,01,01,,01,,,,,,,,15,,26,,,N,,0092
2018131818-7997,MONMOUTH,HOLMDEL TWP,08/05/2018,SU,1657,01,KEYPORT PD,,0,0,0,0,P,B,N,N,01,2,GARDEN STATE PARKWAY,,444,,00000444__,117.60,03,,01,05,02,01,01,01,01,01,,,,,T,GARDEN STATE PARKWAY,NB,30,,26,,,N,,2233
2018131818-8037-AC,MONMOUTH,HOLMDEL TWP,04/19/2018,TH,0825,01,HOLMDEL PD,,0,2,0,0,I,B,N,N,01,3,CRAWFORDS CORNER RD,E,,,,,07,,01,04,02,02,01,01,05,,100,FE,W,LONGSTREET RD,,,,45,35,26,,,N,,
2018131818-8152-AC,MONMOUTH,HOLMDEL TWP,04/20/2018,FR,1132,01,HOLMDEL PD,,0,0,0,0,P,B,N,N,11,1,MONMOUTH COUNTY 52,S,52,,13000052__,3.07,05,,02,06,02,01,01,01,04,01,200,FE,N,GALLOPING HILL RD,,,,45,25,56,,,N,CRACKED TELEPHONE POLE # BT2300HLM - VERIZON - 540 BROAD ST NEWARK NJ 07101,0087
2018131818-8415-AC,MONMOUTH,HOLMDEL TWP,04/23/2018,MO,1433,01,HOLMDEL PD,,0,0,0,0,P,B,N,N,12,1,NJ 35,N,35,,00000035__,40.66,02,,01,04,02,01,01,01,01,01,500,FE,S,TAKOLUSA DR / UNION AVE,,,,50,40,24,,,N,,0093
2018131818-8499-AC,MONMOUTH,HOLMDEL TWP,04/24/2018,TU,1403,01,HOLMDEL PD,,0,0,0,0,P,B,N,N,11,1,CARLA CT,W,,,,,07,,01,05,02,01,01,01,05,,,,,,,,,15,,56,,,N,BRICK MAILBOX PILLAR - SANDRA RUSCIN - 8 CARLA CT HOLMDEL NJ 07733,0088
2018131818-8530-AC,MONMOUTH,HOLMDEL TWP,04/25/2018,WE,0705,01,HOLMDEL PD,,0,0,0,0,P,B,N,N,01,2,BETHANY RD,E,,,,,07,,01,05,02,02,01,02,05,01,10,FE,E,CHESTNUT RIDGE RD,,,,35,25,26,,,N,,0055
2018131818-8561-AC,MONMOUTH,HOLMDEL TWP,04/25/2018,WE,1615,01,HOLMDEL PD,,0,1,0,0,I,B,N,N,01,2,MONMOUTH COUNTY 52,E,52,,13000052__,5.23,05,,03,04,02,01,01,01,05,01,,,,,T,NJ 35,SB,45,,26,,,N,,0095
2018131818-8566-AC,MONMOUTH,HOLMDEL TWP,04/25/2018,WE,1750,01,HOLMDEL PD,,0,0,0,0,P,I,N,N,12,1,ROUTE 520,E,520,,00000520__,12.03,05,,01,04,02,01,01,01,05,01,,AT,,CR 52 / EVERETT RD,,,,45,40,24,,,N,,0096
2018131818-861-AC,MONMOUTH,HOLMDEL TWP,01/13/2018,SA,2349,01,HOLMDEL PD,,0,1,0,0,I,B,N,N,10,1,NJ 35,S,35,,00000035__,40.30,02,,03,04,02,01,06,01,01,,2000,FE,S,CENTERVILLE RD,,,,50,30,48,,,N,,0090
2018131818-8621,MONMOUTH,HOLMDEL TWP,08/23/2018,TH,0642,01,KEYPORT PD,KEYPORT,0,0,0,0,P,B,N,N,01,2,GARDEN STATE PARKWAY,N,444,,00000444__,117.60,03,,01,04,02,01,01,01,01,01,30,FE,N,NJ 35,,,,55,,26,,,N,,36
2018131818-8824-AC,MONMOUTH,HOLMDEL TWP,04/29/2018,SU,1214,01,HOLMDEL PD,,0,0,0,0,P,B,N,N,11,1,TELEGRAPH HILL RD,W,,,,,07,,03,05,02,01,01,01,,01,200,FE,W,MOUNT DR,,,,35,25,,,,N,DAMAGED MAILBOX AND POST - BERNARD WAJN - 67 TELEGRAPH HILL RD HOLMDEL NJ 07733,0092
2018131818-8833-AC,MONMOUTH,HOLMDEL TWP,04/29/2018,SU,1457,01,HOLMDEL PD,,0,1,0,0,I,I,N,N,03,2,HOLLAND RD,N,,,13312108__,2.13,07,,01,04,02,01,01,01,05,,,AT,,SOUTH HOLLAND RD,,,,35,45,26,,,N,,0088
2018131818-8835-AC,MONMOUTH,HOLMDEL TWP,04/29/2018,SU,1537,01,HOLMDEL PD,,0,0,0,0,P,B,N,N,03,2,MONMOUTH COUNTY 52,N,52,,13000052__,5.22,05,,01,04,02,01,01,01,,01,150,FE,S,NJ 35,,,,45,50,26,,,N,,0092
2018131818-8943-AC,MONMOUTH,HOLMDEL TWP,04/30/2018,MO,1652,01,HOLMDEL PD,,0,0,0,0,P,B,N,N,11,1,SOUTH HOLLAND RD,E,,,,,07,,03,04,02,01,01,05,05,01,100,FE,E,YELLOW BROOK RD,,,,35,25,56,,,N,CAUTION SIGN - HOLMDEL TOWNSHIP - 4 CRAWFORDS CORNER RD HOLMDEL NJ 07733,0076
2018131818-9047-AC,MONMOUTH,HOLMDEL TWP,05/02/2018,WE,0831,01,HOLMDEL PD,,0,0,0,0,P,B,N,N,01,2,LONGSTREET RD,S,,,,,07,,01,04,02,01,01,01,05,,10,FE,N,ROBERTS RD,,,,35,35,26,,,N,,0088
2018131818-9146-AC,MONMOUTH,HOLMDEL TWP,05/03/2018,TH,1254,01,HOLMDEL PD,,0,1,0,0,I,I,N,N,01,2,CRAWFORDS CORNER RD,W,,,,,07,,01,04,02,01,01,01,05,01,,AT,,ROBERTS RD,,,,45,35,26,,,N,,0054
2018131818-9160-AC,MONMOUTH,HOLMDEL TWP,05/03/2018,TH,1816,01,HOLMDEL PD,,0,2,0,0,I,B,N,N,02,2,MONMOUTH COUNTY 4 II,N,4,2,130000042_,4.21,05,,01,04,02,01,01,01,05,,25,FE,S,BELLEVIEW RD,,,,40,25,26,,,N,,0088
2018131818-9185-AC,MONMOUTH,HOLMDEL TWP,05/04/2018,FR,0732,01,HOLMDEL PD,,0,0,0,0,P,B,N,N,11,1,MONMOUTH COUNTY 4 II,S,4,2,130000042_,7.13,05,,01,04,02,01,02,01,04,01,500,FE,S,BETHANY RD,,,,35,35,69,,,N,DAMAGED SIDING - TAMER FAHMY - 704 HOLMDEL RD HOLMDEL NJ 07733,0087
2018131818-9267-AC,MONMOUTH,HOLMDEL TWP,05/05/2018,SA,0933,01,HOLMDEL PD,,0,1,0,0,I,B,N,N,11,1,MONMOUTH COUNTY 7 I,S,7,1,130000071_,.09,05,,01,04,02,01,01,01,04,01,450,FE,N,NJ 35,,,,40,50,52,,,N,SPLIT UTILITY POLL - VERIZON - 1 VERIZON WAY BASKING RIDGE NJ 07920,0087
2018131818-9328-AC,MONMOUTH,HOLMDEL TWP,05/06/2018,SU,1117,01,HOLMDEL PD,,0,2,0,0,I,I,N,N,01,2,NJ 35,S,35,,00000035__,40.68,02,,01,04,02,01,01,05,01,01,,AT,,CENTERVILLE RD,,,,50,30,26,,,N,,0091
2018131818-9331-AC,MONMOUTH,HOLMDEL TWP,05/06/2018,SU,1205,01,HOLMDEL PD,,0,0,0,0,P,B,N,N,03,2,MONMOUTH COUNTY 52,E,52,,13000052__,5.23,05,,01,04,02,01,01,05,05,01,100,FE,W,NJ 35,,,,40,50,26,,,N,,0091
2018131818-9360-AC,MONMOUTH,HOLMDEL TWP,05/07/2018,MO,1011,01,HOLMDEL PD,,0,3,0,0,I,B,N,N,06,2,NJ 35,N,35,,00000035__,40.34,02,,01,04,02,01,01,01,01,,2640,FE,N,ROUTE 516 / CR 52 / S LAUREL AVE,,,,50,45,28,,,N,,0092
2018131818-9416-AC,MONMOUTH,HOLMDEL TWP,05/08/2018,TU,0724,01,HOLMDEL PD,,0,4,0,0,I,B,N,N,02,5,MONMOUTH COUNTY 52,N,52,,13000052__,4.66,05,,01,04,02,01,01,01,04,,750,FE,N,BOXWOOD TERR,,,,45,25,26,,,N,,
2018131818-9417-AC,MONMOUTH,HOLMDEL TWP,05/08/2018,TU,0732,01,HOLMDEL PD,,0,1,0,0,I,B,N,N,01,2,NJ 35,S,35,,00000035__,39.84,02,,03,04,02,01,01,01,05,,,,,,T,CR 52,EB,50,,26,,,N,,0075
2018131818-9441-AC,MONMOUTH,HOLMDEL TWP,05/08/2018,TU,1447,01,HOLMDEL PD,,0,1,0,0,I,I,N,N,01,2,BETHANY RD,W,,,,,07,,01,04,02,01,01,01,05,,,AT,,OLD MANOR RD,,,,35,25,26,,,N,,0054
2018131818-9501-AC,MONMOUTH,HOLMDEL TWP,05/09/2018,WE,1013,01,HOLMDEL PD,,0,1,0,0,I,I,N,N,03,2,ROUTE 516,E,516,,00000516__,13.74,05,,01,04,02,01,01,01,05,01,,AT,W,BANYAN BLVD,,,,40,15,26,,,N,,0095
2018131818-9572-AC,MONMOUTH,HOLMDEL TWP,05/10/2018,TH,0731,01,HOLMDEL PD,,0,0,0,0,P,B,N,N,06,2,36 CRAWFORDS CORNER RD,W,,,,,09,,01,04,02,01,01,01,05,01,,,,,,,,15,,28,,,N,,0091
2018131818-9573-AC,MONMOUTH,HOLMDEL TWP,05/10/2018,TH,0732,01,HOLMDEL PD,,0,0,0,0,P,B,N,N,01,2,MONMOUTH COUNTY 4 II,N,4,2,130000042_,5.13,05,,03,04,02,02,01,05,05,01,100,FE,S,VAN BRAKLE RD,,,,40,35,26,,,N,,0087
2018131818-9576-AC,MONMOUTH,HOLMDEL TWP,05/10/2018,TH,0816,01,HOLMDEL PD,,0,0,0,0,P,I,N,N,02,2,NJ 35,W,35,,00000035__,39.84,02,,01,04,02,01,01,01,01,01,,AT,N,ROUTE 516 / CR 52 / S LAUREL AVE,,,,50,45,26,,,N,,0095
2018131818-9577-AC,MONMOUTH,HOLMDEL TWP,05/10/2018,TH,0818,01,HOLMDEL PD,,0,0,0,0,P,B,N,N,01,2,GARDEN STATE PARKWAY,S,444,,00000444__,113.89,03,,01,04,02,01,01,01,05,01,50,FE,N,CR 52 / RED HILL RD,,,,30,40,26,,,N,,0076
2018131818-9593-AC,MONMOUTH,HOLMDEL TWP,05/10/2018,TH,1047,01,HOLMDEL PD,,0,0,0,0,P,B,N,N,15,2,ROUTE 520,E,520,,00000520__,11.33,05,,01,04,02,01,01,01,05,01,100,FE,W,SUNAPEE LN,,,,45,25,30,,,N,,0091
2018131818-9721-AC,MONMOUTH,HOLMDEL TWP,05/12/2018,SA,0514,01,HOLMDEL PD,,0,0,0,0,P,I,N,N,03,2,NJ 35,W,35,,00000035__,39.84,02,,01,04,02,02,01,02,05,,,AT,,ROUTE 516 / CR 52 / S LAUREL AVE,,,,50,45,26,,,N,,0098
2018131818-9752-AC,MONMOUTH,HOLMDEL TWP,05/12/2018,SA,1528,01,HOLMDEL PD,,0,0,0,0,P,B,N,N,01,2,NJ 35,N,35,,00000035__,39.77,02,,01,04,02,01,01,01,01,01,1000,FE,N,CR 7 / PALMER AVE,,,,50,40,26,,,N,,0093
2018131818-9772-AC,MONMOUTH,HOLMDEL TWP,05/12/2018,SA,2302,01,HOLMDEL PD,,0,0,0,0,P,B,N,N,11,1,ROUTE 516,N,516,,00000516__,13.17,05,,03,04,02,02,06,02,05,,100,FE,N,LAUREL AVE / MIDDLE AVE,,,,40,35,56,,,N,POLE#JC505HLM - JERSEY CENTRAL POWER AND LIGHTING - 101 CRAWFORD CORNER RD HOLM?,0098
2018131818-9882-AC,MONMOUTH,HOLMDEL TWP,05/14/2018,MO,1741,01,HOLMDEL PD,,0,0,0,0,P,I,N,N,03,2,MONMOUTH COUNTY 4 II,S,4,2,130000042_,3.86,05,,01,04,02,01,01,01,05,,,AT,,SCHANCK RD,,,,40,35,26,,,N,,0057
2018131818-9883-AC,MONMOUTH,HOLMDEL TWP,05/14/2018,MO,1809,01,HOLMDEL PD,,0,1,0,0,I,I,N,N,03,2,CRAWFORDS CORNER RD,N,,,,,07,,01,04,02,01,01,01,,,,AT,,LONGSTREET RD,,,,45,35,26,,,N,,0090