Year(4)-CountyCode(2)-MunicipalityCode(2)-CaseNumber(9),County Name,Municipality Name,Crash Date,Crash Day of Week,Crash Time,Police Department Code,Police Department,Police Station,Total Killed,Total Injured,Pedestrians Killed,Pedestrians Injured,Severity,Intersection,Alcohol Involved,Hazmat Involved,Crash Type,Total Vehicles,Location,Location Direction,Route,Route Suffix,Std Rte Identifier,MilePost,Road System,Road Character,Road Horizontal Alignment,Road Grade,Road Surface Type,Surface Condition,Light Condition,Environmental Condition,Road Divided By,Temporary Traffic Control Zone,Distance To Cross Street,Unit Of Measurement,Direction From Cross Street,Cross Street Name,Is Ramp,Ramp To/From Route Name,Ramp To/From Route Direction,Posted Speed,Posted Speed Cross Street,First Harmful Event,Latitude,Longitude,Cell Phone In Use Flag,Other Property Damage,Reporting Badge No.
2018131818-9972-AC,MONMOUTH,HOLMDEL TWP,05/15/2018,TU,2104,01,HOLMDEL PD,,0,0,0,0,P,I,N,N,03,2,NJ 35,E,35,,00000035__,39.84,02,,01,04,02,02,06,01,01,01,,AT,,ROUTE 516 / CR 52 / S LAUREL AVE,,,,50,45,26,,,N,,0095
20181318E040-2018-03028A,MONMOUTH,HOLMDEL TWP,07/24/2018,TU,2335,02,NEW JERSEY STATE POLICE,BLOOMFIELD - SQ,0,0,0,0,P,B,N,N,01,2,GARDEN STATE PARKWAY,N,444,,00000444__,117.00,03,,01,04,02,01,06,01,04,01,,,,,,,,15,,26,40.121650,74.215190,N,,7351
20181318E050-2018-00011A,MONMOUTH,HOLMDEL TWP,01/02/2018,TU,1005,02,NEW JERSEY STATE POLICE,HOLMDEL - SQUAD,0,1,0,0,I,B,N,N,02,2,GARDEN STATE PARKWAY,N,444,,00000444__,115.10,03,,01,04,02,01,01,01,01,01,,FE,N,HOLLAND RD,,,,65,,26,40.378440,74.189220,N,,7453
20181318E050-2018-00027A,MONMOUTH,HOLMDEL TWP,01/04/2018,TH,1605,02,NEW JERSEY STATE POLICE,HOLMDEL - SQUAD,0,0,0,0,P,B,N,N,11,1,GARDEN STATE PARKWAY,S,444,,00000444__,114.20,03,,01,04,02,03,01,03,01,01,,FE,S,CR 52 / RED HILL RD,,,,35,,46,40.377900,74.153190,N,NJTA GUARDRAIL.,7380
20181318E050-2018-00033A,MONMOUTH,HOLMDEL TWP,01/02/2018,TU,1033,02,NEW JERSEY STATE POLICE,HOLMDEL - SQUAD,0,0,0,0,P,B,N,N,12,1,GARDEN STATE PARKWAY,S,444,,00000444__,115.20,03,,01,04,02,01,01,01,01,01,,FE,S,HOLLAND RD,,,,65,,24,40.383620,74.170560,N,,7639
20181318E050-2018-00045A,MONMOUTH,HOLMDEL TWP,01/07/2018,SU,1230,02,NEW JERSEY STATE POLICE,HOLMDEL - SQUAD,0,0,0,0,P,B,N,N,11,1,GARDEN STATE PARKWAY,N,444,,00000444__,115.70,03,,03,04,02,01,01,01,01,01,,FE,N,HOLLAND RD,,,,65,,54,40.387440,74.176010,N,NJTA wooden post of a PNC Arts Center sign.,7453
20181318E050-2018-00058A,MONMOUTH,HOLMDEL TWP,01/08/2018,MO,1618,02,NEW JERSEY STATE POLICE,HOLMDEL - SQUAD,0,0,0,0,P,B,N,N,01,2,GARDEN STATE PARKWAY,N,444,,00000444__,113.88,03,,03,04,02,05,01,02,01,01,,FE,N,CR 52 / RED HILL RD,,,,65,,26,40.345110,74.184030,N,,7369
20181318E050-2018-00081A,MONMOUTH,HOLMDEL TWP,01/12/2018,FR,0906,02,NEW JERSEY STATE POLICE,HOLMDEL - SQUAD,0,0,0,0,P,B,N,N,11,1,GARDEN STATE PARKWAY,N,444,,00000444__,115.00,03,,01,04,02,01,01,01,01,01,,FE,N,HOLLAND RD,,,,65,,46,40.383550,74.164600,N,NJTA guiderail,7450
20181318E050-2018-00083A,MONMOUTH,HOLMDEL TWP,01/12/2018,FR,1443,02,NEW JERSEY STATE POLICE,HOLMDEL - SQUAD,0,1,0,0,I,B,N,N,11,1,GARDEN STATE PARKWAY,N,444,,00000444__,117.30,03,,01,04,02,02,01,02,01,01,,FE,N,BETHANY RD,,,,65,,46,40.405280,74.195700,N,NJTA damage to guardrail,7450
20181318E050-2018-00084A,MONMOUTH,HOLMDEL TWP,01/12/2018,FR,1501,02,NEW JERSEY STATE POLICE,HOLMDEL - SQUAD,0,0,0,0,P,B,N,N,11,1,GARDEN STATE PARKWAY,N,444,,00000444__,115.60,03,,01,04,02,02,01,02,01,01,,FE,N,HOLLAND RD,,,,65,,46,40.386150,74.173400,N,NJTA damage to guardrail,7450
20181318E050-2018-00107A,MONMOUTH,HOLMDEL TWP,01/16/2018,TU,1638,02,NEW JERSEY STATE POLICE,HOLMDEL - SQUAD,0,0,0,0,P,B,N,N,02,2,GARDEN STATE PARKWAY,S,444,,00000444__,114.50,03,,01,04,02,01,01,01,01,01,,FE,S,CR 52 / RED HILL RD,,,,65,,26,40.374380,74.147260,N,,7131
20181318E050-2018-00149A,MONMOUTH,HOLMDEL TWP,01/23/2018,TU,1932,02,NEW JERSEY STATE POLICE,HOLMDEL - SQUAD,0,0,0,0,P,B,N,N,02,2,GARDEN STATE PARKWAY,S,444,,00000444__,117.00,03,,01,04,02,01,06,01,01,01,,FE,S,BETHANY RD,,,,65,,26,40.612590,74.176510,N,,7439
20181318E050-2018-00161A,MONMOUTH,HOLMDEL TWP,01/26/2018,FR,1810,02,NEW JERSEY STATE POLICE,HOLMDEL - SQUAD,0,0,0,0,P,B,N,N,02,2,GARDEN STATE PARKWAY,N,444,,00000444__,115.50,03,,01,04,02,01,06,01,01,01,,FE,N,HOLLAND RD,,,,65,,26,40.373820,74.145660,N,,7439
20181318E050-2018-00162A,MONMOUTH,HOLMDEL TWP,01/26/2018,FR,1655,02,NEW JERSEY STATE POLICE,HOLMDEL - SQUAD,0,1,0,0,I,B,Y,N,01,3,GARDEN STATE PARKWAY,S,444,,00000444__,116.00,03,,01,04,02,01,01,01,03,01,,FE,S,CR 4 / KEYPORT HOLMDEL RD,,,,65,,26,40.391130,74.181360,N,,6357
20181318E050-2018-00188A,MONMOUTH,HOLMDEL TWP,01/30/2018,TU,0638,02,NEW JERSEY STATE POLICE,HOLMDEL - SQUAD,0,0,0,0,P,B,N,N,11,1,GARDEN STATE PARKWAY,S,444,,00000444__,114.00,03,,01,04,02,03,02,03,01,01,,,,CR 52 / RED HILL RD,,,,65,,53,40.376370,74.150060,N,NJTA Light Standard.,7639
20181318E050-2018-00247A,MONMOUTH,HOLMDEL TWP,02/07/2018,WE,1305,02,NEW JERSEY STATE POLICE,HOLMDEL - SQUAD,0,0,0,0,P,B,N,N,01,2,GARDEN STATE PARKWAY,N,444,,00000444__,114.00,03,,01,04,02,02,01,02,05,01,,FE,N,CR 52 / RED HILL RD,,,,65,,26,40.378010,74.153340,N,,7382
20181318E050-2018-00267A,MONMOUTH,HOLMDEL TWP,02/11/2018,SU,1130,02,NEW JERSEY STATE POLICE,HOLMDEL - SQUAD,0,0,0,0,P,B,N,N,02,2,GARDEN STATE PARKWAY,N,444,,00000444__,117.60,03,,01,04,02,02,01,02,01,01,,FE,N,BETHANY RD,,,,65,,26,40.418100,74.203810,N,,7369
20181318E050-2018-00276A,MONMOUTH,HOLMDEL TWP,02/12/2018,MO,0840,02,NEW JERSEY STATE POLICE,HOLMDEL - SQUAD,0,0,0,0,P,B,N,N,01,2,GARDEN STATE PARKWAY,S,444,,00000444__,117.30,03,,01,04,02,02,01,05,02,01,,,,,,,,65,,26,40.420710,74.210220,N,,7362
20181318E050-2018-00278A,MONMOUTH,HOLMDEL TWP,02/13/2018,TU,0708,02,NEW JERSEY STATE POLICE,HOLMDEL - SQUAD,0,1,0,0,I,B,N,N,01,2,GARDEN STATE PARKWAY,S,444,,00000444__,115.10,03,,01,06,02,01,01,01,03,01,,FE,S,HOLLAND RD,,,,65,,26,40.382440,74.164840,N,,7362
20181318E050-2018-00295A,MONMOUTH,HOLMDEL TWP,02/16/2018,FR,0556,02,NEW JERSEY STATE POLICE,HOLMDEL - SQUAD,0,0,0,0,P,I,N,N,11,1,GARDEN STATE PARKWAY,S,444,,00000444__,117.60,03,,01,04,02,02,05,02,01,01,,AT,,BETHANY RD,,,,65,,46,40.411540,74.202130,N,,7362
20181318E050-2018-00349A,MONMOUTH,HOLMDEL TWP,02/24/2018,SA,1816,02,NEW JERSEY STATE POLICE,HOLMDEL - SQUAD,0,0,0,0,P,B,N,N,02,2,GARDEN STATE PARKWAY,N,444,,00000444__,116.80,03,,01,04,02,01,05,01,03,01,,FE,N,CR 4 / KEYPORT HOLMDEL RD,,,,65,,26,40.400650,74.188540,N,,7439
20181318E050-2018-00366A,MONMOUTH,HOLMDEL TWP,02/26/2018,MO,0833,02,NEW JERSEY STATE POLICE,HOLMDEL - SQUAD,0,0,0,0,P,B,N,N,02,2,GARDEN STATE PARKWAY,S,444,,00000444__,114.50,03,,01,04,02,01,01,01,01,01,,FE,S,CR 52 / RED HILL RD,,,,65,,26,40.379900,74.158240,N,NJTA Guardrail,7660
20181318E050-2018-00400A,MONMOUTH,HOLMDEL TWP,03/02/2018,FR,1555,02,NEW JERSEY STATE POLICE,HOLMDEL - SQUAD,0,0,0,0,P,B,N,N,11,1,GARDEN STATE PARKWAY,N,444,,00000444__,114.00,03,,01,04,02,03,01,03,01,01,,,,CR 52 / RED HILL RD,,,,65,,46,40.376500,74.148080,N,GUARDRAIL,7382
20181318E050-2018-00430A,MONMOUTH,HOLMDEL TWP,03/07/2018,WE,0827,02,NEW JERSEY STATE POLICE,HOLMDEL - SQUAD,0,0,0,0,P,B,N,N,11,1,GARDEN STATE PARKWAY,N,444,,00000444__,115.60,03,,03,06,02,05,01,07,01,01,,FE,N,HOLLAND RD,,,,65,,46,40.386940,74.175010,N,NJTA GUARDRAIL,7660
20181318E050-2018-00436A,MONMOUTH,HOLMDEL TWP,03/07/2018,WE,1556,02,NEW JERSEY STATE POLICE,HOLMDEL - SQUAD,0,0,0,0,P,B,N,N,02,2,GARDEN STATE PARKWAY,S,444,,00000444__,116.60,03,,01,04,02,03,01,03,01,01,,FE,S,CR 4 / KEYPORT HOLMDEL RD,,,,65,,26,40.398300,74.187680,N,,7660
20181318E050-2018-00444A,MONMOUTH,HOLMDEL TWP,03/08/2018,TH,0257,02,NEW JERSEY STATE POLICE,HOLMDEL - SQUAD,0,1,0,0,I,B,N,N,11,1,GARDEN STATE PARKWAY,N,444,,00000444__,117.30,03,,01,04,02,02,01,05,01,01,,FE,N,BETHANY RD,,,,65,,47,40.404280,74.194310,N,NJTA - Metal Guardrail,7411
20181318E050-2018-00464A,MONMOUTH,HOLMDEL TWP,03/12/2018,MO,0628,02,NEW JERSEY STATE POLICE,HOLMDEL - SQUAD,0,0,0,0,P,B,N,N,02,2,GARDEN STATE PARKWAY,N,444,,00000444__,116.90,03,,01,04,02,01,02,01,01,01,,FE,N,CR 4 / KEYPORT HOLMDEL RD,,,,65,,26,40.399990,74.187520,N,NJTA GUARDRAIL.,6978
20181318E050-2018-00468A,MONMOUTH,HOLMDEL TWP,03/07/2018,WE,1514,02,NEW JERSEY STATE POLICE,HOLMDEL - SQUAD,0,0,0,0,P,B,N,N,01,2,GARDEN STATE PARKWAY,S,444,,00000444__,116.00,03,,01,04,02,03,01,03,01,01,,,,,,,,35,,26,40.254810,74.251480,N,,6496
20181318E050-2018-00485A,MONMOUTH,HOLMDEL TWP,03/15/2018,TH,0732,02,NEW JERSEY STATE POLICE,HOLMDEL - SQUAD,0,0,0,0,P,B,N,N,12,1,GARDEN STATE PARKWAY,S,444,,00000444__,113.90,03,,03,04,02,01,01,01,01,01,,FE,S,CR 52 / RED HILL RD,,,,65,,24,40.375360,74.148630,N,,7804
20181318E050-2018-00517A,MONMOUTH,HOLMDEL TWP,03/20/2018,TU,1854,02,NEW JERSEY STATE POLICE,HOLMDEL - SQUAD,0,0,0,0,P,B,N,N,11,1,GARDEN STATE PARKWAY,N,444,,00000444__,115.20,03,,01,06,02,02,01,02,01,01,,FE,N,HOLLAND RD,,,,65,,46,40.384150,74.167230,N,NJTA metal guardrail,7361
20181318E050-2018-00521A,MONMOUTH,HOLMDEL TWP,03/20/2018,TU,1752,02,NEW JERSEY STATE POLICE,HOLMDEL - SQUAD,0,0,0,0,P,B,N,N,01,2,GARDEN STATE PARKWAY,N,444,,00000444__,117.00,03,,03,04,02,01,05,01,01,01,,FE,N,BETHANY RD,,,,65,,26,40.420930,74.213840,N,,7450
20181318E050-2018-00531A,MONMOUTH,HOLMDEL TWP,03/21/2018,WE,1500,02,NEW JERSEY STATE POLICE,HOLMDEL - SQUAD,0,0,0,0,P,B,N,N,10,1,GARDEN STATE PARKWAY,S,444,,00000444__,114.60,03,,01,04,02,05,01,03,01,01,,FE,S,CR 52 / RED HILL RD,,,,45,,01,40.254870,74.195870,N,GUIDERAIL DAMAGE.  NJTA NOTIFIED.,7086
20181318E050-2018-00544A,MONMOUTH,HOLMDEL TWP,03/20/2018,TU,1614,02,NEW JERSEY STATE POLICE,HOLMDEL - SQUAD,0,0,0,0,P,B,N,N,01,2,GARDEN STATE PARKWAY,N,444,,00000444__,117.00,03,,01,04,02,05,01,07,01,01,,,,CR 4 / KEYPORT HOLMDEL RD,,,,65,,26,40.424410,74.204750,N,,7514
20181318E050-2018-00551A,MONMOUTH,HOLMDEL TWP,03/22/2018,TH,1020,02,NEW JERSEY STATE POLICE,HOLMDEL - SQUAD,0,0,0,0,P,B,N,N,15,1,GARDEN STATE PARKWAY,S,444,,00000444__,116.00,03,,01,04,02,01,01,01,01,01,,FE,S,CR 4 / KEYPORT HOLMDEL RD,,,,65,,39,40.391130,74.181360,N,,7739
20181318E050-2018-00552A,MONMOUTH,HOLMDEL TWP,03/22/2018,TH,1225,02,NEW JERSEY STATE POLICE,HOLMDEL - SQUAD,0,0,0,0,P,B,N,N,11,1,GARDEN STATE PARKWAY,N,444,,00000444__,117.50,03,,01,04,02,01,01,01,01,01,,FE,N,BETHANY RD,,,,65,,46,40.407670,74.197780,N,NJTA Guardrail,7739
20181318E050-2018-00553A,MONMOUTH,HOLMDEL TWP,03/22/2018,TH,1309,02,NEW JERSEY STATE POLICE,HOLMDEL - SQUAD,0,1,0,0,I,B,N,N,02,2,GARDEN STATE PARKWAY,N,444,,00000444__,117.50,03,,01,04,02,01,01,01,01,01,,FE,N,BETHANY RD,,,,65,,26,40.407670,74.197780,N,NJTA Guardrail,7739
20181318E050-2018-00563A,MONMOUTH,HOLMDEL TWP,03/23/2018,FR,0841,02,NEW JERSEY STATE POLICE,HOLMDEL - SQUAD,0,0,0,0,P,B,N,N,01,2,GARDEN STATE PARKWAY,N,444,,00000444__,117.00,03,,01,04,02,01,01,01,01,01,,,,,,,,65,,26,40.386550,74.177130,N,,7514
20181318E050-2018-00587A,MONMOUTH,HOLMDEL TWP,03/30/2018,FR,1046,02,NEW JERSEY STATE POLICE,HOLMDEL - SQUAD,0,0,0,0,P,B,N,N,01,2,GARDEN STATE PARKWAY,N,444,,00000444__,117.00,03,,03,06,02,02,01,05,01,01,,FE,N,CR 4 / KEYPORT HOLMDEL RD,,,,65,,26,40.425240,74.205830,N,,7660
20181318E050-2018-00601A,MONMOUTH,HOLMDEL TWP,03/22/2018,TH,1233,02,NEW JERSEY STATE POLICE,HOLMDEL - SQUAD,0,0,0,0,P,B,N,N,11,1,GARDEN STATE PARKWAY,N,444,,00000444__,117.50,03,,01,04,02,02,01,01,01,01,,,,,,,,65,,46,40.407670,74.197780,N,NJTA - METAL GUARDRAIL,7411
20181318E050-2018-00612A,MONMOUTH,HOLMDEL TWP,04/02/2018,MO,0815,02,NEW JERSEY STATE POLICE,HOLMDEL - SQUAD,0,0,0,0,P,B,N,N,11,1,GARDEN STATE PARKWAY,S,444,,00000444__,114.50,03,,01,04,02,03,01,03,01,01,,,,,,,,35,,46,40.339600,74.101700,N,NJTA GUIDE RAIL DAMAGE,7369
20181318E050-2018-00620A,MONMOUTH,HOLMDEL TWP,04/02/2018,MO,1550,02,NEW JERSEY STATE POLICE,HOLMDEL - SQUAD,0,0,0,0,P,B,N,N,01,2,GARDEN STATE PARKWAY,N,444,,00000444__,117.00,03,,01,04,02,01,01,01,01,01,,,,,,,,45,,26,40.425240,74.205830,N,,7450
20181318E050-2018-00627A,MONMOUTH,HOLMDEL TWP,04/04/2018,WE,0822,02,NEW JERSEY STATE POLICE,HOLMDEL - SQUAD,0,0,0,0,P,B,N,N,11,1,GARDEN STATE PARKWAY,N,444,,00000444__,117.00,03,,03,04,02,02,01,02,01,01,,,,,T,GSP EXPRESS,NB,35,,46,40.386550,74.177130,N,NJTA GUARDRAIL,7471
20181318E050-2018-00628A,MONMOUTH,HOLMDEL TWP,04/04/2018,WE,0916,02,NEW JERSEY STATE POLICE,HOLMDEL - SQUAD,0,0,0,0,P,B,N,N,15,1,GARDEN STATE PARKWAY,S,444,,00000444__,115.50,03,,02,05,02,02,01,04,01,01,,,,,,,,65,,39,40.385600,74.176200,N,,7369
20181318E050-2018-00652A,MONMOUTH,HOLMDEL TWP,04/06/2018,FR,,02,NEW JERSEY STATE POLICE,HOLMDEL - SQUAD,0,0,0,0,P,B,Y,N,11,1,GARDEN STATE PARKWAY,N,444,,00000444__,116.60,03,,02,04,02,01,07,01,01,01,,,,,,,,65,,46,40.398810,74.185490,N,,7362
20181318E050-2018-00672A,MONMOUTH,HOLMDEL TWP,04/13/2018,FR,1328,02,NEW JERSEY STATE POLICE,HOLMDEL - SQUAD,0,2,0,0,I,B,N,N,01,2,GARDEN STATE PARKWAY,N,444,,00000444__,117.30,03,,01,04,02,01,01,01,01,01,,,,,,,,65,,26,40.405280,74.195700,N,,7208
20181318E050-2018-00673A,MONMOUTH,HOLMDEL TWP,04/13/2018,FR,1252,02,NEW JERSEY STATE POLICE,HOLMDEL - SQUAD,0,1,0,0,I,B,N,N,01,3,GARDEN STATE PARKWAY,N,444,,00000444__,117.30,03,,01,04,02,01,01,01,01,01,,,,,,,,65,,26,40.405280,74.195700,N,NJTA - Metal Guardrail,7411
20181318E050-2018-00675A,MONMOUTH,HOLMDEL TWP,04/13/2018,FR,1351,02,NEW JERSEY STATE POLICE,HOLMDEL - SQUAD,0,3,0,0,I,B,N,N,01,3,GARDEN STATE PARKWAY,N,444,,00000444__,117.20,03,,01,04,02,01,01,01,01,01,,,,,,,,65,,26,40.405280,74.195700,N,,7751
20181318E050-2018-00676A,MONMOUTH,HOLMDEL TWP,04/13/2018,FR,1329,02,NEW JERSEY STATE POLICE,HOLMDEL - SQUAD,0,0,0,0,P,B,N,N,01,3,GARDEN STATE PARKWAY,N,444,,00000444__,117.30,03,,01,04,02,01,01,01,01,01,,,,,,,,65,,26,40.405280,74.195700,N,,7751
20181318E050-2018-00685A,MONMOUTH,HOLMDEL TWP,04/15/2018,SU,0430,02,NEW JERSEY STATE POLICE,HOLMDEL - SQUAD,0,0,0,0,P,B,N,N,12,1,GARDEN STATE PARKWAY,S,444,,00000444__,117.10,03,,01,04,02,01,04,01,01,01,,,,,,,,65,,24,40.403220,74.195020,N,,7411
20181318E050-2018-00686A,MONMOUTH,HOLMDEL TWP,04/15/2018,SU,0416,02,NEW JERSEY STATE POLICE,HOLMDEL - SQUAD,0,0,0,0,P,B,N,N,11,1,GARDEN STATE PARKWAY,N,444,,00000444__,114.90,03,,01,04,02,02,05,02,01,01,,,,,,,,65,,47,40.382780,74.163330,N,NJTPA GUARDRAIL,7660
20181318E050-2018-00688A,MONMOUTH,HOLMDEL TWP,04/16/2018,MO,0819,02,NEW JERSEY STATE POLICE,HOLMDEL - SQUAD,0,0,0,0,P,B,N,N,11,1,GARDEN STATE PARKWAY,N,444,,00000444__,117.20,03,,01,04,02,02,01,02,01,01,,,,,,,,65,,46,40.404280,74.194310,N,NJTA guiderail.,7332
20181318E050-2018-00697A,MONMOUTH,HOLMDEL TWP,04/16/2018,MO,0703,02,NEW JERSEY STATE POLICE,HOLMDEL - SQUAD,0,0,0,0,P,B,N,N,11,1,GARDEN STATE PARKWAY,N,444,,00000444__,116.70,03,,01,04,02,02,01,02,01,01,,,,,,,,65,,46,40.399860,74.186790,N,NJTA Guide Rail,7514
20181318E050-2018-00702A,MONMOUTH,HOLMDEL TWP,04/17/2018,TU,1145,02,NEW JERSEY STATE POLICE,HOLMDEL - SQUAD,0,0,0,0,P,B,N,N,01,2,GARDEN STATE PARKWAY,S,444,,00000444__,117.00,03,,03,04,02,01,01,01,01,01,,,,,T,NJ 35,SB,65,,26,40.420930,74.213840,N,,7570
20181318E050-2018-00710A,MONMOUTH,HOLMDEL TWP,04/16/2018,MO,0458,02,NEW JERSEY STATE POLICE,HOLMDEL - SQUAD,0,0,0,0,P,B,N,N,11,1,GARDEN STATE PARKWAY,N,444,,00000444__,117.30,03,,01,04,02,02,02,02,01,01,,,,,,,,65,,46,40.405280,74.195700,N,GUARDRAIL,7382
20181318E050-2018-00717A,MONMOUTH,HOLMDEL TWP,04/19/2018,TH,2233,02,NEW JERSEY STATE POLICE,HOLMDEL - SQUAD,0,0,0,0,P,B,Y,N,11,1,GARDEN STATE PARKWAY,N,444,,00000444__,117.00,03,,01,04,02,01,06,01,01,01,,,,,,,,65,,54,40.425240,74.205830,N,NJTPA Toll Plaza,7660
20181318E050-2018-00726A,MONMOUTH,HOLMDEL TWP,04/21/2018,SA,2309,02,NEW JERSEY STATE POLICE,HOLMDEL - SQUAD,0,0,0,0,P,B,Y,N,01,2,GARDEN STATE PARKWAY,N,444,,00000444__,115.70,03,,01,04,02,01,06,01,01,01,,,,,,,,65,,26,40.401870,74.190000,N,,7470
20181318E050-2018-00742A,MONMOUTH,HOLMDEL TWP,04/24/2018,TU,1421,02,NEW JERSEY STATE POLICE,HOLMDEL - SQUAD,0,0,0,0,P,B,N,N,12,1,GARDEN STATE PARKWAY,S,444,,00000444__,117.50,03,,02,04,02,01,01,01,01,01,,,,,,,,65,,24,40.405340,74.196910,N,,7453
20181318E050-2018-00743A,MONMOUTH,HOLMDEL TWP,04/24/2018,TU,1434,02,NEW JERSEY STATE POLICE,HOLMDEL - SQUAD,0,2,0,0,I,B,N,N,01,2,GARDEN STATE PARKWAY,S,444,,00000444__,116.50,03,,01,04,02,01,01,01,01,01,,,,,,,,65,,26,40.405900,74.197020,N,,7453
20181318E050-2018-00770A,MONMOUTH,HOLMDEL TWP,04/29/2018,SU,1230,02,NEW JERSEY STATE POLICE,HOLMDEL - SQUAD,0,0,0,0,P,B,N,N,02,2,GARDEN STATE PARKWAY,S,444,,00000444__,115.90,03,,01,04,02,01,01,01,01,01,,,,,,,,65,,26,40.387400,74.178260,N,,7578
20181318E050-2018-00779A,MONMOUTH,HOLMDEL TWP,04/30/2018,MO,2151,02,NEW JERSEY STATE POLICE,HOLMDEL - SQUAD,0,0,0,0,P,B,N,N,12,1,GARDEN STATE PARKWAY,S,444,,00000444__,116.90,03,,01,04,02,01,05,01,01,01,,,,,,,,65,,24,40.399330,74.188730,N,,7661
20181318E050-2018-00816A,MONMOUTH,HOLMDEL TWP,05/08/2018,TU,0351,02,NEW JERSEY STATE POLICE,HOLMDEL - SQUAD,0,0,0,0,P,B,N,N,12,1,GARDEN STATE PARKWAY,S,444,,00000444__,117.30,03,,01,04,02,01,06,01,01,01,,,,,,,,65,,24,40.406500,74.198080,N,,7804
20181318E050-2018-00821A,MONMOUTH,HOLMDEL TWP,05/08/2018,TU,1338,02,NEW JERSEY STATE POLICE,HOLMDEL - SQUAD,0,0,0,0,P,B,N,N,01,2,GARDEN STATE PARKWAY,N,444,,00000444__,117.00,03,,01,04,02,01,01,01,01,01,,,,,T,NJ 35,SB,65,,26,40.386550,74.177130,N,,7411
20181318E050-2018-00822A,MONMOUTH,HOLMDEL TWP,05/08/2018,TU,0958,02,NEW JERSEY STATE POLICE,HOLMDEL - SQUAD,0,7,0,0,I,B,N,N,02,3,GARDEN STATE PARKWAY,N,444,,00000444__,116.70,03,,02,05,02,01,01,01,01,01,,,,,,,,65,,26,40.399720,74.187080,N,NJTPA Guardrail,7362
20181318E050-2018-00831A,MONMOUTH,HOLMDEL TWP,05/09/2018,WE,1618,02,NEW JERSEY STATE POLICE,HOLMDEL - SQUAD,0,0,0,0,P,B,N,N,01,2,GARDEN STATE PARKWAY,S,444,,00000444__,115.80,03,,01,04,02,01,01,01,03,01,,,,,,,,65,,26,40.388580,74.179550,N,,7439
20181318E050-2018-00841A,MONMOUTH,HOLMDEL TWP,05/09/2018,WE,1029,02,NEW JERSEY STATE POLICE,HOLMDEL - SQUAD,0,0,0,0,P,B,N,N,15,1,GARDEN STATE PARKWAY,N,444,,00000444__,117.40,03,,01,04,02,01,01,01,01,01,,,,,,,,65,,39,40.406320,74.197010,N,,6725
20181318E050-2018-00854A,MONMOUTH,HOLMDEL TWP,05/12/2018,SA,2250,02,NEW JERSEY STATE POLICE,HOLMDEL - SQUAD,0,0,0,0,P,B,N,N,01,2,GARDEN STATE PARKWAY,S,444,,00000444__,116.10,03,,01,04,02,02,04,01,03,01,,,,,,,,65,,26,40.392390,74.182270,N,,7382
20181318E050-2018-00875A,MONMOUTH,HOLMDEL TWP,05/16/2018,WE,1602,02,NEW JERSEY STATE POLICE,HOLMDEL - SQUAD,0,0,0,0,P,B,N,N,11,1,GARDEN STATE PARKWAY,S,444,,00000444__,115.20,03,,01,04,02,02,01,02,01,01,,,,,,,,65,,46,40.386550,74.177130,N,NJTA Guardrail,7380
20181318E050-2018-00876A,MONMOUTH,HOLMDEL TWP,05/16/2018,WE,1610,02,NEW JERSEY STATE POLICE,HOLMDEL - SQUAD,0,1,0,0,I,B,N,N,15,1,GARDEN STATE PARKWAY,S,444,,00000444__,115.20,03,,01,04,02,02,01,02,01,01,,,,,,,,65,,30,40.384120,74.172010,N,,7380
20181318E050-2018-00878A,MONMOUTH,HOLMDEL TWP,05/16/2018,WE,1719,02,NEW JERSEY STATE POLICE,HOLMDEL - SQUAD,0,0,0,0,P,B,N,N,01,2,GARDEN STATE PARKWAY,N,444,,00000444__,117.00,03,,03,06,02,02,01,02,01,01,,,,,,,,35,,26,40.425460,74.203200,N,,7639
20181318E050-2018-00894A,MONMOUTH,HOLMDEL TWP,05/17/2018,TH,0615,02,NEW JERSEY STATE POLICE,HOLMDEL - SQUAD,0,0,0,0,P,B,N,N,11,1,GARDEN STATE PARKWAY,N,444,,00000444__,117.30,03,,01,04,02,02,01,02,01,01,,,,,,,,65,,46,40.405280,74.195700,N,NJTA - METAL GUARDRAIL,7411
20181318E050-2018-00907A,MONMOUTH,HOLMDEL TWP,05/19/2018,SA,1302,02,NEW JERSEY STATE POLICE,HOLMDEL - SQUAD,0,0,0,0,P,B,N,N,11,1,GARDEN STATE PARKWAY,N,444,,00000444__,116.60,03,,01,04,02,02,01,02,01,01,,,,,,,,65,,46,40.398810,74.185490,N,NJTA Guardrail,7380