Year(4)-CountyCode(2)-MunicipalityCode(2)-CaseNumber(9),County Name,Municipality Name,Crash Date,Crash Day of Week,Crash Time,Police Department Code,Police Department,Police Station,Total Killed,Total Injured,Pedestrians Killed,Pedestrians Injured,Severity,Intersection,Alcohol Involved,Hazmat Involved,Crash Type,Total Vehicles,Location,Location Direction,Route,Route Suffix,Std Rte Identifier,MilePost,Road System,Road Character,Road Horizontal Alignment,Road Grade,Road Surface Type,Surface Condition,Light Condition,Environmental Condition,Road Divided By,Temporary Traffic Control Zone,Distance To Cross Street,Unit Of Measurement,Direction From Cross Street,Cross Street Name,Is Ramp,Ramp To/From Route Name,Ramp To/From Route Direction,Posted Speed,Posted Speed Cross Street,First Harmful Event,Latitude,Longitude,Cell Phone In Use Flag,Other Property Damage,Reporting Badge No.
20181318E050-2018-01536A,MONMOUTH,HOLMDEL TWP,07/23/2018,MO,1741,02,NEW JERSEY STATE POLICE,HOLMDEL - SQUAD,0,3,0,0,I,B,N,N,02,2,GARDEN STATE PARKWAY,N,444,,00000444__,115.20,03,,01,04,02,01,01,01,01,01,,,,,,,,65,,26,40.383560,74.166130,N,NJTA Guardrail,7380
20181318E050-2018-01537A,MONMOUTH,HOLMDEL TWP,07/23/2018,MO,1710,02,NEW JERSEY STATE POLICE,HOLMDEL - SQUAD,0,0,0,0,P,B,N,N,01,2,GARDEN STATE PARKWAY,S,444,,00000444__,117.00,03,,01,04,02,01,01,01,01,01,,,,,,,,65,,26,40.419620,74.212540,N,,7380
20181318E050-2018-01539A,MONMOUTH,HOLMDEL TWP,07/24/2018,TU,2315,02,NEW JERSEY STATE POLICE,HOLMDEL - SQUAD,0,2,0,0,I,B,Y,N,02,4,GARDEN STATE PARKWAY,N,444,,00000444__,117.20,03,,01,04,02,01,06,01,01,01,,,,,,,,65,,26,40.404160,74.194500,N,,7570
20181318E050-2018-01543A,MONMOUTH,HOLMDEL TWP,07/23/2018,MO,0437,02,NEW JERSEY STATE POLICE,HOLMDEL - SQUAD,0,0,0,0,P,B,N,N,11,1,GARDEN STATE PARKWAY,N,444,,00000444__,117.40,03,,01,04,02,02,05,02,01,01,,,,,,,,65,,46,40.386560,74.177130,N,,7661
20181318E050-2018-01547A,MONMOUTH,HOLMDEL TWP,07/25/2018,WE,0541,02,NEW JERSEY STATE POLICE,HOLMDEL - SQUAD,0,0,0,0,P,B,N,N,01,2,GARDEN STATE PARKWAY,N,444,,00000444__,115.50,03,,01,04,02,02,03,02,01,01,,,,,,,,65,,26,40.386150,74.173400,N,NJTA GUARDRAIL,7471
20181318E050-2018-01548A,MONMOUTH,HOLMDEL TWP,07/25/2018,WE,0602,02,NEW JERSEY STATE POLICE,HOLMDEL - SQUAD,0,0,0,0,P,B,N,N,11,1,GARDEN STATE PARKWAY,N,444,,00000444__,117.40,03,,01,04,02,02,02,02,01,01,,,,,,,,65,,46,40.405020,74.195380,N,NJTA GUIDE RAIL DAMAGE,7369
20181318E050-2018-01556A,MONMOUTH,HOLMDEL TWP,07/25/2018,WE,1722,02,NEW JERSEY STATE POLICE,HOLMDEL - SQUAD,0,0,0,0,P,B,N,N,11,1,GARDEN STATE PARKWAY,N,444,,00000444__,117.40,03,,01,04,02,02,01,02,01,01,,,,,,,,65,,46,40.404230,74.194260,N,,7739
20181318E050-2018-01559A,MONMOUTH,HOLMDEL TWP,07/24/2018,TU,2345,02,NEW JERSEY STATE POLICE,HOLMDEL - SQUAD,0,0,0,0,P,B,N,N,08,2,GARDEN STATE PARKWAY,N,444,,00000444__,115.80,03,,01,04,02,01,07,01,02,01,,,,NORTH MAIN ROW H,,,,65,15,26,40.391920,74.179010,N,,5776
20181318E050-2018-01580A,MONMOUTH,HOLMDEL TWP,07/29/2018,SU,,02,NEW JERSEY STATE POLICE,HOLMDEL - SQUAD,0,0,0,0,P,B,N,N,11,1,GARDEN STATE PARKWAY,N,444,,00000444__,116.00,03,,01,04,02,01,07,01,01,01,,,,,,,,25,,54,40.396900,74.181900,N,NJTA LIGHTPOLE. #JC1597,7332
20181318E050-2018-01582A,MONMOUTH,HOLMDEL TWP,07/27/2018,FR,1442,02,NEW JERSEY STATE POLICE,HOLMDEL - SQUAD,0,0,0,0,P,B,N,N,02,2,GARDEN STATE PARKWAY,S,444,,00000444__,116.50,03,,01,04,02,01,01,01,03,01,,,,,,,,65,,26,40.411650,74.201270,N,,6978
20181318E050-2018-01616A,MONMOUTH,HOLMDEL TWP,07/20/2018,FR,1444,02,NEW JERSEY STATE POLICE,HOLMDEL - SQUAD,0,3,0,0,I,B,N,N,01,2,GARDEN STATE PARKWAY,S,444,,00000444__,116.90,03,,01,04,02,01,01,01,03,01,,,,,,,,65,,26,40.399330,74.188730,N,,7382
20181318E050-2018-01618A,MONMOUTH,HOLMDEL TWP,07/30/2018,MO,0401,02,NEW JERSEY STATE POLICE,HOLMDEL - SQUAD,0,0,0,0,P,B,N,N,12,1,GARDEN STATE PARKWAY,S,444,,00000444__,117.00,03,,01,04,02,01,07,01,01,01,,,,,,,,65,,24,40.410800,74.201620,N,,7514
20181318E050-2018-01627A,MONMOUTH,HOLMDEL TWP,08/03/2018,FR,0122,02,NEW JERSEY STATE POLICE,HOLMDEL - SQUAD,0,1,0,0,I,B,N,N,12,1,GARDEN STATE PARKWAY,N,444,,00000444__,116.90,03,,01,04,02,01,05,01,01,01,,,,,,,,65,,24,40.401530,74.190040,N,,7332
20181318E050-2018-01628A,MONMOUTH,HOLMDEL TWP,08/03/2018,FR,1318,02,NEW JERSEY STATE POLICE,HOLMDEL - SQUAD,0,0,0,0,P,B,Y,N,01,2,GARDEN STATE PARKWAY,S,444,,00000444__,114.90,03,,01,04,02,01,01,01,01,01,,,,,,,,65,,26,40.382230,74.165160,N,,7448
20181318E050-2018-01635A,MONMOUTH,HOLMDEL TWP,07/31/2018,TU,2342,02,NEW JERSEY STATE POLICE,HOLMDEL - SQUAD,0,0,0,0,P,B,N,N,11,1,GARDEN STATE PARKWAY,S,444,,00000444__,116.00,03,,03,06,02,01,06,01,03,01,,,,,,,,65,,53,40.215650,74.215470,N,light pole,7199
20181318E050-2018-01671A,MONMOUTH,HOLMDEL TWP,08/06/2018,MO,0823,02,NEW JERSEY STATE POLICE,HOLMDEL - SQUAD,0,0,0,0,P,B,N,N,02,2,GARDEN STATE PARKWAY,N,444,,00000444__,117.00,03,,01,04,02,01,01,01,01,01,,,,,,,,65,,26,40.425240,74.205830,N,,7514
20181318E050-2018-01682A,MONMOUTH,HOLMDEL TWP,08/07/2018,TU,2157,02,NEW JERSEY STATE POLICE,HOLMDEL - SQUAD,0,0,0,0,P,B,N,N,01,2,GARDEN STATE PARKWAY,S,444,,00000444__,114.00,03,,01,04,02,02,06,02,01,01,,,,,,,,65,,26,40.376370,74.150060,N,,7804
20181318E050-2018-01687A,MONMOUTH,HOLMDEL TWP,08/05/2018,SU,1612,02,NEW JERSEY STATE POLICE,HOLMDEL - SQUAD,0,0,0,0,P,B,N,N,01,3,GARDEN STATE PARKWAY,N,444,,00000444__,115.40,03,,01,04,02,01,01,01,01,01,,,,,,,,65,,26,40.385490,74.171740,N,,7208
20181318E050-2018-01731A,MONMOUTH,HOLMDEL TWP,08/13/2018,MO,0149,02,NEW JERSEY STATE POLICE,HOLMDEL - SQUAD,0,0,0,0,P,B,N,N,11,1,GARDEN STATE PARKWAY,N,444,,00000444__,117.40,03,,03,04,02,02,06,01,01,01,,,,,,,,65,,46,40.406070,74.196980,N,,7804
20181318E050-2018-01738A,MONMOUTH,HOLMDEL TWP,08/13/2018,MO,1216,02,NEW JERSEY STATE POLICE,HOLMDEL - SQUAD,0,0,0,0,P,B,N,N,11,1,GARDEN STATE PARKWAY,N,444,,00000444__,117.40,03,,01,04,02,02,01,02,01,01,,,,,,,,65,,46,40.406390,74.196840,N,NJTA GUARDRAIL,7382
20181318E050-2018-01739A,MONMOUTH,HOLMDEL TWP,08/13/2018,MO,1534,02,NEW JERSEY STATE POLICE,HOLMDEL - SQUAD,0,0,0,0,P,B,N,N,11,1,GARDEN STATE PARKWAY,N,444,,00000444__,117.30,03,,01,04,02,02,01,01,01,01,,,,,,,,65,,46,40.405280,74.195700,N,NJTA GUARDRAIL,7382
20181318E050-2018-01740A,MONMOUTH,HOLMDEL TWP,08/13/2018,MO,1553,02,NEW JERSEY STATE POLICE,HOLMDEL - SQUAD,0,1,0,0,I,B,N,N,11,1,GARDEN STATE PARKWAY,N,444,,00000444__,117.30,03,,01,04,02,02,01,01,01,01,,,,,,,,65,,46,40.402560,74.191270,N,NJTA GUARDRAIL,7382
20181318E050-2018-01741A,MONMOUTH,HOLMDEL TWP,08/13/2018,MO,1553,02,NEW JERSEY STATE POLICE,HOLMDEL - SQUAD,0,0,0,0,P,B,N,N,11,1,GARDEN STATE PARKWAY,N,444,,00000444__,117.40,03,,01,04,02,02,01,01,01,01,,,,,,,,65,,46,40.402560,74.191270,N,NJTA GUARDRAIL,7382
20181318E050-2018-01742A,MONMOUTH,HOLMDEL TWP,08/13/2018,MO,1553,02,NEW JERSEY STATE POLICE,HOLMDEL - SQUAD,0,0,0,0,P,B,N,N,01,2,GARDEN STATE PARKWAY,N,444,,00000444__,117.40,03,,01,04,02,02,01,01,01,01,,,,,,,,65,,26,40.402560,74.191270,N,,7382
20181318E050-2018-01743A,MONMOUTH,HOLMDEL TWP,08/13/2018,MO,1648,02,NEW JERSEY STATE POLICE,HOLMDEL - SQUAD,0,0,0,0,P,B,N,N,01,2,GARDEN STATE PARKWAY,N,444,,00000444__,117.30,03,,01,04,02,02,01,01,01,01,,,,,,,,65,,26,40.405280,74.195700,N,NJTA GUARDRAIL,7382
20181318E050-2018-01744A,MONMOUTH,HOLMDEL TWP,08/13/2018,MO,1553,02,NEW JERSEY STATE POLICE,HOLMDEL - SQUAD,0,0,0,0,P,B,N,N,11,1,GARDEN STATE PARKWAY,N,444,,00000444__,117.30,03,,01,04,02,02,01,01,01,01,,,,,,,,65,,46,40.402560,74.191270,N,NJTA GUARDRAIL,7382
20181318E050-2018-01745A,MONMOUTH,HOLMDEL TWP,08/13/2018,MO,1553,02,NEW JERSEY STATE POLICE,HOLMDEL - SQUAD,0,0,0,0,P,B,N,N,11,1,GARDEN STATE PARKWAY,N,444,,00000444__,117.30,03,,01,04,02,02,01,01,01,01,,,,,,,,65,,46,40.402560,74.191270,N,NJTA GUARDRAIL,7382
20181318E050-2018-01763A,MONMOUTH,HOLMDEL TWP,08/05/2018,SU,1506,02,NEW JERSEY STATE POLICE,HOLMDEL - SQUAD,0,2,0,0,I,B,N,N,01,2,GARDEN STATE PARKWAY,S,444,,00000444__,116.00,03,,01,04,02,01,01,01,01,01,,,,,,,,65,,26,40.386550,74.177130,N,,7448
20181318E050-2018-01765A,MONMOUTH,HOLMDEL TWP,08/14/2018,TU,2003,02,NEW JERSEY STATE POLICE,HOLMDEL - SQUAD,0,0,0,0,P,B,N,N,11,1,GARDEN STATE PARKWAY,S,444,,00000444__,115.20,03,,02,04,02,02,06,02,01,01,,,,,,,,65,,50,40.385340,74.175750,N,PARKWAY SIGN  NJTA PO BOX 5042 WOODBRIDGE NJ.,7448
20181318E050-2018-01767A,MONMOUTH,HOLMDEL TWP,08/15/2018,WE,0609,02,NEW JERSEY STATE POLICE,HOLMDEL - SQUAD,0,0,0,0,P,B,N,N,01,2,GARDEN STATE PARKWAY,N,444,,00000444__,117.00,03,,01,06,02,01,01,01,01,01,,,,,,,,45,,26,40.425240,74.205830,N,,7576
20181318E050-2018-01776A,MONMOUTH,HOLMDEL TWP,08/13/2018,MO,1123,02,NEW JERSEY STATE POLICE,HOLMDEL - SQUAD,0,0,0,0,P,B,N,N,11,1,GARDEN STATE PARKWAY,N,444,,00000444__,117.00,03,,03,04,02,02,01,02,01,01,,,,,,,,65,,46,40.365420,74.177740,N,GUARDRAIL LEFT SIDE OF ROADWAY.,7199
20181318E050-2018-01781A,MONMOUTH,HOLMDEL TWP,08/16/2018,TH,2123,02,NEW JERSEY STATE POLICE,HOLMDEL - SQUAD,0,1,0,0,I,B,N,N,02,2,GARDEN STATE PARKWAY,N,444,,00000444__,117.20,03,,01,04,02,01,05,01,01,01,,,,,,,,65,,26,40.404280,74.194310,N,NJTA GUIDE RAIL DAMAGE,7369
20181318E050-2018-01782A,MONMOUTH,HOLMDEL TWP,08/16/2018,TH,2142,02,NEW JERSEY STATE POLICE,HOLMDEL - SQUAD,0,2,0,0,I,B,N,N,01,2,GARDEN STATE PARKWAY,N,444,,00000444__,117.20,03,,01,04,02,01,05,01,01,01,,,,,,,,65,,26,40.404280,74.194310,N,,7369
20181318E050-2018-01787A,MONMOUTH,HOLMDEL TWP,08/17/2018,FR,0846,02,NEW JERSEY STATE POLICE,HOLMDEL - SQUAD,0,0,0,0,P,B,N,N,01,2,GARDEN STATE PARKWAY,N,444,,00000444__,116.80,03,,01,04,02,01,01,01,01,01,,,,,,,,65,,26,40.400650,74.188540,N,,7471
20181318E050-2018-01791A,MONMOUTH,HOLMDEL TWP,08/18/2018,SA,0509,02,NEW JERSEY STATE POLICE,HOLMDEL - SQUAD,0,1,0,0,I,B,N,N,10,1,GARDEN STATE PARKWAY,S,444,,00000444__,113.90,03,,01,04,02,01,05,01,01,01,,,,,,,,65,,01,40.375360,74.148630,N,,7578
20181318E050-2018-01801A,MONMOUTH,HOLMDEL TWP,08/19/2018,SU,1110,02,NEW JERSEY STATE POLICE,HOLMDEL - SQUAD,0,0,0,0,P,B,N,N,11,1,GARDEN STATE PARKWAY,N,444,,00000444__,117.30,03,,01,04,02,02,01,02,01,01,,,,,,,,65,,46,40.404900,74.195300,N,GUIDERAIL,7578
20181318E050-2018-01811A,MONMOUTH,HOLMDEL TWP,08/20/2018,MO,1742,02,NEW JERSEY STATE POLICE,HOLMDEL - SQUAD,0,0,0,0,P,B,N,N,01,2,GARDEN STATE PARKWAY,N,444,,00000444__,117.00,03,,01,04,02,01,01,01,01,01,,,,,,,,65,,26,40.386550,74.177110,N,,7661
20181318E050-2018-01824A,MONMOUTH,HOLMDEL TWP,08/22/2018,WE,1857,02,NEW JERSEY STATE POLICE,HOLMDEL - SQUAD,0,0,0,0,P,B,N,N,06,2,GARDEN STATE PARKWAY,W,444,,00000444__,116.00,03,,01,04,02,01,01,01,04,01,,,,,,,,15,,28,40.386550,74.177130,N,,7144
20181318E050-2018-01845A,MONMOUTH,HOLMDEL TWP,08/24/2018,FR,1511,02,NEW JERSEY STATE POLICE,HOLMDEL - SQUAD,0,0,0,0,P,B,N,N,01,2,GARDEN STATE PARKWAY,N,444,,00000444__,117.00,03,,01,06,02,01,01,01,01,01,,,,,,,,35,,26,40.425240,74.205830,N,,7639
20181318E050-2018-01877A,MONMOUTH,HOLMDEL TWP,08/27/2018,MO,1928,02,NEW JERSEY STATE POLICE,HOLMDEL - SQUAD,0,0,0,0,P,B,N,N,11,1,GARDEN STATE PARKWAY,N,444,,00000444__,116.10,03,,01,04,02,01,01,01,01,01,,,,,,,,65,,46,40.392450,74.180920,N,NJTA GUARDRAIL,7471
20181318E050-2018-01893A,MONMOUTH,HOLMDEL TWP,08/29/2018,WE,1747,02,NEW JERSEY STATE POLICE,HOLMDEL - SQUAD,0,0,0,0,P,B,N,N,01,2,GARDEN STATE PARKWAY,N,444,,00000444__,117.00,03,,01,07,02,01,01,01,01,01,,,,,,,,55,,26,40.386550,74.177130,N,,7380
20181318E050-2018-01919A,MONMOUTH,HOLMDEL TWP,09/02/2018,SU,0338,02,NEW JERSEY STATE POLICE,HOLMDEL - SQUAD,0,1,0,0,I,B,N,N,11,1,GARDEN STATE PARKWAY,N,444,,00000444__,116.50,03,,01,04,02,01,05,01,01,01,,,,,,,,65,,46,40.397650,74.184330,N,NJTA GUARDRAIL,7382
20181318E050-2018-01925A,MONMOUTH,HOLMDEL TWP,09/03/2018,MO,0654,02,NEW JERSEY STATE POLICE,HOLMDEL - SQUAD,0,0,0,0,P,B,N,N,12,1,GARDEN STATE PARKWAY,S,444,,00000444__,115.20,03,,01,04,02,01,01,01,01,01,,,,,,,,65,,24,40.383620,74.170560,N,,7380
20181318E050-2018-01967A,MONMOUTH,HOLMDEL TWP,09/08/2018,SA,,02,NEW JERSEY STATE POLICE,HOLMDEL - SQUAD,0,0,0,0,P,B,N,N,02,2,GARDEN STATE PARKWAY,S,444,,00000444__,117.50,03,,01,04,02,01,06,01,01,01,,,,,,,,65,,26,40.420930,74.213840,N,,7470
20181318E050-2018-01974A,MONMOUTH,HOLMDEL TWP,09/09/2018,SU,1456,02,NEW JERSEY STATE POLICE,HOLMDEL - SQUAD,0,1,0,0,I,B,N,N,11,1,GARDEN STATE PARKWAY,S,444,,00000444__,117.00,03,,02,05,02,02,01,02,01,01,,,,,,,,65,,46,40.420930,74.213840,N,NJTA GUIDERAIL,7576
20181318E050-2018-01978A,MONMOUTH,HOLMDEL TWP,09/10/2018,MO,0551,02,NEW JERSEY STATE POLICE,HOLMDEL - SQUAD,0,0,0,0,P,B,N,N,06,2,GARDEN STATE PARKWAY,N,444,,00000444__,117.30,03,,01,04,02,02,06,02,01,01,,,,,,,,65,,26,40.405280,74.195700,N,NJTA GUARDRAIL.,7639
20181318E050-2018-01979A,MONMOUTH,HOLMDEL TWP,09/10/2018,MO,0515,02,NEW JERSEY STATE POLICE,HOLMDEL - SQUAD,0,0,0,0,P,B,N,N,11,1,GARDEN STATE PARKWAY,N,444,,00000444__,117.30,03,,01,04,02,02,06,02,01,01,,,,,,,,65,,46,40.499830,74.301300,N,,7639
20181318E050-2018-01986A,MONMOUTH,HOLMDEL TWP,09/10/2018,MO,1450,02,NEW JERSEY STATE POLICE,HOLMDEL - SQUAD,0,0,0,0,P,B,N,N,11,1,GARDEN STATE PARKWAY,S,444,,00000444__,114.00,03,,03,04,02,02,01,02,02,01,,,,,,,,65,,53,40.373050,74.146470,N,NJTA WOODEN LIGHT POLE #JC1218HL,6411
20181318E050-2018-02033A,MONMOUTH,HOLMDEL TWP,09/15/2018,SA,1901,02,NEW JERSEY STATE POLICE,HOLMDEL - SQUAD,0,0,0,0,P,B,N,N,06,2,GARDEN STATE PARKWAY,S,444,,00000444__,116.00,03,,01,04,02,01,01,01,02,01,,,,,,,,65,,26,40.377310,74.150310,N,,6845
20181318E050-2018-02041A,MONMOUTH,HOLMDEL TWP,09/11/2018,TU,2234,02,NEW JERSEY STATE POLICE,HOLMDEL - SQUAD,0,2,0,0,I,B,N,N,01,2,GARDEN STATE PARKWAY,S,444,,00000444__,117.40,03,,01,04,02,01,06,01,01,01,,,,,,,,65,,26,40.386550,74.177130,N,,7448
20181318E050-2018-02046A,MONMOUTH,HOLMDEL TWP,09/17/2018,MO,1733,02,NEW JERSEY STATE POLICE,HOLMDEL - SQUAD,0,0,0,0,P,B,N,N,01,2,GARDEN STATE PARKWAY,N,444,,00000444__,114.00,03,,01,04,02,01,01,01,01,01,,,,,,,,65,,26,40.373220,74.143640,N,,7514
20181318E050-2018-02105A,MONMOUTH,HOLMDEL TWP,09/25/2018,TU,1058,02,NEW JERSEY STATE POLICE,HOLMDEL - SQUAD,0,0,0,0,P,B,N,N,11,1,GARDEN STATE PARKWAY,N,444,,00000444__,117.40,03,,01,04,02,02,01,02,01,01,,,,,,,,65,,46,40.406390,74.196840,N,NJTA GUARDRAIL,7208
20181318E050-2018-02108A,MONMOUTH,HOLMDEL TWP,09/25/2018,TU,0909,02,NEW JERSEY STATE POLICE,HOLMDEL - SQUAD,0,0,0,0,P,B,N,N,01,2,GARDEN STATE PARKWAY,S,444,,00000444__,117.00,03,,01,04,02,02,01,01,01,01,,,,,T,NJ 35,SB,35,,26,40.420930,74.213840,N,,7739
20181318E050-2018-02112A,MONMOUTH,HOLMDEL TWP,09/25/2018,TU,1103,02,NEW JERSEY STATE POLICE,HOLMDEL - SQUAD,0,0,0,0,P,B,N,N,01,2,GARDEN STATE PARKWAY,N,444,,00000444__,117.40,03,,01,04,02,02,01,01,01,01,,,,,,,,65,,26,40.406390,74.196840,N,,7739
20181318E050-2018-02150A,MONMOUTH,HOLMDEL TWP,09/28/2018,FR,0507,02,NEW JERSEY STATE POLICE,HOLMDEL - SQUAD,0,0,0,0,P,B,N,N,11,1,GARDEN STATE PARKWAY,N,444,,00000444__,117.30,03,,01,04,02,02,01,02,01,01,,,,,,,,65,,46,40.405280,74.195700,N,NJTA - GUARDRAIL,7411
20181318E050-2018-02155A,MONMOUTH,HOLMDEL TWP,09/28/2018,FR,2255,02,NEW JERSEY STATE POLICE,HOLMDEL - SQUAD,0,0,0,0,P,B,N,N,12,1,GARDEN STATE PARKWAY,S,444,,00000444__,115.70,03,,02,05,02,01,05,01,03,01,,,,,,,,65,,24,40.385400,74.175490,N,,7453
20181318E050-2018-02170A,MONMOUTH,HOLMDEL TWP,10/01/2018,MO,1041,02,NEW JERSEY STATE POLICE,HOLMDEL - SQUAD,0,0,0,0,P,B,N,N,01,2,GARDEN STATE PARKWAY,S,444,,00000444__,117.00,03,,03,04,02,01,01,01,01,01,,,,,T,NJ 35,SB,65,,26,40.424410,74.204750,N,,7570
20181318E050-2018-02190A,MONMOUTH,HOLMDEL TWP,09/29/2018,SA,1313,02,NEW JERSEY STATE POLICE,HOLMDEL - SQUAD,0,0,0,0,P,B,N,N,11,1,GARDEN STATE PARKWAY,S,444,,00000444__,114.00,03,,02,04,02,01,01,01,01,01,,,,,,,,25,,56,40.386550,74.177410,N,,7448
20181318E050-2018-02191A,MONMOUTH,HOLMDEL TWP,10/04/2018,TH,0608,02,NEW JERSEY STATE POLICE,HOLMDEL - SQUAD,0,0,0,0,P,B,N,N,12,1,GARDEN STATE PARKWAY,N,444,,00000444__,115.80,03,,01,04,02,01,03,01,01,01,,,,,,,,65,,24,40.388740,74.178100,N,,7208
20181318E050-2018-02242A,MONMOUTH,HOLMDEL TWP,10/10/2018,WE,0755,02,NEW JERSEY STATE POLICE,HOLMDEL - SQUAD,0,2,0,0,I,B,N,N,01,4,GARDEN STATE PARKWAY,S,444,,00000444__,117.00,03,,03,04,02,01,01,01,01,01,,,,,,,,65,,26,40.424790,74.203150,N,,7570
20181318E050-2018-02243A,MONMOUTH,HOLMDEL TWP,10/10/2018,WE,0755,02,NEW JERSEY STATE POLICE,HOLMDEL - SQUAD,0,0,0,0,P,B,N,N,01,2,GARDEN STATE PARKWAY,S,444,,00000444__,117.00,03,,03,04,02,01,01,01,01,01,,,,,,,,65,,26,40.424790,74.203150,N,,7570
20181318E050-2018-02245A,MONMOUTH,HOLMDEL TWP,10/11/2018,TH,0302,02,NEW JERSEY STATE POLICE,HOLMDEL - SQUAD,0,1,0,0,I,B,N,N,11,1,GARDEN STATE PARKWAY,S,444,,00000444__,115.10,03,,02,05,02,01,06,01,01,01,,,,,,,,65,,46,40.386550,74.177130,N,NJTA Concrete Metal Guardrail,7361
20181318E050-2018-02249A,MONMOUTH,HOLMDEL TWP,10/11/2018,TH,1835,02,NEW JERSEY STATE POLICE,HOLMDEL - SQUAD,0,0,0,0,P,B,N,N,02,2,GARDEN STATE PARKWAY,N,444,,00000444__,117.50,03,,03,04,02,02,06,02,01,01,,,,,,,,65,,26,40.407670,74.197780,N,,7804
20181318E050-2018-02258A,MONMOUTH,HOLMDEL TWP,10/12/2018,FR,0503,02,NEW JERSEY STATE POLICE,HOLMDEL - SQUAD,0,0,0,0,P,B,N,N,11,1,GARDEN STATE PARKWAY,N,444,,00000444__,117.30,03,,01,04,02,02,05,02,01,01,,,,,,,,65,,46,40.405280,74.195700,N,,7578
20181318E050-2018-02295A,MONMOUTH,HOLMDEL TWP,10/18/2018,TH,0637,02,NEW JERSEY STATE POLICE,HOLMDEL - SQUAD,0,0,0,0,P,B,N,N,12,1,GARDEN STATE PARKWAY,S,444,,00000444__,115.40,03,,01,04,02,01,02,01,01,01,,,,,,,,65,,24,40.384610,74.174110,N,,7471
20181318E050-2018-02298A,MONMOUTH,HOLMDEL TWP,10/18/2018,TH,2053,02,NEW JERSEY STATE POLICE,HOLMDEL - SQUAD,0,0,0,0,P,B,N,N,01,2,GARDEN STATE PARKWAY,S,444,,00000444__,117.00,03,,01,04,02,01,06,01,03,01,,,,,,,,35,,26,40.424750,74.202690,N,,7779
20181318E050-2018-02311A,MONMOUTH,HOLMDEL TWP,10/19/2018,FR,1921,02,NEW JERSEY STATE POLICE,HOLMDEL - SQUAD,0,0,0,0,P,B,N,N,12,1,GARDEN STATE PARKWAY,S,444,,00000444__,114.00,03,,01,04,02,01,05,01,01,01,,,,,,,,65,,24,40.377170,74.152000,N,,7661
20181318E050-2018-02338A,MONMOUTH,HOLMDEL TWP,10/23/2018,TU,1145,02,NEW JERSEY STATE POLICE,HOLMDEL - SQUAD,0,0,0,0,P,B,N,N,08,2,GARDEN STATE PARKWAY,N,444,,00000444__,115.70,03,,01,04,02,01,01,01,01,01,,,,,,,,65,,26,40.386350,74.177110,N,,7129
20181318E050-2018-02361A,MONMOUTH,HOLMDEL TWP,10/25/2018,TH,1231,02,NEW JERSEY STATE POLICE,HOLMDEL - SQUAD,0,0,0,0,P,B,N,N,01,2,GARDEN STATE PARKWAY,N,444,,00000444__,117.00,03,,02,06,02,01,01,01,01,01,,,,,,,,55,,26,40.424410,74.204750,N,,7804
20181318E050-2018-02364A,MONMOUTH,HOLMDEL TWP,10/25/2018,TH,1801,02,NEW JERSEY STATE POLICE,HOLMDEL - SQUAD,0,1,0,0,I,B,N,N,01,2,GARDEN STATE PARKWAY,S,444,,00000444__,117.00,03,,03,05,02,01,01,01,01,01,,,,,T,NJ 35,NB,25,,26,40.422400,74.245100,N,,7332
20181318E050-2018-02367A,MONMOUTH,HOLMDEL TWP,10/26/2018,FR,0548,02,NEW JERSEY STATE POLICE,HOLMDEL - SQUAD,0,0,0,0,P,B,N,N,12,1,GARDEN STATE PARKWAY,S,444,,00000444__,116.20,03,,01,04,02,01,02,01,01,01,,,,,,,,65,,24,40.392780,74.182570,N,,7887
20181318E050-2018-02368A,MONMOUTH,HOLMDEL TWP,10/26/2018,FR,0604,02,NEW JERSEY STATE POLICE,HOLMDEL - SQUAD,0,0,0,0,P,B,N,N,02,2,GARDEN STATE PARKWAY,N,444,,00000444__,117.00,03,,01,04,02,01,02,01,99,01,,,,,,,,35,,26,40.422180,74.205870,N,,7887
20181318E050-2018-02369A,MONMOUTH,HOLMDEL TWP,10/25/2018,TH,1454,02,NEW JERSEY STATE POLICE,HOLMDEL - SQUAD,0,0,0,0,P,B,N,N,02,2,GARDEN STATE PARKWAY,S,444,,00000444__,115.30,03,,01,04,02,01,01,01,03,01,,,,,,,,65,,26,40.383330,74.168440,N,,6378
20181318E050-2018-02378A,MONMOUTH,HOLMDEL TWP,10/27/2018,SA,1143,02,NEW JERSEY STATE POLICE,HOLMDEL - SQUAD,0,1,0,0,I,B,N,N,11,1,GARDEN STATE PARKWAY,N,444,,00000444__,115.40,03,,01,04,02,02,01,02,01,01,,,,,,,,65,,46,38.125260,74.125150,N,NJTA Guardrail,7362