Year(4)-CountyCode(2)-MunicipalityCode(2)-CaseNumber(9),County Name,Municipality Name,Crash Date,Crash Day of Week,Crash Time,Police Department Code,Police Department,Police Station,Total Killed,Total Injured,Pedestrians Killed,Pedestrians Injured,Severity,Intersection,Alcohol Involved,Hazmat Involved,Crash Type,Total Vehicles,Location,Location Direction,Route,Route Suffix,Std Rte Identifier,MilePost,Road System,Road Character,Road Horizontal Alignment,Road Grade,Road Surface Type,Surface Condition,Light Condition,Environmental Condition,Road Divided By,Temporary Traffic Control Zone,Distance To Cross Street,Unit Of Measurement,Direction From Cross Street,Cross Street Name,Is Ramp,Ramp To/From Route Name,Ramp To/From Route Direction,Posted Speed,Posted Speed Cross Street,First Harmful Event,Latitude,Longitude,Cell Phone In Use Flag,Other Property Damage,Reporting Badge No.
20181318E050-2018-02380A,MONMOUTH,HOLMDEL TWP,10/27/2018,SA,1158,02,NEW JERSEY STATE POLICE,HOLMDEL - SQUAD,0,6,0,0,I,B,N,N,01,3,GARDEN STATE PARKWAY,N,444,,00000444__,115.40,03,,01,04,02,02,01,02,01,01,,,,,,,,65,,26,40.125150,74.151810,N,NJTA Guardrail,7362
20181318E050-2018-02381A,MONMOUTH,HOLMDEL TWP,10/27/2018,SA,0859,02,NEW JERSEY STATE POLICE,HOLMDEL - SQUAD,0,1,0,0,I,B,N,N,11,1,GARDEN STATE PARKWAY,N,444,,00000444__,117.30,03,,02,05,02,02,01,02,01,01,,,,,,,,65,,01,40.405280,74.195700,N,NJTPA Guardrail,7362
20181318E050-2018-02403A,MONMOUTH,HOLMDEL TWP,10/29/2018,MO,0746,02,NEW JERSEY STATE POLICE,HOLMDEL - SQUAD,0,0,0,0,P,B,N,N,02,2,GARDEN STATE PARKWAY,S,444,,00000444__,114.80,03,,01,04,02,01,01,01,01,01,,,,,,,,65,,26,40.381700,74.163410,N,,7501
20181318E050-2018-02433A,MONMOUTH,HOLMDEL TWP,11/02/2018,FR,0437,02,NEW JERSEY STATE POLICE,HOLMDEL - SQUAD,0,0,0,0,P,B,N,N,12,1,GARDEN STATE PARKWAY,N,444,,00000444__,117.40,03,,01,04,02,01,05,01,01,01,,,,,,,,65,,24,40.406320,74.197010,N,,7369
20181318E050-2018-02436A,MONMOUTH,HOLMDEL TWP,11/02/2018,FR,1619,02,NEW JERSEY STATE POLICE,HOLMDEL - SQUAD,0,1,0,0,I,B,N,N,10,1,GARDEN STATE PARKWAY,N,444,,00000444__,117.20,03,,01,04,02,01,01,01,01,01,,,,,,,,65,,01,40.404280,74.194310,N,,7845
20181318E050-2018-02456A,MONMOUTH,HOLMDEL TWP,11/04/2018,SU,2130,02,NEW JERSEY STATE POLICE,HOLMDEL - SQUAD,0,0,0,0,P,B,N,N,12,1,GARDEN STATE PARKWAY,N,444,,00000444__,115.20,03,,01,05,02,01,06,01,01,01,,,,,,,,65,,24,40.384520,74.168190,N,,7804
20181318E050-2018-02457A,MONMOUTH,HOLMDEL TWP,11/04/2018,SU,2120,02,NEW JERSEY STATE POLICE,HOLMDEL - SQUAD,0,1,0,0,I,B,N,N,11,1,GARDEN STATE PARKWAY,S,444,,00000444__,114.40,03,,01,04,02,01,05,01,01,01,,,,,,,,65,,60,40.379480,74.156340,N,,7361
20181318E050-2018-02459A,MONMOUTH,HOLMDEL TWP,11/05/2018,MO,0829,02,NEW JERSEY STATE POLICE,HOLMDEL - SQUAD,0,0,0,0,P,B,N,N,12,1,GARDEN STATE PARKWAY,S,444,,00000444__,114.50,03,,01,06,02,02,01,02,01,01,,,,,,,,65,,24,39.460230,74.708940,N,,7227
20181318E050-2018-02466A,MONMOUTH,HOLMDEL TWP,11/05/2018,MO,0444,02,NEW JERSEY STATE POLICE,HOLMDEL - SQUAD,0,0,0,0,P,B,N,N,12,1,GARDEN STATE PARKWAY,N,444,,00000444__,116.90,03,,01,04,02,02,01,02,01,01,,,,,,,,65,,24,40.401610,74.190070,N,,7382
20181318E050-2018-02478A,MONMOUTH,HOLMDEL TWP,11/06/2018,TU,1311,02,NEW JERSEY STATE POLICE,HOLMDEL - SQUAD,0,1,0,0,I,B,N,N,11,1,GARDEN STATE PARKWAY,S,444,,00000444__,114.00,03,,01,04,02,02,01,02,03,01,,,,,,,,65,,53,40.376370,74.150060,N,Light Pole # JC1218HL,7382
20181318E050-2018-02497A,MONMOUTH,HOLMDEL TWP,11/07/2018,WE,0957,02,NEW JERSEY STATE POLICE,HOLMDEL - SQUAD,0,0,0,0,P,B,N,N,01,2,GARDEN STATE PARKWAY,N,444,,00000444__,114.70,03,,01,06,02,01,01,01,01,03,,,,,,,,45,,26,40.381480,74.159950,N,,7332
20181318E050-2018-02527A,MONMOUTH,HOLMDEL TWP,11/12/2018,MO,1657,02,NEW JERSEY STATE POLICE,HOLMDEL - SQUAD,0,1,0,0,I,B,N,N,01,2,GARDEN STATE PARKWAY,N,444,,00000444__,117.00,03,,02,04,02,01,03,01,01,01,,,,,,,,65,,26,40.424060,74.205290,N,,7514
20181318E050-2018-02553A,MONMOUTH,HOLMDEL TWP,11/15/2018,TH,,02,NEW JERSEY STATE POLICE,HOLMDEL - SQUAD,0,0,0,0,P,B,N,N,11,1,GARDEN STATE PARKWAY,N,444,,00000444__,115.50,03,,01,04,02,01,05,01,01,01,,,,,,,,65,,46,40.386150,74.173400,N,NJTA Guardrail,7739
20181318E050-2018-02556A,MONMOUTH,HOLMDEL TWP,11/15/2018,TH,1336,02,NEW JERSEY STATE POLICE,HOLMDEL - SQUAD,0,0,0,0,P,B,N,N,11,1,GARDEN STATE PARKWAY,S,444,,00000444__,116.20,03,,01,04,02,03,01,03,01,01,,,,,,,,65,,48,40.393640,74.183200,N,NJTA BARRIER,7471
20181318E050-2018-02562A,MONMOUTH,HOLMDEL TWP,11/15/2018,TH,1418,02,NEW JERSEY STATE POLICE,HOLMDEL - SQUAD,0,0,0,0,P,B,N,N,01,2,GARDEN STATE PARKWAY,N,444,,00000444__,117.00,03,,01,06,02,03,01,03,01,01,,,,,,,,35,,26,40.420930,74.213840,N,,7639
20181318E050-2018-02566A,MONMOUTH,HOLMDEL TWP,11/15/2018,TH,1836,02,NEW JERSEY STATE POLICE,HOLMDEL - SQUAD,0,0,0,0,P,B,N,N,11,1,GARDEN STATE PARKWAY,S,444,,00000444__,115.50,03,,01,04,02,03,06,03,01,01,,,,,,,,65,,46,40.383330,74.168440,N,GUARDRAIL,7779
20181318E050-2018-02567A,MONMOUTH,HOLMDEL TWP,11/15/2018,TH,1915,02,NEW JERSEY STATE POLICE,HOLMDEL - SQUAD,0,0,0,0,P,B,N,N,02,2,GARDEN STATE PARKWAY,S,444,,00000444__,114.80,03,,01,04,02,03,06,03,01,01,,,,,,,,65,,26,40.380030,74.158530,N,,7448
20181318E050-2018-02569A,MONMOUTH,HOLMDEL TWP,11/15/2018,TH,2021,02,NEW JERSEY STATE POLICE,HOLMDEL - SQUAD,0,0,0,0,P,B,N,N,11,1,GARDEN STATE PARKWAY,N,444,,00000444__,116.00,03,,01,04,02,03,04,03,01,01,,,,,,,,65,,46,40.385730,74.172570,N,NJTA GUARDRAIL,7208
20181318E050-2018-02570A,MONMOUTH,HOLMDEL TWP,11/15/2018,TH,1810,02,NEW JERSEY STATE POLICE,HOLMDEL - SQUAD,0,0,0,0,P,B,N,N,15,1,GARDEN STATE PARKWAY,N,444,,00000444__,117.00,03,,01,04,02,02,05,01,01,01,,,,,,,,65,,39,40.402510,74.191130,N,,7739
20181318E050-2018-02574A,MONMOUTH,HOLMDEL TWP,11/16/2018,FR,0548,02,NEW JERSEY STATE POLICE,HOLMDEL - SQUAD,0,0,0,0,P,B,N,N,11,1,GARDEN STATE PARKWAY,N,444,,00000444__,117.30,03,,02,04,02,02,06,02,01,01,,,,,,,,65,,46,40.405280,74.195700,N,NJTA-GUARDRAIL DAMAGE,7373
20181318E050-2018-02575A,MONMOUTH,HOLMDEL TWP,11/16/2018,FR,0531,02,NEW JERSEY STATE POLICE,HOLMDEL - SQUAD,0,1,0,0,I,B,N,N,11,1,GARDEN STATE PARKWAY,N,444,,00000444__,117.30,03,,02,04,02,02,01,02,01,01,,,,,,,,65,,46,40.405280,74.195700,N,NJTA-GUARDRAIL DAMAGE,7373
20181318E050-2018-02578A,MONMOUTH,HOLMDEL TWP,11/16/2018,FR,1602,02,NEW JERSEY STATE POLICE,HOLMDEL - SQUAD,0,0,0,0,P,B,N,N,01,2,GARDEN STATE PARKWAY,N,444,,00000444__,117.00,03,,01,04,02,01,01,01,03,01,,,,,T,NJ 35,SB,65,,26,40.424410,74.204750,N,,7373
20181318E050-2018-02584A,MONMOUTH,HOLMDEL TWP,11/16/2018,FR,2017,02,NEW JERSEY STATE POLICE,HOLMDEL - SQUAD,0,0,0,0,P,B,N,N,01,2,GARDEN STATE PARKWAY,N,444,,00000444__,115.10,03,,01,05,02,01,05,01,01,01,,,,,,,,65,,26,40.383830,74.166870,N,NJTA GUIDERAIL,7576
20181318E050-2018-02589A,MONMOUTH,HOLMDEL TWP,11/15/2018,TH,2234,02,NEW JERSEY STATE POLICE,HOLMDEL - SQUAD,0,1,0,0,I,B,N,N,11,1,GARDEN STATE PARKWAY,N,444,,00000444__,117.30,03,,02,04,02,03,06,03,01,01,,,,,,,,65,,46,40.405280,74.195700,N,GUARDRAIL  NJTA PO BOX 5042 WOODBRIDGE NJ.,7448
20181318E050-2018-02591A,MONMOUTH,HOLMDEL TWP,11/15/2018,TH,1758,02,NEW JERSEY STATE POLICE,HOLMDEL - SQUAD,0,1,0,0,I,B,N,N,02,2,GARDEN STATE PARKWAY,N,444,,00000444__,114.00,03,,03,04,02,03,06,03,01,01,,,,,,,,65,,26,40.373560,74.143950,N,,7448
20181318E050-2018-02595A,MONMOUTH,HOLMDEL TWP,11/19/2018,MO,0941,02,NEW JERSEY STATE POLICE,HOLMDEL - SQUAD,0,0,0,0,P,B,N,N,01,2,GARDEN STATE PARKWAY,N,444,,00000444__,117.00,03,,01,04,02,01,01,01,01,01,,,,,,,,30,,26,40.420930,74.213840,N,,7779
20181318E050-2018-02629A,MONMOUTH,HOLMDEL TWP,11/22/2018,TH,1753,02,NEW JERSEY STATE POLICE,HOLMDEL - SQUAD,0,0,0,0,P,B,N,N,12,1,GARDEN STATE PARKWAY,N,444,,00000444__,116.00,03,,01,04,02,01,06,01,01,01,,,,,,,,65,,24,40.387440,74.176010,N,,7570
20181318E050-2018-02630A,MONMOUTH,HOLMDEL TWP,11/22/2018,TH,2013,02,NEW JERSEY STATE POLICE,HOLMDEL - SQUAD,0,0,0,0,P,B,N,N,01,2,GARDEN STATE PARKWAY,N,444,,00000444__,117.00,03,,02,06,02,01,06,01,01,01,,,,,F,NJ 35,NB,65,,26,40.425370,74.202600,N,,7570
20181318E050-2018-02632A,MONMOUTH,HOLMDEL TWP,11/15/2018,TH,2351,02,NEW JERSEY STATE POLICE,HOLMDEL - SQUAD,0,0,0,0,P,B,N,N,11,1,GARDEN STATE PARKWAY,N,444,,00000444__,117.30,03,,01,04,02,02,05,02,01,01,,,,,,,,65,,46,40.405280,74.195700,N,NJTA - Metal Guardrail,7411
20181318E050-2018-02648A,MONMOUTH,HOLMDEL TWP,11/25/2018,SU,,02,NEW JERSEY STATE POLICE,HOLMDEL - SQUAD,0,0,0,0,P,B,N,N,02,2,GARDEN STATE PARKWAY,S,444,,00000444__,115.70,03,,01,05,02,02,06,02,01,01,,,,,,,,65,,26,40.387370,74.178510,N,,7361
20181318E050-2018-02653A,MONMOUTH,HOLMDEL TWP,11/25/2018,SU,,02,NEW JERSEY STATE POLICE,HOLMDEL - SQUAD,0,0,0,0,P,B,N,N,11,1,GARDEN STATE PARKWAY,N,444,,00000444__,117.30,03,,01,04,02,02,05,02,01,01,,,,,,,,65,,46,40.401610,74.189660,N,APPROX. 35 FT OF GUIDERAIL DAMAGE.  NJTA NOTIFIED,7086
20181318E050-2018-02672A,MONMOUTH,HOLMDEL TWP,11/26/2018,MO,1257,02,NEW JERSEY STATE POLICE,HOLMDEL - SQUAD,0,0,0,0,P,B,N,N,01,2,GARDEN STATE PARKWAY,N,444,,00000444__,117.00,03,,02,06,02,02,01,02,01,01,,,,,F,NJ 35,NB,65,,26,40.386550,74.177130,N,,7501
20181318E050-2018-02679A,MONMOUTH,HOLMDEL TWP,11/26/2018,MO,1447,02,NEW JERSEY STATE POLICE,HOLMDEL - SQUAD,0,0,0,0,P,B,N,N,11,1,GARDEN STATE PARKWAY,N,444,,00000444__,117.30,03,,01,04,02,02,01,02,01,01,,,,,,,,65,,46,40.405280,74.195700,N,50 FEET OF NJTPA GUARDRAIL.,7661
20181318E050-2018-02680A,MONMOUTH,HOLMDEL TWP,11/27/2018,TU,0807,02,NEW JERSEY STATE POLICE,HOLMDEL - SQUAD,0,0,0,0,P,B,N,N,01,2,GARDEN STATE PARKWAY,N,444,,00000444__,117.00,03,,01,04,02,01,01,01,01,01,,,,,,,,55,,26,40.386550,74.177130,N,,7514
20181318E050-2018-02684A,MONMOUTH,HOLMDEL TWP,11/27/2018,TU,1634,02,NEW JERSEY STATE POLICE,HOLMDEL - SQUAD,0,0,0,0,P,B,N,N,01,2,GARDEN STATE PARKWAY,N,444,,00000444__,117.00,03,,03,04,02,01,01,02,01,01,,,,,T,RT 35,SB,65,,26,40.424750,74.203770,N,,7845
20181318E050-2018-02697A,MONMOUTH,HOLMDEL TWP,11/28/2018,WE,1925,02,NEW JERSEY STATE POLICE,HOLMDEL - SQUAD,0,0,0,0,P,B,N,N,01,2,GARDEN STATE PARKWAY,S,444,,00000444__,117.00,03,,01,04,02,01,04,01,03,01,,,,,,,,65,,26,40.402120,74.193370,N,,6496
20181318E050-2018-02733A,MONMOUTH,HOLMDEL TWP,12/03/2018,MO,1835,02,NEW JERSEY STATE POLICE,HOLMDEL - SQUAD,0,1,0,0,I,B,N,N,12,1,GARDEN STATE PARKWAY,S,444,,00000444__,116.80,03,,01,04,02,01,06,01,01,01,,,,,,,,65,,24,40.400280,74.190450,N,,7361
20181318E050-2018-02741A,MONMOUTH,HOLMDEL TWP,11/15/2018,TH,2204,02,NEW JERSEY STATE POLICE,HOLMDEL - SQUAD,0,2,0,1,I,B,N,N,06,2,GARDEN STATE PARKWAY,N,444,,00000444__,117.30,03,,02,04,02,03,06,03,01,01,,,,,,,,65,,28,40.405280,74.195700,N,,7448
20181318E050-2018-02745A,MONMOUTH,HOLMDEL TWP,12/05/2018,WE,0518,02,NEW JERSEY STATE POLICE,HOLMDEL - SQUAD,0,0,0,0,P,B,N,N,12,1,GARDEN STATE PARKWAY,N,444,,00000444__,117.00,03,,01,04,02,01,05,01,01,01,,,,,,,,65,,24,40.387370,74.180800,N,,7332
20181318E050-2018-02751A,MONMOUTH,HOLMDEL TWP,12/06/2018,TH,0739,02,NEW JERSEY STATE POLICE,HOLMDEL - SQUAD,0,0,0,0,P,B,N,N,01,2,GARDEN STATE PARKWAY,N,444,,00000444__,117.00,03,,03,04,02,01,01,01,01,01,,,,,T,SH 35,SB,65,,26,40.386550,74.177130,N,,7501
20181318E050-2018-02754A,MONMOUTH,HOLMDEL TWP,12/07/2018,FR,1830,02,NEW JERSEY STATE POLICE,HOLMDEL - SQUAD,0,0,0,0,P,B,N,N,15,1,GARDEN STATE PARKWAY,S,444,,00000444__,117.20,03,,01,04,02,01,06,01,01,01,,,,,,,,65,,39,40.386550,74.177130,N,,7361
20181318E050-2018-02819A,MONMOUTH,HOLMDEL TWP,12/15/2018,SA,2349,02,NEW JERSEY STATE POLICE,HOLMDEL - SQUAD,0,0,0,0,P,B,Y,N,01,2,GARDEN STATE PARKWAY,S,444,,00000444__,117.00,03,,01,04,02,02,04,02,01,01,,,,,,,,65,,26,40.400300,74.190130,N,,7661
20181318E050-2018-02820A,MONMOUTH,HOLMDEL TWP,12/16/2018,SU,0522,02,NEW JERSEY STATE POLICE,HOLMDEL - SQUAD,0,0,0,0,P,B,N,N,11,1,GARDEN STATE PARKWAY,N,444,,00000444__,117.30,03,,01,04,02,02,05,02,01,01,,,,,,,,65,,46,40.405280,74.195700,N,NJTA GUARDRAIL.,7661
20181318E050-2018-02833A,MONMOUTH,HOLMDEL TWP,12/16/2018,SU,1417,02,NEW JERSEY STATE POLICE,HOLMDEL - SQUAD,0,0,0,0,P,B,N,N,99,1,GARDEN STATE PARKWAY,N,444,,00000444__,114.90,03,,03,06,02,02,01,02,01,01,,,,,,,,65,,99,40.382960,74.162870,N,,7361
20181318E050-2018-02877A,MONMOUTH,HOLMDEL TWP,12/21/2018,FR,0604,02,NEW JERSEY STATE POLICE,HOLMDEL - SQUAD,0,0,0,0,P,B,N,N,11,2,GARDEN STATE PARKWAY,N,444,,00000444__,117.30,03,,01,04,02,02,02,02,01,01,,,,,,,,65,,26,40.405390,74.195860,N,GUARDRAIL,7794
20181318E050-2018-02890A,MONMOUTH,HOLMDEL TWP,12/21/2018,FR,1046,02,NEW JERSEY STATE POLICE,HOLMDEL - SQUAD,0,0,0,0,P,B,N,N,11,1,GARDEN STATE PARKWAY,N,444,,00000444__,117.20,03,,02,04,02,02,01,02,01,01,,,,,,,,65,,46,40.404280,74.194310,N,GUARDRAIL  NJTA PO BOX 5042 WOODBRIDGE NJ.,7448
20181318E050-2018-02893A,MONMOUTH,HOLMDEL TWP,12/21/2018,FR,1042,02,NEW JERSEY STATE POLICE,HOLMDEL - SQUAD,0,0,0,0,P,B,N,N,11,1,GARDEN STATE PARKWAY,N,444,,00000444__,115.60,03,,01,04,02,02,01,02,01,01,,,,,,,,65,,46,40.386550,74.177130,N,GUARDRAIL,7794
20181318E050-2018-02895A,MONMOUTH,HOLMDEL TWP,12/23/2018,SU,1225,02,NEW JERSEY STATE POLICE,HOLMDEL - SQUAD,0,1,0,0,I,B,N,N,02,2,GARDEN STATE PARKWAY,S,444,,00000444__,115.10,03,,01,04,02,01,01,01,01,01,,,,,,,,65,,26,40.386550,74.177130,N,,7887
20181318E050-2018-02898A,MONMOUTH,HOLMDEL TWP,12/23/2018,SU,2217,02,NEW JERSEY STATE POLICE,HOLMDEL - SQUAD,0,0,0,0,P,B,Y,N,02,2,GARDEN STATE PARKWAY,S,444,,00000444__,114.20,03,,01,04,02,01,05,05,01,01,,,,,,,,65,,26,40.379600,74.157310,N,NJTA Guardrail,7660
20181318E050-2018-02902A,MONMOUTH,HOLMDEL TWP,12/21/2018,FR,0243,02,NEW JERSEY STATE POLICE,HOLMDEL - SQUAD,0,0,0,0,P,B,N,N,11,1,GARDEN STATE PARKWAY,N,444,,00000444__,117.30,03,,01,04,02,02,06,02,01,01,,,,,,,,65,,46,40.405280,74.195700,N,NJTA GUARDRAIL,7570
20181318E050-2018-02913A,MONMOUTH,HOLMDEL TWP,12/25/2018,TU,1259,02,NEW JERSEY STATE POLICE,HOLMDEL - SQUAD,0,0,0,0,P,B,N,N,01,2,GARDEN STATE PARKWAY,S,444,,00000444__,117.00,03,,01,04,02,01,01,01,01,01,,,,,,,,65,,26,40.386550,74.177130,N,,7576
20181318E050-2018-02921A,MONMOUTH,HOLMDEL TWP,12/28/2018,FR,1101,02,NEW JERSEY STATE POLICE,HOLMDEL - SQUAD,0,0,0,0,P,B,N,N,02,2,GARDEN STATE PARKWAY,N,444,,00000444__,117.30,03,,01,04,02,02,01,02,01,01,,,,,,,,65,,26,40.402060,74.190490,N,GUARDRAIL OWNED BY NJTA.,7570
20181318E050-2018-02931A,MONMOUTH,HOLMDEL TWP,12/28/2018,FR,1044,02,NEW JERSEY STATE POLICE,HOLMDEL - SQUAD,0,0,0,0,P,B,N,N,11,3,GARDEN STATE PARKWAY,N,444,,00000444__,117.30,03,,01,04,02,02,01,02,01,01,,,,,,,,65,,26,40.405280,74.195700,N,FIVE FT OF GUARDRAIL ON LEFT SIDE AND RIGHT SIDE,7845
20181318E050-2018-02949A,MONMOUTH,HOLMDEL TWP,12/31/2018,MO,1842,02,NEW JERSEY STATE POLICE,HOLMDEL - SQUAD,0,0,0,0,P,B,N,N,11,1,GARDEN STATE PARKWAY,N,444,,00000444__,115.80,03,,01,04,02,02,06,02,01,01,,,,,,,,65,,46,40.388860,74.177810,N,NJTA GUIDERAIL,7779
2018131918-10041-AC,MONMOUTH,HOWELL TWP,02/21/2018,WE,0744,01,HOWELL TWP PD,,0,0,0,0,P,B,N,N,01,2,OAK GLEN RD,W,,,13191081__,.92,07,,01,04,02,02,01,01,05,01,25,FE,E,ROUTE 547,,,,45,50,26,,,N,,616
2018131918-10177-AC,MONMOUTH,HOWELL TWP,02/21/2018,WE,1657,01,HOWELL TWP PD,,0,0,0,0,P,B,N,N,01,2,US 9,,9,,00000009__,110.46,02,,01,04,02,01,01,01,01,01,500,FE,N,STRICKLAND RD,,,,55,25,26,,,N,,652
2018131918-1019-AC,MONMOUTH,HOWELL TWP,01/06/2018,SA,1312,01,HOWELL TWP PD,,0,0,0,0,P,B,N,N,01,2,US 9,,9,,00000009__,105.25,02,,01,04,02,02,02,01,01,01,100,FE,N,NEW FRIENDSHIP RD,,,,55,35,26,,,N,,671
2018131918-10264-AC,MONMOUTH,HOWELL TWP,02/22/2018,TH,0600,01,HOWELL TWP PD,,0,0,0,0,P,I,N,N,01,2,US 9,S,9,,00000009__,104.49,02,,01,05,02,01,02,01,01,01,,AT,,LANES MILL RD,,,,50,40,26,,,N,,621
2018131918-1030-AC,MONMOUTH,HOWELL TWP,01/06/2018,SA,1439,01,HOWELL TWP PD,,0,0,0,0,P,I,N,N,03,2,FORT PLAINS RD,N,,,13191057__,.28,07,,01,04,02,01,01,01,05,01,,AT,,HULSES ROAD,,,,40,45,26,,,N,,660
2018131918-1037-AC,MONMOUTH,HOWELL TWP,01/06/2018,SA,1547,01,HOWELL TWP PD,,0,3,0,0,I,I,N,N,03,2,GEORGIA TAVERN RD,E,,,13191073__,1.00,07,,01,04,02,04,01,01,05,01,,AT,,LEMON RD,,,,45,40,26,,,N,STREET SIGN - HOWELL DPW - 4567 9NB HOWELL NJ 07731,655
2018131918-10388-AC,MONMOUTH,HOWELL TWP,02/22/2018,TH,1727,01,HOWELL TWP PD,,0,0,0,0,P,I,N,N,04,2,NJ 33,S,33,,00000033__,33.40,02,,01,04,02,02,06,02,05,01,,AT,,CR 35 / COLTS NECK RD,,,,45,50,26,,,N,,655
2018131918-1044-AC,MONMOUTH,HOWELL TWP,01/06/2018,SA,1656,01,HOWELL TWP PD,,0,0,0,0,P,B,N,N,11,1,WYCKOFF MILLS RD,S,,,,,07,,01,04,02,04,03,01,05,01,500,FE,N,STRICKLAND RD,,,,35,40,,,,N,JCP&L SUPPORT POLE #JC1996HL - JCPL - 880 PINEWALD KESWICK RD BERKLEY NJ 08759,655
2018131918-10502-AC,MONMOUTH,HOWELL TWP,02/23/2018,FR,0933,01,HOWELL TWP PD,,0,0,0,0,P,B,N,N,01,2,ROUTE 547,N,547,,00000547__,11.41,05,,01,04,02,02,01,02,05,01,25,FE,S,MILLER RD,,,,50,40,26,,,N,,616
2018131918-10586-AC,MONMOUTH,HOWELL TWP,02/23/2018,FR,1724,01,HOWELL TWP PD,,0,0,0,0,P,B,N,N,01,2,US 9,N,9,,00000009__,106.27,02,,01,04,02,02,01,02,01,01,250,FE,S,ALDRICH RD,,,,50,40,26,,,N,,653
2018131918-1063-AC,MONMOUTH,HOWELL TWP,01/06/2018,SA,1916,01,HOWELL TWP PD,,0,0,0,0,P,I,N,N,03,2,KENT RD,,,,,,07,,01,04,02,01,07,01,05,01,,AT,,LANES MILL RD,,,,35,35,26,,,N,,653
2018131918-1070-AC,MONMOUTH,HOWELL TWP,01/06/2018,SA,1953,01,HOWELL TWP PD,,0,0,0,0,P,B,N,N,02,2,US 9,N,9,,00000009__,104.55,02,,01,06,02,01,06,01,01,,300,FE,N,LANES MILL RD,,,,50,35,26,,,N,,653
2018131918-10783-AC,MONMOUTH,HOWELL TWP,02/24/2018,SA,1939,01,HOWELL TWP PD,,0,0,0,0,P,B,N,N,06,2,BRUNSWICK DR,N,,,,,07,,01,04,02,01,06,01,05,01,500,FE,N,NORTH LONGVIEW RD,,,,25,25,28,,,Y,,644
2018131918-10868-AC,MONMOUTH,HOWELL TWP,02/25/2018,SU,1402,01,HOWELL TWP PD,,0,0,0,0,P,B,N,N,01,2,US 9,S,9,,00000009__,108.71,02,,01,04,02,02,01,05,01,01,200,FE,N,WEST FARM RD,,,,55,40,26,,,N,,642
2018131918-10975-AC,MONMOUTH,HOWELL TWP,02/26/2018,MO,0648,01,HOWELL TWP PD,,0,0,0,0,P,B,N,N,01,2,US 9,N,9,,00000009__,107.77,02,,01,04,02,01,01,01,01,01,150,FE,N,E 1ST ST / W 1ST ST,,,,50,25,26,,,N,,677
2018131918-11266-AC,MONMOUTH,HOWELL TWP,02/27/2018,TU,1352,01,HOWELL TWP PD,,0,0,0,0,P,B,N,N,06,2,LEXINGTON RD,N,,,,,07,,01,04,02,01,01,01,,01,75,FE,N,MONTICELLO DR,,,,25,25,26,,,N,,189
2018131918-11299-AC,MONMOUTH,HOWELL TWP,02/27/2018,TU,1611,01,HOWELL TWP PD,,0,0,0,0,P,B,N,N,02,2,US 9,N,9,,00000009__,107.60,02,,01,04,02,01,01,01,01,01,150,FE,N,E 3RD ST / W 3RD ST,,,,50,25,26,,,N,,629
2018131918-113-AC,MONMOUTH,HOWELL TWP,01/01/2018,MO,1720,01,HOWELL TWP PD,,0,0,0,0,P,B,N,N,01,2,US 9,N,9,,00000009__,110.36,02,,01,04,02,01,06,01,01,01,50,FE,S,STRICKLAND RD,,,,50,40,26,,,N,,660
2018131918-11321-AC,MONMOUTH,HOWELL TWP,02/27/2018,TU,1818,01,HOWELL TWP PD,,0,0,0,0,P,B,N,N,01,2,E ALDRICH RD,,,,13191056__,1.83,07,,01,04,02,01,06,01,05,01,200,FE,E,US 9,,,,40,50,26,,,N,,640
2018131918-11322-AC,MONMOUTH,HOWELL TWP,02/27/2018,TU,1840,01,HOWELL TWP PD,HOWELL TWP,0,1,0,0,I,B,N,N,04,2,GEORGIA TAVERN RD,W,,,13191073__,2.29,07,,01,04,02,01,06,01,05,01,50,FE,E,WINDELER RD,,,,40,40,26,,,N,,658
2018131918-11346-AC,MONMOUTH,HOWELL TWP,02/27/2018,TU,2258,01,HOWELL TWP PD,,0,0,0,0,P,B,N,N,12,1,ROUTE 547,,547,,00000547__,11.43,05,,01,04,02,01,05,01,05,01,100,FE,N,MILLER RD,,,,50,40,24,,,N,,647
2018131918-11429-AC,MONMOUTH,HOWELL TWP,02/28/2018,WE,1005,01,HOWELL TWP PD,,0,0,0,0,P,B,N,N,01,2,NJ 33 BUSINESS,W,33,B,00000033B_,6.37,02,,01,04,02,01,01,01,,01,1500,FE,W,BRICKYARD RD / FAIRFIELD RD,,,,50,40,26,,,N,,197
2018131918-11529-AC,MONMOUTH,HOWELL TWP,02/28/2018,WE,1859,01,HOWELL TWP PD,,0,0,0,0,P,I,N,N,03,2,ASBURY AVE,,,,,,07,,,04,02,01,07,01,05,01,,AT,,FIVE POINTS RD,,,,45,45,26,,,N,,614