Year(4)-CountyCode(2)-MunicipalityCode(2)-CaseNumber(9),County Name,Municipality Name,Crash Date,Crash Day of Week,Crash Time,Police Department Code,Police Department,Police Station,Total Killed,Total Injured,Pedestrians Killed,Pedestrians Injured,Severity,Intersection,Alcohol Involved,Hazmat Involved,Crash Type,Total Vehicles,Location,Location Direction,Route,Route Suffix,Std Rte Identifier,MilePost,Road System,Road Character,Road Horizontal Alignment,Road Grade,Road Surface Type,Surface Condition,Light Condition,Environmental Condition,Road Divided By,Temporary Traffic Control Zone,Distance To Cross Street,Unit Of Measurement,Direction From Cross Street,Cross Street Name,Is Ramp,Ramp To/From Route Name,Ramp To/From Route Direction,Posted Speed,Posted Speed Cross Street,First Harmful Event,Latitude,Longitude,Cell Phone In Use Flag,Other Property Damage,Reporting Badge No.
2018131918-11733-AC,MONMOUTH,HOWELL TWP,03/01/2018,TH,1600,01,HOWELL TWP PD,,0,0,0,0,P,B,N,N,06,2,LIBERTY CT,,,,,,00,,00,00,00,00,00,00,99,00,200,FE,E,GLEN ARDEN DR,,,,25,25,26,,,N,,650
2018131918-11746-AC,MONMOUTH,HOWELL TWP,03/01/2018,TH,1659,01,HOWELL TWP PD,,0,0,0,0,P,I,Y,N,03,2,ROUTE 524,S,524,,00000524__,32.04,05,,01,04,02,01,01,01,,,,AT,,HURLEY POND RD,,,,50,45,26,,,N,,614
2018131918-11749-AC,MONMOUTH,HOWELL TWP,03/01/2018,TH,1713,01,HOWELL TWP PD,,0,0,0,0,P,B,N,N,01,2,US 9,S,9,,00000009__,104.49,02,,01,05,02,01,01,01,05,01,5,FE,N,LANES MILL RD,,,,50,40,26,,,N,,655
2018131918-11759-AC,MONMOUTH,HOWELL TWP,03/01/2018,TH,1808,01,HOWELL TWP PD,,0,1,0,0,I,I,Y,N,11,1,ROUTE 524,,524,,00000524__,29.98,05,,01,04,02,02,07,02,,,,AT,,WEST FARMS RD,,,,45,35,,,,N,STREET SIGN DAMAGED - MONMOUTH COUNTY - RT 524 HOWELL NJ,615
2018131918-11767-AC,MONMOUTH,HOWELL TWP,03/01/2018,TH,1901,01,HOWELL TWP PD,,0,1,0,0,I,B,N,N,03,2,NEW FRIENDSHIP RD,E,,,,,07,,01,04,02,02,06,02,05,01,250,FE,W,US 9,,,,40,50,26,,,N,,655
2018131918-11868-AC,MONMOUTH,HOWELL TWP,03/02/2018,FR,1059,01,HOWELL TWP PD,,0,0,0,0,P,B,N,N,11,1,WESTERN DR,,,,,,07,,01,04,02,02,01,03,,,50,FE,N,OAK TER,,,,25,25,,,,N,,668
2018131918-1193-AC,MONMOUTH,HOWELL TWP,01/07/2018,SU,1509,01,HOWELL TWP PD,,0,0,0,0,P,B,N,N,01,2,US 9,,9,,00000009__,105.79,02,,01,04,02,01,01,01,01,01,75,FE,N,SALEM HILL RD,,,,50,25,26,,,N,,659
2018131918-1203-AC,MONMOUTH,HOWELL TWP,01/07/2018,SU,1707,01,HOWELL TWP PD,,0,0,0,0,P,B,N,N,02,2,FORD RD,,,,,,07,,01,04,02,01,07,01,05,01,500,FE,W,BROWN RD,,,,40,35,26,,,N,,645
2018131918-12090-AC,MONMOUTH,HOWELL TWP,03/03/2018,SA,1057,01,HOWELL TWP PD,,0,0,0,0,P,B,N,N,11,1,MONMOUTH COUNTY 35,,35,,13000035__,1.80,05,,01,04,02,03,06,03,05,,1000,FE,N,NJ 33,,,,40,50,59,,,N,DAMAGE TO FENCE AT LOCATION - MARY E GARRITY - 480 COLTS NECK RD FARMINGDALE NJ?,197
2018131918-12095-AC,MONMOUTH,HOWELL TWP,03/03/2018,SA,1120,01,HOWELL TWP PD,,0,0,0,0,P,B,N,N,02,3,US 9,S,9,,00000009__,106.32,02,,01,04,02,01,01,01,01,01,5,FE,N,ALDRICH RD,,,,50,40,26,,,N,,
2018131918-12282-AC,MONMOUTH,HOWELL TWP,03/04/2018,SU,1516,01,HOWELL TWP PD,,0,0,0,0,P,B,N,N,01,2,NJ 33,E,33,,00000033__,33.20,02,,01,04,02,01,01,01,05,01,10,FE,E,EAST HASTINGS LN,,,,50,25,26,,,N,,624
2018131918-12290-AC,MONMOUTH,HOWELL TWP,03/04/2018,SU,1624,01,HOWELL TWP PD,HOWELL TWP,0,1,0,0,I,B,N,N,01,2,US 9,S,9,,00000009__,106.45,02,,01,04,02,01,01,01,01,01,50,FE,N,REDWOOD RD,,,,50,25,26,,,N,,658
2018131918-12311-AC,MONMOUTH,HOWELL TWP,03/04/2018,SU,1902,01,HOWELL TWP PD,HOWELL TWP,0,2,0,0,I,I,N,N,03,2,FORT PLAINS RD,E,,,13191057__,2.18,07,,01,04,02,01,07,01,05,01,,AT,,WEST FARMS RD,,,,40,40,26,,,N,,658
2018131918-12467-AC,MONMOUTH,HOWELL TWP,03/05/2018,MO,1608,01,HOWELL TWP PD,,0,0,0,0,P,B,N,N,02,2,NJ 33,,33,,00000033__,34.78,02,,01,04,02,01,01,01,05,01,100,FE,W,TINTON FALLS RD,,,,50,25,26,,,N,,645
2018131918-12478-AC,MONMOUTH,HOWELL TWP,03/05/2018,MO,1653,01,HOWELL TWP PD,,0,1,0,0,I,B,N,N,01,2,NJ 33,,33,,00000033__,33.49,02,,01,04,02,01,01,01,05,,500,FE,E,CR 35 / COLTS NECK RD,,,,50,45,26,,,N,,662
2018131918-12551-AC,MONMOUTH,HOWELL TWP,03/06/2018,TU,0323,01,HOWELL TWP PD,,0,0,0,0,P,B,N,N,12,1,ROUTE 549,,549,,00000549__,16.58,05,,01,04,02,01,06,01,05,01,2640,FE,S,HURLEY POND RD,,,,45,40,24,,,N,,663
2018131918-12681-AC,MONMOUTH,HOWELL TWP,03/06/2018,TU,1523,01,HOWELL TWP PD,,0,1,0,0,I,B,N,N,01,2,US 9,N,9,,00000009__,105.74,02,,01,04,02,01,01,01,01,01,200,FE,S,SALEM HILL RD,,,,50,25,26,,,N,,637
2018131918-12694-AC,MONMOUTH,HOWELL TWP,03/06/2018,TU,1658,01,HOWELL TWP PD,,0,3,0,0,I,B,N,N,03,2,NJ 33,,33,,00000033__,33.59,02,,01,04,02,01,01,01,05,01,1000,FE,E,CR 35 / COLTS NECK RD,,,,50,40,26,,,N,,645
2018131918-12712-AC,MONMOUTH,HOWELL TWP,03/06/2018,TU,1932,01,HOWELL TWP PD,,0,0,0,0,P,B,N,N,02,2,LANES MILL RD,W,,,,,07,,01,04,02,01,05,05,05,01,250,FE,E,US 9,,,,40,50,26,,,N,,185
2018131918-12717-AC,MONMOUTH,HOWELL TWP,03/06/2018,TU,1959,01,HOWELL TWP PD,,0,0,0,0,P,B,N,N,02,2,US 9,N,9,,00000009__,106.32,02,,01,04,02,01,06,01,01,01,25,FE,S,ALDRICH RD,,,,50,40,26,,,N,,639
2018131918-12782-AC,MONMOUTH,HOWELL TWP,03/07/2018,WE,0717,01,HOWELL TWP PD,,0,0,0,0,P,B,N,N,11,1,NJ 34,S,34,,00000034__,8.76,02,,02,05,02,02,01,02,05,01,,,,,T,NJ 33,WB,50,,46,,,N,,177
2018131918-12847-AC,MONMOUTH,HOWELL TWP,03/07/2018,WE,1502,01,HOWELL TWP PD,,0,2,0,0,I,B,N,N,11,1,WESTERN DR,N,,,,,07,,02,04,02,03,01,03,05,01,5,FE,N,OAK TER,,,,25,25,,,,N,,637
2018131918-12848-AC,MONMOUTH,HOWELL TWP,03/07/2018,WE,1514,01,HOWELL TWP PD,,0,0,0,0,P,B,N,N,15,1,NJ 33,E,33,,00000033__,30.77,02,,01,05,02,03,01,03,03,01,700,FE,E,FAIRFIELD RD,,,,50,45,,,,N,DAMAGED WRONG WAY SIGN - STATE DOT - 1035 PARKWAY AVE EWING NJ 08618,616
2018131918-12855-AC,MONMOUTH,HOWELL TWP,03/07/2018,WE,1534,01,HOWELL TWP PD,,0,0,0,0,P,B,N,N,01,2,US 9,,9,,00000009__,104.01,02,,01,04,02,05,01,03,01,01,40,FE,N,ESTELLE LN,,,,50,25,26,,,N,,650
2018131918-12866-AC,MONMOUTH,HOWELL TWP,03/07/2018,WE,1653,01,HOWELL TWP PD,,0,0,0,0,P,B,N,N,15,1,OAK GLEN RD,,,,13191081__,2.02,07,,01,04,02,04,03,03,05,01,45,FE,S,LANES POND RD,,,,45,40,39,,,N,MINOR / SUPERFICAL DAMAGE TO PIPES - PONEER PIPES - 358 PO BOX PITMAN NJ 08071,677
2018131918-12870-AC,MONMOUTH,HOWELL TWP,03/07/2018,WE,1703,01,HOWELL TWP PD,,0,0,0,0,P,I,N,N,03,2,US 9,,9,,00000009__,105.65,02,,01,04,02,03,01,03,01,01,,AT,,FRIENDSHIP RD,,,,50,35,26,,,N,,653
2018131918-12872-AC,MONMOUTH,HOWELL TWP,03/07/2018,WE,1719,01,HOWELL TWP PD,,0,0,0,0,P,B,N,N,11,1,FORT PLAINS RD,,,,13191057__,1.93,07,,03,04,02,03,01,03,05,01,1320,FE,S,WEST FARMS RD,,,,45,,,,,N,,645
2018131918-12941-AC,MONMOUTH,HOWELL TWP,03/08/2018,TH,0827,01,HOWELL TWP PD,,0,0,0,0,P,B,N,N,15,1,NJ 33,,33,,00000033__,33.05,02,,01,04,02,02,01,01,05,01,250,FE,W,WEST RENAISSANCE BLVD,,,,50,25,30,,,N,,648
2018131918-1301-AC,MONMOUTH,HOWELL TWP,01/08/2018,MO,0743,01,HOWELL TWP PD,,0,2,0,0,I,I,N,N,03,2,MONMOUTH COUNTY 35,,35,,13000035__,.94,05,,01,04,02,04,01,08,05,01,,AT,,CRANBERRY RD,,,,40,35,26,,,N,STOP SIGN - TWP OF HOWELL - 4567 9NB HOWELL NJ 07731,674
2018131918-13017-AC,MONMOUTH,HOWELL TWP,03/08/2018,TH,1447,01,HOWELL TWP PD,,0,0,0,0,P,B,N,N,03,2,E ALDRICH RD,,,,13191056__,1.88,07,,01,04,02,01,01,01,05,01,500,FE,E,US 9,,,,40,50,26,,,Y,,337
2018131918-13123-AC,MONMOUTH,HOWELL TWP,03/09/2018,FR,0702,01,HOWELL TWP PD,,0,0,0,0,P,B,N,N,04,2,MONMOUTH COUNTY 18 I,E,18,1,130000181_,.17,05,,02,04,02,04,01,05,05,01,900,FE,E,ROUTE 524 / MAIN ST,,,,50,45,26,,,N,,195
2018131918-13124-AC,MONMOUTH,HOWELL TWP,03/09/2018,FR,0708,01,HOWELL TWP PD,,0,0,0,0,P,B,N,N,11,1,MONMOUTH COUNTY 18 I,,18,1,130000181_,1.00,05,,01,04,02,04,01,01,05,01,5280,FE,E,ROUTE 524 / MAIN ST,,,,40,45,,,,N,MINIMAL DAMAGE TO POLE- VERIZON- 333 FAIRFIELD RD HOWELL NJ 07731,648
2018131918-13125-AC,MONMOUTH,HOWELL TWP,03/09/2018,FR,0710,01,HOWELL TWP PD,,0,0,0,0,P,B,N,N,01,2,HULSES RD,,,,,,07,,01,04,02,04,01,01,05,01,700,FE,W,SMITH ST,,,,45,25,26,,,N,,671
2018131918-13162-AC,MONMOUTH,HOWELL TWP,03/09/2018,FR,1015,01,HOWELL TWP PD,,0,1,0,0,I,B,N,N,10,1,FORT PLAINS RD,,,,13191057__,1.39,07,,02,04,02,01,01,01,05,01,600,FE,N,STONY BROOK TRL,,,,45,25,01,,,N,,671
2018131918-13189-AC,MONMOUTH,HOWELL TWP,03/09/2018,FR,1218,01,HOWELL TWP PD,,0,0,0,0,P,B,N,N,02,2,US 9,,9,,00000009__,110.26,02,,01,04,02,01,01,01,01,01,600,FE,S,STRICKLAND RD,,,,55,35,26,,,N,,671
2018131918-13266-AC,MONMOUTH,HOWELL TWP,03/09/2018,FR,1848,01,HOWELL TWP PD,,0,0,0,0,P,B,N,N,01,2,US 9,N,9,,00000009__,110.89,02,,01,04,02,01,05,01,01,01,50,FE,S,EDINBURGH DR,,,,55,25,26,,,N,,665
2018131918-1327-AC,MONMOUTH,HOWELL TWP,01/08/2018,MO,1015,01,HOWELL TWP PD,,0,1,0,0,I,B,N,N,03,2,US 9,S,9,,00000009__,104.85,02,,01,04,02,01,01,01,01,01,750,FE,S,KENT RD,,,,50,35,26,,,N,,185
2018131918-13401-AC,MONMOUTH,HOWELL TWP,03/10/2018,SA,1213,01,HOWELL TWP PD,,0,0,0,0,P,B,N,N,03,2,NEW FRIENDSHIP RD,W,,,,,07,,01,04,02,01,01,01,05,01,750,FE,W,US 9,,,,35,50,26,,,N,,197
2018131918-13402-AC,MONMOUTH,HOWELL TWP,03/10/2018,SA,1220,01,HOWELL TWP PD,,0,1,0,0,I,I,N,N,03,2,LOCUST AVE,W,,,,,07,,01,04,02,01,01,01,05,01,,AT,,MAXIM SOUTHARD RD,,,,40,45,26,,,N,,616
2018131918-1344-AC,MONMOUTH,HOWELL TWP,01/08/2018,MO,1144,01,HOWELL TWP PD,,0,0,0,0,P,B,N,N,11,1,FORT PLAINS RD,,,,13191057__,2.14,07,,02,04,02,03,01,01,05,01,200,FE,S,WEST FARMS RD,,,,35,35,60,,,N,MAIL BOX & POST COMPLETELY DAMAGED - HUMBERTO E CASTELLANOS - 634 FORT PLAINS R?,189
2018131918-13442-AC,MONMOUTH,HOWELL TWP,03/10/2018,SA,1752,01,HOWELL TWP PD,,0,0,0,0,P,B,N,N,03,2,E ALDRICH RD,,,,13191056__,1.78,07,,01,04,02,01,03,01,05,01,50,FE,W,US 9,,,,40,50,26,,,N,,653
2018131918-1345-AC,MONMOUTH,HOWELL TWP,01/08/2018,MO,1147,01,HOWELL TWP PD,,0,0,0,0,P,B,N,N,02,2,ROUTE 524,,524,,00000524__,25.81,05,,01,04,02,01,01,01,05,01,20,FE,W,WYCKOFF MILLS RD,,,,40,35,26,,,N,,642
2018131918-13488-AC,MONMOUTH,HOWELL TWP,03/10/2018,SA,2337,01,HOWELL TWP PD,,0,2,0,0,I,B,Y,N,01,2,US 9,,9,,00000009__,108.63,02,,01,04,02,01,06,01,01,01,200,FE,S,WEST FARM RD,,,,50,45,26,,,N,,672
2018131918-135-AC,MONMOUTH,HOWELL TWP,01/01/2018,MO,1910,01,HOWELL TWP PD,,0,0,0,0,P,B,N,N,12,1,OAK GLEN RD,,,,13191081__,.42,07,,01,04,02,01,07,01,05,01,2640,FE,W,ROUTE 547,,,,45,50,24,,,N,,645
2018131918-13526-AC,MONMOUTH,HOWELL TWP,03/11/2018,SU,1137,01,HOWELL TWP PD,,0,0,0,0,P,B,N,N,06,2,EAST WHITECLIFF WAY,,,,,,07,,01,04,02,01,01,01,05,01,10,FE,N,EAST MILAN BLVD,,,,25,25,28,,,N,,642
2018131918-13580-AC,MONMOUTH,HOWELL TWP,03/11/2018,SU,1741,01,HOWELL TWP PD,,0,0,0,0,P,I,N,N,02,2,NJ 33,E,33,,00000033__,34.80,02,,01,04,02,01,01,01,03,01,,AT,,TINTON FALLS RD,,,,50,25,26,,,N,,662
2018131918-13608-AC,MONMOUTH,HOWELL TWP,03/11/2018,SU,2152,01,HOWELL TWP PD,,0,0,0,0,P,B,N,N,08,2,TAUNTON DR,E,,,,,07,,01,04,02,01,06,01,05,01,500,FE,E,OLD HICKORY WAY,,,,25,25,28,,,N,,655
2018131918-13821-AC,MONMOUTH,HOWELL TWP,03/12/2018,MO,1724,01,HOWELL TWP PD,,0,4,0,0,I,I,N,N,03,2,ROUTE 524 ALTERNATE,,524,A,00000524A_,.81,05,,01,04,02,01,01,01,05,01,,AT,,W FARM RD,,,,45,40,26,,,N,,615
2018131918-13825-AC,MONMOUTH,HOWELL TWP,03/12/2018,MO,1754,01,HOWELL TWP PD,,0,0,0,0,P,B,N,N,08,2,6794 9 SB,,,,,,09,,01,04,02,01,01,01,05,01,,,,,,,,25,,26,,,N,,665
2018131918-13891-AC,MONMOUTH,HOWELL TWP,08/09/2018,TH,1823,01,HOWELL TWP PD,,0,0,0,0,P,I,N,N,03,2,CASINO DR,,,,,,07,,01,04,02,01,01,01,04,,,AT,,WEST FARMS ROAD,,,,40,35,26,,,N,,333
2018131918-13972-AC,MONMOUTH,HOWELL TWP,03/13/2018,TU,1511,01,HOWELL TWP PD,HOWELL TWP,0,1,0,0,I,B,N,N,01,2,US 9,S,9,,00000009__,105.24,02,,01,04,02,01,01,01,01,01,30,FE,N,NEW FRIENDSHIP RD,,,,50,35,26,,,N,,658
2018131918-13994-AC,MONMOUTH,HOWELL TWP,03/13/2018,TU,1713,01,HOWELL TWP PD,HOWELL TWP,0,0,0,0,P,B,N,N,01,2,ROUTE 549,N,549,,00000549__,17.82,05,,03,04,02,01,01,01,05,01,15,FE,E,ROUTE 547 / FARMINGDALE LAKEWOOD RD,,,,45,50,26,,,N,,658
2018131918-1405-AC,MONMOUTH,HOWELL TWP,01/08/2018,MO,1737,01,HOWELL TWP PD,,0,1,0,0,I,B,N,N,08,2,ROUTE 547,S,547,,00000547__,11.81,05,,01,04,02,02,06,02,05,01,1000,FE,S,OAK GLEN RD,,,,50,45,26,,,N,,660
2018131918-1411-AC,MONMOUTH,HOWELL TWP,01/08/2018,MO,1835,01,HOWELL TWP PD,,0,0,0,0,P,I,N,N,11,1,SALEM HILL ROAD,E,,,,,07,,01,05,02,04,07,07,05,,,AT,,SOUTHPORT DR,,,,25,25,,,,N,TELEPHONE POLE #BT1589HL - JCP&L - RANDOLPH RD HOWELL NJ 07731,626
2018131918-1419-AC,MONMOUTH,HOWELL TWP,01/08/2018,MO,1953,01,HOWELL TWP PD,,0,0,0,0,P,B,N,N,06,2,SPRING HILL DR,,,,,,07,,01,04,02,04,06,07,05,01,50,FE,N,STOCKPORT WAY,,,,25,24,26,,,N,,652
2018131918-14224-AC,MONMOUTH,HOWELL TWP,03/14/2018,WE,1544,01,HOWELL TWP PD,,0,0,0,0,P,B,N,N,03,2,LANES MILL RD,,,,,,07,,01,04,02,01,01,03,05,01,50,FE,E,US 9,,,,40,50,26,,,N,,640
2018131918-14240-AC,MONMOUTH,HOWELL TWP,03/14/2018,WE,1711,01,HOWELL TWP PD,,0,1,0,0,I,B,N,N,01,2,NJ 33,,33,,00000033__,33.97,02,,01,04,02,01,01,01,05,01,25,FE,E,6TH AVE,,,,50,25,26,,,N,,645
2018131918-14327-AC,MONMOUTH,HOWELL TWP,03/15/2018,TH,0523,01,HOWELL TWP PD,HOWELL PD,0,0,0,0,P,B,N,N,01,2,US 9,N,9,,00000009__,107.17,02,,01,04,02,01,02,01,01,,300,FE,S,GEORGIA TAVERN RD / HULSE RD,,,,50,40,26,,,N,,649
2018131918-14361-AC,MONMOUTH,HOWELL TWP,03/15/2018,TH,0844,01,HOWELL TWP PD,,0,0,0,0,P,B,N,N,01,2,ROUTE 524,,524,,00000524__,27.88,05,,01,04,02,01,01,01,,01,200,FE,E,FAIRFIELD RD,,,,45,40,26,,,N,,197
2018131918-14498-AC,MONMOUTH,HOWELL TWP,03/15/2018,TH,1716,01,HOWELL TWP PD,,0,0,0,0,P,B,N,N,01,2,US 9,,9,,00000009__,106.80,02,,01,04,02,01,01,01,01,01,500,FE,N,NORTHWOODS PL / STANLEY BLVD,,,,50,35,26,,,N,,653
2018131918-14717-AC,MONMOUTH,HOWELL TWP,03/16/2018,FR,1635,01,HOWELL TWP PD,,0,1,0,0,I,B,N,N,01,3,NJ 33,W,33,,00000033__,33.42,02,,01,04,02,01,01,01,05,01,125,FE,E,CR 35 / COLTS NECK RD,,,,40,40,26,,,N,,
2018131918-14825-AC,MONMOUTH,HOWELL TWP,03/17/2018,SA,0412,01,HOWELL TWP PD,,0,0,0,0,P,B,N,N,11,1,US 9,,9,,00000009__,103.23,02,,01,04,02,01,06,01,05,01,10,FE,S,FORD RD,,,,50,40,56,,,N,,670
2018131918-1486-AC,MONMOUTH,HOWELL TWP,01/09/2018,TU,0723,01,HOWELL TWP PD,,0,0,0,0,P,B,N,N,06,2,EVERGREEN PL,,,,,,07,,01,04,02,04,06,01,05,01,10,FE,S,CONIFER ST,,,,25,25,28,,,N,,642
2018131918-14889-AC,MONMOUTH,HOWELL TWP,03/17/2018,SA,1408,01,HOWELL TWP PD,,0,0,0,0,P,I,N,N,03,2,NORTH APPLETREE RD,,,,,,07,,01,04,02,01,01,01,05,01,,AT,,STARLIGHT RD,,,,25,25,26,,,N,,677
2018131918-14901-AC,MONMOUTH,HOWELL TWP,03/17/2018,SA,1618,01,HOWELL TWP PD,,0,0,0,0,P,B,N,N,01,2,HILLTOP RD,E,,,,,07,,01,05,02,01,01,01,05,01,5,FE,W,US 9,,,,40,50,26,,,N,,655
2018131918-1502-AC,MONMOUTH,HOWELL TWP,01/09/2018,TU,0855,01,HOWELL TWP PD,,0,0,0,0,P,B,N,N,01,3,US 9,N,9,,00000009__,106.08,02,,01,05,02,02,01,01,01,01,200,FE,N,MOROZ ST,,,,50,25,26,,,N,,
2018131918-1504-AC,MONMOUTH,HOWELL TWP,01/09/2018,TU,0858,01,HOWELL TWP PD,,0,1,0,0,I,B,N,N,01,2,STRICKLAND RD,S,,,,,07,,03,04,02,04,01,01,05,01,15,FE,W,US 9,,,,40,55,26,,,N,,624
2018131918-1505-AC,MONMOUTH,HOWELL TWP,01/09/2018,TU,0900,01,HOWELL TWP PD,,0,1,0,0,I,B,N,N,01,2,ROUTE 547,,547,,00000547__,14.64,05,,01,04,02,01,01,01,05,01,150,FE,S,CR 21/ROUTE 549/HERBERTSVILLE RD/OL,,,,45,45,26,,,N,,642
2018131918-15072-AC,MONMOUTH,HOWELL TWP,03/18/2018,SU,1233,01,HOWELL TWP PD,,0,0,0,0,P,B,N,N,01,2,US 9,,9,,00000009__,103.47,02,,03,04,02,01,01,01,01,01,50,FE,S,ALEXANDER AVE,,,,50,40,26,,,N,,676
2018131918-15074-AC,MONMOUTH,HOWELL TWP,03/18/2018,SU,1249,01,HOWELL TWP PD,,0,2,0,0,I,I,N,N,03,2,LAKEWOOD ALLENWOOD RD,W,,,,,07,,01,04,02,01,01,01,05,01,,AT,,NEWTONS CORNER RD,,,,50,35,26,,,N,,624
2018131918-15082-AC,MONMOUTH,HOWELL TWP,03/18/2018,SU,1503,01,HOWELL TWP PD,HOWELL TWP,0,1,0,0,I,I,N,N,03,2,EASY ST,S,,,,,07,,01,04,02,01,01,01,05,01,,AT,,NEWTONS CORNER RD,,,,40,40,26,,,N,,658
2018131918-15115-AC,MONMOUTH,HOWELL TWP,03/18/2018,SU,1909,01,HOWELL TWP PD,,0,0,0,0,P,I,N,N,01,2,WEST FARMS RD,,,,,,07,,01,04,02,01,05,01,05,01,,AT,,SNYDER RD,,,,40,15,26,,,N,,659
2018131918-15244-AC,MONMOUTH,HOWELL TWP,03/19/2018,MO,1209,01,HOWELL TWP PD,,0,1,0,0,I,I,N,N,04,2,E ALDRICH RD,E,,,13191056__,.00,07,,01,04,02,01,01,01,05,01,,AT,,WINDELER RD,,,,40,40,26,,,N,,624
2018131918-15279-AC,MONMOUTH,HOWELL TWP,03/19/2018,MO,1456,01,HOWELL TWP PD,,0,2,0,0,I,B,N,N,01,2,US 9,,9,,00000009__,108.11,02,,01,04,02,01,01,01,01,01,50,FE,N,WHITE ST,,,,50,40,26,,,N,,659
2018131918-1542-AC,MONMOUTH,HOWELL TWP,01/09/2018,TU,1207,01,HOWELL TWP PD,,0,0,0,0,P,I,N,N,11,1,US 9,N,9,,00000009__,105.78,02,,01,04,02,02,01,01,01,01,,AT,,SALEM HILL RD,,,,50,25,51,,,N,TRAFFIC SIGNAL DAMAGE-SEE NARRATIVE - NJDOT - RT. 9 HOWELL NJ 07731,185
2018131918-15497-AC,MONMOUTH,HOWELL TWP,03/20/2018,TU,1623,01,HOWELL TWP PD,,0,0,0,0,P,B,N,N,11,1,FORT PLAINS RD,,,,13191057__,1.42,07,,01,04,02,02,01,03,05,01,750,FE,N,STONY BROOK TRL,,,,45,25,60,,,N,,640
2018131918-15499-AC,MONMOUTH,HOWELL TWP,03/20/2018,TU,1650,01,HOWELL TWP PD,,0,0,0,0,P,B,N,N,02,2,VIENNA RD,,,,,,07,,01,04,02,03,01,03,05,01,750,FE,N,LAKEWOOD ALLENWOOD RD,,,,35,45,26,,,N,MAILBOX - RONALD P SCHRON - 163 VIENNA RD HOWELL NJ 07731-8602,639
2018131918-15504-AC,MONMOUTH,HOWELL TWP,03/20/2018,TU,1714,01,HOWELL TWP PD,,0,0,0,0,P,B,N,N,99,1,ROUTE 524,,524,,00000524__,33.30,05,,01,04,02,03,01,03,05,01,1320,FE,E,ROUTES 524 ALT/547/MAIN ST/SQUANKUM,,,,50,45,,,,N,,645
2018131918-15507-AC,MONMOUTH,HOWELL TWP,03/20/2018,TU,1727,01,HOWELL TWP PD,,0,3,0,0,I,B,N,N,04,2,KENT RD,,,,,,07,,01,04,02,03,01,03,05,01,,,,FORD RD,,,,40,40,26,,,N,,652
2018131918-15512-AC,MONMOUTH,HOWELL TWP,03/20/2018,TU,1815,01,HOWELL TWP PD,,0,0,0,0,P,I,N,N,01,2,E ALDRICH RD,,,,13191056__,1.79,07,,01,04,02,03,01,03,05,01,,AT,,US 9,,,,40,50,26,,,N,,652
2018131918-15537-AC,MONMOUTH,HOWELL TWP,03/20/2018,TU,2318,01,HOWELL TWP PD,,0,1,0,0,I,I,N,N,03,2,NJ 33 BUSINESS,W,33,B,00000033B_,6.09,02,,01,04,02,02,06,01,05,01,,AT,,FIVE POINTS RD / HOWELL RD,,,,50,50,26,,,N,,623
2018131918-15582-AC,MONMOUTH,HOWELL TWP,03/21/2018,WE,0752,01,HOWELL TWP PD,,0,1,0,0,I,B,N,N,11,1,CHURCH RD,E,,,,,07,,01,04,02,04,01,07,05,01,200,FE,E,FORD RD,,,,40,40,,,,N,POLE 40709 - VERIZON/ JCP&L - CHURCH RD HOWELL NJ 07731,184
2018131918-15585-AC,MONMOUTH,HOWELL TWP,03/21/2018,WE,0851,01,HOWELL TWP PD,,0,0,0,0,P,I,N,N,08,2,FAIRFIELD RD,,,,,,07,,01,04,02,04,01,03,,01,,AT,N,ROUTE 524,,,,50,45,28,,,N,,238
2018131918-15605-AC,MONMOUTH,HOWELL TWP,03/21/2018,WE,1036,01,HOWELL TWP PD,,0,0,0,0,P,B,N,N,11,1,FORD RD,E,,,,,07,,02,05,02,05,01,07,05,01,200,FE,W,IRENE BLVD,,,,40,25,26,,,N,FENCE  SPRINKLER HEADS  LANDSCAPING AND TREES - WILLIAM HITZEL - 5 IRENE BLVD H?,624
2018131918-15678-AC,MONMOUTH,HOWELL TWP,03/21/2018,WE,1841,01,HOWELL TWP PD,,0,0,0,0,P,B,N,N,05,2,CHURCH RD,,,,,,07,,02,04,02,03,03,03,05,01,500,FE,E,FORD RD,,,,40,40,26,,,N,,640
2018131918-15681-AC,MONMOUTH,HOWELL TWP,03/21/2018,WE,1857,01,HOWELL TWP PD,,0,0,0,0,P,B,N,N,11,1,CHURCH RD,,,,,,07,,02,04,02,03,01,03,05,01,200,FE,W,FORD RD,,,,40,40,,,,N,MAILBOX - WILLIAM A HILDEBRANDT - 85 CHURCH RD HOWELL NJ 07731,652
2018131918-15684-AC,MONMOUTH,HOWELL TWP,03/21/2018,WE,1950,01,HOWELL TWP PD,,0,1,0,0,I,I,N,N,11,1,ARNOLD BLVD,E,,,,,07,,01,04,02,03,05,03,05,,,AT,,RAMTOWN GREENVILLE RD,,,,35,40,,,,N,,626
2018131918-15691-AC,MONMOUTH,HOWELL TWP,03/21/2018,WE,2108,01,HOWELL TWP PD,,0,0,0,0,P,B,N,N,11,1,FORT PLAINS RD,,,,13191057__,2.08,07,,01,04,02,03,07,03,05,01,528,FE,S,WEST FARMS RD,,,,40,35,,,,N,,653
2018131918-15698-AC,MONMOUTH,HOWELL TWP,03/21/2018,WE,2227,01,HOWELL TWP PD,,0,0,0,0,P,I,N,N,05,2,EAGLE DR,,,,,,07,,02,05,02,03,06,03,05,01,,AT,,MAX PL,,,,25,25,26,,,N,,640
2018131918-15746-AC,MONMOUTH,HOWELL TWP,03/22/2018,TH,0225,01,HOWELL TWP PD,,0,0,0,0,P,B,N,N,11,1,NJ 33,,33,,00000033__,32.04,02,,02,04,02,03,06,03,05,01,500,FE,W,YELLOW BROOK RD,,,,50,40,,,,N,UTILITY POLE#:JC4862HL - JCP&L - YELLOWBROOK RD HOWELL NJ 07731,652