Year(4)-CountyCode(2)-MunicipalityCode(2)-CaseNumber(9),County Name,Municipality Name,Crash Date,Crash Day of Week,Crash Time,Police Department Code,Police Department,Police Station,Total Killed,Total Injured,Pedestrians Killed,Pedestrians Injured,Severity,Intersection,Alcohol Involved,Hazmat Involved,Crash Type,Total Vehicles,Location,Location Direction,Route,Route Suffix,Std Rte Identifier,MilePost,Road System,Road Character,Road Horizontal Alignment,Road Grade,Road Surface Type,Surface Condition,Light Condition,Environmental Condition,Road Divided By,Temporary Traffic Control Zone,Distance To Cross Street,Unit Of Measurement,Direction From Cross Street,Cross Street Name,Is Ramp,Ramp To/From Route Name,Ramp To/From Route Direction,Posted Speed,Posted Speed Cross Street,First Harmful Event,Latitude,Longitude,Cell Phone In Use Flag,Other Property Damage,Reporting Badge No.
2018131918-15796-AC,MONMOUTH,HOWELL TWP,03/22/2018,TH,0826,01,HOWELL TWP PD,,0,1,0,0,I,I,N,N,03,2,US 9,S,9,,00000009__,104.00,02,,01,04,02,02,01,05,01,01,,AT,,ESTELLE LN,,,,50,25,26,,,N,,185
2018131918-15809-AC,MONMOUTH,HOWELL TWP,03/22/2018,TH,0937,01,HOWELL TWP PD,,0,1,0,0,I,B,N,N,11,1,NEWTONS CORNER RD,,,,,,07,,02,04,02,04,01,01,05,01,300,FE,S,ROUTE 549,,,,45,45,52,,,N,UTILITY POLE # JC 2953HL - JCP&L - 55 RIVER AVE LAKEWOOD NJ 08701,671
2018131918-1587-AC,MONMOUTH,HOWELL TWP,01/09/2018,TU,1641,01,HOWELL TWP PD,,0,0,0,0,P,B,N,N,08,2,PINE NEEDLE ST,N,,,,,07,,01,04,02,01,01,01,05,,600,FE,N,CHERRY LN,,,,25,25,26,,,N,,626
2018131918-15881-AC,MONMOUTH,HOWELL TWP,03/22/2018,TH,1720,01,HOWELL TWP PD,,0,2,0,0,I,I,N,N,03,2,OAK GLEN RD,,,,13191081__,2.68,07,,01,04,02,01,03,01,05,01,,AT,,MAXIM SOUTHARD RD,,,,40,40,26,,,N,,653
2018131918-1595-AC,MONMOUTH,HOWELL TWP,01/09/2018,TU,1725,01,HOWELL TWP PD,,0,1,0,0,I,B,N,N,10,1,GEORGIA TAVERN RD,E,,,13191073__,1.86,07,,01,04,02,02,06,01,,01,50,FE,E,WHITE ST,,,,40,35,26,,,N,,335
2018131918-16132-AC,MONMOUTH,HOWELL TWP,03/24/2018,SA,0014,01,HOWELL TWP PD,,0,1,0,0,I,B,N,N,01,2,US 9,,9,,00000009__,107.93,02,,01,04,02,01,06,01,01,01,100,FE,N,SUNNYSIDE RD,,,,50,25,26,,,Y,,672
2018131918-16209-AC,MONMOUTH,HOWELL TWP,03/24/2018,SA,1536,01,HOWELL TWP PD,HOWELL TWP,0,0,0,0,P,B,N,N,02,2,NJ 33,E,33,,00000033__,34.78,02,,01,04,02,01,01,01,05,01,100,FE,W,TINTON FALLS RD,,,,50,25,26,,,N,,658
2018131918-16221-AC,MONMOUTH,HOWELL TWP,03/24/2018,SA,1657,01,HOWELL TWP PD,HOWELL TWP,0,0,0,0,P,I,N,N,01,2,ROUTE 524,E,524,,00000524__,26.05,05,,01,04,02,01,01,01,05,01,,AT,,QUEENE ANNE BLVD,,,,45,25,26,,,N,,658
2018131918-16367-AC,MONMOUTH,HOWELL TWP,03/25/2018,SU,2247,01,HOWELL TWP PD,,0,0,0,0,P,B,N,N,12,1,ROUTE 547,,547,,00000547__,13.94,05,,01,04,02,01,07,01,,01,500,FE,N,MAXIM RD,,,,50,40,24,,,N,,672
2018131918-16369-AC,MONMOUTH,HOWELL TWP,03/25/2018,SU,2258,01,HOWELL TWP PD,HOWELL PD,0,0,0,0,P,B,N,N,11,1,ROUTE 547,N,547,,00000547__,13.68,05,,01,04,02,01,06,01,05,01,100,FE,N,EASY ST,,,,50,35,46,,,N,,649
2018131918-16410-AC,MONMOUTH,HOWELL TWP,03/26/2018,MO,0954,01,HOWELL TWP PD,,0,1,0,0,I,B,N,N,04,2,ROUTE 547,,547,,00000547__,19.55,05,,01,04,02,01,01,01,05,01,500,FE,E,TINTON FALLS RD / TURLEY LN,,,,45,45,26,,,N,,606
2018131918-16460-AC,MONMOUTH,HOWELL TWP,03/26/2018,MO,1515,01,HOWELL TWP PD,,0,3,0,0,I,I,N,N,04,3,ROUTE 547,N,547,,00000547__,11.41,05,,01,04,02,01,01,01,05,01,,AT,,MILLER RD,,,,50,25,26,,,N,,
2018131918-16509-AC,MONMOUTH,HOWELL TWP,03/26/2018,MO,2028,01,HOWELL TWP PD,,0,0,0,0,P,B,N,N,01,2,US 9,,9,,00000009__,105.23,02,,01,04,02,01,07,01,01,01,20,FE,N,NEW FRIENDSHIP RD,,,,50,40,26,,,N,,323
2018131918-16644-AC,MONMOUTH,HOWELL TWP,03/27/2018,TU,1550,01,HOWELL TWP PD,,0,0,0,0,P,I,N,N,01,2,CHURCH RD,,,,,,07,,01,04,02,01,01,01,05,01,,AT,,FRIENDSHIP RD,,,,40,40,26,,,N,,652
2018131918-16748-AC,MONMOUTH,HOWELL TWP,03/28/2018,WE,0653,01,HOWELL TWP PD,,0,0,0,0,P,B,N,N,11,1,US 9,N,9,,00000009__,105.63,02,,01,06,02,02,06,00,01,01,800,FE,W,SALEM HILL RD,,,,50,25,56,,,N,GRASS  TREES AND BUSHES - ST VERONICA'S CHURCH - 4219 9NB HOWELL NJ 07731,624
2018131918-16980-AC,MONMOUTH,HOWELL TWP,03/29/2018,TH,0934,01,HOWELL TWP PD,,0,0,0,0,P,I,N,N,03,2,KENT RD,S,,,,,07,,01,04,02,02,01,05,05,01,,AT,N,SEMINOLE CT,,,,35,25,26,,,N,,185
2018131918-17063-AC,MONMOUTH,HOWELL TWP,03/29/2018,TH,1825,01,HOWELL TWP PD,,0,1,0,0,I,B,N,N,11,1,ROUTE 547,,547,,00000547__,13.20,05,,01,04,02,02,01,01,05,01,1000,FE,S,VICTORY RD,,,,50,40,,,,N,,654
2018131918-1710-AC,MONMOUTH,HOWELL TWP,01/10/2018,WE,0757,01,HOWELL TWP PD,,0,0,0,0,P,B,N,N,08,2,ROUTE 547,N,547,,00000547__,14.68,05,,01,04,02,01,01,01,,01,55,FE,E,CR 21/ROUTE 549/HERBERTSVILLE RD/OL,,,,45,40,26,,,N,,195
2018131918-17209-AC,MONMOUTH,HOWELL TWP,03/30/2018,FR,1205,01,HOWELL TWP PD,,0,0,0,0,P,B,N,N,11,1,405 RT 524 A (SQUMKUM-YLLWBK),E,,,,,09,,01,04,02,01,01,05,05,01,,,,,,,,25,,52,,,N,,676
2018131918-17214-AC,MONMOUTH,HOWELL TWP,03/30/2018,FR,1253,01,HOWELL TWP PD,,0,1,0,0,I,B,Y,N,11,1,MONMOUTH COUNTY 21,E,21,,13000021__,3.25,05,,02,04,02,01,01,05,05,01,2500,FE,W,ROUTE 547 / LAKEWOOD-FARMINGDALE RD,,,,40,50,,,,N,SEE NARRATIVE FOR FURTHER DETAILS - 69 OLD TAVERN RD HOWELL NJ 07731,675
2018131918-17218-AC,MONMOUTH,HOWELL TWP,03/30/2018,FR,1337,01,HOWELL TWP PD,,0,0,0,0,P,B,N,N,01,2,US 9,,9,,00000009__,107.17,02,,01,04,02,01,01,01,01,01,300,FE,S,GEORGIA TAVERN RD / HULSE RD,,,,50,40,26,,,N,,650
2018131918-17235-AC,MONMOUTH,HOWELL TWP,03/30/2018,FR,1624,01,HOWELL TWP PD,,0,0,0,0,P,B,N,N,06,2,DARIEN RD,,,,,,07,,01,04,02,01,06,01,05,01,500,FE,E,SALEM HILL RD,,,,25,25,26,,,N,,650
2018131918-17361-AC,MONMOUTH,HOWELL TWP,03/31/2018,SA,1029,01,HOWELL TWP PD,,0,0,0,0,P,I,N,N,08,2,NEW FRIENDSHIP RD,E,,,,,07,,01,04,02,01,01,01,05,01,,AT,,ERIC DR,,,,35,25,26,,,N,,671
2018131918-17408-AC,MONMOUTH,HOWELL TWP,03/31/2018,SA,1413,01,HOWELL TWP PD,,0,1,0,0,I,B,N,N,01,2,NJ 33,,33,,00000033__,33.13,02,,01,04,02,01,01,01,04,01,100,FE,W,E SAN MARCO BLVD,,,,45,25,26,,,N,,676
2018131918-17448-AC,MONMOUTH,HOWELL TWP,03/31/2018,SA,1848,01,HOWELL TWP PD,,0,4,0,0,I,B,Y,N,01,2,FAIRFIELD RD,N,,,,,07,,01,04,02,01,01,01,02,01,15,FE,S,NJ 33,,,,40,50,26,,,N,,326
2018131918-17646-AC,MONMOUTH,HOWELL TWP,04/02/2018,MO,0648,01,HOWELL TWP PD,,0,0,0,0,P,B,N,N,06,2,2485 9 NB,,,,,,09,,01,04,02,04,02,03,05,01,,,,,,,,25,,28,,,N,,677
2018131918-17651-AC,MONMOUTH,HOWELL TWP,04/02/2018,MO,0738,01,HOWELL TWP PD,,0,0,0,0,P,B,N,N,11,1,MONMOUTH COUNTY 21,,21,,13000021__,.00,05,,02,05,02,04,01,03,05,01,2000,FE,W,ROUTE 524 ALT / SQUANKUM YELLOWBROO,,,,40,45,60,,,N,,663
2018131918-17652-AC,MONMOUTH,HOWELL TWP,04/02/2018,MO,0752,01,HOWELL TWP PD,,0,1,0,0,I,B,N,N,11,1,CASINO DR,,,,,,07,,01,04,02,04,01,06,05,01,75,FE,W,GREENTREE CT,,,,45,25,60,,,N,,677
2018131918-17729-AC,MONMOUTH,HOWELL TWP,04/02/2018,MO,1721,01,HOWELL TWP PD,,0,0,0,0,P,B,N,N,01,2,HOWELL RD,,,,,,07,,01,04,02,01,01,01,05,01,15,FE,N,ROUTE 524,,,,45,40,26,,,N,,615
2018131918-17758-AC,MONMOUTH,HOWELL TWP,04/02/2018,MO,2108,01,HOWELL TWP PD,,0,0,0,0,P,B,N,N,11,1,ROUTE 547,S,547,,00000547__,13.20,05,,01,04,02,01,04,01,05,01,1000,FE,S,VICTORY RD,,,,50,25,,,,N,POLE NUMBER BT90177H AND 90176 - VERIZON - FAIRFIELD RD HOWELL NJ 07731,665
2018131918-17864-AC,MONMOUTH,HOWELL TWP,04/03/2018,TU,1452,01,HOWELL TWP PD,,0,0,0,0,P,B,N,N,01,2,US 9,S,9,,00000009__,106.70,02,,01,04,02,02,01,05,01,01,30,FE,S,NORTHWOODS PL / STANLEY BLVD,,,,50,25,26,,,N,,639
2018131918-17915-AC,MONMOUTH,HOWELL TWP,04/03/2018,TU,1930,01,HOWELL TWP PD,HOWELL TWP,0,0,0,0,P,I,N,N,03,3,US 9,S,9,,00000009__,107.23,02,,01,04,02,02,06,02,01,01,,AT,,GEORGIA TAVERN RD / HULSE RD,,,,50,40,26,,,N,,
2018131918-1821-AC,MONMOUTH,HOWELL TWP,01/10/2018,WE,1758,01,HOWELL TWP PD,,0,0,0,0,P,B,N,N,08,2,BERNARD DR,,,,,,07,,01,04,02,01,01,01,05,01,,,,,,,,25,,28,,,N,,645
2018131918-18211-AC,MONMOUTH,HOWELL TWP,04/05/2018,TH,0834,01,HOWELL TWP PD,,0,0,0,0,P,B,N,N,01,2,SALEM HILL RD,E,,,,,07,,01,04,02,01,01,01,02,01,5,FE,E,US 9,,,,25,50,26,,,N,,177
2018131918-18223-AC,MONMOUTH,HOWELL TWP,04/05/2018,TH,1010,01,HOWELL TWP PD,,0,0,0,0,P,I,N,N,01,2,US 9,,9,,00000009__,109.95,02,,01,04,02,01,01,01,05,01,,AT,,BERGERVILLE RD / CASINO DR,,,,50,45,26,,,N,,648
2018131918-1827-AC,MONMOUTH,HOWELL TWP,01/10/2018,WE,1825,01,HOWELL TWP PD,,0,0,0,0,P,B,N,N,01,2,US 9,,9,,00000009__,105.25,02,,01,04,02,01,06,01,01,,100,FE,N,NEW FRIENDSHIP RD,,,,50,35,26,,,N,,335
2018131918-18492-AC,MONMOUTH,HOWELL TWP,04/06/2018,FR,1640,01,HOWELL TWP PD,,0,2,0,0,I,B,N,N,01,2,US 9,N,9,,00000009__,107.21,02,,01,04,02,01,01,01,01,01,100,FE,S,GEORGIA TAVERN RD / HULSE RD,,,,55,35,26,,,N,,662
2018131918-18613-AC,MONMOUTH,HOWELL TWP,04/07/2018,SA,0924,01,HOWELL TWP PD,,0,1,0,0,I,I,N,N,02,2,NJ 33,,33,,00000033__,34.80,02,,01,04,02,01,01,05,05,01,,AT,,TINTON FALLS RD,,,,45,25,26,,,N,,648
2018131918-18794-AC,MONMOUTH,HOWELL TWP,04/08/2018,SU,1141,01,HOWELL TWP PD,,0,0,0,0,P,B,N,N,01,3,CHURCH RD,,,,,,07,,01,04,02,01,01,01,04,,1000,FE,E,FORD RD,,,,40,40,26,,,N,,
2018131918-18866-AC,MONMOUTH,HOWELL TWP,04/08/2018,SU,2246,01,HOWELL TWP PD,,0,0,0,0,P,I,N,N,02,2,NJ 33,E,33,,00000033__,34.80,02,,01,04,02,01,07,01,03,01,,AT,,TINTON FALLS RD,,,,50,25,26,,,N,,663
2018131918-18928-AC,MONMOUTH,HOWELL TWP,04/09/2018,MO,0833,01,HOWELL TWP PD,,0,0,0,0,P,I,N,N,01,2,ROUTE 547,,547,,00000547__,15.05,05,,02,06,02,01,01,01,01,01,,AT,,I- 195,,,,50,65,26,,,N,,663
2018131918-18971-AC,MONMOUTH,HOWELL TWP,04/09/2018,MO,1341,01,HOWELL TWP PD,,0,0,0,0,P,B,N,N,01,2,CHURCH RD,E,,,,,07,,01,04,02,01,01,01,05,01,10,FE,W,KENT RD,,,,35,35,26,,,N,,185
2018131918-19006-AC,MONMOUTH,HOWELL TWP,04/09/2018,MO,1745,01,HOWELL TWP PD,,0,0,0,0,P,I,N,N,02,2,NJ 33,,33,,00000033__,34.80,02,,01,04,02,01,01,01,05,01,,AT,,TINTON FALLS RD,,,,50,25,26,,,N,,659
2018131918-19171-AC,MONMOUTH,HOWELL TWP,04/10/2018,TU,1420,01,HOWELL TWP PD,,0,0,0,0,P,B,N,N,02,2,ROUTE 547,,547,,00000547__,14.67,05,,01,04,02,01,01,01,04,01,15,FE,N,CR 21/ROUTE 549/HERBERTSVILLE RD/OL,,,,40,40,26,,,N,,674
2018131918-19174-AC,MONMOUTH,HOWELL TWP,04/10/2018,TU,1457,01,HOWELL TWP PD,,0,1,0,0,I,I,N,N,01,2,RANDOLPH RD,,,,,,07,,01,04,02,01,01,01,05,01,,AT,,ROUTE 547,,,,40,50,26,,,N,,652
2018131918-19191-AC,MONMOUTH,HOWELL TWP,04/10/2018,TU,1631,01,HOWELL TWP PD,,0,0,0,0,P,B,N,N,02,2,ROUTE 547,,547,,00000547__,15.33,05,,01,04,02,01,01,01,,,20,FE,N,ROUTE 524/524A/ALLAIRE RD/SQUANKUM-,,,,50,45,26,,,N,,615
2018131918-19250-AC,MONMOUTH,HOWELL TWP,04/10/2018,TU,2209,01,HOWELL TWP PD,,0,1,0,0,I,B,N,N,11,1,FORT PLAINS RD,N,,,13191057__,3.24,07,,01,04,02,01,05,01,,,500,FE,N,JERRYS LN,,,,45,25,61,,,N,CRACKED POLE #JC1168HL - JERSEY CENTRAL POWER AND LIGHT - 25 ADAFRE AVE TOMS RI?,643
2018131918-19255-AC,MONMOUTH,HOWELL TWP,04/10/2018,TU,2314,01,HOWELL TWP PD,,0,0,0,0,P,B,N,N,12,1,ROUTE 524 ALTERNATE,,524,A,00000524A_,2.74,05,,01,04,02,01,07,01,05,01,5280,FE,W,ROUTE 524/ROUTE 547,,,,45,50,24,,,N,,647
2018131918-1931-AC,MONMOUTH,HOWELL TWP,01/11/2018,TH,0902,01,HOWELL TWP PD,,0,0,0,0,P,B,N,N,01,2,ROUTE 524 ALTERNATE,N,524,A,00000524A_,.00,05,,03,04,02,02,01,01,,,75,FE,W,ROUTE 524 / ADELPHIA FARMINGDALE RD,,,,45,45,26,,,N,,616
2018131918-19334-AC,MONMOUTH,HOWELL TWP,04/11/2018,WE,0849,01,HOWELL TWP PD,,0,0,0,0,P,B,N,N,01,2,US 9,N,9,,00000009__,105.74,02,,01,04,02,01,01,01,00,02,200,FE,S,SALEM HILL RD,,,,50,25,26,,,N,,177
2018131918-19455-AC,MONMOUTH,HOWELL TWP,04/11/2018,WE,1722,01,HOWELL TWP PD,,0,3,0,0,I,B,N,N,01,3,US 9,S,9,,00000009__,106.71,02,,01,04,02,01,01,01,01,01,20,FE,N,NORTHWOODS PL / STANLEY BLVD,,,,50,25,26,,,N,,653
2018131918-19480-AC,MONMOUTH,HOWELL TWP,04/11/2018,WE,2051,01,HOWELL TWP PD,,0,0,0,0,P,B,N,N,01,2,SALEM HILL RD,W,,,,,07,,01,04,02,01,07,01,02,,50,FE,E,US 9,,,,25,50,26,,,N,,626
2018131918-19539-CA,MONMOUTH,HOWELL TWP,04/12/2018,TH,0721,01,HOWELL TWP PD,,0,0,0,0,P,I,N,N,01,2,ROUTE 549,,549,,00000549__,16.07,05,,01,04,02,01,01,01,05,01,,AT,,ALLENWOOD RD,,,,45,40,26,,,N,,648
2018131918-19668-AC,MONMOUTH,HOWELL TWP,04/12/2018,TH,1759,01,HOWELL TWP PD,,0,1,0,0,I,B,N,N,01,2,US 9,,9,,00000009__,103.24,02,,01,04,02,01,01,01,05,01,75,FE,E,FORD RD,,,,50,40,26,,,N,,640
2018131918-19765-AC,MONMOUTH,HOWELL TWP,04/13/2018,FR,0652,01,HOWELL TWP PD,,0,1,0,0,I,B,Y,N,11,1,LEMON RD,,,,,,07,,02,04,02,01,05,01,05,01,1500,FE,N,WEST FARMS RD,,,,40,40,52,,,N,UTILITY POLE JC HL - JCP&L - LARABEE BLVD HOWELL NJ 07731,629
2018131918-19850-AC,MONMOUTH,HOWELL TWP,04/13/2018,FR,1323,01,HOWELL TWP PD,,0,0,0,0,P,I,N,N,03,2,US 9,S,9,,00000009__,107.23,02,,01,04,02,01,01,01,01,01,,AT,,GEORGIA TAVERN RD / HULSE RD,,,,50,35,26,,,N,,643
2018131918-19851-AC,MONMOUTH,HOWELL TWP,04/13/2018,FR,1330,01,HOWELL TWP PD,,0,0,0,0,P,I,N,N,07,2,E ALDRICH RD,E,,,13191056__,1.30,07,,01,06,02,01,01,01,05,01,,AT,,PINEWOOD RD,,,,40,35,26,,,N,,177
2018131918-19914-AC,MONMOUTH,HOWELL TWP,04/13/2018,FR,1824,01,HOWELL TWP PD,,0,0,0,0,P,B,N,N,02,2,ROUTE 547,S,547,,00000547__,14.95,05,,03,05,02,01,01,01,05,01,1500,FE,N,CR 21/ROUTE 549/HERBERTSVILLE RD/OL,,,,50,45,26,,,N,,655
2018131918-20009-AC,MONMOUTH,HOWELL TWP,04/14/2018,SA,0945,01,HOWELL TWP PD,,0,2,0,0,I,I,N,N,03,2,ROUTE 524 ALTERNATE,W,524,A,00000524A_,.81,05,,01,04,02,01,01,01,05,01,,AT,,WEST FARMS RD,,,,45,45,26,,,N,,675
2018131918-2001-AC,MONMOUTH,HOWELL TWP,04/14/2018,SA,1140,01,HOWELL TWP PD,,0,0,0,0,P,B,N,N,01,2,US 9,,9,,00000009__,106.39,02,,01,04,02,01,01,01,05,01,250,FE,S,REDWOOD RD,,,,50,25,,,,N,,648
2018131918-20044-AC,MONMOUTH,HOWELL TWP,04/14/2018,SA,1520,01,HOWELL TWP PD,,0,0,0,0,P,I,N,N,01,2,OAKERSON RD,N,,,,,07,,01,04,02,01,01,01,05,01,,AT,,NJ 33,,,,25,50,26,,,N,,662
2018131918-20113-AC,MONMOUTH,HOWELL TWP,04/14/2018,SA,2026,01,HOWELL TWP PD,,0,0,0,0,P,B,N,N,02,2,LANES MILL RD,,,,,,07,,01,04,02,01,06,01,04,01,,,E,US 9,,,,40,50,26,,,N,,326
2018131918-20212-AC,MONMOUTH,HOWELL TWP,04/15/2018,SU,1202,01,HOWELL TWP PD,,0,1,0,0,I,B,N,N,10,1,GEORGIA TAVERN RD,,,,13191073__,1.66,07,,03,05,02,01,01,01,04,01,5280,FE,N,WEST FARMS RD,,,,45,45,,,,N,,676
2018131918-20222-AC,MONMOUTH,HOWELL TWP,04/15/2018,SU,1406,01,HOWELL TWP PD,,0,0,0,0,P,B,N,N,01,2,US 9,N,9,,00000009__,104.34,02,,01,04,02,02,01,02,01,01,800,FE,S,LANES MILL RD,,,,50,45,26,,,N,,624
2018131918-20223-AC,MONMOUTH,HOWELL TWP,04/15/2018,SU,1417,01,HOWELL TWP PD,,0,0,0,0,P,B,N,N,01,2,LANES MILL RD,W,,,,,07,,01,04,02,02,01,02,05,01,15,FE,W,US 9,,,,25,50,26,,,N,,665
2018131918-20224-AC,MONMOUTH,HOWELL TWP,04/15/2018,SU,1422,01,HOWELL TWP PD,,0,0,0,0,P,B,N,N,01,3,US 9,,9,,00000009__,103.22,02,,01,04,02,02,01,02,05,01,60,FE,S,FORD RD,,,,50,45,26,,,N,,671
2018131918-20225-AC,MONMOUTH,HOWELL TWP,04/15/2018,SU,1444,01,HOWELL TWP PD,,0,0,0,0,P,B,N,N,06,2,GRACE LN,,,,,,09,,01,04,02,02,01,02,05,01,5,FE,W,HENRY CIR,,,,15,15,26,,,N,,659
2018131918-20314-AC,MONMOUTH,HOWELL TWP,04/16/2018,MO,0837,01,HOWELL TWP PD,,0,0,0,0,P,I,N,N,03,2,CASINO DR,W,,,,,07,,01,04,02,02,01,02,05,01,,AT,,LEMON RD,,,,40,35,26,,,N,,665
2018131918-20339-AC,MONMOUTH,HOWELL TWP,04/16/2018,MO,1144,01,HOWELL TWP PD,,0,0,0,0,P,B,N,N,01,2,GEORGIA TAVERN RD,,,,13191073__,2.67,07,,01,04,02,02,01,01,05,01,20,FE,E,US 9,,,,40,50,26,,,N,,661
2018131918-2035-AC,MONMOUTH,HOWELL TWP,01/11/2018,TH,1553,01,HOWELL TWP PD,,0,0,0,0,P,I,N,N,01,2,LANES MILL RD,,,,,,07,,01,04,02,01,01,01,05,01,,AT,,US 9,,,,40,50,26,,,N,,650
2018131918-20396-AC,MONMOUTH,HOWELL TWP,04/16/2018,MO,1724,01,HOWELL TWP PD,,0,0,0,0,P,I,N,N,03,2,US 9,,9,,00000009__,106.32,02,,01,04,02,01,01,01,01,01,,AT,,ALDRICH RD,,,,50,40,26,,,N,,659
2018131918-20404-AC,MONMOUTH,HOWELL TWP,04/16/2018,MO,1757,01,HOWELL TWP PD,,0,1,0,0,I,I,N,N,03,2,ROUTE 524 ALTERNATE,W,524,A,00000524A_,3.74,05,,01,04,02,01,01,01,05,,,AT,,ROUTE 524/ROUTE 547,,,,45,45,26,,,N,,626
2018131918-20480-AC,MONMOUTH,HOWELL TWP,04/17/2018,TU,0710,01,HOWELL TWP PD,,0,0,0,0,P,I,N,N,05,2,NEWBURY RD,E,,,,,07,,01,04,02,01,01,01,05,01,,AT,,SALEM HILL RD,,,,25,25,26,,,N,,184
2018131918-20616-AC,MONMOUTH,HOWELL TWP,04/17/2018,TU,2055,01,HOWELL TWP PD,,0,0,0,0,P,I,N,N,02,2,NJ 33,,33,,00000033__,34.80,02,,01,04,02,01,07,01,01,01,,AT,,TINTON FALLS RD,,,,50,25,26,,,N,,614
2018131918-20833-AC,MONMOUTH,HOWELL TWP,04/18/2018,WE,1807,01,HOWELL TWP PD,,0,0,0,0,P,I,N,N,03,2,CASINO DR,,,,,,07,,01,04,02,01,01,01,05,01,,AT,,LEMON RD,,,,45,40,26,,,N,,615
2018131918-21007-AC,MONMOUTH,HOWELL TWP,04/19/2018,TH,1416,01,HOWELL TWP PD,,0,2,0,0,I,I,N,N,01,2,US 9,S,9,,00000009__,107.91,02,,01,04,02,02,01,02,01,01,,AT,,SUNNYSIDE RD,,,,50,40,26,,,N,,184
2018131918-21023-AC,MONMOUTH,HOWELL TWP,04/19/2018,TH,1547,01,HOWELL TWP PD,,0,0,0,0,P,B,N,N,01,2,NJ 33,E,33,,00000033__,31.99,02,,01,04,02,02,01,02,05,01,750,FE,W,YELLOW BROOK RD,,,,50,45,26,,,N,,643
2018131918-2103-AC,MONMOUTH,HOWELL TWP,01/11/2018,TH,2325,01,HOWELL TWP PD,,0,0,0,0,P,B,N,N,01,2,US 9,,9,,00000009__,106.36,02,,01,04,02,02,06,01,01,01,200,FE,N,ALDRICH RD,,,,50,40,26,,,N,,664
2018131918-21070-AC,MONMOUTH,HOWELL TWP,04/19/2018,TH,2225,01,HOWELL TWP PD,,0,0,0,0,P,B,Y,N,06,2,SUN HOLLOW RD,,,,,,07,,01,04,02,01,06,01,05,01,200,FE,S,DIAMOND LN,,,,25,25,28,,,N,,639
2018131918-21073-AC,MONMOUTH,HOWELL TWP,04/19/2018,TH,2311,01,HOWELL TWP PD,,0,0,0,0,P,I,Y,N,04,2,ROUTE 547,S,547,,00000547__,14.67,05,,01,04,02,01,06,01,05,01,,AT,,CR 21/ROUTE 549/HERBERTSVILLE RD/OL,,,,40,40,26,,,N,,668
2018131918-21116-AC,MONMOUTH,HOWELL TWP,04/20/2018,FR,0810,01,HOWELL TWP PD,,0,0,0,0,P,B,N,N,02,2,US 9,,9,,00000009__,107.82,02,,01,04,02,01,01,01,01,,500,FE,S,SUNNYSIDE RD,,,,50,40,26,,,N,,676
2018131918-21272-AC,MONMOUTH,HOWELL TWP,04/20/2018,FR,1924,01,HOWELL TWP PD,,0,0,0,0,P,B,Y,N,05,2,LOCUST AVE,,,,,,07,,01,04,02,01,01,01,05,01,5,FE,W,MAXIM SOUTHARD RD,,,,45,45,26,,,N,,654
2018131918-21330-AC,MONMOUTH,HOWELL TWP,04/21/2018,SA,0139,01,HOWELL TWP PD,,0,2,0,0,I,B,Y,N,01,2,US 9,,9,,00000009__,108.67,02,,01,04,02,01,06,01,01,01,15,FE,N,WEST FARM RD,,,,50,40,26,,,N,,664
2018131918-2148-AC,MONMOUTH,HOWELL TWP,01/12/2018,FR,0731,01,HOWELL TWP PD,,0,4,0,0,I,I,N,N,03,2,ROUTE 524,E,524,,00000524__,27.35,05,,01,04,02,02,01,02,05,01,,AT,,AMBIANCE BLVD,,,,45,25,26,,,N,,675
2018131918-21569-AC,MONMOUTH,HOWELL TWP,04/22/2018,SU,1424,01,HOWELL TWP PD,,0,2,0,0,I,I,N,N,01,2,US 9,E,9,,00000009__,104.49,02,,01,04,02,01,01,01,05,01,,AT,N,LANES MILL RD,,,,45,50,26,,,N,,624
2018131918-21584-AC,MONMOUTH,HOWELL TWP,04/22/2018,SU,1642,01,HOWELL TWP PD,,0,0,0,0,P,B,N,N,06,2,SECRETARIAT ST,N,,,,,07,,02,04,02,01,01,01,05,01,100,FE,S,RUFFIAN WAY,,,,25,25,28,,,N,,665
2018131918-21714-AC,MONMOUTH,HOWELL TWP,04/23/2018,MO,1137,01,HOWELL TWP PD,,0,2,0,0,I,I,N,N,03,2,LANES MILL RD,,,,,,07,,01,04,02,01,01,01,05,01,,AT,,MAXIM SOUTHARD RD,,,,40,40,26,,,N,,661
2018131918-21725-AC,MONMOUTH,HOWELL TWP,04/23/2018,MO,1215,01,HOWELL TWP PD,,0,0,0,0,P,B,N,N,03,2,E ALDRICH RD,W,,,13191056__,1.88,07,,01,04,02,01,01,01,05,01,500,FE,E,US 9,,,,40,50,26,,,N,,185
2018131918-21768-AC,MONMOUTH,HOWELL TWP,04/23/2018,MO,1519,01,HOWELL TWP PD,,0,0,0,0,P,I,N,N,01,2,MILLER RD,E,,,,,07,,01,04,02,01,01,01,05,01,,AT,,RAILROAD TRACKS,,,,40,5,26,,,Y,,660
2018131918-21921-AC,MONMOUTH,HOWELL TWP,04/24/2018,TU,0925,01,HOWELL TWP PD,,0,0,0,0,P,B,N,N,02,2,OAK GLEN RD,E,,,13191081__,1.83,07,,01,04,02,01,01,01,05,01,1000,FE,S,LANES POND RD,,,,45,40,26,,,N,,624
2018131918-22034-AC,MONMOUTH,HOWELL TWP,04/24/2018,TU,2028,01,HOWELL TWP PD,,0,0,0,0,P,B,N,N,01,2,US 9,N,9,,00000009__,105.23,02,,01,04,02,01,07,01,01,,20,FE,S,NEW FRIENDSHIP RD,,,,50,45,26,,,N,,626
2018131918-22258-AC,MONMOUTH,HOWELL TWP,04/25/2018,WE,2149,01,HOWELL TWP PD,,0,0,0,0,P,B,N,N,01,2,US 9,,9,,00000009__,103.20,02,,01,04,02,01,06,01,04,01,300,FE,N,LAKEWOOD BORDER,,,,50,50,26,,,N,,650
2018131918-22312-AC,MONMOUTH,HOWELL TWP,04/26/2018,TH,0652,01,HOWELL TWP PD,,0,0,0,0,P,B,N,N,08,2,ROBERT AVE,W,,,,,07,,01,04,02,01,01,01,05,01,,,,ROOSEVELT TER,,,,25,,26,,,N,,