Year(4)-CountyCode(2)-MunicipalityCode(2)-CaseNumber(9),County Name,Municipality Name,Crash Date,Crash Day of Week,Crash Time,Police Department Code,Police Department,Police Station,Total Killed,Total Injured,Pedestrians Killed,Pedestrians Injured,Severity,Intersection,Alcohol Involved,Hazmat Involved,Crash Type,Total Vehicles,Location,Location Direction,Route,Route Suffix,Std Rte Identifier,MilePost,Road System,Road Character,Road Horizontal Alignment,Road Grade,Road Surface Type,Surface Condition,Light Condition,Environmental Condition,Road Divided By,Temporary Traffic Control Zone,Distance To Cross Street,Unit Of Measurement,Direction From Cross Street,Cross Street Name,Is Ramp,Ramp To/From Route Name,Ramp To/From Route Direction,Posted Speed,Posted Speed Cross Street,First Harmful Event,Latitude,Longitude,Cell Phone In Use Flag,Other Property Damage,Reporting Badge No.
2018131918-22368-AC,MONMOUTH,HOWELL TWP,04/26/2018,TH,1246,01,HOWELL TWP PD,,0,0,0,0,P,B,N,N,01,2,US 9,N,9,,00000009__,107.90,02,,01,04,02,01,01,01,01,01,40,FE,S,SUNNYSIDE RD,,,,50,35,26,,,N,,177
2018131918-22400-AC,MONMOUTH,HOWELL TWP,04/26/2018,TH,1616,01,HOWELL TWP PD,,0,0,0,0,P,I,N,N,01,2,NJ 33,,33,,00000033__,32.23,02,,01,04,02,01,01,01,05,01,,AT,,CEDAR LN,,,,50,25,26,,,N,,615
2018131918-22404-AC,MONMOUTH,HOWELL TWP,04/26/2018,TH,1633,01,HOWELL TWP PD,,0,0,0,0,P,B,N,N,02,2,US 9,N,9,,00000009__,105.14,02,,01,04,02,01,01,01,01,01,100,FE,N,LOCUST AVE,,,,50,35,26,,,N,,653
2018131918-22414-AC,MONMOUTH,HOWELL TWP,04/26/2018,TH,1742,01,HOWELL TWP PD,,0,0,0,0,P,B,N,N,14,1,MONMOUTH COUNTY 35,,35,,13000035__,.88,05,,01,04,02,01,01,01,05,01,300,FE,S,CRANBERRY RD,,,,45,45,21,,,N,,614
2018131918-22501-AC,MONMOUTH,HOWELL TWP,04/27/2018,FR,0906,01,HOWELL TWP PD,,0,0,0,0,P,B,N,N,02,2,NJ 34,N,34,,00000034__,8.76,02,,01,04,02,01,01,01,04,01,19,FE,W,NJ 33,,,,50,50,26,,,N,,669
2018131918-22502-AC,MONMOUTH,HOWELL TWP,04/27/2018,FR,0908,01,HOWELL TWP PD,,0,0,0,0,P,I,N,N,06,2,MALLARD CT,,,,,,09,,01,04,02,01,01,01,05,01,,AT,,LILY POND CT,,,,25,25,26,,,N,,671
2018131918-22543-AC,MONMOUTH,HOWELL TWP,04/27/2018,FR,1249,01,HOWELL TWP PD,,0,0,0,0,P,B,N,N,08,2,414 9 SB,W,,,,,09,,01,05,02,01,01,05,,,,,,,,,,50,,26,,,N,,197
2018131918-22564-AC,MONMOUTH,HOWELL TWP,04/27/2018,FR,1523,01,HOWELL TWP PD,,0,0,0,0,P,B,N,N,02,2,US 9,S,9,,00000009__,106.32,02,,01,04,02,01,01,01,01,01,15,FE,N,ALDRICH RD,,,,50,40,26,,,N,,655
2018131918-22744-AC,MONMOUTH,HOWELL TWP,04/28/2018,SA,1428,01,HOWELL TWP PD,,0,0,0,0,P,B,N,N,06,2,US 9,,9,,00000009__,104.43,02,,01,04,02,01,01,01,,01,300,FE,S,LANES MILL RD,,,,25,40,26,,,N,,650
2018131918-22747-AC,MONMOUTH,HOWELL TWP,04/28/2018,SA,1508,01,HOWELL TWP PD,,0,0,0,0,P,I,N,N,11,1,NJ 33,W,33,,00000033__,34.80,02,,01,04,02,01,01,01,03,01,,AT,,TINTON FALLS RD,,,,50,50,,,,N,,665
2018131918-22749-AC,MONMOUTH,HOWELL TWP,04/28/2018,SA,1524,01,HOWELL TWP PD,,0,1,0,0,I,I,N,N,03,2,CASINO DR,,,,,,07,,01,04,02,01,01,01,05,01,,AT,,HAVENS BRIDGE RD,,,,40,40,26,,,N,MAILBOX $100 - CHRISTOPHER M KING - 555 CASINO DR HOWELL NJ 07731,654
2018131918-22787-AC,MONMOUTH,HOWELL TWP,04/28/2018,SA,1900,01,HOWELL TWP PD,,0,0,0,0,P,B,N,N,02,2,MONMOUTH COUNTY 18 I,W,18,1,130000181_,,05,,01,04,02,01,03,01,05,01,75,FE,E,BIRDSALL RD,,,,40,25,26,,,N,,677
2018131918-2283,MONMOUTH,HOWELL TWP,01/12/2018,FR,1433,01,HOWELL TWP PD,,0,0,0,0,P,B,N,N,01,2,US 9,N,9,,00000009__,110.85,02,,01,04,02,02,01,02,03,01,250,FE,S,EDINBURGH DR,,,,55,25,26,,,N,,235
2018131918-22853-AC,MONMOUTH,HOWELL TWP,04/29/2018,SU,0114,01,HOWELL TWP PD,,0,0,0,0,P,I,N,N,02,2,NJ 33,,33,,00000033__,34.77,02,,01,04,02,02,06,02,01,01,,AT,S,NJ 34,,,,55,50,26,,,N,,672
2018131918-22880-AC,MONMOUTH,HOWELL TWP,04/29/2018,SU,0941,01,HOWELL TWP PD,,0,0,0,0,P,B,N,N,11,1,WEST FARMS RD,,,,,,07,,01,04,02,02,01,05,04,01,1000,FE,W,CITATION ST,,,,45,25,52,,,N,,676
2018131918-22908-AC,MONMOUTH,HOWELL TWP,04/29/2018,SU,1349,01,HOWELL TWP PD,,0,1,0,0,I,B,N,N,11,1,FORT PLAINS RD,,,,13191057__,.53,07,,02,04,02,01,01,01,05,01,1300,FE,N,HULSES RD,,,,45,35,60,,,N,,629
2018131918-22911-AC,MONMOUTH,HOWELL TWP,04/29/2018,SU,1424,01,HOWELL TWP PD,,0,0,0,0,P,B,N,N,12,1,ASBURY AVE,W,,,,,07,,01,04,02,01,01,01,05,01,500,FE,W,FIVE POINTS RD,,,,40,45,24,,,N,,662
2018131918-2301-AC,MONMOUTH,HOWELL TWP,01/12/2018,FR,1739,01,HOWELL TWP PD,,0,1,0,0,I,I,N,N,03,2,ROUTE 547,,547,,00000547__,14.67,05,,01,04,02,01,06,01,05,01,,AT,,CR 21/ROUTE 549/HERBERTSVILLE RD/OL,,,,45,45,26,,,N,,671
2018131918-23060-AC,MONMOUTH,HOWELL TWP,04/30/2018,MO,0850,01,HOWELL TWP PD,,0,0,0,0,P,B,N,N,01,2,VANDERVEER RD,N,,,,,07,,01,04,02,01,01,01,05,01,30,FE,S,HOWELL RD,,,,45,50,26,,,N,,606
2018131918-23062-AC,MONMOUTH,HOWELL TWP,04/30/2018,MO,0855,01,HOWELL TWP PD,,0,0,0,0,P,I,N,N,03,2,FORT PLAINS RD,,,,13191057__,,07,,01,04,02,01,01,01,05,01,,AT,,ARROWWOOD CT,,,,45,25,26,,,N,,677
2018131918-23230-AC,MONMOUTH,HOWELL TWP,05/01/2018,TU,0640,01,HOWELL TWP PD,,0,1,0,0,I,I,N,N,02,2,NJ 33,,33,,00000033__,34.82,02,,01,04,02,01,01,01,05,01,,AT,,TINTON FALLS RD,,,,50,25,26,,,N,,642
2018131918-23303-AC,MONMOUTH,HOWELL TWP,05/01/2018,TU,1115,01,HOWELL TWP PD,,0,0,0,0,P,B,N,N,01,2,CONIFER ST,N,,,,,07,,02,04,02,01,01,01,05,01,,,,,,,,25,,26,,,N,,679
2018131918-23323-AC,MONMOUTH,HOWELL TWP,05/01/2018,TU,1353,01,HOWELL TWP PD,,0,2,0,0,I,I,N,N,03,2,NJ 33,E,33,,00000033__,33.15,02,,01,04,02,01,01,01,05,01,,AT,N,E SAN MARCO BLVD,,,,50,25,26,,,N,,624
2018131918-23327-AC,MONMOUTH,HOWELL TWP,05/01/2018,TU,1410,01,HOWELL TWP PD,,0,0,0,0,P,B,N,N,02,2,US 9,S,9,,00000009__,108.67,02,,01,04,02,01,01,01,01,01,20,FE,S,WEST FARM RD,,,,50,40,26,,,N,,189
2018131918-23380-AC,MONMOUTH,HOWELL TWP,05/01/2018,TU,1811,01,HOWELL TWP PD,,1,0,1,0,F,B,N,N,14,1,WHITE ST,W,,,,,07,,03,05,02,01,01,01,05,01,1600,FE,E,CONOVER ST,,,,35,25,21,,,N,,629
2018131918-23382-AC,MONMOUTH,HOWELL TWP,05/01/2018,TU,1827,01,HOWELL TWP PD,,0,0,0,0,P,B,N,N,02,2,E ALDRICH RD,,,,13191056__,1.79,07,,01,04,02,01,01,01,05,01,125,FE,W,US 9,,,,40,50,26,,,N,,645
2018131918-23387-AC,MONMOUTH,HOWELL TWP,05/01/2018,TU,1921,01,HOWELL TWP PD,,0,0,0,0,P,I,N,N,02,2,E ALDRICH RD,,,,13191056__,1.30,07,,01,04,02,01,01,01,05,01,,AT,,PINEWOOD RD,,,,40,25,26,,,N,,645
2018131918-23407-AC,MONMOUTH,HOWELL TWP,05/01/2018,TU,2313,01,HOWELL TWP PD,,0,0,0,0,P,B,N,N,12,1,NJ 33 BUSINESS,W,33,B,00000033B_,6.74,02,,01,04,02,01,07,01,01,01,500,FE,E,BRICKYARD RD / FAIRFIELD RD,,,,55,25,24,,,N,,623
2018131918-23605-AC,MONMOUTH,HOWELL TWP,05/02/2018,WE,1728,01,HOWELL TWP PD,,0,0,0,0,P,B,N,N,06,2,INDEPENDENCE WAY,,,,,,07,,01,04,02,01,01,01,05,00,250,FE,S,CONSTITUTION DR,,,,25,25,26,,,N,,648
2018131918-23607-AC,MONMOUTH,HOWELL TWP,05/02/2018,WE,1737,01,HOWELL TWP PD,,0,2,0,0,I,I,N,N,01,2,E ALDRICH RD,,,,13191056__,1.00,07,,01,05,02,01,01,01,05,01,,AT,,SALEM HILL RD,,,,40,25,26,,,N,,645
2018131918-23645-AC,MONMOUTH,HOWELL TWP,05/02/2018,WE,2117,01,HOWELL TWP PD,,0,0,0,0,P,I,N,N,11,1,I-195,,195,,00000195__,27.17,01,,03,06,02,01,05,01,03,01,,AT,,US 9,,,,65,50,,,,N,,653
2018131918-23898-AC,MONMOUTH,HOWELL TWP,05/03/2018,TH,1941,01,HOWELL TWP PD,,0,0,0,0,P,B,N,N,01,2,US 9,,9,,00000009__,106.24,02,,01,04,02,01,01,01,01,01,400,FE,S,ALDRICH RD,,,,50,40,26,,,N,,650
2018131918-2436-AC,MONMOUTH,HOWELL TWP,01/13/2018,SA,1225,01,HOWELL TWP PD,,0,0,0,0,P,B,N,N,11,1,E ALDRICH RD,,,,13191056__,.00,07,,01,04,02,01,01,01,05,01,10,FE,N,WINDELER RD,,,,40,40,60,,,N,,669
2018131918-24378-AC,MONMOUTH,HOWELL TWP,05/06/2018,SU,0323,01,HOWELL TWP PD,,0,0,0,0,P,B,Y,N,11,1,ROUTE 549,,549,,00000549__,17.82,05,,01,04,02,02,06,02,,01,750,FE,E,ROUTE 547 / FARMINGDALE LAKEWOOD RD,,,,40,45,52,,,N,TELEPHONE POLE #JC 1515 HL - #JC 1515 HL POLE - HERBERTSVILLE RD HOWELL NJ 07731,672
2018131918-24430-AC,MONMOUTH,HOWELL TWP,05/06/2018,SU,1206,01,HOWELL TWP PD,,0,1,0,0,I,I,N,N,03,3,US 9,S,9,,00000009__,105.23,02,,01,04,02,01,01,01,02,,,AT,,NEW FRIENDSHIP RD,,,,50,35,26,,,N,,
2018131918-24434-AC,MONMOUTH,HOWELL TWP,05/06/2018,SU,1238,01,HOWELL TWP PD,,0,0,0,0,P,B,N,N,01,2,US 9,S,9,,00000009__,107.36,02,,01,04,02,01,01,01,01,01,200,FE,S,E 5TH ST / W 5TH ST,,,,50,25,26,,,N,,624
2018131918-24440-AC,MONMOUTH,HOWELL TWP,05/06/2018,SU,1335,01,HOWELL TWP PD,,0,1,0,0,I,B,N,N,01,2,E ALDRICH RD,,,,13191056__,1.77,07,,01,04,02,01,01,01,04,,100,FE,W,US 9,,,,40,50,26,,,N,,674
2018131918-24509-AC,MONMOUTH,HOWELL TWP,05/06/2018,SU,2331,01,HOWELL TWP PD,,0,0,0,0,P,B,N,N,12,1,US 9,,9,,00000009__,109.97,02,,01,04,02,01,06,01,01,01,100,FE,N,BERGERVILLE RD / CASINO DR,,,,50,40,24,,,N,,678
2018131918-24583-AC,MONMOUTH,HOWELL TWP,05/06/2018,SU,1905,01,HOWELL TWP PD,,0,0,0,0,P,B,N,N,12,1,ROUTE 524 ALTERNATE,S,524,A,00000524A_,2.51,05,,01,04,02,01,01,01,05,01,500,FE,N,DAY BREAK CT,,,,45,25,25,,,N,,235
2018131918-24639-AC,MONMOUTH,HOWELL TWP,05/07/2018,MO,1644,01,HOWELL TWP PD,,0,0,0,0,P,I,N,N,01,2,ROUTE 547,W,547,,00000547__,14.67,05,,03,04,02,01,01,01,05,01,,AT,,CR 21/ROUTE 549/HERBERTSVILLE RD/OL,,,,50,45,26,,,N,,662
2018131918-24786-AC,MONMOUTH,HOWELL TWP,05/08/2018,TU,1148,01,HOWELL TWP PD,,0,0,0,0,P,B,N,N,02,2,NJ 33,E,33,,00000033__,34.77,02,,01,04,02,01,01,01,01,01,20,FE,W,NJ 34,,,,50,50,26,,,N,,679
2018131918-24835-AC,MONMOUTH,HOWELL TWP,05/08/2018,TU,1621,01,HOWELL TWP PD,,0,0,0,0,P,I,N,N,01,4,US 9,N,9,,00000009__,103.23,02,,01,04,02,01,01,01,04,01,,AT,,FORD RD,,,,50,40,26,,,N,,
2018131918-24838-AC,MONMOUTH,HOWELL TWP,05/08/2018,TU,1626,01,HOWELL TWP PD,,0,0,0,0,P,I,N,N,03,2,MAXIM SOUTHARD RD,,,,,,07,,01,04,02,01,01,01,05,01,,AT,,OAK GLEN RD,,,,45,45,26,,,N,,186
2018131918-24873-AC,MONMOUTH,HOWELL TWP,05/08/2018,TU,1934,01,HOWELL TWP PD,,0,0,0,0,P,B,N,N,02,2,E ALDRICH RD,,,,13191056__,1.79,07,,01,04,02,01,01,01,05,01,200,FE,E,US 9,,,,40,50,26,,,N,,645
2018131918-24886-AC,MONMOUTH,HOWELL TWP,05/05/2018,SA,2035,01,HOWELL TWP PD,,0,0,0,0,P,B,N,N,06,2,1027 RT 33,,,,,,09,,01,04,02,01,01,01,05,01,1000,FE,N,YELLOWBROOK RD,,,,25,40,28,,,N,,653
2018131918-24893-AC,MONMOUTH,HOWELL TWP,05/08/2018,TU,2117,01,HOWELL TWP PD,,0,0,0,0,P,B,N,N,01,2,US 9,,9,,00000009__,105.24,02,,01,04,02,01,07,01,05,01,75,FE,N,NEW FRIENDSHIP RD,,,,50,30,26,,,N,,645
2018131918-24948-AC,MONMOUTH,HOWELL TWP,05/09/2018,WE,0343,01,HOWELL TWP PD,,0,0,0,0,P,B,N,N,12,1,OAK GLEN RD,,,,13191081__,.54,07,,01,04,02,01,05,01,05,01,2000,FE,W,ROUTE 547,,,,45,50,24,,,N,,647
2018131918-24956-AC,MONMOUTH,HOWELL TWP,05/09/2018,WE,0517,01,HOWELL TWP PD,,0,2,0,0,I,I,N,N,03,2,US 9,,9,,00000009__,106.32,02,,01,04,02,01,02,01,01,01,,AT,,ALDRICH RD,,,,50,40,26,,,N,,621
2018131918-24957-AC,MONMOUTH,HOWELL TWP,05/09/2018,WE,0133,01,HOWELL TWP PD,,0,0,0,0,P,B,N,N,11,1,4253 9 NB,,,,,,09,,03,05,02,01,06,01,,01,,,,,,,,,,,,,N,ILLUMINATED SIGN AND GUARD RAIL - QUICK CHECK - 4253 9NB HOWELL NJ 07731,177
2018131918-24979-AC,MONMOUTH,HOWELL TWP,05/09/2018,WE,0835,01,HOWELL TWP PD,,0,0,0,0,P,B,N,N,08,2,STARLIGHT RD,E,,,,,07,,01,04,02,01,01,01,05,01,250,FE,W,CIDERMILL CT,,,,25,25,26,,,N,,177
2018131918-2498-AC,MONMOUTH,HOWELL TWP,01/13/2018,SA,1909,01,HOWELL TWP PD,,0,0,0,0,P,B,N,N,15,1,ROUTE 547,,547,,00000547__,10.76,05,,01,04,02,01,06,01,05,01,500,FE,S,BRY AVE,,,,50,25,39,,,N,,654
2018131918-25110-AC,MONMOUTH,HOWELL TWP,05/09/2018,WE,1759,01,HOWELL TWP PD,,0,2,0,0,I,B,N,N,01,2,US 9,S,9,,00000009__,103.49,02,,01,04,02,01,01,01,01,01,30,FE,N,ALEXANDER AVE,,,,50,45,26,,,N,,186
2018131918-25148-AC,MONMOUTH,HOWELL TWP,05/09/2018,WE,2251,01,HOWELL TWP PD,,0,1,0,0,I,B,N,N,11,1,MONMOUTH COUNTY 21,,21,,13000021__,.59,05,,01,04,02,01,06,04,05,01,1000,FE,S,SOUTHARD AVE,,,,40,40,60,,,N,,179
2018131918-2528-AC,MONMOUTH,HOWELL TWP,01/13/2018,SA,2308,01,HOWELL TWP PD,,0,2,0,0,I,B,N,N,01,3,US 9,S,9,,00000009__,106.38,02,,01,04,02,01,06,01,01,01,300,FE,N,ALDRICH RD,,,,50,40,26,,,N,,
2018131918-25333-AC,MONMOUTH,HOWELL TWP,05/10/2018,TH,1749,01,HOWELL TWP PD,,0,1,0,0,I,I,N,N,04,2,OATES DR,W,,,,,07,,01,04,02,01,01,01,04,,,AT,,WEST FARMS DR,,,,40,25,26,,,N,,644
2018131918-25463-AC,MONMOUTH,HOWELL TWP,05/11/2018,FR,1127,01,HOWELL TWP PD,,0,0,0,0,P,I,N,N,01,2,E ALDRICH RD,,,,13191056__,2.95,07,,01,04,02,01,01,01,05,01,,AT,E,ALDRICH DR,,,,40,25,26,,,N,,671
2018131918-25486-AC,MONMOUTH,HOWELL TWP,05/11/2018,FR,1421,01,HOWELL TWP PD,,0,2,0,0,I,I,N,N,03,3,ROUTE 547,S,547,,00000547__,12.00,05,,01,04,02,01,01,01,05,01,,AT,,OAK GLEN RD,,,,50,45,26,,,N,FIRE HYDRANT - NJAWC - WYCOFF RD WALL NJ,
2018131918-25488-AC,MONMOUTH,HOWELL TWP,05/11/2018,FR,1454,01,HOWELL TWP PD,,0,1,0,0,I,I,N,N,99,1,GEORGIA TAVERN RD,W,,,13191073__,2.29,07,,01,04,02,01,01,01,05,01,,AT,,WINDELER RD,,,,45,45,,,,N,,662
2018131918-25528-AC,MONMOUTH,HOWELL TWP,05/11/2018,FR,1828,01,HOWELL TWP PD,,0,0,0,0,P,B,N,N,01,2,US 9,,9,,00000009__,110.81,02,,01,04,02,01,01,01,01,01,500,FE,S,EDINBURGH DR,,,,55,25,26,,,N,,640
2018131918-25757-AC,MONMOUTH,HOWELL TWP,05/12/2018,SA,2335,01,HOWELL TWP PD,,0,0,0,0,P,B,Y,N,11,1,MAXIM RD,W,,,,,07,,01,04,02,02,05,02,04,01,200,FE,W,ROUTE 547,,,,40,50,52,,,N,UTILITY POLE #JC1759HL SNAPPED AT THE BASE - JERSEY CENTRAL POWER AND LIGHT - 1?,679
2018131918-25815-AC,MONMOUTH,HOWELL TWP,05/13/2018,SU,1442,01,HOWELL TWP PD,,0,0,0,0,P,B,N,N,01,2,LANES MILL RD,E,,,,,07,,01,04,02,02,01,02,05,01,1000,FE,E,KENT RD,,,,35,35,26,,,N,,662
2018131918-25821-AC,MONMOUTH,HOWELL TWP,05/13/2018,SU,1557,01,HOWELL TWP PD,,0,1,0,0,I,I,N,N,14,1,LANES MILL RD,W,,,,,07,,01,04,02,01,01,01,05,01,,AT,,MAXIM SOUTHARD RD,,,,35,45,21,,,N,,662
2018131918-25931-AC,MONMOUTH,HOWELL TWP,05/14/2018,MO,0907,01,HOWELL TWP PD,,0,0,0,0,P,B,N,N,01,2,FRIENDSHIP RD,W,,,,,07,,01,04,02,02,01,05,02,01,25,FE,E,US 9,,,,35,50,26,,,N,,185
2018131918-25939-AC,MONMOUTH,HOWELL TWP,05/14/2018,MO,0951,01,HOWELL TWP PD,,0,0,0,0,P,B,N,N,01,3,US 9,S,9,,00000009__,104.00,02,,01,04,02,02,01,05,01,01,25,FE,N,ESTELLE LN,,,,50,25,26,,,N,,
2018131918-26005-AC,MONMOUTH,HOWELL TWP,05/14/2018,MO,1816,01,HOWELL TWP PD,,0,0,0,0,P,I,N,N,03,2,E ALDRICH RD,,,,13191056__,.00,07,,01,04,02,01,01,01,05,01,,AT,,WINDELER RD,,,,40,40,26,,,N,,652
2018131918-26040-AC,MONMOUTH,HOWELL TWP,05/14/2018,MO,2335,01,HOWELL TWP PD,,0,0,0,0,P,B,N,N,01,4,REGINA DR,,,,,,07,,01,04,02,01,06,01,05,01,,,,NEW FRIENDSHIP RD,,,,25,,26,,,Y,,
2018131918-26174-AC,MONMOUTH,HOWELL TWP,05/15/2018,TU,1321,01,HOWELL TWP PD,,0,1,0,0,I,B,N,N,05,2,FORT PLAINS RD,S,,,13191057__,.27,07,,01,06,02,01,01,01,05,01,75,FE,S,HULSES RD,,,,40,35,26,,,N,,189
2018131918-26185-AC,MONMOUTH,HOWELL TWP,05/15/2018,TU,1422,01,HOWELL TWP PD,,0,2,0,0,I,B,N,N,07,2,NJ 33,W,33,,00000033__,31.02,02,,01,04,02,01,01,01,05,01,2000,FE,E,FAIRFIELD RD,,,,50,45,26,,,N,,624
2018131918-26234-AC,MONMOUTH,HOWELL TWP,05/15/2018,TU,1750,01,HOWELL TWP PD,,0,0,0,0,P,B,N,N,01,3,FIVE POINTS RD,S,,,13091141__,,07,,01,04,02,02,01,02,05,01,100,FE,N,MORNINGSTAR CT,,,,35,25,26,,,N,,
2018131918-26403-AC,MONMOUTH,HOWELL TWP,05/16/2018,WE,1112,01,HOWELL TWP PD,,0,0,0,0,P,I,N,N,03,2,MAXIM SOUTHARD RD,W,,,,,07,,01,04,02,02,01,02,05,01,,AT,,OAK GLEN RD,,,,45,40,26,,,N,,195
2018131918-2647-AC,MONMOUTH,HOWELL TWP,01/14/2018,SU,1155,01,HOWELL TWP PD,,0,0,0,0,P,B,N,N,03,3,FORT PLAINS RD,,,,13191057__,.28,07,,01,04,02,01,01,01,05,01,,,,HULSES RD,,,,45,45,26,,,N,,
2018131918-26501-AC,MONMOUTH,HOWELL TWP,05/16/2018,WE,2021,01,HOWELL TWP PD,,0,2,0,0,I,B,N,N,03,2,NEW FRIENDSHIP RD,,,,,,07,,01,04,02,02,06,02,05,01,500,FE,W,US 9,,,,35,50,26,,,N,,650
2018131918-26508-AC,MONMOUTH,HOWELL TWP,05/16/2018,WE,2126,01,HOWELL TWP PD,,0,0,0,0,P,B,N,N,01,2,US 9,,9,,00000009__,105.96,02,,01,04,02,02,06,02,01,01,250,FE,S,HILL TOP RD,,,,50,,26,,,N,,652
2018131918-26532-AC,MONMOUTH,HOWELL TWP,05/17/2018,TH,0138,01,HOWELL TWP PD,,0,0,0,0,P,I,Y,N,11,1,YELLOWBROOK RD,,,,,,07,,01,04,02,02,07,02,05,01,,AT,,CRANBERRY RD,,,,45,40,,,,N,,653
2018131918-26628-AC,MONMOUTH,HOWELL TWP,05/17/2018,TH,0800,01,HOWELL TWP PD,,0,0,0,0,P,B,N,N,11,1,HULSES RD,,,,,,07,,01,04,02,02,01,02,05,01,,,,,,,,45,,,,,N,PINE TREE AND LAWN - JOANNA RUSSO - 742 HULSES RD HOWELL TOWNSHIP NJ 07731,177
2018131918-2664-AC,MONMOUTH,HOWELL TWP,01/14/2018,SU,1406,01,HOWELL TWP PD,,0,0,0,0,P,B,N,N,01,2,US 9,S,9,,00000009__,104.58,02,,01,04,02,01,01,01,01,01,500,FE,N,LANES MILL RD,,,,50,40,26,,,N,,675
2018131918-26640-AC,MONMOUTH,HOWELL TWP,05/17/2018,TH,1323,01,HOWELL TWP PD,,0,0,0,0,P,B,N,N,02,2,US 9,S,9,,00000009__,105.32,02,,01,04,02,02,01,02,01,01,500,FE,N,NEW FRIENDSHIP RD,,,,50,35,26,,,N,,185
2018131918-26653-AC,MONMOUTH,HOWELL TWP,05/17/2018,TH,1506,01,HOWELL TWP PD,,0,1,0,0,I,B,N,N,02,2,US 9,N,9,,00000009__,105.69,02,,01,04,02,01,01,01,01,,500,FE,S,SALEM HILL RD,,,,50,25,26,,,N,,644
2018131918-26665-AC,MONMOUTH,HOWELL TWP,05/17/2018,TH,1657,01,HOWELL TWP PD,,0,0,0,0,P,I,N,N,02,2,US 9,N,9,,00000009__,103.23,02,,01,04,02,01,01,05,05,01,,AT,,FORD RD,,,,50,35,26,,,N,,653
2018131918-2672-AC,MONMOUTH,HOWELL TWP,01/14/2018,SU,1536,01,HOWELL TWP PD,,0,0,0,0,P,B,N,N,01,2,NJ 33,E,33,,00000033__,29.99,02,,01,04,02,01,01,01,05,01,250,FE,W,HOWELL RD,,,,50,45,26,,,N,,660
2018131918-26878-AC,MONMOUTH,HOWELL TWP,05/18/2018,FR,1726,01,HOWELL TWP PD,,0,0,0,0,P,B,N,N,03,2,NEWTONS CORNER RD,,,,,,07,,01,04,02,01,01,05,05,01,75,FE,S,RAMTOWN GREENVILLE RD,,,,25,40,26,,,N,,640
2018131918-26895-AC,MONMOUTH,HOWELL TWP,05/18/2018,FR,1853,01,HOWELL TWP PD,,0,0,0,0,P,B,N,N,06,2,HAWK CT,W,,,,,07,,02,04,02,01,01,01,05,01,500,FE,W,METEDECONK RD,,,,25,25,26,,,N,,662
2018131918-26993-AC,MONMOUTH,HOWELL TWP,05/19/2018,SA,1145,01,HOWELL TWP PD,,0,0,0,0,P,I,N,N,02,2,NJ 33,,33,,00000033__,34.77,02,,01,04,02,02,01,02,05,01,,AT,,NJ 34,,,,45,50,26,,,N,,648
2018131918-27004-AC,MONMOUTH,HOWELL TWP,05/19/2018,SA,1300,01,HOWELL TWP PD,,0,0,0,0,P,B,N,N,11,1,MAXIM SOUTHARD RD,,,,,,07,,01,04,02,02,01,02,04,01,50,FE,W,OAK GLEN RD,,,,50,45,50,,,N,STREET SIGN AND FIRE HYDRANT - HOWELL TOWNSHIP - MAXIM SOUTHARD RD HOWELL NJ 07?,676
2018131918-27144-AC,MONMOUTH,HOWELL TWP,05/20/2018,SU,0937,01,HOWELL TWP PD,,0,1,0,0,I,I,N,N,11,1,MONMOUTH COUNTY 21,,21,,13000021__,2.12,05,,01,04,02,01,01,01,00,01,,AT,W,PREVENTORIUM RD,,,,45,40,60,,,N,,648
2018131918-27165-AC,MONMOUTH,HOWELL TWP,05/20/2018,SU,1142,01,HOWELL TWP PD,,0,2,0,0,I,I,N,N,03,2,CASINO DR,,,,,,05,,01,04,02,01,01,01,05,01,,AT,,WEST FARMS RD,,,,40,40,26,,,N,WALL OF VACANT HOME/ FOUNDATION - STEVE FEDDER - 241 WEST FARMS RD HOWELL NJ 07?,675
2018131918-27224-AC,MONMOUTH,HOWELL TWP,05/20/2018,SU,1820,01,HOWELL TWP PD,,0,1,0,0,I,I,N,N,03,2,FORT PLAINS RD,,,,13191057__,2.18,07,,01,04,02,01,01,01,,01,,AT,,WEST FARMS RD,,,,40,40,26,,,N,,672
2018131918-27235-AC,MONMOUTH,HOWELL TWP,05/20/2018,SU,2001,01,HOWELL TWP PD,,0,1,0,0,I,B,Y,N,01,2,US 9,N,9,,00000009__,109.86,02,,01,04,02,01,01,01,01,,500,FE,S,BERGERVILLE RD / CASINO DR,,,,55,40,26,,,N,,644
2018131918-27312-AC,MONMOUTH,HOWELL TWP,05/21/2018,MO,0819,01,HOWELL TWP PD,,0,0,0,0,P,B,N,N,02,2,HOWELL RD,,,,,,07,,01,04,02,01,01,01,04,01,500,FE,S,NJ 33,,,,50,50,26,,,N,LANDSCAPING - HOWELL POINT SWIM CLUB - 22 HOWELL RD FREEHOLD NJ 07728,676
2018131918-27423-AC,MONMOUTH,HOWELL TWP,05/21/2018,MO,1610,01,HOWELL TWP PD,,0,1,0,0,I,I,N,N,99,1,MAXIM SOUTHARD RD,S,,,,,07,,01,04,02,01,01,01,05,01,,AT,,OAK GLEN RD,,,,45,45,,,,N,,662
2018131918-27463-AC,MONMOUTH,HOWELL TWP,05/21/2018,MO,1850,01,HOWELL TWP PD,,0,0,0,0,P,B,N,N,02,2,LANES MILL RD,W,,,,,07,,01,04,02,01,01,01,05,,500,FE,W,US 9,,,,40,50,26,,,N,,626
2018131918-27589-AC,MONMOUTH,HOWELL TWP,05/22/2018,TU,0922,01,HOWELL TWP PD,,0,0,0,0,P,B,N,N,01,2,OAK GLEN RD,W,,,13191081__,.92,07,,01,04,02,01,01,01,04,01,15,FE,E,ROUTE 547,,,,45,50,26,,,N,,185
2018131918-278-AC,MONMOUTH,HOWELL TWP,01/02/2018,TU,1508,01,HOWELL TWP PD,,0,0,0,0,P,I,N,N,01,2,NEW FRIENDSHIP RD,,,,,,07,,01,04,02,01,01,01,05,01,,AT,,US 9,,,,35,50,26,,,N,,645