Year(4)-CountyCode(2)-MunicipalityCode(2)-CaseNumber(9),County Name,Municipality Name,Crash Date,Crash Day of Week,Crash Time,Police Department Code,Police Department,Police Station,Total Killed,Total Injured,Pedestrians Killed,Pedestrians Injured,Severity,Intersection,Alcohol Involved,Hazmat Involved,Crash Type,Total Vehicles,Location,Location Direction,Route,Route Suffix,Std Rte Identifier,MilePost,Road System,Road Character,Road Horizontal Alignment,Road Grade,Road Surface Type,Surface Condition,Light Condition,Environmental Condition,Road Divided By,Temporary Traffic Control Zone,Distance To Cross Street,Unit Of Measurement,Direction From Cross Street,Cross Street Name,Is Ramp,Ramp To/From Route Name,Ramp To/From Route Direction,Posted Speed,Posted Speed Cross Street,First Harmful Event,Latitude,Longitude,Cell Phone In Use Flag,Other Property Damage,Reporting Badge No.
2018131918-27868-AC,MONMOUTH,HOWELL TWP,05/23/2018,WE,1500,01,HOWELL TWP PD,,0,0,0,0,P,B,N,N,01,2,NJ 33,,33,,00000033__,30.00,02,,01,04,02,01,01,01,05,01,200,FE,W,HOWELL RD,,,,50,50,26,,,N,,650
2018131918-27944-AC,MONMOUTH,HOWELL TWP,05/23/2018,WE,2227,01,HOWELL TWP PD,,0,0,0,0,P,B,N,N,02,2,US 9,,9,,00000009__,104.49,02,,01,04,02,01,06,01,01,,10,FE,N,LANES MILL RD,,,,50,40,26,,,N,,640
2018131918-28022-AC,MONMOUTH,HOWELL TWP,05/24/2018,TH,0934,01,HOWELL TWP PD,,0,0,0,0,P,B,N,N,99,2,NJ 33,,33,,00000033__,34.86,02,,01,06,02,01,01,01,01,01,300,FE,E,TINTON FALLS RD,,,,50,25,,,,N,,195
2018131918-28060-AC,MONMOUTH,HOWELL TWP,05/24/2018,TH,1228,01,HOWELL TWP PD,,0,1,0,0,I,B,N,N,01,2,ROUTE 547,,547,,00000547__,11.04,05,,01,04,02,01,01,01,05,01,30,FE,N,HURLEY POND RD,,,,45,45,26,,,N,,195
2018131918-28071-AC,MONMOUTH,HOWELL TWP,05/24/2018,TH,1330,01,HOWELL TWP PD,,0,0,0,0,P,I,N,N,03,2,ROUTE 524 ALTERNATE,W,524,A,00000524A_,3.74,05,,01,04,02,01,01,01,05,02,,AT,,ROUTE 524/ROUTE 547,,,,45,45,26,,,N,,673
2018131918-28073-AC,MONMOUTH,HOWELL TWP,05/24/2018,TH,1335,01,HOWELL TWP PD,,0,0,0,0,P,B,N,N,06,2,SHORE OAKS DR,,,,,,07,,01,04,02,01,01,01,05,01,20,FE,W,VARDON WAY,,,,25,25,28,,,N,,197
2018131918-28135-AC,MONMOUTH,HOWELL TWP,05/24/2018,TH,1742,01,HOWELL TWP PD,,0,0,0,0,P,B,N,N,06,2,BEACON DR,,,,,,07,,01,04,02,01,01,01,05,01,100,FE,E,SOUTH LONGVIEW RD,,,,25,25,26,,,N,,654
2018131918-28150-AC,MONMOUTH,HOWELL TWP,05/24/2018,TH,1846,01,HOWELL TWP PD,,0,0,0,0,P,B,N,N,01,2,LANES MILL RD,,,,,,07,,01,04,02,01,01,01,05,01,100,FE,W,US 9,,,,40,50,26,,,N,,654
2018131918-28272-AC,MONMOUTH,HOWELL TWP,05/25/2018,FR,1132,01,HOWELL TWP PD,,0,0,0,0,P,B,N,N,01,2,US 9,,9,,00000009__,106.70,02,,01,04,02,01,01,01,05,01,50,FE,S,NORTHWOODS PL / STANLEY BLVD,,,,50,25,26,,,N,,648
2018131918-28377-AC,MONMOUTH,HOWELL TWP,05/25/2018,FR,2041,01,HOWELL TWP PD,,0,1,0,0,I,I,N,N,01,2,US 9,N,9,,00000009__,108.67,02,,01,04,02,01,06,01,01,,,AT,,WEST FARM RD,,,,50,40,26,,,N,,644
2018131918-28380-AC,MONMOUTH,HOWELL TWP,05/25/2018,FR,2110,01,HOWELL TWP PD,,0,0,0,0,P,B,N,N,06,2,MONMOUTH COUNTY 21,,21,,13000021__,3.57,05,,03,04,02,01,03,01,05,01,800,FE,W,ROUTE 547 / LAKEWOOD-FARMINGDALE RD,,,,40,45,28,,,N,,640
2018131918-28391-AC,MONMOUTH,HOWELL TWP,05/25/2018,FR,2300,01,HOWELL TWP PD,,0,1,0,0,I,B,Y,N,01,2,LANES MILL RD,,,,,,07,,01,04,02,01,06,01,,,10,FE,W,US 9,,,,40,50,26,,,N,,670
2018131918-285-AC,MONMOUTH,HOWELL TWP,01/02/2018,TU,1557,01,HOWELL TWP PD,,0,0,0,0,P,B,N,N,01,2,US 9,,9,,00000009__,106.45,02,,01,04,02,01,01,01,01,01,30,FE,N,REDWOOD RD,,,,50,25,26,,,N,,659
2018131918-28619-AC,MONMOUTH,HOWELL TWP,05/26/2018,SA,2317,01,HOWELL TWP PD,,0,0,0,0,P,I,N,N,01,2,US 9,N,9,,00000009__,103.23,02,,01,04,02,01,06,01,04,01,,AT,,FORD RD,,,,50,45,26,,,N,,662
2018131918-28685-AC,MONMOUTH,HOWELL TWP,05/27/2018,SU,0649,01,HOWELL TWP PD,,0,0,0,0,P,B,N,N,11,1,MONMOUTH COUNTY 35,N,35,,13000035__,1.00,05,,01,04,02,02,01,02,04,01,300,FE,N,CRANBERRY RD,,,,45,45,52,,,N,JCPL - COLTS NECK RD HOWELL NJ 07731,669
2018131918-28710-AC,MONMOUTH,HOWELL TWP,05/27/2018,SU,1046,01,HOWELL TWP PD,,0,0,0,0,P,B,N,N,11,1,YELLOWBROOK RD,N,,,,,07,,01,04,02,02,01,02,,01,400,FE,N,CRANBERRY RD,,,,45,45,59,,,N,,669
2018131918-2883-AC,MONMOUTH,HOWELL TWP,01/15/2018,MO,2022,01,HOWELL TWP PD,,0,0,0,0,P,B,Y,N,11,1,ROUTE 547,,547,,00000547__,,05,,01,04,02,01,07,01,05,01,,,,,,,,45,,52,,,N,,645
2018131918-28846-AC,MONMOUTH,HOWELL TWP,05/28/2018,MO,1030,01,HOWELL TWP PD,,0,0,0,0,P,B,N,N,14,1,GEORGIA TAVERN RD,,,,13191073__,2.57,07,,01,04,02,02,01,01,05,01,20,FE,E,WILENTZ AVE,,,,40,25,21,,,N,,674
2018131918-28864-AC,MONMOUTH,HOWELL TWP,05/28/2018,MO,1313,01,HOWELL TWP PD,,0,2,0,0,I,I,N,N,03,2,NJ 33,W,33,,00000033__,34.80,02,,01,05,02,01,01,01,03,01,,AT,,TINTON FALLS RD,,,,50,25,26,,,N,,606
2018131918-28912-AC,MONMOUTH,HOWELL TWP,05/28/2018,MO,2317,01,HOWELL TWP PD,,0,1,0,0,I,I,Y,N,11,1,ROUTE 524,,524,,00000524__,26.83,05,,01,04,02,01,06,01,05,01,,AT,,HAVEN BRIDGE RD,,,,45,40,69,,,N,DAMAGE TO GRASS AND RETENTION WALL. - JAMES PEARCE - 734 RT 524 (ADELPHIA-FARMD?,661
2018131918-28944-AC,MONMOUTH,HOWELL TWP,05/29/2018,TU,0633,01,HOWELL TWP PD,,0,0,0,0,P,B,Y,N,11,3,NORTHWOODS PL,E,,,,,07,,01,04,02,01,01,01,05,01,300,FE,E,US 9,,,,25,50,26,,,N,MAILBOX AND POST - WENDY R PILESKY - 6 NORTHWOODS PL HOWELL NJ 07731-8702,
2018131918-28982-AC,MONMOUTH,HOWELL TWP,05/29/2018,TU,0913,01,HOWELL TWP PD,,0,0,0,0,P,B,N,N,11,1,LIONS CT,,,,,,07,,01,04,02,01,01,01,05,01,200,FE,E,FIVE POINTS RD,,,,25,45,56,,,N,LIGHT POLE: 62317 - HOWELL TOWNSHIP - 4567 9NB HOWELL NJ 07731,642
2018131918-29117-AC,MONMOUTH,HOWELL TWP,05/29/2018,TU,2056,01,HOWELL TWP PD,,0,1,0,0,I,B,N,N,05,2,RAMTOWN GREENVILLE RD,,,,,,07,,03,04,02,01,05,01,05,01,1000,FE,W,NEWTONS CORNER RD,,,,40,25,,,,N,,332
2018131918-29166-AC,MONMOUTH,HOWELL TWP,05/30/2018,WE,0445,01,HOWELL TWP PD,,0,0,0,0,P,B,N,N,09,2,LANES MILL RD,,,,,,07,,01,06,02,01,07,04,05,01,150,FE,W,US 9,,,,40,50,26,,,N,,621
2018131918-29201-AC,MONMOUTH,HOWELL TWP,05/30/2018,WE,0844,01,HOWELL TWP PD,,0,0,0,0,P,B,N,N,01,3,NJ 33,E,33,,00000033__,34.71,02,,01,04,02,02,01,02,03,01,500,FE,W,TINTON FALLS RD,,,,50,25,26,,,N,,
2018131918-29394-AC,MONMOUTH,HOWELL TWP,05/31/2018,TH,0729,01,HOWELL TWP PD,,0,0,0,0,P,B,N,N,01,2,ALDRICH WEST RD,E,,,,,07,,01,04,02,01,01,01,05,01,25,FE,E,CODDINGTON CT,,,,40,25,26,,,N,,189
2018131918-29395-AC,MONMOUTH,HOWELL TWP,05/31/2018,TH,0738,01,HOWELL TWP PD,,0,0,0,0,P,B,N,N,01,2,W ALDRICH RD,E,,,,,07,,01,04,02,01,01,01,05,01,75,FE,E,CODDINGTON CT,,,,40,25,26,,,N,,184
2018131918-29480-AC,MONMOUTH,HOWELL TWP,05/31/2018,TH,1532,01,HOWELL TWP PD,,0,0,0,0,P,B,N,N,01,2,US 9,S,9,,00000009__,107.03,02,,01,04,02,01,01,01,01,01,100,FE,S,I- 195,,,,50,65,26,,,N,,655
2018131918-29483-AC,MONMOUTH,HOWELL TWP,05/31/2018,TH,1540,01,HOWELL TWP PD,,0,0,0,0,P,B,N,N,01,3,NJ 33,,33,,00000033__,31.94,02,,01,04,02,01,01,01,05,01,1000,FE,W,YELLOW BROOK RD,,,,50,40,26,,,N,,
2018131918-29507-AC,MONMOUTH,HOWELL TWP,05/31/2018,TH,1734,01,HOWELL TWP PD,,0,0,0,0,P,B,N,N,02,2,US 9,N,9,,00000009__,107.18,02,,01,04,02,01,01,01,01,01,250,FE,S,GEORGIA TAVERN RD / HULSE RD,,,,50,40,26,,,Y,,655
2018131918-29516-AC,MONMOUTH,HOWELL TWP,05/31/2018,TH,1811,01,HOWELL TWP PD,,0,1,0,0,I,I,N,N,03,2,WYCKOFF MILLS RD,N,,,,,07,,01,04,02,01,01,01,05,01,,AT,,STRICKLAND RD,,,,35,40,26,,,N,,655
2018131918-29604-AC,MONMOUTH,HOWELL TWP,06/01/2018,FR,0647,01,HOWELL TWP PD,,0,0,0,0,P,I,N,N,12,1,NJ 33,W,33,,00000033__,30.04,02,,01,06,02,02,01,05,03,,,AT,W,HOWELL RD,,,,55,45,24,,,N,,197
2018131918-29622-AC,MONMOUTH,HOWELL TWP,06/01/2018,FR,0827,01,HOWELL TWP PD,,0,0,0,0,P,B,N,N,01,2,US 9,S,9,,00000009__,107.38,02,,01,04,02,02,01,05,01,01,100,FE,S,E 5TH ST / W 5TH ST,,,,50,25,26,,,N,,675
2018131918-29690-AC,MONMOUTH,HOWELL TWP,06/01/2018,FR,1355,01,HOWELL TWP PD,,0,2,0,0,I,B,N,N,03,2,LANES MILL RD,W,,,,,07,,01,04,02,01,01,01,05,01,100,FE,W,US 9,,,,45,50,26,,,N,,616
2018131918-29696-AC,MONMOUTH,HOWELL TWP,06/01/2018,FR,1450,01,HOWELL TWP PD,,0,1,0,0,I,B,N,N,14,1,E ALDRICH RD,,,,13191056__,1.98,07,,01,04,02,01,01,01,05,01,150,FE,W,CAMBRIDGE DR,,,,40,25,26,,,N,,640
2018131918-29723-AC,MONMOUTH,HOWELL TWP,06/01/2018,FR,1634,01,HOWELL TWP PD,,0,2,0,0,I,B,N,N,07,2,ROUTE 549,S,549,,00000549__,16.82,05,,02,04,02,01,01,01,05,01,5280,FE,S,ROUTE 547 / FARMINGDALE LAKEWOOD RD,,,,45,50,26,,,N,,655
2018131918-2980-AC,MONMOUTH,HOWELL TWP,01/16/2018,TU,0909,01,HOWELL TWP PD,,0,0,0,0,P,I,N,N,02,2,US 9,N,9,,00000009__,105.78,02,,01,04,02,01,01,01,01,01,,AT,,SALEM HILL RD,,,,50,25,26,,,N,,184
2018131918-30044-AC,MONMOUTH,HOWELL TWP,06/03/2018,SU,0949,01,HOWELL TWP PD,,0,0,0,0,P,B,N,N,01,2,US 9,,9,,00000009__,107.25,02,,01,04,02,01,01,01,01,01,100,FE,N,GEORGIA TAVERN RD / HULSE RD,,,,50,45,26,,,N,,671
2018131918-30047-AC,MONMOUTH,HOWELL TWP,06/03/2018,SU,1030,01,HOWELL TWP PD,,0,0,0,0,P,B,N,N,06,2,NJ 33,E,33,,00000033__,31.11,02,,01,04,02,02,01,02,05,01,2500,FE,E,FAIRFIELD RD,,,,45,45,28,,,N,,677
2018131918-30084-AC,MONMOUTH,HOWELL TWP,06/03/2018,SU,1425,01,HOWELL TWP PD,,0,0,0,0,P,I,N,N,03,2,PESKIN RD,W,,,,,07,,01,04,02,01,01,01,05,01,,AT,,RICHARD RD,,,,40,35,26,,,N,,606
2018131918-30096-AC,MONMOUTH,HOWELL TWP,06/03/2018,SU,1652,01,HOWELL TWP PD,,0,0,0,0,P,I,N,N,11,1,NJ 33,E,33,,00000033__,34.82,02,,03,04,02,01,01,01,05,01,,AT,,TINTON FALLS RD,,,,50,25,53,,,N,STREET LIGHT POLE DESTROYED - NJ DOT - 1035 PARKWAY AVE TRENTON NJ 08625,662
2018131918-30129-AC,MONMOUTH,HOWELL TWP,06/03/2018,SU,2217,01,HOWELL TWP PD,,0,0,0,0,P,B,N,N,11,1,US 9,,9,,00000009__,106.46,02,,01,04,02,02,07,02,01,01,1320,FE,S,NORTHWOODS PL / STANLEY BLVD,,,,50,25,48,,,N,,645
2018131918-30160-AC,MONMOUTH,HOWELL TWP,06/04/2018,MO,0639,01,HOWELL TWP PD,,0,0,0,0,P,I,Y,N,11,1,SHETLAND AVE,W,,,,,07,,02,04,02,02,05,02,05,01,,AT,,WAVERLY PLCE,,,,25,25,56,,,N,,624
2018131918-30180-AC,MONMOUTH,HOWELL TWP,06/04/2018,MO,0829,01,HOWELL TWP PD,,0,0,0,0,P,B,N,N,08,2,WARREN POINT CT,,,,,,07,,01,04,02,02,01,05,05,01,,,,,,,,25,,26,,,N,,675
2018131918-30301-AC,MONMOUTH,HOWELL TWP,06/04/2018,MO,1717,01,HOWELL TWP PD,,0,0,0,0,P,B,N,N,01,2,NJ 33,,33,,00000033__,33.21,02,,01,04,02,01,01,01,,01,1000,FE,W,CR 35 / COLTS NECK RD,,,,50,45,26,,,N,,614
2018131918-30306-AC,MONMOUTH,HOWELL TWP,06/04/2018,MO,1736,01,HOWELL TWP PD,,0,0,0,0,P,I,N,N,03,2,FORT PLAINS RD,,,,13191057__,.28,07,,01,04,02,01,01,01,05,01,,AT,,HULSES CORNER ROAD,,,,40,40,26,,,N,,662
2018131918-3032-AC,MONMOUTH,HOWELL TWP,01/16/2018,TU,1415,01,HOWELL TWP PD,,0,0,0,0,P,I,N,N,03,2,ROUTE 524,,524,,00000524__,31.54,05,,01,04,02,01,01,01,05,01,,AT,,BIRDSALL RD / CENTRAL AVE,,,,45,40,26,,,N,,624
2018131918-30397-AC,MONMOUTH,HOWELL TWP,06/05/2018,TU,0643,01,HOWELL TWP PD,,0,0,0,0,P,B,N,N,01,2,NJ 33,W,33,,00000033__,33.49,02,,01,04,02,01,01,01,05,01,500,FE,E,CR 35 / COLTS NECK RD,,,,50,45,26,,,N,,606
2018131918-305-AC,MONMOUTH,HOWELL TWP,01/02/2018,TU,1717,01,HOWELL TWP PD,,0,0,0,0,P,B,N,N,12,1,ROUTE 547,N,547,,00000547__,13.20,05,,01,04,02,01,07,01,05,,1000,FE,S,VICTORY RD,,,,50,45,24,,,N,,626
2018131918-30548-AC,MONMOUTH,HOWELL TWP,06/05/2018,TU,1723,01,HOWELL TWP PD,HOWELL TWP,0,0,0,0,P,B,N,N,01,2,US 9,N,9,,00000009__,106.23,02,,01,04,02,01,01,01,01,01,500,FE,S,ALDRICH RD,,,,50,40,26,,,N,,658
2018131918-3061-AC,MONMOUTH,HOWELL TWP,01/16/2018,TU,1716,01,HOWELL TWP PD,,0,0,0,0,P,I,N,N,02,2,NJ 33,,33,,00000033__,34.80,02,,01,04,02,01,03,01,05,01,,AT,,TINTON FALLS RD,,,,50,25,26,,,N,,645
2018131918-30742-AC,MONMOUTH,HOWELL TWP,06/06/2018,WE,1323,01,HOWELL TWP PD,,0,1,0,0,I,I,N,N,03,2,GEORGIA TAVERN RD,E,,,13191073__,.66,07,,01,05,02,01,01,01,05,01,,AT,,WEST FARMS ROAD,,,,40,45,26,,,N,,177
2018131918-30744-AC,MONMOUTH,HOWELL TWP,06/06/2018,WE,1355,01,HOWELL TWP PD,,0,0,0,0,P,B,N,N,02,2,ROUTE 547,,547,,00000547__,14.67,05,,01,04,02,01,01,01,05,01,18,FE,N,CR 21/ROUTE 549/HERBERTSVILLE RD/OL,,,,45,40,26,,,N,,195
2018131918-30745-AC,MONMOUTH,HOWELL TWP,06/06/2018,WE,1426,01,HOWELL TWP PD,,0,0,0,0,P,I,N,N,02,2,ROUTE 547,N,547,,00000547__,13.66,05,,01,04,02,01,01,01,05,01,,AT,,EASY ST,,,,50,35,26,,,N,,195
2018131918-30773-AC,MONMOUTH,HOWELL TWP,06/06/2018,WE,1703,01,HOWELL TWP PD,,0,0,0,0,P,I,N,N,02,2,NJ 33,,33,,00000033__,34.80,02,,01,04,02,01,01,01,03,01,,AT,,TINTON FALLS RD,,,,50,25,26,,,N,,614
2018131918-30785-AC,MONMOUTH,HOWELL TWP,06/06/2018,WE,1846,01,HOWELL TWP PD,,0,0,0,0,P,B,N,N,02,2,US 9,,9,,00000009__,104.93,02,,01,04,02,01,01,01,01,01,300,FE,S,KENT RD,,,,50,35,26,,,N,,650
2018131918-30995-AC,MONMOUTH,HOWELL TWP,06/07/2018,TH,1453,01,HOWELL TWP PD,,0,1,0,0,I,I,N,N,07,2,MERRICK RD,,,,,,07,,01,04,02,01,01,01,05,01,,AT,,TALL OAKS CT,,,,40,25,26,,,N,,654
2018131918-31021-AC,MONMOUTH,HOWELL TWP,06/07/2018,TH,1808,01,HOWELL TWP PD,,0,0,0,0,P,I,N,N,03,2,LAKEWOOD ALLENWOOD ROAD,,,,,,07,,01,04,02,01,01,01,05,01,,AT,,NEWTONS CORNER ROAD,,,,35,40,26,,,N,,639
2018131918-31378-AC,MONMOUTH,HOWELL TWP,06/09/2018,SA,1253,01,HOWELL TWP PD,,0,1,0,0,I,B,N,N,01,2,MAXIM SOUTHARD RD,,,,,,05,,01,04,02,01,01,01,05,01,1000,FE,S,LOCUST (OFF 9NB) AVE,,,,40,40,26,,,N,,675
2018131918-31399-AC,MONMOUTH,HOWELL TWP,06/09/2018,SA,1542,01,HOWELL TWP PD,,0,0,0,0,P,B,N,N,02,2,NJ 33,E,33,,00000033__,34.80,02,,01,04,02,01,01,01,05,01,20,FE,E,TINTON FALLS RD,,,,50,25,26,,,N,,660
2018131918-31436-AC,MONMOUTH,HOWELL TWP,06/09/2018,SA,1910,01,HOWELL TWP PD,,0,0,0,0,P,I,N,N,03,2,NJ 33,E,33,,00000033__,34.80,02,,01,04,02,01,01,01,05,01,,AT,W,TINTON FALLS RD,,,,50,25,26,,,Y,,660
2018131918-315-AC,MONMOUTH,HOWELL TWP,01/02/2018,TU,1800,01,HOWELL TWP PD,HOWELL TWP,0,1,0,0,I,B,N,N,01,3,NJ 33,E,33,,00000033__,33.31,02,,01,04,02,01,06,01,05,01,500,FE,W,CR 35 / COLTS NECK RD,,,,50,40,26,,,N,,
2018131918-31508-AC,MONMOUTH,HOWELL TWP,06/10/2018,SU,0229,01,HOWELL TWP PD,,0,0,0,0,P,B,N,N,99,1,US 9,,9,,00000009__,107.91,02,,01,04,02,01,06,01,02,01,30,FE,S,VERDANA LANE,,,,50,15,,,,N,ROUTE 9 SOUTH SIGN - SIGN SIGN - 1 VERDANA HOWELL NJ 07731,672
2018131918-31513-AC,MONMOUTH,HOWELL TWP,06/10/2018,SU,0328,01,HOWELL TWP PD,,0,0,0,0,P,B,N,N,12,1,US 9,,9,,00000009__,110.77,02,,01,04,02,01,07,01,01,,300,FE,S,SCENIC DR,,,,55,25,24,,,N,,664
2018131918-31541-AC,MONMOUTH,HOWELL TWP,06/10/2018,SU,1146,01,HOWELL TWP PD,,0,0,0,0,P,B,N,N,12,1,MONMOUTH COUNTY 21,,21,,13000021__,3.10,05,,01,06,02,01,01,01,05,01,50,FE,E,I-195,,,,40,65,24,,,N,,663
2018131918-31569-AC,MONMOUTH,HOWELL TWP,06/10/2018,SU,1456,01,HOWELL TWP PD,,0,0,0,0,P,I,N,N,02,2,NJ 33,E,33,,00000033__,34.77,02,,01,04,02,01,01,01,05,01,,AT,,NJ 34,,,,50,50,26,,,N,,332
2018131918-31571-AC,MONMOUTH,HOWELL TWP,06/10/2018,SU,1605,01,HOWELL TWP PD,,0,0,0,0,P,I,N,N,03,2,EASY ST,S,,,,,07,,01,04,02,02,01,02,05,01,,AT,,NEWTONS CORNER ROAD,,,,45,35,26,,,N,,677
2018131918-31581-AC,MONMOUTH,HOWELL TWP,06/10/2018,SU,1742,01,HOWELL TWP PD,,0,3,0,0,I,B,N,N,01,2,US 9,S,9,,00000009__,103.24,02,,01,04,02,02,01,02,05,01,50,FE,N,FORD RD,,,,50,40,26,,,N,,660
2018131918-31582-AC,MONMOUTH,HOWELL TWP,06/10/2018,SU,1759,01,HOWELL TWP PD,,0,1,0,0,I,I,N,N,03,2,LOCUST AVE,S,,,,,07,,01,04,02,02,01,02,05,01,,AT,,MAXIM SOUTHARD ROAD,,,,50,40,26,,,N,,677
2018131918-31742-AC,MONMOUTH,HOWELL TWP,06/11/2018,MO,1515,01,HOWELL TWP PD,,0,0,0,0,P,I,N,N,08,2,ARNOLD BLVD,W,,,,,07,,01,04,02,01,01,01,05,,,AT,,LAKEWOOD ALLENWOOD RD,,,,35,45,26,,,N,,626
2018131918-31751-AC,MONMOUTH,HOWELL TWP,06/11/2018,MO,1556,01,HOWELL TWP PD,,0,1,0,0,I,B,N,N,01,2,US 9,S,9,,00000009__,110.46,02,,01,04,02,01,01,01,03,01,500,FE,N,STRICKLAND RD,,,,55,35,26,,,N,,662
2018131918-31768-AC,MONMOUTH,HOWELL TWP,06/11/2018,MO,1702,01,HOWELL TWP PD,,0,1,0,0,I,B,N,N,05,2,NJ 33,E,33,,00000033__,31.14,02,,01,04,02,01,01,01,05,01,2640,FE,E,FAIRFIELD RD,,,,50,45,,,,N,UTILITY POLE BT4490HL - VERIZON - 333 FAIRFIELD RD HOWELL NJ 07731,332
2018131918-31784-AC,MONMOUTH,HOWELL TWP,06/11/2018,MO,1842,01,HOWELL TWP PD,,0,0,0,0,P,I,N,N,11,1,OAK GLEN RD,S,,,,,07,,01,04,02,01,01,01,05,,,AT,,VIENNA RD,,,,45,45,52,,,N,POLE BT3141HL-SCRAPED - JCP&L - LARABEE BLVD HOWELL NJ 07731,626
2018131918-31983-AC,MONMOUTH,HOWELL TWP,06/12/2018,TU,1500,01,HOWELL TWP PD,,0,1,0,0,I,I,N,N,01,2,ROUTE 547,S,547,,00000547__,13.66,05,,01,04,02,01,01,01,05,,,AT,,EASY ST,,,,50,45,26,,,N,,626
2018131918-32023-AC,MONMOUTH,HOWELL TWP,06/12/2018,TU,1829,01,HOWELL TWP PD,,0,2,0,0,I,B,N,N,01,3,ROUTE 547,S,547,,00000547__,13.67,05,,01,04,02,01,01,01,05,,50,FE,N,EASY ST,,,,50,45,26,,,N,,
2018131918-321-AC,MONMOUTH,HOWELL TWP,01/02/2018,TU,1822,01,HOWELL TWP PD,,0,0,0,0,P,I,N,N,02,2,NJ 33,,33,,00000033__,34.77,02,,01,04,02,01,07,01,02,,,AT,,NJ 34,,,,50,50,26,,,N,,615
2018131918-3212-AC,MONMOUTH,HOWELL TWP,01/17/2018,WE,1316,01,HOWELL TWP PD,,0,0,0,0,P,B,N,N,03,2,ASBURY RD,W,,,,,07,,01,04,02,01,01,01,,01,100,FE,E,TINTON FALLS RD,,,,40,25,26,,,N,,189
2018131918-32160-AC,MONMOUTH,HOWELL TWP,06/13/2018,WE,0858,01,HOWELL TWP PD,,0,0,0,0,P,B,N,N,01,2,OLD TRAVERN RD,E,,,,,07,,03,04,02,02,01,05,05,01,300,FE,W,MANASSA RD,,,,40,,26,,,N,,642
2018131918-32230-AC,MONMOUTH,HOWELL TWP,06/13/2018,WE,1416,01,HOWELL TWP PD,,0,3,0,0,I,I,N,N,03,2,ROUTE 524 ALTERNATE,N,524,A,00000524A_,.81,05,,01,04,02,02,01,02,05,01,,AT,,W FARM RD,,,,40,45,26,,,N,,195
2018131918-32247-AC,MONMOUTH,HOWELL TWP,06/13/2018,WE,1630,01,HOWELL TWP PD,,0,0,0,0,P,B,N,N,01,2,NJ 33,,33,,00000033__,33.02,02,,01,04,02,01,01,01,05,,700,FE,W,E SAN MARCO BLVD,,,,50,25,26,,,N,,614
2018131918-32260-AC,MONMOUTH,HOWELL TWP,06/13/2018,WE,1722,01,HOWELL TWP PD,,0,0,0,0,P,B,N,N,01,2,US 9,,9,,00000009__,106.80,02,,01,04,02,01,01,01,01,01,500,FE,N,NORTHWOODS PL / STANLEY BLVD,,,,50,25,26,,,N,,652
2018131918-32309-AC,MONMOUTH,HOWELL TWP,06/13/2018,WE,2227,01,HOWELL TWP PD,,0,0,0,0,P,I,N,N,02,2,US 9,,9,,00000009__,108.67,02,,01,04,02,01,05,01,01,01,,AT,,WEST FARM RD,,,,50,40,26,,,N,,652
2018131918-32454-AC,MONMOUTH,HOWELL TWP,06/14/2018,TH,1245,01,HOWELL TWP PD,,0,0,0,0,P,B,N,N,02,2,US 9,N,9,,00000009__,103.13,02,,01,06,02,01,01,01,01,01,,,,,,,,50,,26,,,N,,177
2018131918-32489-AC,MONMOUTH,HOWELL TWP,06/14/2018,TH,1546,01,HOWELL TWP PD,,0,1,0,0,I,B,N,N,02,2,FIVE POINTS RD,,,,13091141__,3.25,07,,01,04,02,01,01,01,05,01,150,FE,N,NJ 33,,,,45,50,26,,,N,,615
2018131918-32497-AC,MONMOUTH,HOWELL TWP,06/14/2018,TH,1640,01,HOWELL TWP PD,,0,0,0,0,P,I,N,N,01,3,US 9,S,9,,00000009__,107.23,02,,01,04,02,01,01,01,01,01,,AT,,GEORGIA TAVERN RD / HULSE RD,,,,50,40,26,,,N,,
2018131918-32503-AC,MONMOUTH,HOWELL TWP,06/14/2018,TH,1735,01,HOWELL TWP PD,,0,0,0,0,P,I,N,N,01,2,ROUTE 549,,549,,00000549__,16.50,05,,01,06,02,01,01,01,05,01,,AT,,ALLENWOOD ROAD,,,,40,45,26,,,N,,640
2018131918-32506-AC,MONMOUTH,HOWELL TWP,06/14/2018,TH,1755,01,HOWELL TWP PD,,0,0,0,0,P,I,N,N,02,2,NJ 33,E,33,,00000033__,34.77,02,,01,04,02,01,01,01,01,01,,AT,,NJ 34,,,,50,50,26,,,N,,614
2018131918-32700-AC,MONMOUTH,HOWELL TWP,06/15/2018,FR,1230,01,HOWELL TWP PD,,0,0,0,0,P,B,N,N,01,2,US 9,S,9,,00000009__,106.40,02,,01,04,02,01,01,01,01,01,200,FE,S,REDWOOD RD,,,,50,25,26,,,N,,616
2018131918-32745-AC,MONMOUTH,HOWELL TWP,06/15/2018,FR,1712,01,HOWELL TWP PD,,0,0,0,0,P,B,N,N,01,2,US 9,S,9,,00000009__,108.71,02,,01,04,02,01,01,01,05,01,200,FE,N,WEST FARM RD,,,,50,40,26,,,N,,660
2018131918-32803-AC,MONMOUTH,HOWELL TWP,06/15/2018,FR,2303,01,HOWELL TWP PD,,0,0,0,0,P,B,N,N,01,2,US 9,,9,,00000009__,108.68,02,,01,04,02,01,06,01,01,01,30,FE,N,WEST FARM RD,,,,55,40,26,,,N,,661
2018131918-3294-AC,MONMOUTH,HOWELL TWP,01/20/2018,SA,1922,01,HOWELL TWP PD,,0,0,0,0,P,I,N,N,03,2,ROUTE 547,S,547,,00000547__,15.33,05,,01,04,02,01,07,01,05,01,,AT,,ROUTE 524/524A/ALLAIRE RD/SQUANKUM-,,,,50,50,26,,,N,,653
2018131918-32984-AC,MONMOUTH,HOWELL TWP,06/16/2018,SA,2246,01,HOWELL TWP PD,,0,0,0,0,P,B,Y,N,01,2,US 9,,9,,00000009__,107.86,02,,01,04,02,01,06,01,01,01,250,FE,S,SUNNYSIDE RD,,,,50,25,26,,,N,,337