Year(4)-CountyCode(2)-MunicipalityCode(2)-CaseNumber(9),County Name,Municipality Name,Crash Date,Crash Day of Week,Crash Time,Police Department Code,Police Department,Police Station,Total Killed,Total Injured,Pedestrians Killed,Pedestrians Injured,Severity,Intersection,Alcohol Involved,Hazmat Involved,Crash Type,Total Vehicles,Location,Location Direction,Route,Route Suffix,Std Rte Identifier,MilePost,Road System,Road Character,Road Horizontal Alignment,Road Grade,Road Surface Type,Surface Condition,Light Condition,Environmental Condition,Road Divided By,Temporary Traffic Control Zone,Distance To Cross Street,Unit Of Measurement,Direction From Cross Street,Cross Street Name,Is Ramp,Ramp To/From Route Name,Ramp To/From Route Direction,Posted Speed,Posted Speed Cross Street,First Harmful Event,Latitude,Longitude,Cell Phone In Use Flag,Other Property Damage,Reporting Badge No.
2018131918-33049-AC,MONMOUTH,HOWELL TWP,06/17/2018,SU,0803,01,HOWELL TWP PD,,0,0,0,0,P,B,N,N,01,2,US 9,S,9,,00000009__,108.95,02,,01,04,02,01,01,01,01,01,5280,FE,S,BERGERVILLE RD / CASINO DR,,,,55,40,26,,,N,,674
2018131918-33106-AC,MONMOUTH,HOWELL TWP,06/17/2018,SU,1557,01,HOWELL TWP PD,,0,0,0,0,P,I,N,N,02,2,US 9,,9,,00000009__,103.23,02,,01,04,02,01,01,01,04,01,,AT,,FORD RD,,,,50,40,26,,,N,,652
2018131918-33188-A-AC,MONMOUTH,HOWELL TWP,06/18/2018,MO,0104,01,HOWELL TWP PD,,0,0,0,0,P,B,N,N,10,1,NJ 33,W,33,,00000033__,32.96,02,,01,04,02,01,06,01,05,01,1000,FE,W,E SAN MARCO BLVD,,,,50,25,,,,N,CHAIN LINK FENCE - NAVAL WEAPONS STATION EARLE - 201 ROUTE 34 COLTS NECK,673
2018131918-33188-AC,MONMOUTH,HOWELL TWP,06/18/2018,MO,0104,01,HOWELL TWP PD,,0,0,0,0,P,B,N,N,11,1,COLTS NECK RD,N,,,,,07,,01,04,02,01,06,01,05,01,50,FE,S,NJ 33,,,,35,50,26,,,N,WOODEN FENCE - QUICK CHEK - 1170 RT 33 HOWELL NJ 07731,673
2018131918-33200-AC,MONMOUTH,HOWELL TWP,06/18/2018,MO,0629,01,HOWELL TWP PD,,0,1,0,0,I,B,N,N,01,2,US 9,,9,,00000009__,106.71,02,,01,04,02,01,01,01,01,01,25,FE,S,NORTHWOODS PL / STANLEY BLVD,,,,50,40,26,,,N,,676
2018131918-33474-AC,MONMOUTH,HOWELL TWP,06/19/2018,TU,0821,01,HOWELL TWP PD,,0,0,0,0,P,B,N,N,01,2,NJ 33,,33,,00000033__,33.49,02,,01,04,02,01,01,01,05,01,500,FE,E,CR 35 / COLTS NECK RD,,,,50,45,26,,,N,,642
2018131918-33516-AC,MONMOUTH,HOWELL TWP,06/19/2018,TU,1216,01,HOWELL TWP PD,,0,0,0,0,P,B,N,N,03,2,E ALDRICH RD,W,,,13191056__,1.79,07,,01,04,02,01,01,01,05,01,100,FE,E,US 9,,,,40,50,26,,,N,,189
2018131918-33570-AC,MONMOUTH,HOWELL TWP,06/19/2018,TU,1709,01,HOWELL TWP PD,,0,3,0,0,I,I,N,N,03,3,MONMOUTH COUNTY 21,,21,,13000021__,2.12,05,,01,04,02,01,01,01,05,01,,AT,,PREVENTORIUM RD,,,,40,40,26,,,N,,
2018131918-33591-AC,MONMOUTH,HOWELL TWP,06/19/2018,TU,1900,01,HOWELL TWP PD,HOWELL TWP,0,0,0,0,P,B,N,N,01,2,US 9,S,9,,00000009__,107.25,02,,01,04,02,01,01,01,01,01,100,FE,N,GEORGIA TAVERN RD / HULSE RD,,,,50,40,26,,,N,,658
2018131918-33654-AC,MONMOUTH,HOWELL TWP,06/20/2018,WE,0617,01,HOWELL TWP PD,,0,0,0,0,P,I,N,N,03,2,CARRIE DR,,,,,,07,,01,04,02,01,01,01,05,01,,AT,,CASCADES AVE,,,,25,25,26,,,N,,663
2018131918-33661-AC,MONMOUTH,HOWELL TWP,06/20/2018,WE,0727,01,HOWELL TWP PD,,0,0,0,0,P,B,N,N,02,2,ROUTE 547,,547,,00000547__,19.45,05,,01,04,02,01,01,01,05,01,50,FE,S,TINTON FALLS RD / TURLEY LN,,,,45,25,26,,,N,,606
2018131918-33672-AC,MONMOUTH,HOWELL TWP,06/20/2018,WE,0802,01,HOWELL TWP PD,,0,0,0,0,P,I,N,N,03,2,LOCUST AVE,,,,,,07,,01,04,02,01,01,01,05,01,,AT,,MAXIM SOUTHARD RD,,,,40,40,26,,,N,,184
2018131918-33769-AC,MONMOUTH,HOWELL TWP,06/20/2018,WE,1308,01,HOWELL TWP PD,,0,0,0,0,P,I,N,N,02,2,NJ 34,E,34,,00000034__,8.76,02,,01,04,02,01,01,01,03,01,,AT,,NJ 33,,,,50,50,26,,,N,,197
2018131918-33773-AC,MONMOUTH,HOWELL TWP,06/20/2018,WE,1319,01,HOWELL TWP PD,,0,0,0,0,P,B,N,N,01,2,US 9,N,9,,00000009__,105.09,02,,01,04,02,01,01,01,01,02,150,FE,S,LOCUST AVE,,,,50,40,26,,,N,,189
2018131918-33792-AC,MONMOUTH,HOWELL TWP,06/20/2018,WE,1510,01,HOWELL TWP PD,,0,0,0,0,P,B,N,N,01,2,US 9,N,9,,00000009__,105.78,02,,01,04,02,01,01,01,01,01,20,FE,S,SALEM HILL RD,,,,50,25,26,,,N,,639
2018131918-33819-AC,MONMOUTH,HOWELL TWP,06/20/2018,WE,1739,01,HOWELL TWP PD,,0,1,0,0,I,I,N,N,03,2,EASY ST,W,,,,,07,,01,04,02,01,01,01,05,01,,AT,,NEWTONS CORNER ROAD,,,,45,35,26,,,N,,616
2018131918-33905-AC,MONMOUTH,HOWELL TWP,06/21/2018,TH,0729,01,HOWELL TWP PD,,0,1,0,0,I,I,N,N,04,2,KENT RD,E,,,,,07,,01,04,02,01,01,01,05,01,,AT,,LANES MILL RD,,,,35,40,26,,,N,,184
2018131918-33933-AC,MONMOUTH,HOWELL TWP,06/21/2018,TH,0930,01,HOWELL TWP PD,,0,0,0,0,P,B,N,N,02,2,NJ 33,S,33,,00000033__,34.82,02,,01,04,02,01,01,05,03,01,5,FE,E,TINTON FALLS RD,,,,50,25,26,,,N,,195
2018131918-33948-AC,MONMOUTH,HOWELL TWP,06/21/2018,TH,1029,01,HOWELL TWP PD,,0,1,0,0,I,B,N,N,11,1,NJ 33,W,33,,00000033__,32.04,02,,01,04,02,01,01,01,05,01,500,FE,W,YELLOW BROOK RD,,,,50,45,,,,N,,195
2018131918-34039-AC,MONMOUTH,HOWELL TWP,06/21/2018,TH,1823,01,HOWELL TWP PD,,0,0,0,0,P,I,N,N,01,2,NJ 33,,33,,00000033__,33.27,02,,01,04,02,01,01,01,05,01,,AT,,EAST HASTINGS LANE,,,,50,25,26,,,N,,615
2018131918-34070-AC,MONMOUTH,HOWELL TWP,06/21/2018,TH,2201,01,HOWELL TWP PD,,0,0,0,0,P,B,N,N,06,2,JUNIPER PL,,,,,,07,,01,04,02,01,01,01,05,01,200,FE,N,CONIFER ST,,,,25,25,28,,,N,,640
2018131918-34183-AC,MONMOUTH,HOWELL TWP,06/22/2018,FR,1156,01,HOWELL TWP PD,,0,0,0,0,P,B,N,N,06,2,355 RT 524 (ADELPHIA-FARMDLE),,,,,,09,,01,04,05,01,01,05,,01,,,,,,,,25,,26,,,N,,197
2018131918-34210-AC,MONMOUTH,HOWELL TWP,06/22/2018,FR,1423,01,HOWELL TWP PD,,0,0,0,0,P,I,N,N,03,2,LOCUST AVE,S,,,,,07,,01,04,02,01,01,01,05,01,,AT,,MAXIM SOUTHARD RD,,,,40,40,26,,,N,,184
2018131918-34222-AC,MONMOUTH,HOWELL TWP,06/22/2018,FR,1615,01,HOWELL TWP PD,,0,1,0,0,I,I,N,N,01,2,MANASSA RD,,,,,,07,,01,04,02,01,01,01,05,01,,AT,,OLD TAVERN RD,,,,40,40,26,,,N,,640
2018131918-34223-AC,MONMOUTH,HOWELL TWP,06/22/2018,FR,1633,01,HOWELL TWP PD,,0,0,0,0,P,B,N,N,11,1,NEWTONS CORNER RD,W,,,,,07,,01,04,02,01,01,01,05,01,50,FE,E,MEMORIAL DR,,,,25,25,,,,N,UTILITY POLE #JC3422HL - JCP&L - PREVENTORIUM RD HOWELL NJ 07731,616
2018131918-34266-AC,MONMOUTH,HOWELL TWP,06/22/2018,FR,2041,01,HOWELL TWP PD,,0,0,0,0,P,B,N,N,12,1,KENT RD,,,,,,07,,02,04,02,02,07,02,05,01,1000,FE,N,BROWN RD,,,,35,35,24,,,N,,653
2018131918-34290-AC,MONMOUTH,HOWELL TWP,06/22/2018,FR,2359,01,HOWELL TWP PD,,0,0,0,0,P,B,N,N,05,2,HOWELL RD,,,,,,07,,01,04,02,02,06,02,05,01,100,FE,N,CR 524,,,,50,40,26,,,N,,670
2018131918-34418-AC,MONMOUTH,HOWELL TWP,06/23/2018,SA,1526,01,HOWELL TWP PD,,0,1,0,0,I,B,N,N,10,1,ROUTE 547,S,547,,00000547__,12.12,05,,01,04,02,01,01,01,04,01,20,FE,E,OAK GLEN RD,,,,50,45,46,,,N,,669
2018131918-34422-AC,MONMOUTH,HOWELL TWP,06/23/2018,SA,1614,01,HOWELL TWP PD,,0,0,0,0,P,B,N,N,01,2,US 9,,9,,00000009__,106.69,02,,01,04,02,01,01,01,01,01,100,FE,S,NORTHWOODS PL / STANLEY BLVD,,,,50,25,26,,,N,,654
2018131918-34478-AC,MONMOUTH,HOWELL TWP,06/23/2018,SA,2250,01,HOWELL TWP PD,,0,0,0,0,P,B,N,N,12,1,ROUTE 524 ALTERNATE,,524,A,00000524A_,2.40,05,,01,04,02,01,07,01,05,01,100,FE,S,DAY BREAK CT,,,,45,25,24,,,N,,333
2018131918-34583-AC,MONMOUTH,HOWELL TWP,06/24/2018,SU,1313,01,HOWELL TWP PD,,0,2,0,0,I,I,N,N,07,3,FORD ROAD,N,,,,,07,,01,04,02,01,01,01,05,01,,AT,,KENT ROAD,,,,35,35,26,,,N,DECORATIVE LANDSCAPE BOULDERS - SUSAN L REED - 352 KENT RD HOWELL NJ 07731-2443,
2018131918-34658-AC,MONMOUTH,HOWELL TWP,06/25/2018,MO,0011,01,HOWELL TWP PD,,0,0,0,0,P,B,N,N,12,1,NJ 33,,33,,00000033__,33.39,02,,01,04,02,01,06,01,05,01,50,FE,W,CR 35 / COLTS NECK RD,,,,50,45,24,,,N,,663
2018131918-34743-AC,MONMOUTH,HOWELL TWP,06/25/2018,MO,1152,01,HOWELL TWP PD,,0,0,0,0,P,I,N,N,01,2,NJ 34,E,34,,00000034__,8.76,02,,01,05,02,01,01,01,02,01,,AT,N,NJ 33,,,,50,50,26,,,N,,624
2018131918-3480-AC,MONMOUTH,HOWELL TWP,01/18/2018,TH,1736,01,HOWELL TWP PD,,0,0,0,0,P,B,N,N,02,2,US 9,S,9,,00000009__,104.30,02,,01,04,02,01,06,01,01,01,1000,FE,S,LANES MILL RD,,,,50,40,26,,,N,,655
2018131918-34870-AC,MONMOUTH,HOWELL TWP,06/26/2018,TU,0207,01,HOWELL TWP PD,,0,0,0,0,P,B,N,N,12,1,ROUTE 547,,547,,00000547__,13.01,05,,01,04,02,01,07,01,05,01,2000,FE,S,VICTORY RD,,,,50,40,24,,,N,,678
2018131918-34907-AC,MONMOUTH,HOWELL TWP,06/26/2018,TU,0807,01,HOWELL TWP PD,,0,2,0,0,I,I,N,N,03,2,ROUTE 547,S,547,,00000547__,15.33,05,,01,04,02,01,01,01,05,01,,AT,,ROUTE 524/524A/ALLAIRE RD/SQUANKUM-,,,,50,45,27,,,N,,
2018131918-34958-AC,MONMOUTH,HOWELL TWP,06/26/2018,TU,1251,01,HOWELL TWP PD,,0,2,0,0,I,B,N,N,01,2,US 9,N,9,,00000009__,103.26,02,,01,06,02,01,01,01,01,01,150,FE,N,FORD RD,,,,50,40,26,,,N,,177
2018131918-35028-AC,MONMOUTH,HOWELL TWP,06/26/2018,TU,2131,01,HOWELL TWP PD,HOWELL TWP,0,1,0,0,I,I,N,N,03,2,US 9,S,9,,00000009__,107.23,02,,01,04,02,01,06,01,01,01,,AT,,GEORGIA TAVERN RD / HULSE RD,,,,50,40,26,,,N,,658
2018131918-35038-AC,MONMOUTH,HOWELL TWP,06/26/2018,TU,2308,01,HOWELL TWP PD,,0,0,0,0,P,B,N,N,12,1,I-195,E,195,,00000195__,28.06,01,,01,04,02,01,06,01,03,01,,,,,,,,65,,24,,,N,,651
2018131918-35116-AC,MONMOUTH,HOWELL TWP,06/27/2018,WE,0851,01,HOWELL TWP PD,,0,1,0,0,I,B,N,N,05,2,NJ 33,,33,,00000033__,33.49,02,,01,04,02,01,01,01,05,01,500,FE,E,CR 35 / COLTS NECK RD,,,,50,45,,,,N,,195
2018131918-35146-AC,MONMOUTH,HOWELL TWP,06/27/2018,WE,1108,01,HOWELL TWP PD,,0,0,0,0,P,I,N,N,07,2,MONMOUTH COUNTY 21,,21,,13000021__,1.60,05,,01,04,02,01,01,05,05,01,,AT,,OLD TAVERN RD,,,,45,35,26,,,N,,195
2018131918-35148-AC,MONMOUTH,HOWELL TWP,06/27/2018,WE,1132,01,HOWELL TWP PD,,0,0,0,0,P,B,N,N,05,2,CASINO DR,W,,,,,07,,01,04,02,01,01,01,05,01,500,FE,E,RIVER DR,,,,40,25,26,,,N,,197
2018131918-35174-AC,MONMOUTH,HOWELL TWP,06/27/2018,WE,1423,01,HOWELL TWP PD,,0,0,0,0,P,I,N,N,03,2,ROUTE 524,,524,,00000524__,25.81,05,,01,04,02,01,01,01,05,01,,AT,,WYCKOFF MILLS RD,,,,40,35,26,,,N,,197
2018131918-352-AC,MONMOUTH,HOWELL TWP,01/03/2018,WE,0006,01,HOWELL TWP PD,,0,0,0,0,P,B,N,N,12,1,ROUTE 547,,547,,00000547__,13.20,05,,01,04,02,01,06,01,05,01,1000,FE,S,VICTORY RD,,,,50,35,24,,,N,,670
2018131918-35255-AC,MONMOUTH,HOWELL TWP,06/28/2018,TH,0201,01,HOWELL TWP PD,,0,0,0,0,P,B,N,N,12,1,COLTS NECK RD,N,,,,,07,,01,04,02,01,07,01,05,01,100,FE,N,CRANBERRY RD,,,,35,40,24,,,N,,667
2018131918-3526-AC,MONMOUTH,HOWELL TWP,01/19/2018,FR,0023,01,HOWELL TWP PD,,0,0,0,0,P,B,N,N,12,1,VIENNA RD,,,,,,07,,01,04,02,01,05,01,05,01,528,FE,E,OAK GLEN RD,,,,40,45,24,,,N,,647
2018131918-3556-AC,MONMOUTH,HOWELL TWP,01/19/2018,FR,0319,01,HOWELL TWP PD,,0,0,0,0,P,B,Y,N,11,1,CASINO DR,W,,,,,07,,02,05,02,01,05,01,05,01,100,FE,E,KETCHAM RD,,,,45,40,57,,,N,,623
2018131918-35583-AC,MONMOUTH,HOWELL TWP,06/29/2018,FR,1225,01,HOWELL TWP PD,,0,0,0,0,P,I,N,N,03,2,EASY ST,W,,,,,07,,01,04,02,01,01,01,05,01,,AT,,NEWTONS CORNER RD,,,,35,45,26,,,N,,616
2018131918-35636-AC,MONMOUTH,HOWELL TWP,06/29/2018,FR,1647,01,HOWELL TWP PD,,0,0,0,0,P,I,N,N,11,1,US 9,,9,,00000009__,107.31,02,,01,04,02,01,01,01,05,01,,AT,,E 6TH ST / W 6TH ST,,,,50,25,48,,,N,,648
2018131918-35646-AC,MONMOUTH,HOWELL TWP,06/29/2018,FR,1727,01,HOWELL TWP PD,1319,0,0,0,0,P,I,N,N,02,2,ROUTE 547,,547,,00000547__,15.33,05,,01,04,02,01,01,01,04,01,,AT,S,ROUTE 524/524A/ALLAIRE RD/SQUANKUM-,,,,45,40,26,,,N,,324
2018131918-35680-AC,MONMOUTH,HOWELL TWP,06/29/2018,FR,1925,01,HOWELL TWP PD,,0,0,0,0,P,I,N,N,01,2,ROUTE 547,,547,,00000547__,14.67,05,,01,04,02,01,01,01,05,01,,AT,,CR 21/ROUTE 549/HERBERTSVILLE RD/OL,,,,50,45,26,,,N,,680
2018131918-35735-AC,MONMOUTH,HOWELL TWP,06/30/2018,SA,0104,01,HOWELL TWP PD,,0,0,0,0,P,B,N,N,12,1,VIENNA RD,N,,,,,07,,02,04,02,01,05,01,05,01,200,FE,N,LAKEWOOD ALLENWOOD RD,,,,35,35,24,,,N,,673
2018131918-35813-AC,MONMOUTH,HOWELL TWP,06/30/2018,SA,1444,01,HOWELL TWP PD,,0,0,0,0,P,B,N,N,01,2,US 9,,9,,00000009__,106.30,02,,01,04,02,01,01,01,01,01,100,FE,S,ALDRICH RD,,,,50,40,26,,,N,,324
2018131918-35978-AC,MONMOUTH,HOWELL TWP,07/01/2018,SU,0944,01,HOWELL TWP PD,,0,2,0,0,I,B,N,N,03,2,NJ 33,,33,,00000033__,34.80,02,,01,04,02,01,01,01,05,01,,,,TINTON FALLS RD,,,,50,25,26,,,N,,642
2018131918-3598-AC,MONMOUTH,HOWELL TWP,01/19/2018,FR,1011,01,HOWELL TWP PD,,0,0,0,0,P,B,N,N,12,1,NJ 34,,34,,00000034__,10.03,02,,01,04,02,01,01,01,04,,500,FE,S,NAVY BRIDGE,,,,50,45,24,,,N,,676
2018131918-36023-AC,MONMOUTH,HOWELL TWP,07/01/2018,SU,1404,01,HOWELL TWP PD,,0,2,0,0,I,B,N,N,01,2,FORT PLAINS RD,N,,,13191057__,2.18,07,,01,04,02,01,01,01,05,01,5,FE,E,WEST FARMS RD,,,,45,45,26,,,N,,669
2018131918-36026-AC,MONMOUTH,HOWELL TWP,07/01/2018,SU,1447,01,HOWELL TWP PD,,0,1,0,0,I,B,N,N,03,2,LANES MILL RD,W,,,,,07,,01,04,02,01,01,01,05,01,300,FE,E,US 9,,,,35,50,26,,,N,,662
2018131918-36035-AC,MONMOUTH,HOWELL TWP,07/01/2018,SU,1617,01,HOWELL TWP PD,,0,1,0,0,I,B,N,N,01,2,US 9,,9,,00000009__,105.59,02,,01,04,02,01,01,01,01,01,10,FE,S,MIDDLE LN,,,,50,25,26,,,N,,674
2018131918-36074-AC,MONMOUTH,HOWELL TWP,07/01/2018,SU,2202,01,HOWELL TWP PD,,0,0,0,0,P,B,N,N,03,2,E ALDRICH RD,,,,13191056__,1.78,07,,01,04,02,01,06,01,05,01,50,FE,W,US 9,,,,40,50,26,,,N,,674
2018131918-36091-AC,MONMOUTH,HOWELL TWP,07/02/2018,MO,0050,01,HOWELL TWP PD,,0,0,0,0,P,B,N,N,12,1,LEMON RD,,,,,,07,,01,04,02,01,06,01,,01,500,FE,N,WEST FARMS RD,,,,45,45,24,,,N,,672
2018131918-36122-AC,MONMOUTH,HOWELL TWP,07/02/2018,MO,0757,01,HOWELL TWP PD,,0,0,0,0,P,B,N,N,11,1,ROUTE 524,,524,,00000524__,27.75,05,,01,04,02,01,06,01,05,01,500,FE,W,FAIRFIELD RD,,,,45,45,59,,,N,FENCE WOODEN. - WILLIAM A MEGILL-533 RT 524 (ADELPHIA-FARMDLE) FREEHOLD NJ 07728,671
2018131918-36129-AC,MONMOUTH,HOWELL TWP,07/02/2018,MO,0820,01,HOWELL TWP PD,,0,1,0,0,I,B,N,N,01,2,US 9,,9,,00000009__,108.68,02,,01,04,02,01,01,01,01,01,50,FE,N,WEST FARM RD,,,,50,45,26,,,Y,,677
2018131918-36130-AC,MONMOUTH,HOWELL TWP,07/02/2018,MO,0822,01,HOWELL TWP PD,,0,1,0,0,I,B,N,N,01,2,NJ 33 BUSINESS,,33,B,00000033B_,6.75,02,,01,04,02,01,01,01,05,01,528,FE,E,BRICKYARD RD / FAIRFIELD RD,,,,45,35,26,,,N,,671
2018131918-36131-AC,MONMOUTH,HOWELL TWP,07/02/2018,MO,0833,01,HOWELL TWP PD,,0,0,0,0,P,I,N,N,01,2,E ALDRICH RD,W,,,13191056__,1.79,07,,01,04,02,01,01,01,05,01,,AT,,US 9,,,,40,50,26,,,N,,189
2018131918-36145-AC,MONMOUTH,HOWELL TWP,07/02/2018,MO,0958,01,HOWELL TWP PD,,0,0,0,0,P,B,N,N,03,2,LANES MILL RD,W,,,,,07,,01,04,02,01,01,01,02,01,70,FE,E,US 9,,,,40,50,26,,,N,,189
2018131918-36153-AC,MONMOUTH,HOWELL TWP,07/02/2018,MO,1112,01,HOWELL TWP PD,,0,2,0,0,I,B,N,N,11,1,BERGENVILLE RD,,,,,,07,,02,04,02,01,01,01,05,01,500,FE,E,LAURELWOOD CT,,,,45,25,52,,,N,,671
2018131918-36196-AC,MONMOUTH,HOWELL TWP,07/02/2018,MO,1600,01,HOWELL TWP PD,,0,0,0,0,P,B,N,N,03,2,ROUTE 547,,547,,00000547__,14.66,05,,01,04,02,01,01,01,04,,75,FE,S,CR 21/ROUTE 549/HERBERTSVILLE RD/OL,,,,40,40,26,,,N,,674
2018131918-36237-AC,MONMOUTH,HOWELL TWP,07/02/2018,MO,2003,01,HOWELL TWP PD,,0,0,0,0,P,B,N,N,02,2,ROUTE 547,S,547,,00000547__,14.58,05,,01,04,02,01,03,01,05,01,500,FE,S,CR 21/ROUTE 549/HERBERTSVILLE RD/OL,,,,50,45,26,,,N,DAMAGED FRONT LAWN AND WOODEN POST - RON SPRINGER - 494 RT 547 (SQUANKUM RD) HO?,674
2018131918-36274-AC,MONMOUTH,HOWELL TWP,07/03/2018,TU,0236,01,HOWELL TWP PD,,0,0,0,0,P,I,N,N,12,1,FORT PLAINS RD,S,,,13191057__,1.02,07,,01,04,02,01,05,01,05,01,,AT,E,SUNNYSIDE RD,,,,45,35,24,,,N,,646
2018131918-3630-AC,MONMOUTH,HOWELL TWP,01/19/2018,FR,1212,01,HOWELL TWP PD,,0,0,0,0,P,B,N,N,01,2,HOWELL RD,S,,,,,07,,01,04,02,01,01,01,05,01,10,FE,W,ROUTE 524,,,,40,40,26,,,N,,669
2018131918-36328-AC,MONMOUTH,HOWELL TWP,07/03/2018,TU,1141,01,HOWELL TWP PD,,0,0,0,0,P,B,N,N,03,2,US 9,S,9,,00000009__,109.52,02,,01,04,02,01,01,01,01,01,4500,FE,N,WEST FARM RD,,,,55,40,26,,,N,,624
2018131918-36330-AC,MONMOUTH,HOWELL TWP,07/03/2018,TU,1158,01,HOWELL TWP PD,,0,0,0,0,P,I,N,N,01,2,FAIRFIELD RD,,,,,,07,,01,04,02,01,01,01,05,01,,AT,,ROUTE 524,,,,45,45,26,,,N,,623
2018131918-36336-AC,MONMOUTH,HOWELL TWP,07/03/2018,TU,1238,01,HOWELL TWP PD,,0,0,0,0,P,B,N,N,01,2,NEWTONS CORNER RD,S,,,,,07,,01,04,02,01,01,01,05,01,15,FE,N,LAKEWOOD ALLENWOOD RD,,,,45,45,26,,,N,,185
2018131918-36337-AC,MONMOUTH,HOWELL TWP,07/03/2018,TU,1238,01,HOWELL TWP PD,,0,1,0,0,I,B,N,N,11,1,ARNOLD BLVD,,,,,,07,,01,04,02,01,01,01,05,01,300,FE,E,LAKEWOOD ALLENWOOD RD,,,,35,45,52,,,N,TELEPHONE POLE: JC712HL - JCP&L - RT 547 LAKEWOOD NJ 08701,642
2018131918-36343-AC,MONMOUTH,HOWELL TWP,07/03/2018,TU,1308,01,HOWELL TWP PD,,0,0,0,0,P,B,N,N,01,2,US 9,,9,,00000009__,105.65,02,,01,04,02,01,01,01,01,01,75,FE,N,FRIENDSHIP RD,,,,50,35,26,,,N,,184
2018131918-36387-AC,MONMOUTH,HOWELL TWP,07/03/2018,TU,1746,01,HOWELL TWP PD,,0,1,0,0,I,B,N,N,01,2,ROUTE 547,,547,,00000547__,14.72,05,,01,04,02,01,01,01,05,01,250,FE,N,CR 21/ROUTE 549/HERBERTSVILLE RD/OL,,,,50,40,26,,,N,,652
2018131918-36399-AC,MONMOUTH,HOWELL TWP,07/03/2018,TU,1846,01,HOWELL TWP PD,,0,1,0,0,I,I,N,N,05,2,NJ 33 BUSINESS,W,33,B,00000033B_,6.65,02,,01,04,02,01,01,01,,,,AT,,BRICKYARD RD / FAIRFIELD RD,,,,50,35,26,,,N,,643
2018131918-3645-AC,MONMOUTH,HOWELL TWP,01/19/2018,FR,1353,01,HOWELL TWP PD,,0,0,0,0,P,B,N,N,06,2,501 RT 524 A (SQUMKUM-YLLWBK),,,,,,09,,03,04,02,01,01,01,05,01,,,,,,,,5,,26,,,N,,676
2018131918-36629-AC,MONMOUTH,HOWELL TWP,07/04/2018,WE,2337,01,HOWELL TWP PD,,0,3,0,0,I,I,N,N,04,2,US 9,,9,,00000009__,110.37,02,,01,04,02,01,06,01,05,01,,AT,,STRICKLAND RD,,,,40,50,26,,,N,,337
2018131918-36741-AC,MONMOUTH,HOWELL TWP,07/05/2018,TH,1230,01,HOWELL TWP PD,,0,0,0,0,P,I,N,N,03,2,LEMON RD,N,,,,,07,,01,04,02,01,01,01,05,01,,AT,,WEST FARMS RD,,,,40,40,26,,,N,,189
2018131918-36753-AC,MONMOUTH,HOWELL TWP,07/05/2018,TH,1409,01,HOWELL TWP PD,,0,2,0,0,I,I,N,N,07,2,BRANDYWINE DR,S,,,,,07,,01,04,02,01,01,01,05,01,,AT,,CANNONBALL DR,,,,25,25,26,,,N,,185
2018131918-36754-AC,MONMOUTH,HOWELL TWP,07/05/2018,TH,1411,01,HOWELL TWP PD,,0,0,0,0,P,I,N,N,02,2,NJ 33,,33,,00000033__,34.77,02,,01,04,02,01,01,01,05,01,,AT,,NJ 34,,,,50,25,26,,,N,,197
2018131918-36766-AC,MONMOUTH,HOWELL TWP,07/05/2018,TH,1624,01,HOWELL TWP PD,,0,0,0,0,P,I,N,N,07,2,ROUTE 547,,547,,00000547__,,05,,01,04,02,02,01,01,,,,AT,,HURLEY POND RD,,,,45,,26,,,N,,680
2018131918-36781-AC,MONMOUTH,HOWELL TWP,07/05/2018,TH,1751,01,HOWELL TWP PD,,0,0,0,0,P,B,N,N,01,2,US 9,,9,,00000009__,103.29,02,,01,04,02,01,01,01,05,01,300,FE,N,FORD RD,,,,50,35,26,,,N,,653
2018131918-36941-AC,MONMOUTH,HOWELL TWP,07/06/2018,FR,1401,01,HOWELL TWP PD,,0,0,0,0,P,B,N,N,11,1,NJ 33,N,33,,00000033__,34.76,02,,02,05,02,02,01,02,05,01,50,FE,W,NJ 34,,,,50,50,,,,N,20' OF GUARDRAIL - NJ DOT - MANCHESTER CT FREEHOLD NJ 07728,648
2018131918-36948-AC,MONMOUTH,HOWELL TWP,07/06/2018,FR,1513,01,HOWELL TWP PD,,0,0,0,0,P,I,N,N,11,1,KENT RD,S,,,,,07,,01,04,02,01,01,05,04,,,AT,S,LANES MILL RD,,,,40,40,56,,,N,,644
2018131918-36981-AC,MONMOUTH,HOWELL TWP,07/06/2018,FR,1742,01,HOWELL TWP PD,,0,0,0,0,P,I,N,N,03,2,NJ 33,,33,,00000033__,34.80,02,,01,04,02,02,01,,,,,AT,E,TINTON FALLS RD,,,,50,25,26,,,N,,680
2018131918-36998-AC,MONMOUTH,HOWELL TWP,07/06/2018,FR,1934,01,HOWELL TWP PD,,0,4,0,0,I,B,N,N,01,3,US 9,,9,,00000009__,105.77,02,,01,04,02,01,01,01,01,01,50,FE,S,SALEM HILL RD,,,,50,25,26,,,N,,
2018131918-37195-AC,MONMOUTH,HOWELL TWP,07/07/2018,SA,2103,01,HOWELL TWP PD,,0,0,0,0,P,I,N,N,01,2,ROUTE 547,,547,,00000547__,14.67,05,,01,04,02,01,01,01,04,01,,AT,W,CR 21/ROUTE 549/HERBERTSVILLE RD/OL,,,,45,45,26,,,N,,324
2018131918-37213-AC,MONMOUTH,HOWELL TWP,07/07/2018,SA,2216,01,HOWELL TWP PD,,0,6,0,0,I,B,Y,N,05,2,MONMOUTH COUNTY 18 I,S,18,1,130000181_,.05,05,,01,04,02,01,05,01,05,01,250,FE,N,ROUTE 524 / MAIN ST,,,,40,50,26,,,N,,655
2018131918-37299-AC,MONMOUTH,HOWELL TWP,07/08/2018,SU,1240,01,HOWELL TWP PD,,0,0,0,0,P,I,N,N,02,3,HULSES RD,,,,,,07,,01,04,02,01,01,01,05,01,,AT,,SMITH ST,,,,45,25,26,,,N,,
2018131918-37302-AC,MONMOUTH,HOWELL TWP,07/08/2018,SU,1302,01,HOWELL TWP PD,,0,1,0,0,I,I,N,N,03,2,ALEXANDER AVE,,,,,,07,,01,04,02,01,01,01,05,01,,AT,,LANES POND RD,,,,45,45,26,,,N,,671