Year(4)-CountyCode(2)-MunicipalityCode(2)-CaseNumber(9),County Name,Municipality Name,Crash Date,Crash Day of Week,Crash Time,Police Department Code,Police Department,Police Station,Total Killed,Total Injured,Pedestrians Killed,Pedestrians Injured,Severity,Intersection,Alcohol Involved,Hazmat Involved,Crash Type,Total Vehicles,Location,Location Direction,Route,Route Suffix,Std Rte Identifier,MilePost,Road System,Road Character,Road Horizontal Alignment,Road Grade,Road Surface Type,Surface Condition,Light Condition,Environmental Condition,Road Divided By,Temporary Traffic Control Zone,Distance To Cross Street,Unit Of Measurement,Direction From Cross Street,Cross Street Name,Is Ramp,Ramp To/From Route Name,Ramp To/From Route Direction,Posted Speed,Posted Speed Cross Street,First Harmful Event,Latitude,Longitude,Cell Phone In Use Flag,Other Property Damage,Reporting Badge No.
2018131918-51760-AC,MONMOUTH,HOWELL TWP,09/25/2018,TU,1729,01,HOWELL TWP PD,,0,0,0,0,P,I,N,N,02,2,NJ 33,E,33,,00000033__,34.80,02,,01,04,02,02,01,02,02,01,,AT,,TINTON FALLS RD,,,,50,25,26,,,N,,643
2018131918-51926-AC,MONMOUTH,HOWELL TWP,09/26/2018,WE,1648,01,HOWELL TWP PD,,0,0,0,0,P,I,N,N,03,2,FORT PLAINS RD,N,,,13191057__,1.02,07,,01,04,02,01,01,01,05,01,,AT,,SUNNYSIDE RD,,,,45,25,26,,,N,,643
2018131918-52017-AC,MONMOUTH,HOWELL TWP,09/27/2018,TH,0717,01,HOWELL TWP PD,,0,0,0,0,P,B,N,N,10,1,FORT PLAINS RD,N,,,13191057__,2.39,07,,03,04,02,02,05,02,05,01,150,FE,S,PITCH PINE LN,,,,45,25,,,,N,,177
2018131918-52025-AC,MONMOUTH,HOWELL TWP,09/27/2018,TH,0808,01,HOWELL TWP PD,,0,0,0,0,P,B,N,N,11,1,ROUTE 547,E,547,,00000547__,18.13,05,,01,04,02,02,01,05,05,01,500,FE,W,JOHNNY DR,,,,45,25,45,,,N,,195
2018131918-52101-AC,MONMOUTH,HOWELL TWP,09/27/2018,TH,1417,01,HOWELL TWP PD,,0,1,0,0,I,B,N,N,01,2,US 9,N,9,,00000009__,108.92,02,,01,05,02,01,01,01,01,02,1320,FE,N,WEST FARM RD,,,,55,40,26,,,N,,177
2018131918-52257-AC,MONMOUTH,HOWELL TWP,09/28/2018,FR,1155,01,HOWELL TWP PD,,0,0,0,0,P,B,N,N,12,1,NJ 33,W,33,,00000033__,33.29,02,,01,04,02,02,01,05,05,01,100,FE,E,EAST HASTINGS LN,,,,50,25,25,,,N,,665
2018131918-52376-AC,MONMOUTH,HOWELL TWP,09/29/2018,SA,0838,01,HOWELL TWP PD,,0,0,0,0,P,B,N,N,11,1,HOWELL LN **,,,,13191203__,,07,,01,04,02,01,01,01,05,01,500,FE,N,BENNETT RD,,,,45,40,52,,,N,DAMAGE TO LAWN  TREE AND DRIVEWAY - JOSETTE MCCLAREN - 106 HOWELL RD FREEHOLD N?,197
2018131918-52409-AC,MONMOUTH,HOWELL TWP,09/29/2018,SA,1218,01,HOWELL TWP PD,,0,0,0,0,P,B,N,N,01,2,US 9,,9,,00000009__,107.05,02,,03,04,02,01,01,01,01,01,,,,,F,I 195,EB,55,,26,,,N,,671
2018131918-52455-AC,MONMOUTH,HOWELL TWP,10/11/2018,TH,0826,01,HOWELL TWP PD,,0,0,0,0,P,I,N,N,07,2,CITATION ST,S,,,,,07,,01,04,02,01,01,01,05,01,,AT,,WEST FARMS RD,,,,25,40,26,,,N,,184
2018131918-52678-AC,MONMOUTH,HOWELL TWP,10/01/2018,MO,1004,01,HOWELL TWP PD,,0,2,0,0,I,I,N,N,03,2,FORT PLAINS RD,E,,,13191057__,.28,07,,01,04,02,01,01,01,,01,,AT,,HULSES CORNER RD,,,,45,45,26,,,N,,606
2018131918-5269-AC,MONMOUTH,HOWELL TWP,01/27/2018,SA,1100,01,HOWELL TWP PD,,0,0,0,0,P,B,N,N,03,2,KENT RD,,,,,,07,,01,04,02,01,01,01,05,01,100,FE,E,LANES MILL RD,,,,40,40,26,,,N,,671
2018131918-52732-AC,MONMOUTH,HOWELL TWP,10/01/2018,MO,1621,01,HOWELL TWP PD,,0,1,0,0,I,B,N,N,14,1,ROUTE 547,N,547,,00000547__,11.39,05,,01,04,02,01,01,01,05,01,100,FE,S,MILLER RD,,,,50,35,26,,,N,,662
2018131918-52739-AC,MONMOUTH,HOWELL TWP,10/01/2018,MO,1710,01,HOWELL TWP PD,,0,0,0,0,P,I,N,N,03,2,LAKEWOOD-ALLENWOOD RD,N,,,13191100__,2.38,07,,01,04,02,01,01,01,05,01,,AT,,NEWTONS CORNER RD,,,,35,50,26,,,N,,662
2018131918-5303-AC,MONMOUTH,HOWELL TWP,01/27/2018,SA,1408,01,HOWELL TWP PD,,0,0,0,0,P,B,N,N,01,2,FORT PLAINS RD,N,,,13191057__,2.18,07,,01,04,02,01,01,01,05,01,5,FE,E,WEST FARMS RD,,,,40,40,26,,,N,,669
2018131918-53134-AC,MONMOUTH,HOWELL TWP,10/03/2018,WE,1924,01,HOWELL TWP PD,,0,1,0,0,I,B,N,N,01,2,US 9,S,9,,00000009__,107.93,02,,01,04,02,01,06,01,02,01,100,FE,N,SUNNYSIDE RD / VERDANA WAY,,,,50,25,26,,,N,,674
2018131918-53140-AC,MONMOUTH,HOWELL TWP,10/03/2018,WE,2051,01,HOWELL TWP PD,,0,1,0,0,I,B,N,N,01,3,US 9,N,9,,00000009__,103.42,02,,01,04,02,01,06,01,,,300,FE,S,ALEXANDER AVE,,,,40,25,26,,,N,,674
2018131918-53141-AC,MONMOUTH,HOWELL TWP,10/03/2018,WE,2106,01,HOWELL TWP PD,,0,0,0,0,P,I,N,N,02,2,NJ 33,E,33,,00000033__,34.77,02,,01,04,02,01,07,02,05,01,,AT,,NJ 34,,,,50,50,26,,,N,,614
2018131918-532-AC,MONMOUTH,HOWELL TWP,01/03/2018,WE,1444,01,HOWELL TWP PD,,0,0,0,0,P,B,N,N,01,2,NJ 33,,33,,00000033__,34.04,02,,01,04,02,01,01,01,05,01,500,FE,E,6TH AVE,,,,50,25,26,,,N,,653
2018131918-53333-AC,MONMOUTH,HOWELL TWP,10/04/2018,TH,2011,01,HOWELL TWP PD,,0,0,0,0,P,B,N,N,12,1,MONMOUTH COUNTY 18 I,W,18,1,130000181_,,05,,01,04,02,01,05,01,05,01,1320,FE,W,BIRDSALL RD,,,,50,40,24,,,N,,177
2018131918-53596-AC,MONMOUTH,HOWELL TWP,10/06/2018,SA,1516,01,HOWELL TWP PD,,0,2,0,0,I,I,N,N,03,2,HICKORY AVE,S,,,,,07,,01,04,02,01,01,01,,,,AT,,HOLLYWOOD AVE,,,,25,25,26,,,N,,674
2018131918-53597-AC,MONMOUTH,HOWELL TWP,10/06/2018,SA,1531,01,HOWELL TWP PD,,0,3,0,0,I,B,N,N,03,2,NJ 33,W,33,,00000033__,32.50,02,,01,04,02,01,01,01,04,01,500,FE,E,HOLLY RD,,,,50,25,26,,,N,,662
2018131918-536-AC,MONMOUTH,HOWELL TWP,01/03/2018,WE,1521,01,HOWELL TWP PD,,0,0,0,0,P,B,N,N,01,2,US 9,,9,,00000009__,104.52,02,,01,04,02,01,01,01,01,01,150,FE,N,LANES MILL RD,,,,50,25,26,,,N,,652
2018131918-53787-AC,MONMOUTH,HOWELL TWP,10/08/2018,MO,1102,01,HOWELL TWP PD,,0,3,0,0,I,B,N,N,01,2,US 9,S,9,,00000009__,103.28,02,,01,04,02,02,01,05,04,01,250,FE,N,FORD RD,,,,50,35,26,,,N,,185
2018131918-53803-AC,MONMOUTH,HOWELL TWP,10/08/2018,MO,1307,01,HOWELL TWP PD,,0,1,0,0,I,I,N,N,03,2,ASBURY AVE **,S,,,13161129__,1.40,07,,01,04,02,02,01,02,05,01,,AT,,FIVE POINTS RD,,,,40,40,26,,,N,,662
2018131918-53823-AC,MONMOUTH,HOWELL TWP,10/08/2018,MO,1722,01,HOWELL TWP PD,,0,0,0,0,P,I,N,N,01,2,NEWTONS CORNER RD,N,,,13191103__,1.96,07,,01,04,02,02,01,02,05,01,,AT,,GRAND TETON,,,,35,25,26,,,N,,662
2018131918-53919-AC,MONMOUTH,HOWELL TWP,10/09/2018,TU,0849,01,HOWELL TWP PD,,0,1,0,0,I,B,N,N,01,2,US 9,,9,,00000009__,108.64,02,,01,04,02,01,01,01,01,01,150,FE,S,WEST FARM RD,,,,50,40,26,,,N,,642
2018131918-53930-AC,MONMOUTH,HOWELL TWP,10/09/2018,TU,0923,01,HOWELL TWP PD,,0,4,0,0,I,I,N,N,03,2,US 9,,9,,00000009__,107.91,02,,01,04,02,01,01,01,01,01,,AT,,SUNNYSIDE RD / VERDANA WAY,,,,50,35,26,,,N,,642
2018131918-54000-AC,MONMOUTH,HOWELL TWP,10/09/2018,TU,1723,01,HOWELL TWP PD,,0,0,0,0,P,B,Y,N,11,1,US 9,N,9,,00000009__,107.37,02,,01,04,02,01,01,01,01,01,150,FE,S,E 5TH ST / W 5TH ST,,,,50,25,69,,,N,"NO STOPPING OR STANDING"""" SIGN - STATE OF NEW JERSEY - PO BOX 600 TRENTON NJ ?",643
2018131918-54012-AC,MONMOUTH,HOWELL TWP,10/09/2018,TU,1912,01,HOWELL TWP PD,,0,0,0,0,P,B,N,N,06,2,4003 9 NB,,,,,,09,,01,04,02,01,06,01,05,01,,,,,,,,25,,26,,,N,,652
2018131918-54106-AC,MONMOUTH,HOWELL TWP,10/10/2018,WE,0827,01,HOWELL TWP PD,,0,0,0,0,P,B,N,N,15,4,67 WINDELER RD,E,,,,,09,,01,04,02,02,01,05,05,01,,,,,,,,10,,52,,,N,,185
2018131918-54113-AC,MONMOUTH,HOWELL TWP,10/10/2018,WE,0912,01,HOWELL TWP PD,,0,0,0,0,P,B,N,N,06,2,CANNONBALL DR,,,,,,07,,01,06,02,02,00,04,05,01,200,FE,W,POWDERHORN DR,,,,25,25,28,,,N,,177
2018131918-54167-AC,MONMOUTH,HOWELL TWP,10/10/2018,WE,1630,01,HOWELL TWP PD,,0,1,0,0,I,B,Y,N,11,1,ROUTE 547,,547,,00000547__,,05,,01,04,02,01,01,01,05,01,100,FE,N,CR 18,,,,50,45,52,,,N,,614
2018131918-54183-AC,MONMOUTH,HOWELL TWP,10/10/2018,WE,1838,01,HOWELL TWP PD,,0,0,0,0,P,I,N,N,11,1,TINTON FALLS RD **,,,,13191065__,.00,07,,01,04,02,01,06,01,05,01,,AT,,ROUTE 547 / ASBURY RD / TURLEY RD,,,,25,25,56,,,N,,659
2018131918-54186-AC,MONMOUTH,HOWELL TWP,10/10/2018,WE,1851,01,HOWELL TWP PD,,0,0,0,0,P,B,N,N,01,2,US 9,S,9,,00000009__,106.72,02,,01,04,02,01,06,01,01,01,30,FE,N,STANLEY BLVD,,,,50,25,26,,,N,,639
2018131918-54192-AC,MONMOUTH,HOWELL TWP,10/10/2018,WE,1938,01,HOWELL TWP PD,,0,1,0,0,I,B,N,N,01,3,US 9,S,9,,00000009__,106.62,02,,01,04,02,01,06,01,01,01,500,FE,S,STANLEY BLVD,,,,50,25,26,,,N,,
2018131918-54204-AC,MONMOUTH,HOWELL TWP,10/10/2018,WE,2107,01,HOWELL TWP PD,,0,0,0,0,P,I,Y,N,03,2,BUENA VISTA DR **,,,,13191488__,.00,07,,01,04,02,01,07,01,05,01,,AT,,FIVE POINTS RD,,,,45,25,26,,,N,,614
2018131918-54239-AC,MONMOUTH,HOWELL TWP,10/11/2018,TH,0543,01,HOWELL TWP PD,,0,0,0,0,P,B,N,N,12,1,OLD TAVERN RD,,,,,,07,,01,04,02,01,02,01,05,01,200,FE,E,MANASSA RD,,,,40,40,24,,,N,,179
2018131918-54294-AC,MONMOUTH,HOWELL TWP,10/11/2018,TH,1131,01,HOWELL TWP PD,,0,2,0,0,I,I,N,N,03,2,US 9,N,9,,00000009__,107.23,02,,01,04,02,02,01,02,01,01,,AT,,GEORGIA TAVERN RD / HULSE RD,,,,50,40,26,,,N,,177
2018131918-543-AC,MONMOUTH,HOWELL TWP,01/03/2018,WE,1618,01,HOWELL TWP PD,,0,0,0,0,P,B,N,N,01,2,NJ 33,,33,,00000033__,33.42,02,,01,04,02,01,01,01,05,01,100,FE,E,CR 35 / COLTS NECK RD,,,,50,45,26,,,N,,653
2018131918-54305-AC,MONMOUTH,HOWELL TWP,10/11/2018,TH,1307,01,HOWELL TWP PD,,0,1,0,0,I,I,N,N,03,2,MONMOUTH COUNTY 21,W,21,,13000021__,,05,,01,04,02,02,01,05,05,01,,AT,,MANASSA RD,,,,40,40,26,,,N,,629
2018131918-54316-AC,MONMOUTH,HOWELL TWP,10/11/2018,TH,1511,01,HOWELL TWP PD,,0,0,0,0,P,I,N,N,01,2,E ALDRICH RD,E,,,13191056__,1.79,07,,01,04,02,01,01,01,,,,AT,W,US 9,,,,40,50,26,,,N,,644
2018131918-54319-AC,MONMOUTH,HOWELL TWP,10/11/2018,TH,1516,01,HOWELL TWP PD,,0,0,0,0,P,B,N,N,05,2,ROUTE 524 ALTERNATE,,524,A,00000524A_,3.42,05,,01,04,02,02,01,01,05,01,1000,FE,W,NEW CASTLE ST,,,,45,25,26,,,N,,614
2018131918-54348-AC,MONMOUTH,HOWELL TWP,10/11/2018,TH,1928,01,HOWELL TWP PD,,0,0,0,0,P,B,N,N,03,2,ALEXANDER AVE **,E,,,13191091__,.00,07,,03,04,02,02,01,02,05,01,50,FE,W,US 9,,,,35,50,26,,,N,,177
2018131918-54485-AC,MONMOUTH,HOWELL TWP,10/12/2018,FR,1720,01,HOWELL TWP PD,,0,0,0,0,P,B,N,N,02,2,ROUTE 524,,524,,00000524__,25.81,05,,01,04,02,01,01,01,04,01,10,FE,W,WYCKOFF MILLS RD,,,,40,40,26,,,N,,676
2018131918-54489-AC,MONMOUTH,HOWELL TWP,10/12/2018,FR,1745,01,HOWELL TWP PD,,0,0,0,0,P,B,N,N,08,2,WEST FARMS RD,,,,,,07,,01,04,02,01,01,01,05,01,200,FE,W,ROUTE 524A,,,,40,45,26,,,N,,182
2018131918-54490-AC,MONMOUTH,HOWELL TWP,10/12/2018,FR,1746,01,HOWELL TWP PD,,0,0,0,0,P,B,N,N,03,2,NJ 33,,33,,00000033__,31.64,02,,01,04,02,01,01,01,05,01,5280,FE,E,FAIRFIELD RD,,,,50,45,26,,,N,,654
2018131918-54526-AC,MONMOUTH,HOWELL TWP,10/12/2018,FR,2238,01,HOWELL TWP PD,,0,0,0,0,P,I,N,N,02,2,FRIENDSHIP RD **,,,,13191075__,.00,07,,01,04,02,01,06,01,05,01,,AT,,US 9,,,,35,50,26,,,N,,670
2018131918-54734-AC,MONMOUTH,HOWELL TWP,10/14/2018,SU,1406,01,HOWELL TWP PD,,0,1,0,0,I,B,N,N,99,1,S LONGVIEW RD **,N,,,13191193__,.47,07,,03,04,02,01,01,01,05,01,100,FE,S,LIVINGSTON DR,,,,25,25,11,,,N,,660
2018131918-54744-AC,MONMOUTH,HOWELL TWP,10/14/2018,SU,1519,01,HOWELL TWP PD,HOWELL TWP,0,1,0,0,I,B,N,N,01,2,US 9,S,9,,00000009__,106.34,02,,01,04,02,01,01,01,01,01,100,FE,N,ALDRICH RD,,,,50,40,26,,,N,,658
2018131918-54762-AC,MONMOUTH,HOWELL TWP,10/14/2018,SU,1859,01,HOWELL TWP PD,,0,1,0,0,I,B,N,N,01,2,US 9,S,9,,00000009__,104.55,02,,01,04,02,01,06,01,01,01,300,FE,N,LANES MILL RD,,,,50,40,26,,,N,,660
2018131918-54767-AC,MONMOUTH,HOWELL TWP,10/14/2018,SU,1959,01,HOWELL TWP PD,,0,0,0,0,P,B,N,N,12,1,ROUTE 547,,547,,00000547__,11.80,05,,01,04,02,01,05,01,04,,25,FE,N,EISENHOWER ST,,,,45,15,24,,,N,,676
2018131918-54926-AC,MONMOUTH,HOWELL TWP,10/15/2018,MO,1820,01,HOWELL TWP PD,,0,1,0,0,I,B,N,N,01,2,US 9,N,9,,00000009__,104.09,02,,01,04,02,01,05,01,01,01,500,FE,N,ESTELLE LN,,,,50,25,26,,,N,,185
2018131918-54939-AC,MONMOUTH,HOWELL TWP,10/15/2018,MO,1955,01,HOWELL TWP PD,,0,0,0,0,P,B,N,N,11,1,US 9,N,9,,00000009__,110.46,02,,01,04,02,02,06,02,03,01,500,FE,N,STRICKLAND RD,,,,50,35,,,,N,TREE/LANDSCAPING - FIRST FINANCIAL BANK - 389 9NB HOWELL NJ 07731,662
2018131918-54990-AC,MONMOUTH,HOWELL TWP,10/16/2018,TU,0650,01,HOWELL TWP PD,,0,0,0,0,P,B,N,N,01,2,US 9,N,9,,00000009__,106.72,02,,01,04,02,01,02,01,01,01,1000,FE,N,HOWELL LN,,,,50,25,26,,,N,,177
2018131918-55036-AC,MONMOUTH,HOWELL TWP,10/16/2018,TU,1120,01,HOWELL TWP PD,,0,0,0,0,P,I,N,N,03,2,ROUTE 547,,547,,00000547__,19.10,05,,01,04,02,01,01,01,,,,AT,,CRANBERRY RD,,,,45,45,26,,,N,,606
2018131918-5506-AC,MONMOUTH,HOWELL TWP,01/28/2018,SU,1859,01,HOWELL TWP PD,,0,1,0,0,I,B,N,N,03,2,KENT RD,,,,,,07,,01,04,02,01,06,01,05,01,,,,CHURCH RD,,,,35,40,26,,,N,,654
2018131918-55095-AC,MONMOUTH,HOWELL TWP,10/16/2018,TU,1808,01,HOWELL TWP PD,,0,0,0,0,P,B,N,N,02,3,US 9,N,9,,00000009__,105.77,02,,01,04,02,01,06,01,01,01,40,FE,S,SALEM HILL RD,,,,50,25,26,,,N,,639
2018131918-55249-AC,MONMOUTH,HOWELL TWP,10/17/2018,WE,1438,01,HOWELL TWP PD,,0,0,0,0,P,I,N,N,01,2,US 9,N,9,,00000009__,107.91,02,,01,04,02,01,01,01,01,,,AT,,SUNNYSIDE RD,,,,50,40,26,,,N,,644
2018131918-5540-AC,MONMOUTH,HOWELL TWP,01/29/2018,MO,0300,01,HOWELL TWP PD,HOWELL PD,0,0,0,0,P,B,N,N,11,1,LOCUST AVE,W,,,,,07,,02,04,02,01,06,01,05,01,100,FE,E,JENNIFER DR,,,,40,25,58,,,N,MAILBOX  RETAINING WALL AND GRASS - WILLIAM J EYRES - 134 LOCUST (OFF 9NB) AVE ?,649
2018131918-55429-AC,MONMOUTH,HOWELL TWP,10/18/2018,TH,1459,01,HOWELL TWP PD,,0,0,0,0,P,B,N,N,02,2,US 9,N,9,,00000009__,108.76,02,,01,04,02,01,01,01,01,02,500,FE,N,WEST FARM RD,,,,50,40,26,,,N,,653
2018131918-55438-AC,MONMOUTH,HOWELL TWP,10/18/2018,TH,1645,01,HOWELL TWP PD,,0,0,0,0,P,B,N,N,02,2,NEW FRIENDSHIP RD **,,,,13191188__,.00,07,,01,04,02,01,01,01,05,01,100,FE,W,US 9,,,,25,50,26,,,N,,654
2018131918-55441-AC,MONMOUTH,HOWELL TWP,10/18/2018,TH,1700,01,HOWELL TWP PD,,0,0,0,0,P,I,N,N,01,2,US 9,,9,,00000009__,104.49,02,,01,04,02,01,01,01,05,01,,AT,,LANES MILL RD,,,,40,50,26,,,N,,654
2018131918-55460-AC,MONMOUTH,HOWELL TWP,10/18/2018,TH,1847,01,HOWELL TWP PD,,0,0,0,0,P,B,N,N,01,2,ROUTE 547,N,547,,00000547__,14.63,05,,01,04,02,01,03,01,05,01,200,FE,S,CR 21/ROUTE 549/HERBERTSVILLE RD/OL,,,,50,45,26,,,N,,680
2018131918-55478-AC,MONMOUTH,HOWELL TWP,10/18/2018,TH,2238,01,HOWELL TWP PD,,0,0,0,0,P,B,N,N,09,2,LANES MILL RD **,,,,13191078__,.25,07,,03,06,02,01,07,01,05,01,100,FE,E,US 9,,,,40,50,26,,,N,,621
2018131918-55550-AC,MONMOUTH,HOWELL TWP,10/19/2018,FR,0810,01,HOWELL TWP PD,,0,0,0,0,P,B,Y,N,05,2,ARDMORE RD **,,,,13191045__,.00,07,,01,04,02,01,01,01,05,01,20,FE,S,ROUTE 524,,,,25,40,26,,,N,,676
2018131918-5562-AC,MONMOUTH,HOWELL TWP,01/29/2018,MO,0819,01,HOWELL TWP PD,,0,0,0,0,P,B,N,N,02,2,US 9,N,9,,00000009__,104.47,02,,01,04,02,01,01,01,01,01,100,FE,S,LANES MILL RD,,,,50,40,26,,,N,,189
2018131918-55633-AC,MONMOUTH,HOWELL TWP,10/19/2018,FR,1733,01,HOWELL TWP PD,,0,1,0,0,I,B,N,N,01,2,SUNNYSIDE DR **,E,,,13191136__,.00,07,,01,04,02,01,03,01,05,01,10,FE,W,US 9,,,,40,50,26,,,N,,655
2018131918-55658-AC,MONMOUTH,HOWELL TWP,10/19/2018,FR,1907,01,HOWELL TWP PD,,0,0,0,0,P,B,N,N,01,2,ROUTE 524,,524,,00000524__,25.72,05,,01,04,02,01,06,01,05,01,500,FE,W,WYCKOFF MILLS RD,,,,45,35,26,,,N,,662
2018131918-55747-AC,MONMOUTH,HOWELL TWP,10/20/2018,SA,0843,01,HOWELL TWP PD,,0,0,0,0,P,B,N,N,01,2,ROUTE 547,,547,,00000547__,15.33,05,,01,04,02,02,01,02,04,01,10,FE,S,ROUTE 524/524 ALT/ALLAIRE/SQUANKUM-,,,,45,40,26,,,N,,
2018131918-55794-AC,MONMOUTH,HOWELL TWP,10/20/2018,SA,1324,01,HOWELL TWP PD,,0,0,0,0,P,I,N,N,02,2,NJ 33,,33,,00000033__,34.77,02,,01,04,02,01,01,01,03,01,,AT,E,NJ 34,,,,50,50,26,,,N,,672
2018131918-55798-AC,MONMOUTH,HOWELL TWP,10/20/2018,SA,1513,01,HOWELL TWP PD,HOWELL TWP,0,0,0,0,P,I,N,N,03,2,GEORGIA TAVERN RD,S,,,13191073__,1.00,07,,01,04,02,01,01,01,05,01,,AT,,LEMON RD / PESKIN RD,,,,40,40,26,,,N,,658
2018131918-55835-AC,MONMOUTH,HOWELL TWP,10/20/2018,SA,1928,01,HOWELL TWP PD,,0,0,0,0,P,I,N,N,03,2,ROUTE 547,N,547,,00000547__,14.67,05,,01,04,02,01,07,01,05,01,,AT,W,CR 21/ROUTE 549/HERBERTSVILLE RD/OL,,,,40,40,26,,,N,,669
2018131918-55836-AC,MONMOUTH,HOWELL TWP,10/20/2018,SA,1945,01,HOWELL TWP PD,,0,0,0,0,P,B,N,N,11,1,4900 9 SB,,,,,,09,,03,06,02,01,06,01,05,01,,,,,,,,25,,46,,,N,2 SECTIONS OF WOODEN GUARD RAIL - WALMART - 4900 9SB HOWELL NJ 07731,671
2018131918-55873-AC,MONMOUTH,HOWELL TWP,10/21/2018,SU,0115,01,HOWELL TWP PD,,0,0,0,0,P,B,N,N,12,1,FAIRFIELD RD **,,,,13191040__,1.72,07,,01,04,02,01,05,01,05,01,250,FE,S,NJ 33,,,,45,55,24,,,N,,672
2018131918-55890-AC,MONMOUTH,HOWELL TWP,10/21/2018,SU,0821,01,HOWELL TWP PD,,0,0,0,0,P,B,N,N,11,1,ROUTE 547,,547,,00000547__,14.42,05,,01,04,02,01,01,01,05,01,1320,FE,S,CR 21/ROUTE 549/HERBERTSVILLE RD/OL,,,,45,40,,,,N,MAILBOX - MARY L WOOLLEY - 512 RT 547 (SQUANKUM RD) HOWELL NJ 07731,645
2018131918-55897-AC,MONMOUTH,HOWELL TWP,10/21/2018,SU,0857,01,HOWELL TWP PD,,0,1,0,0,I,I,N,N,03,2,EASY ST,,,,,,07,,01,04,02,01,01,01,05,01,,AT,,NEWTONS CORNER RD,,,,40,40,26,,,N,,671
2018131918-55925-AC,MONMOUTH,HOWELL TWP,10/21/2018,SU,1203,01,HOWELL TWP PD,,0,0,0,0,P,B,N,N,11,1,GEORGIA TAVERN RD,,,,13191073__,1.89,07,,01,04,02,01,01,01,05,01,200,FE,E,WHITE ST,,,,40,35,,,,N,TELEPHONE POLE: JC1433HL - JCP&L - RT 547 LAKEWOOD NJ 08701,642
2018131918-55927-AC,MONMOUTH,HOWELL TWP,10/21/2018,SU,1225,01,HOWELL TWP PD,,0,0,0,0,P,B,N,N,01,2,US 9,,9,,00000009__,104.38,02,,01,04,02,01,01,01,01,01,600,FE,S,LANES MILL RD,,,,50,45,26,,,N,,671
2018131918-55948-AC,MONMOUTH,HOWELL TWP,10/21/2018,SU,1710,01,HOWELL TWP PD,,0,0,0,0,P,I,N,N,02,2,NJ 33,,33,,00000033__,34.77,02,,01,04,02,01,01,01,05,01,,AT,E,NJ 34,,,,50,50,26,,,N,,642
2018131918-55952-AC,MONMOUTH,HOWELL TWP,10/21/2018,SU,1759,01,HOWELL TWP PD,,0,0,0,0,P,I,N,N,03,2,MAXIM SOUTHARD RD **,S,,,13191084__,1.94,07,,01,04,02,01,01,01,05,01,,AT,,LOCUST AVE,,,,45,40,26,,,N,,605
2018131918-55979-AC,MONMOUTH,HOWELL TWP,10/22/2018,MO,0015,01,HOWELL TWP PD,,0,0,0,0,P,B,N,N,12,1,US 9,,9,,00000009__,109.96,02,,01,04,02,01,06,01,01,01,50,FE,N,BERGERVILLE RD / CASINO DR,,,,55,35,24,,,N,,678
2018131918-55999-AC,MONMOUTH,HOWELL TWP,10/22/2018,MO,0628,01,HOWELL TWP PD,,0,0,0,0,P,B,N,N,08,2,US 9,N,9,,00000009__,105.74,02,,01,04,02,01,06,01,01,01,200,FE,S,SALEM HILL RD,,,,50,25,26,,,N,,624
2018131918-56143-AC,MONMOUTH,HOWELL TWP,10/23/2018,TU,0023,01,HOWELL TWP PD,,0,0,0,0,P,B,N,N,12,1,US 9,,9,,00000009__,107.80,02,,01,04,02,01,05,01,01,01,300,FE,N,E 1ST ST / W 1ST ST,,,,50,25,24,,,N,,681
2018131918-56176-AC,MONMOUTH,HOWELL TWP,10/23/2018,TU,0643,01,HOWELL TWP PD,,0,0,0,0,P,B,N,N,01,2,US 9,N,9,,00000009__,108.81,02,,01,04,02,01,05,01,01,01,750,FE,N,WEST FARM RD,,,,55,40,26,,,N,,185
2018131918-56229-AC,MONMOUTH,HOWELL TWP,10/23/2018,TU,1114,01,HOWELL TWP PD,,0,0,0,0,P,B,N,N,01,2,NJ 34,,34,,00000034__,8.82,02,,01,04,02,01,01,01,05,01,30,FE,E,NJ 33,,,,50,50,26,,,N,,642
2018131918-56264-AC,MONMOUTH,HOWELL TWP,10/23/2018,TU,1604,01,HOWELL TWP PD,,0,1,0,0,I,B,N,N,01,2,US 9,,9,,00000009__,110.56,02,,01,04,02,01,01,01,03,01,1000,FE,N,STRICKLAND RD,,,,55,40,26,,,N,,645
2018131918-56396-AC,MONMOUTH,HOWELL TWP,10/24/2018,WE,1421,01,HOWELL TWP PD,,0,0,0,0,P,B,N,N,03,2,FORT PLAINS RD,S,,,13191057__,.31,07,,03,04,02,01,01,01,05,01,150,FE,N,HULSES CORNER RD,,,,40,35,26,,,N,,189
2018131918-564-AC,MONMOUTH,HOWELL TWP,01/03/2018,WE,1732,01,HOWELL TWP PD,,0,0,0,0,P,B,Y,N,01,3,NJ 33,W,33,,00000033__,33.59,02,,01,04,02,01,07,01,,01,1000,FE,E,CR 35 / COLTS NECK RD,,,,50,45,26,,,N,,
2018131918-56428-AC,MONMOUTH,HOWELL TWP,10/24/2018,WE,1749,01,HOWELL TWP PD,,0,1,0,0,I,I,N,N,01,2,US 9,N,9,,00000009__,106.71,02,,01,04,02,01,01,01,01,,,AT,S,STANLEY BLVD,,,,50,25,26,,,N,,644
2018131918-56450-AC,MONMOUTH,HOWELL TWP,10/24/2018,WE,2214,01,HOWELL TWP PD,HOWELL TWP,0,0,0,0,P,B,N,N,12,1,WHITE ST,E,,,,,07,,01,04,02,01,07,01,05,01,500,FE,W,GEORGIA TAVERN RD,,,,35,40,24,,,N,,658
2018131918-56565-AC,MONMOUTH,HOWELL TWP,10/25/2018,TH,1436,01,HOWELL TWP PD,,0,0,0,0,P,B,N,N,11,1,NEWTONS CORNER RD,E,,,13191103__,2.21,07,,01,04,02,01,01,01,05,01,35,FE,E,SARAH LN,,,,45,25,25,,,N,,616
2018131918-5666-AC,MONMOUTH,HOWELL TWP,01/29/2018,MO,1842,01,HOWELL TWP PD,,0,0,0,0,P,B,N,N,01,2,US 9,S,9,,00000009__,107.93,02,,01,04,02,01,06,01,01,01,100,FE,N,SUNNYSIDE RD,,,,50,25,26,,,N,,662