Year(4)-CountyCode(2)-MunicipalityCode(2)-CaseNumber(9),County Name,Municipality Name,Crash Date,Crash Day of Week,Crash Time,Police Department Code,Police Department,Police Station,Total Killed,Total Injured,Pedestrians Killed,Pedestrians Injured,Severity,Intersection,Alcohol Involved,Hazmat Involved,Crash Type,Total Vehicles,Location,Location Direction,Route,Route Suffix,Std Rte Identifier,MilePost,Road System,Road Character,Road Horizontal Alignment,Road Grade,Road Surface Type,Surface Condition,Light Condition,Environmental Condition,Road Divided By,Temporary Traffic Control Zone,Distance To Cross Street,Unit Of Measurement,Direction From Cross Street,Cross Street Name,Is Ramp,Ramp To/From Route Name,Ramp To/From Route Direction,Posted Speed,Posted Speed Cross Street,First Harmful Event,Latitude,Longitude,Cell Phone In Use Flag,Other Property Damage,Reporting Badge No.
2018131918-60357-AC,MONMOUTH,HOWELL TWP,11/17/2018,SA,0727,01,HOWELL TWP PD,,0,0,0,0,P,B,N,N,02,2,LAKEWOOD-ALLENWOOD RD,W,,,13191100__,.25,07,,01,04,02,01,01,01,05,,55,FE,W,OAK GLEN RD,,,,45,50,26,,,N,,616
2018131918-60449-AC,MONMOUTH,HOWELL TWP,11/17/2018,SA,1649,01,HOWELL TWP PD,,0,0,0,0,P,B,N,N,12,1,VICTORY RD **,W,,,13191083__,.76,07,,01,04,02,01,05,01,05,,100,FE,W,RAILROAD TRACKS,,,,40,20,24,,,N,,616
2018131918-60471-AC,MONMOUTH,HOWELL TWP,11/17/2018,SA,2141,01,HOWELL TWP PD,,0,1,0,0,I,I,N,N,07,2,US 9,N,9,,00000009__,106.32,02,,01,04,02,01,06,01,05,01,,AT,,ALDRICH RD,,,,50,40,26,,,N,,655
2018131918-60472-AC,MONMOUTH,HOWELL TWP,11/17/2018,SA,2207,01,HOWELL TWP PD,,0,0,0,0,P,B,N,N,12,1,MONMOUTH COUNTY 21,,21,,13000021__,3.73,05,,01,04,02,01,06,01,04,,200,FE,W,ROUTE 547 / LAKEWOOD-FARMINGDALE RD,,,,40,45,24,,,N,,674
2018131918-60480-AC,MONMOUTH,HOWELL TWP,11/17/2018,SA,2322,01,HOWELL TWP PD,,0,0,0,0,P,B,N,N,12,1,ROUTE 547,S,547,,00000547__,13.75,05,,01,04,02,01,05,01,05,01,500,FE,N,EASY ST,,,,50,35,24,,,N,,646
2018131918-60544-AC,MONMOUTH,HOWELL TWP,11/18/2018,SU,1804,01,HOWELL TWP PD,,0,0,0,0,P,B,N,N,01,3,US 9,N,9,,00000009__,104.00,02,,01,04,02,01,06,01,05,01,10,FE,S,ESTELLE LN,,,,50,25,26,,,N,,
2018131918-60555-AC,MONMOUTH,HOWELL TWP,11/18/2018,SU,1928,01,HOWELL TWP PD,HOWELL TWP,0,0,0,0,P,I,N,N,03,2,FORT PLAINS RD,W,,,13191057__,.28,07,,01,04,02,01,07,01,05,01,,AT,,HULSES CORNER RD,,,,40,40,26,,,N,,658
2018131918-6069-AC,MONMOUTH,HOWELL TWP,01/31/2018,WE,2210,01,HOWELL TWP PD,,0,1,0,0,I,B,N,N,11,1,NJ 34,S,34,,00000034__,8.91,02,,02,06,02,01,04,01,01,01,800,FE,N,NJ 33,,,,50,50,,,,N,,614
2018131918-60745-AC,MONMOUTH,HOWELL TWP,11/19/2018,MO,1806,01,HOWELL TWP PD,,0,0,0,0,P,B,N,N,08,2,VERDANA LN,,,,,,07,,01,04,02,01,06,01,05,01,10,FE,E,US 9,,,,25,50,26,,,N,,659
2018131918-60807-AC,MONMOUTH,HOWELL TWP,11/20/2018,TU,0541,01,HOWELL TWP PD,,0,0,0,0,P,B,N,N,12,1,US 9,,9,,00000009__,103.57,02,,01,04,02,01,07,01,01,01,500,FE,N,ALEXANDER AVE,,,,50,40,24,,,N,,621
2018131918-60865-AC,MONMOUTH,HOWELL TWP,11/20/2018,TU,1111,01,HOWELL TWP PD,,0,0,0,0,P,B,N,N,01,2,NEW FRIENDSHIP RD **,E,,,13191188__,.00,07,,01,04,02,01,01,05,05,01,20,FE,E,US 9,,,,30,50,26,,,N,,177
2018131918-60900-AC,MONMOUTH,HOWELL TWP,11/20/2018,TU,1414,01,HOWELL TWP PD,,0,3,0,0,I,B,N,N,03,2,ROUTE 524 ALTERNATE,,524,A,00000524A_,1.89,05,,01,04,02,01,01,01,05,01,200,FE,W,PREVENTORIUM RD,,,,40,35,26,,,N,,642
2018131918-60918-AC,MONMOUTH,HOWELL TWP,11/20/2018,TU,1635,01,HOWELL TWP PD,,0,0,0,0,P,B,N,N,02,2,E ALDRICH RD,,,,13191056__,1.78,07,,01,04,02,01,03,01,05,01,50,FE,E,US 9,,,,40,50,26,,,N,,681
2018131918-61053-AC,MONMOUTH,HOWELL TWP,11/21/2018,WE,0851,01,HOWELL TWP PD,,0,0,0,0,P,B,N,N,12,1,LAKEWOOD-ALLENWOOD RD,E,,,13191100__,.17,07,,01,04,02,01,01,01,05,01,500,FE,W,OAK GLEN RD,,,,40,45,24,,,N,,616
2018131918-61090-AC,MONMOUTH,HOWELL TWP,11/21/2018,WE,1143,01,HOWELL TWP PD,,0,0,0,0,P,B,N,N,08,2,1014 RT 33,,,,,,09,,01,04,02,01,01,01,,,,,,,,,,25,,26,,,N,,197
2018131918-61118-AC,MONMOUTH,HOWELL TWP,11/21/2018,WE,1408,01,HOWELL TWP PD,,0,0,0,0,P,I,N,N,05,2,GEORGIA RD,,,,13161011__,4.70,07,,01,04,02,01,01,01,05,01,,AT,,OATES DR,,,,40,25,26,,,N,,615
2018131918-61150-AC,MONMOUTH,HOWELL TWP,11/21/2018,WE,1713,01,HOWELL TWP PD,,0,0,0,0,P,I,N,N,03,2,MAXIM SOUTHARD RD **,,,,13191084__,2.49,07,,01,04,02,01,07,01,05,01,,AT,,LANES MILL RD,,,,40,35,26,,,N,,653
2018131918-61158-AC,MONMOUTH,HOWELL TWP,11/21/2018,WE,1742,01,HOWELL TWP PD,,0,1,0,0,I,B,N,N,01,2,US 9,,9,,00000009__,106.01,02,,01,04,02,01,06,01,,01,10,FE,W,HILL TOP RD,,,,50,25,26,,,N,,681
2018131918-61162-AC,MONMOUTH,HOWELL TWP,11/21/2018,WE,1753,01,HOWELL TWP PD,,0,0,0,0,P,B,N,N,03,2,LANES MILL RD **,,,,13191078__,.18,07,,01,04,02,01,06,01,05,01,250,FE,W,US 9,,,,40,50,26,,,N,,652
2018131918-61171-AC,MONMOUTH,HOWELL TWP,11/21/2018,WE,1855,01,HOWELL TWP PD,,0,2,0,2,I,I,N,N,13,1,US 9,,9,,00000009__,104.49,02,,01,04,02,01,06,01,01,01,,AT,,LANES MILL RD,,,,50,40,26,,,N,,
2018131918-61173-AC,MONMOUTH,HOWELL TWP,11/21/2018,WE,1911,01,HOWELL TWP PD,,0,0,0,0,P,B,N,N,07,2,LANES MILL RD **,,,,13191078__,.22,07,,01,04,02,01,06,01,05,01,50,FE,W,US 9,,,,35,50,26,,,N,,653
2018131918-61322-AC,MONMOUTH,HOWELL TWP,11/22/2018,TH,1408,01,HOWELL TWP PD,,0,0,0,0,P,B,N,N,06,2,BASS PL **,W,,,13191210__,.00,07,,01,04,02,00,00,00,05,01,5,FE,N,MAPLE LN,,,,25,25,00,,,N,,669
2018131918-61419-AC,MONMOUTH,HOWELL TWP,11/23/2018,FR,0958,01,HOWELL TWP PD,,0,0,0,0,P,I,N,N,01,2,ROUTE 524,E,524,,00000524__,25.81,05,,01,04,02,01,01,01,05,01,,AT,,WYCKOFF MILLS RD,,,,35,35,26,,,N,,623
2018131918-61444-AC,MONMOUTH,HOWELL TWP,11/23/2018,FR,1310,01,HOWELL TWP PD,,0,1,0,0,I,I,N,N,03,2,US 9,S,9,,00000009__,104.00,02,,01,04,02,01,01,01,01,01,,AT,E,ESTELLE LN,,,,50,25,26,,,N,,669
2018131918-61477-AC,MONMOUTH,HOWELL TWP,11/23/2018,FR,1814,01,HOWELL TWP PD,,0,0,0,0,P,I,N,N,07,2,GEORGIA RD,E,,,13161011__,1.68,07,,01,04,02,01,06,01,05,01,,AT,,ASTER LN,,,,40,10,26,,,N,,643
2018131918-61554-AC,MONMOUTH,HOWELL TWP,11/24/2018,SA,0542,01,HOWELL TWP PD,,0,0,0,0,P,I,N,N,11,1,US 9,,9,,00000009__,107.05,02,,03,06,02,01,06,01,01,01,,AT,E,I-195,,,,50,65,60,,,N,,672
2018131918-6157-AC,MONMOUTH,HOWELL TWP,02/01/2018,TH,0802,01,HOWELL TWP PD,,0,0,0,0,P,B,N,N,06,2,SAINT JOHNS DR,N,,,,,07,,03,04,02,01,01,01,05,01,1500,FE,N,SYRACUSE DR,,,,25,,26,,,N,,197
2018131918-61590-AC,MONMOUTH,HOWELL TWP,11/24/2018,SA,1152,01,HOWELL TWP PD,,0,0,0,0,P,I,N,N,02,2,US 9,S,9,,00000009__,105.78,02,,01,04,02,01,01,01,01,01,,AT,,SALEM HILL RD,,,,50,30,26,,,N,,676
2018131918-61656-AC,MONMOUTH,HOWELL TWP,11/24/2018,SA,2331,01,HOWELL TWP PD,,0,0,0,0,P,B,Y,N,11,1,CASINO RD,,,,13191012__,3.20,07,,01,04,02,02,06,02,05,01,150,FE,E,GREEN TREE CT,,,,40,25,60,,,N,,670
2018131918-617-AC,MONMOUTH,HOWELL TWP,01/03/2018,WE,2244,01,HOWELL TWP PD,,0,1,0,0,I,B,N,N,04,2,NEW FRIENDSHIP RD,E,,,,,07,,01,04,02,01,06,01,05,01,50,FE,E,CATTAIL DR,,,,30,25,26,,,N,,335
2018131918-61874-AC,MONMOUTH,HOWELL TWP,11/26/2018,MO,0918,01,HOWELL TWP PD,,0,0,0,0,P,I,N,N,03,2,MAXIM SOUTHARD RD **,,,,13191084__,.74,07,,01,04,02,01,01,05,05,01,,AT,,OAK GLEN RD,,,,35,45,26,,,N,,675
2018131918-61900-AC,MONMOUTH,HOWELL TWP,11/26/2018,MO,1239,01,HOWELL TWP PD,,0,0,0,0,P,B,N,N,01,2,US 9,S,9,,00000009__,106.35,02,,01,04,02,02,01,01,01,01,500,FE,S,REDWOOD RD,,,,50,25,26,,,N,,624
2018131918-61916-AC,MONMOUTH,HOWELL TWP,11/26/2018,MO,1448,01,HOWELL TWP PD,,0,0,0,0,P,B,N,N,11,1,ROUTE 547,,547,,00000547__,13.33,05,,01,04,02,02,01,02,04,,300,FE,S,VICTORY RD,,,,50,40,69,,,N,,674
2018131918-61922-AC,MONMOUTH,HOWELL TWP,11/26/2018,MO,1513,01,HOWELL TWP PD,,0,0,0,0,P,B,N,N,01,2,FIVE POINTS RD,,,,13091141__,1.93,07,,01,04,02,02,01,02,05,01,500,FE,N,ASBURY AVE,,,,40,45,26,,,N,,614
2018131918-61948-AC,MONMOUTH,HOWELL TWP,11/26/2018,MO,1856,01,HOWELL TWP PD,HOWELL TWP,0,0,0,0,P,B,N,N,01,2,US 9,S,9,,00000009__,107.24,02,,01,04,02,02,06,02,01,01,50,FE,N,GEORGIA TAVERN RD / HULSE RD,,,,50,40,26,,,N,,658
2018131918-61962-AC,MONMOUTH,HOWELL TWP,11/26/2018,MO,2155,01,HOWELL TWP PD,,0,0,0,0,P,B,N,N,01,2,US 9,S,9,,00000009__,110.39,02,,01,04,02,01,06,01,02,,100,FE,N,STRICKLAND RD,,,,55,35,26,,,N,,
2018131918-62117-AC,MONMOUTH,HOWELL TWP,11/27/2018,TU,1412,01,HOWELL TWP PD,,0,0,0,0,P,B,N,N,01,2,NEWTONS CORNER RD,N,,,13191103__,1.42,07,,01,04,01,01,01,01,05,01,5,FE,E,RAMTOWN GREENVILLE RD,,,,45,45,26,,,N,,669
2018131918-62123-AC,MONMOUTH,HOWELL TWP,11/27/2018,TU,1450,01,HOWELL TWP PD,,0,0,0,0,P,B,N,N,01,2,US 9,,9,,00000009__,105.50,02,,01,04,02,01,01,01,05,01,1500,FE,S,SALEM HILL RD,,,,50,25,26,,,N,,645
2018131918-62156-AC,MONMOUTH,HOWELL TWP,11/27/2018,TU,1728,01,HOWELL TWP PD,,0,0,0,0,P,I,N,N,03,2,FORT PLAINS RD,S,,,13191057__,.28,07,,01,04,02,01,06,01,05,01,,AT,,HULSES CORNER RD,,,,45,45,26,,,N,,643
2018131918-6219-AC,MONMOUTH,HOWELL TWP,02/01/2018,TH,1129,01,HOWELL TWP PD,,0,0,0,0,P,B,N,N,01,2,NJ 33,E,33,,00000033__,32.55,02,,01,04,02,01,01,01,04,01,50,FE,W,WEST RENAISSANCE BLVD,,,,50,25,26,,,N,,197
2018131918-62318-AC,MONMOUTH,HOWELL TWP,11/28/2018,WE,1144,01,HOWELL TWP PD,,0,0,0,0,P,B,N,N,11,1,FIVE POINTS RD,N,,,13091141__,2.56,07,,01,04,01,01,01,01,05,01,5280,FE,N,VANDERVEER RD,,,,45,45,,,,N,,669
2018131918-62327-AC,MONMOUTH,HOWELL TWP,11/28/2018,WE,1230,01,HOWELL TWP PD,,0,1,0,0,I,B,N,N,01,2,OAK GLEN RD,N,,,13191081__,3.45,07,,01,04,02,01,01,01,05,01,100,FE,S,DANELLA WAY,,,,45,25,26,,,N,,185
2018131918-62383-AC,MONMOUTH,HOWELL TWP,11/28/2018,WE,1819,01,HOWELL TWP PD,,0,0,0,0,P,B,N,N,12,1,US 9,N,9,,00000009__,109.50,02,,01,04,02,01,06,01,01,01,2400,FE,S,BERGERVILLE RD / CASINO DR,,,,55,40,24,,,N,,643
2018131918-62413-AC,MONMOUTH,HOWELL TWP,11/28/2018,WE,2125,01,HOWELL TWP PD,,0,0,0,0,P,B,N,N,12,1,ROUTE 549,W,549,,00000549__,17.62,05,,01,04,02,01,06,01,05,01,1056,FE,S,ROUTE 547 / FARMINGDALE LAKEWOOD RD,,,,45,50,24,,,N,,680
2018131918-62455-AC,MONMOUTH,HOWELL TWP,11/29/2018,TH,0524,01,HOWELL TWP PD,,0,0,0,0,P,B,N,N,12,1,US 9,S,9,,00000009__,108.58,02,,01,04,02,01,02,01,01,01,500,FE,S,WEST FARM RD,,,,50,40,24,,,N,,679
2018131918-62464-AC,MONMOUTH,HOWELL TWP,11/29/2018,TH,0622,01,HOWELL TWP PD,,0,0,0,0,P,B,N,N,12,1,NJ 34,,34,,00000034__,8.87,02,,01,04,02,01,06,01,05,01,300,FE,N,NJ 33,,,,50,,24,,,N,,179
2018131918-6250-AC,MONMOUTH,HOWELL TWP,02/02/2018,FR,0855,01,HOWELL TWP PD,,0,0,0,0,P,B,N,N,01,2,OAK GLEN RD,N,,,13191081__,.92,07,,03,04,02,01,01,01,05,01,5,FE,E,ROUTE 547,,,,45,45,26,,,N,,669
2018131918-62558-AC,MONMOUTH,HOWELL TWP,11/29/2018,TH,1342,01,HOWELL TWP PD,,0,0,0,0,P,I,N,N,09,2,E ALDRICH RD,W,,,13191056__,1.30,07,,01,04,02,01,01,01,05,01,,AT,,PINEWOOD RD,,,,40,35,26,,,N,,185
2018131918-62603-AC,MONMOUTH,HOWELL TWP,11/29/2018,TH,1829,01,HOWELL TWP PD,,0,2,0,0,I,B,N,N,15,1,ROUTE 524 ALTERNATE,W,524,A,00000524A_,3.60,05,,01,04,02,01,05,01,05,01,50,FE,W,NEW CASTLE ST,,,,45,25,,,,N,UTILITY POLE #BT40246HL - VERIZON - FAIRFIELD RD HOWEL NJ,616
2018131918-62705-AC,MONMOUTH,HOWELL TWP,11/30/2018,FR,1008,01,HOWELL TWP PD,,0,0,0,0,P,B,N,N,02,2,US 9,,9,,00000009__,108.67,02,,01,04,02,01,01,01,01,01,20,FE,S,WEST FARM RD,,,,55,45,26,,,N,,676
2018131918-62788-AC,MONMOUTH,HOWELL TWP,11/30/2018,FR,2011,01,HOWELL TWP PD,,0,0,0,0,P,B,N,N,01,2,US 9,S,9,,00000009__,104.49,02,,01,04,02,01,06,01,01,01,20,FE,S,LANES MILL RD,,,,50,40,26,,,N,,
2018131918-62835-AC,MONMOUTH,HOWELL TWP,12/01/2018,SA,0728,01,HOWELL TWP PD,,0,0,0,0,P,B,N,N,11,1,NJ 33,,33,,00000033__,32.90,02,,,04,02,04,01,01,05,01,2640,FE,W,CR 35 / COLTS NECK RD,,,,45,45,45,,,N,,648
2018131918-62838-AC,MONMOUTH,HOWELL TWP,12/01/2018,SA,0815,01,HOWELL TWP PD,,0,0,0,0,P,B,N,N,11,1,NJ 33,,33,,00000033__,32.49,02,,03,04,02,04,01,01,05,01,200,FE,W,W RENAISSANCE BLVD,,,,50,25,46,,,N,,675
2018131918-62902-AC,MONMOUTH,HOWELL TWP,12/01/2018,SA,1726,01,HOWELL TWP PD,,0,0,0,0,P,I,N,N,03,2,LOCUST AVE **,,,,13191180__,.09,07,,01,04,02,02,06,02,05,01,,AT,,BARRE DR,,,,40,25,26,,,N,,324
2018131918-62908-AC,MONMOUTH,HOWELL TWP,12/01/2018,SA,1825,01,HOWELL TWP PD,,0,0,0,0,P,B,N,N,03,2,E ALDRICH RD,,,,13191056__,1.85,07,,01,04,02,02,06,02,05,,300,FE,W,US 9,,,,40,50,26,,,N,,324
2018131918-62963-AC,MONMOUTH,HOWELL TWP,12/02/2018,SU,1015,01,HOWELL TWP PD,,0,0,0,0,P,B,N,N,11,1,ROUTE 549,,549,,00000549__,17.68,05,,02,04,02,02,01,02,05,01,750,FE,S,ROUTE 547 / FARMINGDALE LAKEWOOD RD,,,,45,45,46,,,N,MINOR DAMAGE TO GUARDRAIL - MONMOUTH COUNTY - RT 549 HOWELL NJ,
2018131918-63019-AC,MONMOUTH,HOWELL TWP,12/02/2018,SU,1847,01,HOWELL TWP PD,,0,1,0,0,I,I,N,N,11,1,CASINO RD,,,,13191012__,1.39,07,,01,04,02,02,06,02,05,01,,AT,,KETCHAM RD,,,,40,35,,,,N,TELEPHONE POLE: BT3132HL - VERIZON - FAIRFIELD RD HOWELL NJ 07731,642
2018131918-63022-AC,MONMOUTH,HOWELL TWP,12/02/2018,SU,1855,01,HOWELL TWP PD,,0,0,0,0,P,I,N,N,01,2,E ALDRICH RD,,,,13191056__,1.79,07,,01,04,02,02,05,02,05,01,,AT,,US 9,,,,40,50,26,,,N,,652
2018131918-63245-AC,MONMOUTH,HOWELL TWP,12/04/2018,TU,0803,01,HOWELL TWP PD,,0,1,0,0,I,I,N,N,03,3,NEWTONS CORNER RD,N,,,13191103__,2.56,07,,01,04,02,01,01,01,05,01,,AT,,EASY ST,,,,45,50,26,,,N,,682
2018131918-63298-AC,MONMOUTH,HOWELL TWP,12/04/2018,TU,1244,01,HOWELL TWP PD,,0,0,0,0,P,B,N,N,03,2,LANES MILL RD **,E,,,13191078__,.14,07,,01,04,02,01,01,01,05,01,500,FE,W,US 9 S RAMP,,,,40,50,26,,,N,,185
2018131918-63353-AC,MONMOUTH,HOWELL TWP,12/04/2018,TU,1700,01,HOWELL TWP PD,,0,0,0,0,P,B,N,N,06,2,TINKER CT **,,,,13191246__,.01,07,,01,04,02,01,00,00,05,01,50,FE,W,GLEN ARDEN DR,,,,15,25,28,,,N,,681
2018131918-63381-AC,MONMOUTH,HOWELL TWP,12/04/2018,TU,1948,01,HOWELL TWP PD,,0,0,0,0,P,B,N,N,11,1,NJ 33,E,33,,00000033__,32.87,02,,02,04,02,04,07,01,05,01,1500,FE,W,E SAN MARCO BLVD,,,,50,25,,,,N,,614
2018131918-63393-AC,MONMOUTH,HOWELL TWP,12/04/2018,TU,2112,01,HOWELL TWP PD,,0,0,0,0,P,I,N,N,11,1,CASINO RD,,,,13191012__,2.63,07,,01,04,02,01,07,01,05,01,,AT,,LEMON RD / HAVENS BRIDGE RD,,,,40,45,,,,N,,614
2018131918-63408-AC,MONMOUTH,HOWELL TWP,12/05/2018,WE,0114,01,HOWELL TWP PD,,0,0,0,0,P,B,N,N,12,1,US 9,,9,,00000009__,103.57,02,,01,04,02,01,07,01,01,01,500,FE,N,ALEXANDER AVE,,,,50,35,24,,,N,,345
2018131918-63438-AC,MONMOUTH,HOWELL TWP,12/05/2018,WE,0622,01,HOWELL TWP PD,,0,0,0,0,P,B,N,N,11,1,NJ 33,,33,,00000033__,32.05,02,,02,04,02,04,02,01,05,01,2500,FE,E,YELLOWBROOK RD,,,,50,40,46,,,N,,179
2018131918-63525-AC,MONMOUTH,HOWELL TWP,12/05/2018,WE,1409,01,HOWELL TWP PD,,0,0,0,0,P,I,N,N,07,2,E ALDRICH RD,E,,,13191056__,2.29,07,,01,04,02,01,01,05,05,01,,AT,,GLEN ARDEN DR / GLEN RD,,,,40,25,26,,,N,,185
2018131918-63557-AC,MONMOUTH,HOWELL TWP,12/05/2018,WE,1846,01,HOWELL TWP PD,,0,0,0,0,P,B,N,N,12,1,NJ 33,,33,,00000033__,31.02,02,,01,04,02,01,07,01,05,01,2000,FE,E,FAIRFIELD RD,,,,50,45,24,,,N,,615
2018131918-63584-AC,MONMOUTH,HOWELL TWP,12/05/2018,WE,2311,01,HOWELL TWP PD,,0,0,0,0,P,B,N,N,12,1,SUNNYSIDE DR **,W,,,13191136__,.11,07,,01,04,02,01,06,01,05,01,50,FE,W,SHERRYBROOKE DR,,,,25,25,24,,,N,,345
2018131918-63597-AC,MONMOUTH,HOWELL TWP,12/06/2018,TH,0154,01,HOWELL TWP PD,,0,0,0,0,P,B,N,N,12,1,ROUTE 549,S,549,,00000549__,16.49,05,,01,04,02,01,07,01,05,01,500,FE,N,NEWTON CORNER RD,,,,40,35,24,,,N,,679
2018131918-63630-AC,MONMOUTH,HOWELL TWP,12/06/2018,TH,0754,01,HOWELL TWP PD,,0,0,0,0,P,B,N,N,01,2,E ALDRICH RD,E,,,13191056__,1.97,07,,01,04,02,01,01,01,05,01,75,FE,W,CAMBRIDGE DR,,,,40,25,26,,,N,,197
2018131918-63700-AC,MONMOUTH,HOWELL TWP,12/06/2018,TH,1348,01,HOWELL TWP PD,,0,1,0,0,I,I,N,N,03,2,LAKEWOOD-ALLENWOOD RD,S,,,13191100__,2.38,07,,01,04,02,01,01,01,05,01,,AT,,NEWTONS CORNER RD,,,,45,35,26,,,N,,616
2018131918-63707-AC,MONMOUTH,HOWELL TWP,12/06/2018,TH,1424,01,HOWELL TWP PD,,0,0,0,0,P,B,N,N,06,2,US 9,,9,,00000009__,107.70,02,,01,04,02,01,01,01,01,01,,,,,,,,50,,26,,,N,,197
2018131918-63827-AC,MONMOUTH,HOWELL TWP,12/07/2018,FR,0747,01,HOWELL TWP PD,,0,0,0,0,P,I,N,N,01,2,US 9,N,9,,00000009__,104.00,02,,01,04,02,01,01,01,01,01,,AT,,ESTELLE LN,,,,50,25,26,,,N,,184
2018131918-63885-AC,MONMOUTH,HOWELL TWP,12/07/2018,FR,1403,01,HOWELL TWP PD,,0,0,0,0,P,B,N,N,02,2,LANES MILL RD **,W,,,13191078__,.24,07,,01,06,02,01,01,01,05,,30,FE,E,US 9 N JUGHANDLE,,,,35,50,26,,,N,,177
2018131918-63886-AC,MONMOUTH,HOWELL TWP,12/07/2018,FR,1405,01,HOWELL TWP PD,,0,0,0,0,P,I,N,N,07,2,US 9,,9,,00000009__,105.23,02,,01,04,02,01,01,01,04,01,,AT,,NEW FRIENDSHIP RD,,,,50,30,26,,,N,,184
2018131918-63931-AC,MONMOUTH,HOWELL TWP,12/07/2018,FR,1902,01,HOWELL TWP PD,,0,1,0,0,I,I,N,N,04,2,ROUTE 524 ALTERNATE,W,524,A,00000524A_,.81,05,,01,04,02,01,06,01,05,01,,AT,,W FARM RD,,,,45,40,26,,,N,,332
2018131918-64062-AC,MONMOUTH,HOWELL TWP,12/08/2018,SA,1558,01,HOWELL TWP PD,,0,0,0,0,P,I,N,N,02,2,US 9,,9,,00000009__,104.00,02,,01,04,02,01,01,01,01,,,AT,,ESTELLE LN,,,,50,35,26,,,N,,653
2018131918-6409-AC,MONMOUTH,HOWELL TWP,02/02/2018,FR,1241,01,HOWELL TWP PD,,0,0,0,0,P,B,N,N,01,2,ROUTE 524 ALTERNATE,W,524,A,00000524A_,1.64,05,,01,04,02,01,01,01,05,,45,FE,E,CR 21 / SOUTHARD AVE,,,,45,40,26,,,N,,616
2018131918-64093-AC,MONMOUTH,HOWELL TWP,12/08/2018,SA,1957,01,HOWELL TWP PD,,0,0,0,0,P,I,N,N,01,2,US 9,N,9,,00000009__,104.49,02,,01,04,02,01,06,01,01,01,,AT,S,LANES MILL RD,,,,50,40,26,,,N,,680
2018131918-64143-AC,MONMOUTH,HOWELL TWP,12/09/2018,SU,0308,01,HOWELL TWP PD,,0,0,0,0,P,B,N,N,12,1,FORD RD **,N,,,13191090__,1.66,07,,01,04,02,01,04,01,05,01,100,FE,S,DRIFTWAY RD,,,,35,25,24,,,N,,665
2018131918-64273-AC,MONMOUTH,HOWELL TWP,12/10/2018,MO,0722,01,HOWELL TWP PD,,0,0,0,0,P,I,N,N,03,2,NJ 33,E,33,,00000033__,32.13,02,,01,04,02,01,01,01,05,01,,AT,,YELLOW BROOK RD,,,,50,45,26,,,N,,676
2018131918-64339-AC,MONMOUTH,HOWELL TWP,12/10/2018,MO,1232,01,HOWELL TWP PD,,0,0,0,0,P,B,N,N,01,2,US 9,S,9,,00000009__,110.39,02,,01,04,02,01,01,01,03,01,100,FE,N,STRICKLAND RD,,,,55,45,26,,,N,,624
2018131918-64385-AC,MONMOUTH,HOWELL TWP,12/10/2018,MO,1654,01,HOWELL TWP PD,,0,0,0,0,P,B,N,N,01,2,US 9,,9,,00000009__,107.07,02,,01,04,02,01,01,01,01,01,100,FE,N,I-195,,,,50,65,26,,,N,,344
2018131918-6439-AC,MONMOUTH,HOWELL TWP,02/02/2018,FR,1423,01,HOWELL TWP PD,,0,1,0,0,I,I,N,N,03,2,EASY ST,N,,,,,07,,01,04,02,01,01,01,05,01,,AT,W,NEWTONS CORNER RD,,,,40,40,26,,,N,,669
2018131918-6442-AC,MONMOUTH,HOWELL TWP,02/02/2018,FR,1439,01,HOWELL TWP PD,,0,0,0,0,P,I,N,N,11,1,NJ 33,E,33,,00000033__,30.64,02,,01,04,02,01,01,01,05,01,,AT,,FAIRFIELD RD,,,,50,45,,,,N,KEEP RIGHT TRAFFIC DIRECTIONAL SIGN- NJDOT - PO BOX 600 TRENTON NJ,660
2018131918-6443-AC,MONMOUTH,HOWELL TWP,02/02/2018,FR,1503,01,HOWELL TWP PD,,0,1,0,0,I,I,N,N,01,2,MAXIM SOUTHARD RD,N,,,,,07,,01,04,02,01,01,01,05,01,,AT,,LOCUST AVE,,,,45,45,26,,,N,,662
2018131918-64497-AC,MONMOUTH,HOWELL TWP,12/11/2018,TU,1004,01,HOWELL TWP PD,,0,0,0,0,P,B,N,N,01,2,US 9,N,9,,00000009__,107.24,02,,01,04,02,01,01,01,01,01,50,FE,N,GEORGIA TAVERN RD / HULSE RD,,,,50,40,26,,,N,,189
2018131918-64588-AC,MONMOUTH,HOWELL TWP,12/11/2018,TU,1833,01,HOWELL TWP PD,,0,0,0,0,P,B,N,N,01,2,TINTON FALLS RD **,E,,,13191065__,.55,07,,03,04,01,01,06,01,02,01,12,FE,W,NJ 34,,,,25,50,26,,,N,,177
2018131918-64605-AC,MONMOUTH,HOWELL TWP,12/11/2018,TU,2131,01,HOWELL TWP PD,,0,0,0,0,P,I,N,N,02,2,US 9,,9,,00000009__,106.32,02,,01,04,02,01,06,01,01,01,,AT,S,ALDRICH RD,,,,50,40,26,,,N,,344
2018131918-64784-AC,MONMOUTH,HOWELL TWP,12/12/2018,WE,1555,01,HOWELL TWP PD,,0,2,0,0,I,B,N,N,03,2,LANES MILL RD **,W,,,13191078__,.23,07,,01,04,02,01,01,01,,,25,FE,W,US 9,,,,40,50,26,,,N,,644
2018131918-64793-AC,MONMOUTH,HOWELL TWP,12/12/2018,WE,1651,01,HOWELL TWP PD,HOWELL TWP,0,0,0,0,P,I,N,N,03,2,BROWN RD **,N,,,13191086__,.77,07,,01,04,02,01,07,01,05,01,,AT,,FORD RD,,,,40,25,26,,,N,,658