Year(4)-CountyCode(2)-MunicipalityCode(2)-CaseNumber(9),County Name,Municipality Name,Crash Date,Crash Day of Week,Crash Time,Police Department Code,Police Department,Police Station,Total Killed,Total Injured,Pedestrians Killed,Pedestrians Injured,Severity,Intersection,Alcohol Involved,Hazmat Involved,Crash Type,Total Vehicles,Location,Location Direction,Route,Route Suffix,Std Rte Identifier,MilePost,Road System,Road Character,Road Horizontal Alignment,Road Grade,Road Surface Type,Surface Condition,Light Condition,Environmental Condition,Road Divided By,Temporary Traffic Control Zone,Distance To Cross Street,Unit Of Measurement,Direction From Cross Street,Cross Street Name,Is Ramp,Ramp To/From Route Name,Ramp To/From Route Direction,Posted Speed,Posted Speed Cross Street,First Harmful Event,Latitude,Longitude,Cell Phone In Use Flag,Other Property Damage,Reporting Badge No.
2018131918-65013-AC,MONMOUTH,HOWELL TWP,12/13/2018,TH,1930,01,HOWELL TWP PD,,0,1,0,0,I,I,N,N,03,2,LOCUST AVE **,,,,13191180__,1.10,07,,01,04,02,01,07,01,05,01,,AT,N,MAXIM SOUTHARD RD,,,,45,35,26,,,N,DAMAGE TO GRASS AND BUSHES - STEVEN R DONOGHUE - 1278 MAXIM SOUTHARD RD HOWELL ?,653
2018131918-65014-AC,MONMOUTH,HOWELL TWP,12/13/2018,TH,1944,01,HOWELL TWP PD,,0,0,0,0,P,B,N,N,02,2,US 9,N,9,,00000009__,106.31,02,,01,04,02,01,06,01,01,01,50,FE,S,ALDRICH RD,,,,50,40,26,,,N,,643
2018131918-65081-AC,MONMOUTH,HOWELL TWP,12/14/2018,FR,0654,01,HOWELL TWP PD,,0,0,0,0,P,B,N,N,06,2,LONG RD **,,,,13191232__,.25,07,,01,04,02,01,01,01,05,01,100,FE,W,SECENIC DR,,,,25,25,28,,,N,,
2018131918-65238-AC,MONMOUTH,HOWELL TWP,12/14/2018,FR,2024,01,HOWELL TWP PD,,0,0,0,0,P,B,N,N,01,2,US 9,N,9,,00000009__,106.71,02,,01,04,02,01,03,01,01,01,10,FE,S,STANLEY BLVD,,,,50,25,26,,,N,,665
2018131918-65329-AC,MONMOUTH,HOWELL TWP,12/15/2018,SA,1226,01,HOWELL TWP PD,,0,1,0,0,I,B,N,N,01,3,US 9,S,9,,00000009__,105.71,02,,01,04,02,02,01,02,01,01,5280,FE,W,STANLEY BLVD,,,,50,25,26,,,N,,
2018131918-65478-AC,MONMOUTH,HOWELL TWP,12/16/2018,SU,1433,01,HOWELL TWP PD,,0,1,0,0,I,B,N,N,01,2,US 9,S,9,,00000009__,106.36,02,,01,04,02,02,01,02,05,01,200,FE,N,ALDRICH RD,,,,50,40,26,,,N,,660
2018131918-65483-AC,MONMOUTH,HOWELL TWP,12/16/2018,SU,1548,01,HOWELL TWP PD,,0,0,0,0,P,B,N,N,11,1,ROUTE 547,N,547,,00000547__,10.98,05,,01,04,02,02,01,02,,01,5,FE,N,LANES POND RD / WAVERLY PL,,,,50,35,52,,,N,GUIDE LINE TO POLE # 40773HL - JCP&L - 880 PINEWALD KESWICK RD MANCESTER NJ 087?,665
2018131918-65527-AC,MONMOUTH,HOWELL TWP,12/17/2018,MO,0020,01,HOWELL TWP PD,,0,0,0,0,P,B,N,N,12,1,ROUTE 524,W,524,,00000524__,28.52,05,,01,04,02,02,06,02,05,01,100,FE,E,CAMELOT DR / SANDY LN,,,,45,25,24,,,N,,663
2018131918-65570-AC,MONMOUTH,HOWELL TWP,12/17/2018,MO,0828,01,HOWELL TWP PD,,0,1,0,0,I,B,N,N,01,3,E ALDRICH RD,W,,,13191056__,1.34,07,,01,05,02,02,01,01,05,01,200,FE,W,PINEWOOD RD,,,,40,25,26,,,N,MAILBOX - CHRISTOPHER BARTON - 386 ALDRICH (EAST) RD HOWELL NJ 07731,
2018131918-65575-AC,MONMOUTH,HOWELL TWP,12/17/2018,MO,0837,01,HOWELL TWP PD,,0,0,0,0,P,I,N,N,01,2,OAK GLEN RD,,,,13191081__,.92,07,,01,04,02,02,01,05,05,01,,AT,,ROUTE 547,,,,45,50,26,,,N,,675
2018131918-65583-AC,MONMOUTH,HOWELL TWP,12/17/2018,MO,0948,01,HOWELL TWP PD,,0,1,0,0,I,B,N,N,11,1,E ALDRICH RD,W,,,13191056__,3.08,07,,01,04,02,01,01,01,05,01,250,FE,W,ADDISON RD,,,,40,25,46,,,N,GUARD RAIL FACE HL-22 - MONMOUTH COUNTY -  -  FREEHOLD NJ,185
2018131918-65634-AC,MONMOUTH,HOWELL TWP,12/17/2018,MO,1618,01,HOWELL TWP PD,,0,0,0,0,P,B,N,N,01,2,NJ 33,E,33,,00000033__,33.27,02,,01,04,02,01,01,01,04,01,25,FE,N,EAST HASTINGS LN,,,,50,25,26,,,N,,681
2018131918-65641-AC,MONMOUTH,HOWELL TWP,12/17/2018,MO,1702,01,HOWELL TWP PD,,0,0,0,0,P,B,N,N,12,1,FIVE POINTS RD,S,,,13091141__,3.15,07,,01,04,02,01,03,01,05,01,500,FE,S,NJ 33,,,,45,50,24,,,N,,662
2018131918-65649-AC,MONMOUTH,HOWELL TWP,12/17/2018,MO,1741,01,HOWELL TWP PD,,0,0,0,0,P,I,N,N,12,1,FIVE POINTS RD,S,,,13091141__,2.71,07,,01,04,02,01,06,01,05,01,,AT,,LIONS CT,,,,45,25,24,,,N,,662
2018131918-65654-AC,MONMOUTH,HOWELL TWP,12/17/2018,MO,1816,01,HOWELL TWP PD,,0,0,0,0,P,I,N,N,05,3,FIVE POINTS RD,S,,,13091141__,2.71,07,,01,04,02,01,06,01,05,01,,AT,,LIONS CT,,,,45,25,26,,,N,,
2018131918-65656-AC,MONMOUTH,HOWELL TWP,12/17/2018,MO,1828,01,HOWELL TWP PD,,0,0,0,0,P,B,N,N,01,3,US 9,,9,,00000009__,103.48,02,,01,04,02,01,06,01,01,01,5,FE,S,ALEXANDER AVE,,,,50,40,26,,,N,,
2018131918-65734-AC,MONMOUTH,HOWELL TWP,12/18/2018,TU,0750,01,HOWELL TWP PD,,0,0,0,0,P,B,N,N,01,2,US 9,S,9,,00000009__,109.30,02,,01,04,02,01,01,01,01,01,500,FE,N,JUGHANDLE (BY NJ TRANSIT),,,,55,25,26,,,N,,185
2018131918-6577-AC,MONMOUTH,HOWELL TWP,02/03/2018,SA,0545,01,HOWELL TWP PD,,0,0,0,0,P,B,N,N,15,1,US 9,,9,,00000009__,108.71,02,,01,04,02,01,06,01,01,01,200,FE,N,WEST FARM RD,,,,50,45,39,,,N,,677
2018131918-65825-AC,MONMOUTH,HOWELL TWP,12/18/2018,TU,1618,01,HOWELL TWP PD,,0,0,0,0,P,B,N,N,01,3,US 9,N,9,,00000009__,107.25,02,,01,04,02,01,01,01,01,01,100,FE,N,GEORGIA TAVERN RD / HULSE RD,,,,50,40,26,,,N,,
2018131918-65914-AC,MONMOUTH,HOWELL TWP,12/19/2018,WE,0653,01,HOWELL TWP PD,,0,0,0,0,P,B,N,N,11,1,US 9,S,9,,00000009__,110.39,02,,01,04,02,01,02,01,03,01,100,FE,N,STRICKLAND RD,,,,50,35,57,,,N,,197
2018131918-65954-AC,MONMOUTH,HOWELL TWP,12/19/2018,WE,0945,01,HOWELL TWP PD,,0,0,0,0,P,I,N,N,02,2,ROUTE 524 ALTERNATE,,524,A,00000524A_,3.74,05,,01,04,02,01,01,01,05,02,,AT,,ROUTE 524 / ROUTE 537,,,,50,45,26,,,N,,648
2018131918-66029-AC,MONMOUTH,HOWELL TWP,12/19/2018,WE,1712,01,HOWELL TWP PD,,0,1,0,0,I,B,N,N,01,2,US 9,S,9,,00000009__,107.58,02,,01,04,02,01,06,01,01,01,50,FE,N,E 3RD ST / W 3RD ST,,,,50,25,26,,,N,,624
2018131918-66031-AC,MONMOUTH,HOWELL TWP,12/19/2018,WE,1728,01,HOWELL TWP PD,,0,0,0,0,P,B,N,N,03,2,LANES MILL RD **,,,,13191078__,.18,07,,01,04,02,01,06,01,04,01,250,FE,W,US 9,,,,40,50,26,,,N,,344
2018131918-66062-AC,MONMOUTH,HOWELL TWP,12/19/2018,WE,2108,01,HOWELL TWP PD,,0,0,0,0,P,B,N,N,01,2,LANES MILL RD **,E,,,13191078__,.57,07,,01,04,02,01,06,01,05,01,200,FE,W,CASTLE CT,,,,40,25,26,,,N,,344
2018131918-66063-AC,MONMOUTH,HOWELL TWP,12/19/2018,WE,2114,01,HOWELL TWP PD,,0,0,0,0,P,I,N,N,03,2,ROUTE 549,,549,,00000549__,16.40,05,,02,04,02,01,07,01,05,01,,AT,,NEWTON CORNER RD,,,,45,45,26,,,N,,621
2018131918-66119-AC,MONMOUTH,HOWELL TWP,12/20/2018,TH,0711,01,HOWELL TWP PD,,0,0,0,0,P,I,N,N,03,2,E ALDRICH RD,W,,,13191056__,2.29,07,,01,04,02,01,01,01,05,01,,AT,,GLEN ARDEN DR / GLEN RD,,,,40,25,26,,,N,,185
2018131918-66196-AC,MONMOUTH,HOWELL TWP,12/20/2018,TH,1233,01,HOWELL TWP PD,,0,1,0,0,I,I,N,N,01,2,US 9,N,9,,00000009__,107.23,02,,01,04,02,01,01,05,01,01,,AT,,GEORGIA TAVERN RD / HULSE RD,,,,50,40,26,,,N,,185
2018131918-66212-AC,MONMOUTH,HOWELL TWP,12/20/2018,TH,1348,01,HOWELL TWP PD,,0,0,0,0,P,B,N,N,11,2,STRICKLAND RD,,,,13161013__,.90,07,,01,04,02,02,01,02,05,01,,FE,,MARINERS COVE,,,,35,,26,,,N,METAL MAIL BOX & WOOD POST - JOHN J DIRIENZO - 2 STRICKLNAD RD FREEHOLD NJ 0772?,177
2018131918-66277-AC,MONMOUTH,HOWELL TWP,12/20/2018,TH,2354,01,HOWELL TWP PD,,0,0,0,0,P,B,N,N,02,2,NJ 34,N,34,,00000034__,9.09,02,,01,04,02,02,06,02,05,01,1500,FE,N,NJ 33,,,,50,50,26,,,N,,179
2018131918-66279-AC,MONMOUTH,HOWELL TWP,12/21/2018,FR,0030,01,HOWELL TWP PD,,0,1,0,0,I,I,Y,N,03,2,US 9,,9,,00000009__,109.95,02,,01,04,02,02,06,02,01,01,,AT,,BERGERVILLE RD / CASINO DR,,,,55,35,26,,,N,,664
2018131918-66325-AC,MONMOUTH,HOWELL TWP,12/21/2018,FR,0926,01,HOWELL TWP PD,,0,0,0,0,P,B,N,N,06,2,LAUREL CREST DR **,E,,,13191272__,.02,07,,01,04,02,02,00,02,05,01,100,FE,E,NEWTONS CORNER RD,,,,25,25,28,,,N,,616
2018131918-6640-AC,MONMOUTH,HOWELL TWP,02/03/2018,SA,1132,01,HOWELL TWP PD,,0,0,0,0,P,B,N,N,06,2,501 RT 524 A (SQUMKUM-YLLWBK),,,,,,09,,01,04,02,01,01,01,05,01,,,,,,,,25,,26,,,N,,671
2018131918-66411-AC,MONMOUTH,HOWELL TWP,12/21/2018,FR,1709,01,HOWELL TWP PD,,0,0,0,0,P,B,N,N,01,2,NJ 33,E,33,,00000033__,33.25,02,,01,04,02,02,03,05,05,01,100,FE,W,EAST HASTINGS LN,,,,50,25,26,,,N,,332
2018131918-66419-AC,MONMOUTH,HOWELL TWP,12/21/2018,FR,1755,01,HOWELL TWP PD,,0,1,0,0,I,B,N,N,10,1,US 9,S,9,,00000009__,107.96,02,,01,04,02,02,06,01,01,01,250,FE,N,SUNNYSIDE RD / VERDANA WAY,,,,50,35,,,,N,,345
2018131918-66422-AC,MONMOUTH,HOWELL TWP,12/21/2018,FR,1831,01,HOWELL TWP PD,,0,0,0,0,P,B,N,N,01,2,ROUTE 524 ALTERNATE,,524,A,00000524A_,.83,05,,01,04,02,02,05,01,05,01,100,FE,E,W FARM RD,,,,45,40,26,,,N,,676
2018131918-66504-AC,MONMOUTH,HOWELL TWP,12/22/2018,SA,0752,01,HOWELL TWP PD,,0,0,0,0,P,I,N,N,02,2,US 9,,9,,00000009__,103.80,02,,03,04,02,01,01,01,01,01,,AT,,ESTELLE LN,,,,50,25,26,,,N,,675
2018131918-66572-AC,MONMOUTH,HOWELL TWP,12/22/2018,SA,1400,01,HOWELL TWP PD,,0,0,0,0,P,I,N,N,03,2,ALEXANDER AVE **,E,,,13191091__,1.32,07,,01,04,02,01,01,01,05,01,,AT,S,LANES POND RD,,,,40,40,26,,,N,,660
2018131918-6667-AC,MONMOUTH,HOWELL TWP,02/03/2018,SA,1421,01,HOWELL TWP PD,,0,0,0,0,P,B,N,N,15,1,ROUTE 547,S,547,,00000547__,14.70,05,,02,05,02,00,00,00,05,01,150,FE,N,CR 21/ROUTE 549/HERBERTSVILLE RD/OL,,,,45,45,,,,N,MAILBOX - THOMAS H NUNGESSER - 432 RT 547 (SQUANKUM RD) HOWELL TOWNSHIP NJ 07731,616
2018131918-66687-AC,MONMOUTH,HOWELL TWP,12/23/2018,SU,0212,01,HOWELL TWP PD,HOWELL,0,0,0,0,P,B,N,N,12,1,ROUTE 547,,547,,00000547__,14.68,05,,01,04,02,02,06,01,,,50,FE,N,CR 21/ROUTE 549/HERBERTSVILLE RD/OL,,,,45,45,24,,,N,,674
2018131918-66733-AC,MONMOUTH,HOWELL TWP,12/23/2018,SU,1201,01,HOWELL TWP PD,,0,0,0,0,P,B,N,N,03,2,LANES MILL RD **,,,,13191078__,.32,07,,01,04,02,01,01,01,04,01,500,FE,E,US 9,,,,40,50,26,,,N,,676
2018131918-66759-AC,MONMOUTH,HOWELL TWP,12/23/2018,SU,1337,01,HOWELL TWP PD,,0,0,0,0,P,B,N,N,01,3,US 9,N,9,,00000009__,105.32,02,,01,04,02,01,01,01,01,01,500,FE,N,NEW FRIENDSHIP RD,,,,50,35,26,,,N,,
2018131918-66866-AC,MONMOUTH,HOWELL TWP,12/24/2018,MO,1017,01,HOWELL TWP PD,,0,0,0,0,P,I,N,N,01,2,US 9,N,9,,00000009__,108.67,02,,01,04,02,02,01,01,01,01,,AT,,WEST FARM RD,,,,50,40,26,,,N,,660
2018131918-66869-AC,MONMOUTH,HOWELL TWP,12/24/2018,MO,1050,01,HOWELL TWP PD,,0,0,0,0,P,B,N,N,02,2,US 9,N,9,,00000009__,106.70,02,,01,04,02,01,01,01,01,01,50,FE,S,STANLEY BLVD,,,,50,25,26,,,N,,660
2018131918-66873-AC,MONMOUTH,HOWELL TWP,12/24/2018,MO,1126,01,HOWELL TWP PD,,0,0,0,0,P,B,N,N,01,2,ROUTE 547,N,547,,00000547__,11.08,05,,01,04,02,01,01,01,05,01,100,FE,N,ALEXANDER AVE,,,,50,25,26,,,N,,677
2018131918-66882-AC,MONMOUTH,HOWELL TWP,12/24/2018,MO,1228,01,HOWELL TWP PD,,0,0,0,0,P,B,N,N,01,2,US 9,,9,,00000009__,104.57,02,,01,04,02,01,01,01,05,01,400,FE,N,LANES MILL RD,,,,50,40,26,,,N,,642
2018131918-66886-AC,MONMOUTH,HOWELL TWP,12/24/2018,MO,1242,01,HOWELL TWP PD,,0,0,0,0,P,B,N,N,02,2,US 9,S,9,,00000009__,105.14,02,,01,04,02,02,01,01,01,01,500,FE,S,NEW FRIENDSHIP RD,,,,50,35,26,,,N,,624
2018131918-66896-AC,MONMOUTH,HOWELL TWP,12/24/2018,MO,1413,01,HOWELL TWP PD,,0,0,0,0,P,I,N,N,01,2,ROUTE 524,,524,,00000524__,25.87,05,,01,04,02,01,01,01,05,01,,AT,,CLAYTON AVE,,,,40,25,26,,,N,,642
2018131918-66898-AC,MONMOUTH,HOWELL TWP,12/24/2018,MO,1516,01,HOWELL TWP PD,,0,0,0,0,P,B,N,N,05,2,ROUTE 547,S,547,,00000547__,18.16,05,,03,04,02,01,01,01,05,01,300,FE,S,JOHNNY DR,,,,45,25,26,,,N,,662
2018131918-66909-AC,MONMOUTH,HOWELL TWP,12/24/2018,MO,1713,01,HOWELL TWP PD,HOWELL TWP,0,0,0,0,P,B,N,N,03,2,E ALDRICH RD,W,,,13191056__,1.80,07,,01,04,02,01,06,01,05,01,50,FE,E,US 9,,,,40,50,26,,,N,,658
2018131918-66944-AC,MONMOUTH,HOWELL TWP,12/25/2018,TU,0828,01,HOWELL TWP PD,,0,0,0,0,P,B,N,N,02,2,NJ 33,,33,,00000033__,34.81,02,,01,04,02,01,01,01,05,01,50,FE,E,TINTON FALLS RD,,,,50,25,26,,,N,,251
2018131918-66949-AC,MONMOUTH,HOWELL TWP,12/24/2018,MO,2030,01,HOWELL TWP PD,,0,0,0,0,P,B,N,N,06,2,FALLSINGTON PL **,,,,13191453__,.06,07,,01,04,02,01,01,01,05,01,300,FE,N,PLUMSTEAD DR,,,,25,25,26,,,N,,195
2018131918-66959-AC,MONMOUTH,HOWELL TWP,12/25/2018,TU,1703,01,HOWELL TWP PD,,0,0,0,0,P,B,Y,N,01,3,LANES MILL RD **,,,,13191078__,.22,07,,01,04,02,01,06,01,05,01,50,FE,W,US 9,,,,35,55,26,,,N,,
2018131918-66994-AC,MONMOUTH,HOWELL TWP,12/26/2018,WE,0450,01,HOWELL TWP PD,,0,0,0,0,P,B,N,N,12,1,US 9,N,9,,00000009__,108.00,02,,01,04,02,01,06,01,01,01,500,FE,N,SUNNYSIDE RD / VERDANA WAY,,,,50,5,24,,,N,,679
2018131918-66998-AC,MONMOUTH,HOWELL TWP,12/26/2018,WE,0604,01,HOWELL TWP PD,,0,1,0,0,I,B,N,N,11,1,ROUTE 524 ALTERNATE,,524,A,00000524A_,2.51,05,,01,04,02,04,06,01,,01,500,FE,N,DAY BREAK CT,,,,45,25,60,,,N,,179
2018131918-67-AC,MONMOUTH,HOWELL TWP,01/01/2018,MO,0937,01,HOWELL TWP PD,,0,1,0,0,I,B,Y,N,01,2,US 9,N,9,,00000009__,105.78,02,,01,04,02,01,01,01,01,01,20,FE,S,SALEM HILL RD,,,,50,25,26,,,N,,674
2018131918-67020-AC,MONMOUTH,HOWELL TWP,12/26/2018,WE,1018,01,HOWELL TWP PD,,0,0,0,0,P,I,N,N,01,2,US 9,,9,,00000009__,104.00,02,,01,04,02,01,01,01,01,01,,AT,,ESTELLE LN,,,,50,35,26,,,N,,642
2018131918-67041-AC,MONMOUTH,HOWELL TWP,12/26/2018,WE,1246,01,HOWELL TWP PD,,0,1,0,0,I,I,N,N,02,2,US 9,,9,,00000009__,106.44,02,,01,04,02,01,01,01,05,01,,AT,,REDWOOD RD,,,,50,25,26,,,N,,648
2018131918-67073-AC,MONMOUTH,HOWELL TWP,12/26/2018,WE,1700,01,HOWELL TWP PD,,0,0,0,0,P,B,N,N,03,2,LANES MILL RD **,,,,13191078__,.25,07,,01,04,02,01,06,01,05,01,100,FE,E,US 9 EXIT RAMP,,,,40,50,26,,,N,,615
2018131918-67095-AC,MONMOUTH,HOWELL TWP,12/26/2018,WE,1917,01,HOWELL TWP PD,,0,0,0,0,P,I,N,N,07,2,ROUTE 547,,547,,00000547__,14.67,05,,01,04,02,01,07,01,05,01,,AT,,CR 21/ROUTE 549/HERBERTSVILLE RD/OL,,,,40,50,26,,,N,,653
2018131918-672-AC,MONMOUTH,HOWELL TWP,01/04/2018,TH,1040,01,HOWELL TWP PD,,0,0,0,0,P,B,N,N,11,1,I-195,,195,,00000195__,31.49,01,,03,04,02,03,01,03,03,01,,,,,T,ROUTE 547,SB,65,,47,,,N,,671
2018131918-67204-AC,MONMOUTH,HOWELL TWP,12/27/2018,TH,1538,01,HOWELL TWP PD,,0,0,0,0,P,B,N,N,03,2,E ALDRICH RD,,,,13191056__,1.78,07,,01,04,02,01,01,01,05,01,50,FE,W,US 9,,,,40,50,26,,,N,,653
2018131918-67334-AC,MONMOUTH,HOWELL TWP,12/28/2018,FR,1412,01,HOWELL TWP PD,,0,0,0,0,P,B,N,N,11,1,US 9,N,9,,00000009__,105.79,02,,01,06,02,02,01,02,01,01,30,FE,N,SALEM HILL RD,,,,50,25,48,,,N,,177
2018131918-67335-AC,MONMOUTH,HOWELL TWP,12/28/2018,FR,1444,01,HOWELL TWP PD,,0,0,0,0,P,I,N,N,02,2,US 9,N,9,,00000009__,104.49,02,,01,04,02,02,01,02,01,01,,AT,,LANES MILL RD,,,,50,35,26,,,N,,332
2018131918-67341-AC,MONMOUTH,HOWELL TWP,12/28/2018,FR,1610,01,HOWELL TWP PD,,0,0,0,0,P,B,N,N,02,2,LAKEWOOD-ALLENWOOD RD,,,,13191100__,1.87,07,,01,04,02,02,01,02,05,01,5280,FE,E,VIENNA RD,,,,55,30,26,,,N,,654
2018131918-67342-AC,MONMOUTH,HOWELL TWP,12/28/2018,FR,1615,01,HOWELL TWP PD,,0,0,0,0,P,B,N,N,11,1,ROUTE 524,,524,,00000524__,25.78,05,,01,04,02,02,03,02,05,01,150,FE,W,WYCKOFF MILLS RD,,,,40,35,,,,N,RESIDENTIAL FRONT PORCH/ LANDSCAPING BUSHES - HARRY R CARTER - 957 RT 524 (ADEL?,642
2018131918-67348-AC,MONMOUTH,HOWELL TWP,12/28/2018,FR,1708,01,HOWELL TWP PD,,0,0,0,0,P,B,N,N,02,2,ROUTE 549,S,549,,00000549__,17.82,05,,02,04,02,02,05,02,05,01,25,FE,S,ALLENWOOD RD,,,,35,45,26,,,N,,665
2018131918-67349-AC,MONMOUTH,HOWELL TWP,12/28/2018,FR,1740,01,HOWELL TWP PD,,0,0,0,0,P,I,N,N,07,2,ROUTE 547,S,547,,00000547__,15.33,05,,01,04,02,02,03,02,05,01,,AT,,ROUTE 524/524 ALT/ALLAIRE/SQUANKUM-,,,,50,45,26,,,N,,332
2018131918-67407-AC,MONMOUTH,HOWELL TWP,12/29/2018,SA,0045,01,HOWELL TWP PD,,0,0,0,0,P,B,N,N,12,1,FAIRFIELD RD **,,,,13191040__,1.10,07,,01,05,02,02,07,01,05,01,500,FE,N,BENNET RD,,,,45,40,24,,,N,,344
2018131918-67423-AC,MONMOUTH,HOWELL TWP,12/29/2018,SA,0240,01,HOWELL TWP PD,,0,0,0,0,P,B,N,N,11,1,MAXIM SOUTHARD RD **,S,,,13191084__,1.90,07,,01,04,02,02,07,01,05,01,200,FE,S,LOCUST AVE,,,,35,35,57,,,N,UTILTY POLE #: JC664HL - JCPL - MAXIM SOUTHARD RD HOWELL NJ 07731,673
2018131918-67439-AC,MONMOUTH,HOWELL TWP,12/29/2018,SA,0916,01,HOWELL TWP PD,,0,0,0,0,P,B,N,N,06,2,OLD BRIDGE DR **,S,,,13191162__,.48,07,,01,04,02,01,00,00,05,01,150,FE,S,DUTCH VALLEY RD,,,,25,25,28,,,N,,660
2018131918-67474-AC,MONMOUTH,HOWELL TWP,12/29/2018,SA,1241,01,HOWELL TWP PD,,0,0,0,0,P,B,N,N,99,1,OAK GLEN RD,,,,13191081__,2.76,07,,01,04,02,01,01,01,05,01,400,FE,N,MAXIM SOUTHARD RD,,,,45,45,,,,N,,677
2018131918-67485-AC,MONMOUTH,HOWELL TWP,12/29/2018,SA,1443,01,HOWELL TWP PD,,0,1,0,0,I,B,N,N,01,3,US 9,,9,,00000009__,106.50,02,,01,04,02,01,01,01,01,01,300,FE,N,REDWOOD RD,,,,50,25,26,,,N,,
2018131918-67514-AC,MONMOUTH,HOWELL TWP,12/29/2018,SA,1854,01,HOWELL TWP PD,HOWELL TWP,0,0,0,0,P,I,N,N,01,2,US 9,N,9,,00000009__,103.23,02,,01,04,02,01,06,01,05,01,,AT,S,FORD RD,,,,50,40,26,,,N,,658
2018131918-67738-AC,MONMOUTH,HOWELL TWP,12/31/2018,MO,1602,01,HOWELL TWP PD,,0,0,0,0,P,I,N,N,03,2,ROUTE 547,S,547,,00000547__,11.06,05,,01,04,02,02,01,02,04,01,,AT,,ALEXANDER AVE,,,,50,35,26,,,N,,674
2018131918-6777-AC,MONMOUTH,HOWELL TWP,12/31/2018,MO,2308,01,HOWELL TWP PD,,0,0,0,0,P,B,N,N,01,2,ROUTE 549,,549,,00000549__,17.82,05,,03,04,02,02,05,02,02,01,20,FE,W,ROUTE 547 / FARMINGDALE LAKEWOOD RD,,,,45,50,26,,,N,,663
2018131918-6849-AC,MONMOUTH,HOWELL TWP,02/04/2018,SU,1408,01,HOWELL TWP PD,,0,0,0,0,P,B,N,N,01,2,US 9,,9,,00000009__,105.72,02,,01,04,02,02,01,02,01,01,300,FE,S,SALEM HILL RD,,,,50,25,26,,,N,,671
2018131918-6853-AC,MONMOUTH,HOWELL TWP,02/04/2018,SU,1557,01,HOWELL TWP PD,,0,1,0,0,I,I,N,N,02,2,ALDRICH RD,,,,,,07,,01,04,02,02,01,02,,01,,AT,S,GLEN ARDEN DR,,,,40,25,26,,,N,ALDRICH RD & GLENN ARDEN SIGN - SIGN STREET - ALDRICH HOWELL NJ 07731,672
2018131918-6921-AC,MONMOUTH,HOWELL TWP,02/05/2018,MO,0624,01,HOWELL TWP PD,,0,1,0,0,I,B,N,N,05,2,ROUTE 549,,549,,00000549__,17.82,05,,03,06,02,01,01,01,05,01,300,FE,E,ROUTE 547 / FARMINGDALE LAKEWOOD RD,,,,45,50,26,,,N,,677
2018131918-699-AC,MONMOUTH,HOWELL TWP,01/04/2018,TH,1253,01,HOWELL TWP PD,,0,0,0,0,P,I,N,N,11,1,MONMOUTH COUNTY 18 I,,18,1,130000181_,,05,,02,05,02,03,01,03,05,01,,AT,,SOUTHARD AVE,,,,45,40,54,,,N,UTILITY POLE JC4585HL - JCPL - 55 RIVER AVE LAKEWOOD NJ,629
2018131918-6996-AC,MONMOUTH,HOWELL TWP,02/05/2018,MO,1158,01,HOWELL TWP PD,,0,0,0,0,P,I,N,N,03,2,ROUTE 524 ALTERNATE,,524,A,00000524A_,.81,05,,01,04,02,01,01,01,05,01,,AT,,W FARM RD,,,,45,40,26,,,N,,677
2018131918-7141-AC,MONMOUTH,HOWELL TWP,02/06/2018,TU,0658,01,HOWELL TWP PD,,0,0,0,0,P,B,N,N,06,2,NEWTONS CORNER RD,,,,,,07,,01,04,02,01,01,01,05,01,100,FE,N,AMY CT,,,,25,25,26,,,N,,642
2018131918-7268-AC,MONMOUTH,HOWELL TWP,02/06/2018,TU,1931,01,HOWELL TWP PD,,0,0,0,0,P,B,N,N,12,1,FAIRFIELD RD,,,,,,07,,01,04,02,01,05,01,05,01,50,FE,S,BENNETT RD,,,,45,40,24,,,N,,659
2018131918-7284-AC,MONMOUTH,HOWELL TWP,02/06/2018,TU,2116,01,HOWELL TWP PD,,0,0,0,0,P,B,N,N,11,1,E ALDRICH RD,,,,13191056__,3.12,07,,02,05,02,01,06,01,05,01,50,FE,E,LAKE DR,,,,40,25,56,,,N,MAILBOX AT 692 ALDRICH RD. - LOUAN AXHIJAJA - 692 ALDRICH (WEST) RD HOWELL NJ 0?,640
2018131918-7340-AC,MONMOUTH,HOWELL TWP,02/07/2018,WE,0658,01,HOWELL TWP PD,,0,0,0,0,P,B,N,N,12,1,MONMOUTH COUNTY 21,E,21,,13000021__,2.07,05,,01,04,02,01,02,05,05,01,250,FE,W,PREVENTORIUM RD,,,,40,40,24,,,N,,185
2018131918-7493-AC,MONMOUTH,HOWELL TWP,02/07/2018,WE,2053,01,HOWELL TWP PD,,0,0,0,0,P,B,N,N,02,2,US 9,N,9,,00000009__,104.49,02,,01,04,02,01,06,05,01,,25,FE,N,LANES MILL RD,,,,50,40,26,,,N,,644
2018131918-7658-AC,MONMOUTH,HOWELL TWP,02/08/2018,TH,1559,01,HOWELL TWP PD,,0,1,0,0,I,B,N,N,01,4,NJ 33,E,33,,00000033__,33.49,02,,01,04,02,01,01,01,04,01,500,FE,N,CR 35 / COLTS NECK RD,,,,50,45,26,,,N,,
2018131918-7689-AC,MONMOUTH,HOWELL TWP,02/08/2018,TH,1852,01,HOWELL TWP PD,,0,0,0,0,P,B,N,N,12,1,E ALDRICH RD,,,,13191056__,.51,07,,01,04,02,01,06,01,05,01,20,FE,E,DIAMOND LN,,,,40,25,24,,,N,,640
2018131918-773-AC,MONMOUTH,HOWELL TWP,01/04/2018,TH,2016,01,HOWELL TWP PD,,0,1,0,0,I,B,N,N,11,1,US 9,,9,,00000009__,109.57,02,,01,04,02,05,06,08,01,,2000,FE,S,BERGERVILLE RD / CASINO DR,,,,55,40,48,,,N,CRACK CEMENT CENTER MEDIAN - STATE OF NEW JERSEY - 100 DANIELS WAY FREEHOLD NJ ?,650