Year(4)-CountyCode(2)-MunicipalityCode(2)-CaseNumber(9),County Name,Municipality Name,Crash Date,Crash Day of Week,Crash Time,Police Department Code,Police Department,Police Station,Total Killed,Total Injured,Pedestrians Killed,Pedestrians Injured,Severity,Intersection,Alcohol Involved,Hazmat Involved,Crash Type,Total Vehicles,Location,Location Direction,Route,Route Suffix,Std Rte Identifier,MilePost,Road System,Road Character,Road Horizontal Alignment,Road Grade,Road Surface Type,Surface Condition,Light Condition,Environmental Condition,Road Divided By,Temporary Traffic Control Zone,Distance To Cross Street,Unit Of Measurement,Direction From Cross Street,Cross Street Name,Is Ramp,Ramp To/From Route Name,Ramp To/From Route Direction,Posted Speed,Posted Speed Cross Street,First Harmful Event,Latitude,Longitude,Cell Phone In Use Flag,Other Property Damage,Reporting Badge No.
20181319C060-2018-00725A,MONMOUTH,HOWELL TWP,05/31/2018,TH,1345,02,NEW JERSEY STATE POLICE,HAMILTON-SUB -,0,0,0,0,P,B,N,N,11,1,I-195,E,195,,00000195__,30.60,01,,01,04,02,02,01,05,01,01,,,,,,,,65,,46,40.165110,74.171410,N,Guardrail,8084
20181319C060-2018-00734A,MONMOUTH,HOWELL TWP,06/01/2018,FR,1104,02,NEW JERSEY STATE POLICE,HAMILTON-SUB -,0,0,0,0,P,B,N,N,15,2,I-195,W,195,,00000195__,30.80,01,,01,04,02,01,01,01,01,01,,,,,,,,65,,30,40.165040,74.167640,N,,7528
20181319C060-2018-00758A,MONMOUTH,HOWELL TWP,06/05/2018,TU,1713,02,NEW JERSEY STATE POLICE,HAMILTON-SUB -,0,2,0,0,I,B,N,N,01,2,I-195,E,195,,00000195__,29.60,01,,01,04,02,01,01,01,03,01,,,,,,,,65,,26,40.167140,74.191000,N,,7852
20181319C060-2018-00784A,MONMOUTH,HOWELL TWP,06/07/2018,TH,2312,02,NEW JERSEY STATE POLICE,HAMILTON-SUB -,0,0,0,0,P,B,N,N,12,1,I-195,W,195,,00000195__,30.00,01,,01,04,02,01,05,01,03,01,,,,,,,,65,,24,40.166800,74.182600,N,,7401
20181319C060-2018-00816A,MONMOUTH,HOWELL TWP,06/14/2018,TH,1715,02,NEW JERSEY STATE POLICE,HAMILTON-SUB -,0,1,0,0,I,B,N,N,01,2,I-195,W,195,,00000195__,30.20,01,,01,04,02,01,01,01,03,01,,,,,,,,65,,26,40.166360,74.178840,N,,7623
20181319C060-2018-00827A,MONMOUTH,HOWELL TWP,06/17/2018,SU,1236,02,NEW JERSEY STATE POLICE,HAMILTON-SUB -,0,1,0,0,I,B,Y,N,11,1,I-195,W,195,,00000195__,26.40,01,,03,04,02,01,01,01,01,01,,,,,,,,65,,46,40.166930,74.197310,N,Guardrail
NJDOT 1035 Parkway Avenue Trenton NJ 08625,7906
20181319C060-2018-00858A,MONMOUTH,HOWELL TWP,06/23/2018,SA,0132,02,NEW JERSEY STATE POLICE,HAMILTON-SUB -,0,1,0,0,I,B,N,N,11,1,I-195,E,195,,00000195__,31.00,01,,03,04,02,02,06,02,03,01,,,,LAKEWOOD FARMINGDALE RD,,,,65,40,60,40.164240,74.163940,N,,7703
20181319C060-2018-00905A,MONMOUTH,HOWELL TWP,07/02/2018,MO,0817,02,NEW JERSEY STATE POLICE,HAMILTON-SUB -,0,0,0,0,P,B,N,N,01,2,I-195,E,195,,00000195__,32.00,01,,01,04,02,01,01,01,01,01,,,,,,,,65,,26,40.163300,74.145010,N,,7733
20181319C060-2018-00911A,MONMOUTH,HOWELL TWP,07/02/2018,MO,1454,02,NEW JERSEY STATE POLICE,HAMILTON-SUB -,0,0,0,0,P,B,N,N,15,2,I-195,W,195,,00000195__,31.40,01,,01,04,01,01,01,01,01,01,,,,,,,,65,,30,40.163910,74.156410,N,,7667
20181319C060-2018-00973A,MONMOUTH,HOWELL TWP,07/15/2018,SU,0222,02,NEW JERSEY STATE POLICE,HAMILTON-SUB -,0,0,0,0,P,B,Y,N,11,1,I-195,W,195,,00000195__,26.40,01,,01,04,02,01,05,01,01,01,,,,,,,,65,,46,40.157180,74.245880,N,,8055
20181319C060-2018-01066A,MONMOUTH,HOWELL TWP,08/01/2018,WE,1210,02,NEW JERSEY STATE POLICE,HAMILTON-SUB,1,0,0,0,F,B,N,N,11,1,I-195,E,195,,00000195__,32.00,01,,01,04,02,01,01,01,01,01,,,,,,,,65,,46,40.163300,74.145010,N,GUARDRAIL NJDOT - P.O. BOX 600 TRENTON  NJ 08625,
20181319C060-2018-01164A,MONMOUTH,HOWELL TWP,08/24/2018,FR,1552,02,NEW JERSEY STATE POLICE,HAMILTON-SUB -,0,0,0,0,P,B,N,N,01,2,I-195,W,195,,00000195__,28.20,01,,01,04,02,01,01,01,01,01,,,,,,,,55,,26,40.167040,74.216560,N,,8132
20181319C060-2018-01269A,MONMOUTH,HOWELL TWP,09/09/2018,SU,1538,02,NEW JERSEY STATE POLICE,HAMILTON-SUB -,0,0,0,0,P,B,N,N,01,2,I-195,W,195,,00000195__,27.50,01,,01,04,02,02,01,02,03,01,,,,,,,,65,,26,40.166320,74.230620,N,,7971
20181319C060-2018-01271A,MONMOUTH,HOWELL TWP,09/12/2018,WE,0730,02,NEW JERSEY STATE POLICE,HAMILTON-SUB -,0,0,0,0,P,B,N,N,03,2,I-195,E,195,,00000195__,27.40,01,,03,04,02,02,01,01,01,01,,,,,,,,65,,26,40.166030,74.231430,N,,7798
20181319C060-2018-01314A,MONMOUTH,HOWELL TWP,09/17/2018,MO,1155,02,NEW JERSEY STATE POLICE,HAMILTON-SUB -,0,0,0,0,P,B,N,N,12,1,I-195,W,195,,00000195__,28.80,01,,01,04,02,01,01,01,01,01,,,,,,,,65,,24,40.167190,74.205190,N,,7874
20181319C060-2018-01368A,MONMOUTH,HOWELL TWP,09/25/2018,TU,0643,02,NEW JERSEY STATE POLICE,HAMILTON-SUB -,0,0,0,0,P,B,N,N,11,1,I-195,E,195,,00000195__,27.40,01,,01,04,02,02,01,02,01,01,,,,,,,,65,,46,40.157290,74.317230,N,Guardrail Face.,7857
20181319C060-2018-01373A,MONMOUTH,HOWELL TWP,09/25/2018,TU,0636,02,NEW JERSEY STATE POLICE,HAMILTON-SUB -,0,1,0,0,I,B,N,N,11,1,I-195,W,195,,00000195__,32.20,01,,03,07,02,02,02,02,01,01,,,,,,,,65,,46,40.164480,74.141520,N,Guardrail face,8035
20181319C060-2018-01469A,MONMOUTH,HOWELL TWP,10/11/2018,TH,1838,02,NEW JERSEY STATE POLICE,HAMILTON-SUB -,0,0,0,0,P,B,N,N,11,1,I-195,E,195,,00000195__,32.00,01,,01,04,02,02,05,02,01,01,,,,,,,,65,,46,40.163350,74.145900,N,,8052
20181319C060-2018-01473A,MONMOUTH,HOWELL TWP,10/11/2018,TH,1903,02,NEW JERSEY STATE POLICE,HAMILTON-SUB -,0,0,0,0,P,B,N,N,11,1,I-195,E,195,,00000195__,26.40,01,,01,04,02,02,05,02,01,01,,,,,,,,65,,46,40.156860,74.245640,N,GUARDRAIL - NJDOT: P.O. Box 600 Trenton  NJ 08625,8116
20181319C060-2018-01526A,MONMOUTH,HOWELL TWP,10/18/2018,TH,0202,02,NEW JERSEY STATE POLICE,HAMILTON-SUB -,0,0,0,0,P,B,N,N,12,1,I-195,W,195,,00000195__,29.40,01,,01,04,02,01,05,01,03,01,,,,,,,,65,,24,40.169380,74.181480,N,,8120
20181319C060-2018-01573A,MONMOUTH,HOWELL TWP,10/24/2018,WE,0946,02,NEW JERSEY STATE POLICE,HAMILTON-SUB -,0,0,0,0,P,B,N,N,01,2,I-195,W,195,,00000195__,28.00,01,,03,04,02,01,01,01,01,01,,,,,T,US 9,NB,35,,26,40.725520,74.826670,N,,7393
20181319C060-2018-01611A,MONMOUTH,HOWELL TWP,10/27/2018,SA,1301,02,NEW JERSEY STATE POLICE,HAMILTON-SUB -,0,1,0,0,I,B,N,N,11,1,I-195,E,195,,00000195__,32.00,01,,01,04,01,02,01,02,01,01,,,,,,,,65,,48,40.163300,74.145010,N,5 FEET OF DAMAGE TO CONCRETE BARRIER,8120
20181319C060-2018-01662A,MONMOUTH,HOWELL TWP,10/31/2018,WE,1923,02,NEW JERSEY STATE POLICE,HAMILTON-SUB -,0,2,0,0,I,B,N,N,01,2,I-195,W,195,,00000195__,30.40,01,,01,04,02,01,04,01,01,01,,,,,,,,65,,26,40.164700,74.165840,N,,7941
20181319C060-2018-01680A,MONMOUTH,HOWELL TWP,11/02/2018,FR,0921,02,NEW JERSEY STATE POLICE,HAMILTON-SUB -,0,0,0,0,P,B,N,N,11,1,I-195,W,195,,00000195__,27.17,01,,03,04,02,01,01,01,03,01,,,,,F,US 9,WB,65,,56,40.163670,74.145080,N,,8257
20181319C060-2018-01719A,MONMOUTH,HOWELL TWP,11/01/2018,TH,0820,02,NEW JERSEY STATE POLICE,HAMILTON-SUB -,0,0,0,0,P,B,N,N,10,1,I-195,E,195,,00000195__,27.40,01,,03,06,02,01,01,01,05,01,,,,,F,US 9,NB,65,,01,40.163100,74.234100,N,,8134
20181319C060-2018-01738A,MONMOUTH,HOWELL TWP,11/08/2018,TH,1811,02,NEW JERSEY STATE POLICE,HAMILTON-SUB -,0,0,0,0,P,B,N,N,02,2,NJ 33,E,33,,00000033__,32.00,02,,01,04,02,01,03,01,01,01,,,,,,,,55,,26,40.857600,74.128300,N,,8218
20181319C060-2018-01748A,MONMOUTH,HOWELL TWP,11/09/2018,FR,2130,02,NEW JERSEY STATE POLICE,HAMILTON-SUB -,0,0,0,0,P,B,N,N,12,1,I-195,W,195,,00000195__,26.80,01,,01,04,02,02,05,02,03,01,,,,,,,,65,,24,40.167350,74.198600,N,,8204
20181319C060-2018-01792A,MONMOUTH,HOWELL TWP,11/15/2018,TH,1452,02,NEW JERSEY STATE POLICE,HAMILTON-SUB -,0,0,0,0,P,B,N,N,11,1,I-195,E,195,,00000195__,28.60,01,,01,04,02,02,01,02,01,01,,,,,,,,65,,46,40.166780,74.208930,N,Guardrail damage. DOT notified.,7643
20181319C060-2018-01820A,MONMOUTH,HOWELL TWP,11/16/2018,FR,1735,02,NEW JERSEY STATE POLICE,HAMILTON-SUB -,0,0,0,0,P,B,N,N,12,1,I-195,W,195,,00000195__,31.80,01,,01,04,02,01,06,01,01,01,,,,,,,,65,,24,40.164080,74.142760,N,,7865
20181319C060-2018-01829A,MONMOUTH,HOWELL TWP,11/18/2018,SU,0118,02,NEW JERSEY STATE POLICE,HAMILTON-SUB -,0,0,0,0,P,B,N,N,12,1,I-195,E,195,,00000195__,26.00,01,,01,04,02,01,06,01,01,01,,,,,,,,65,,24,40.155800,74.253040,N,,8145
20181319C060-2018-01865A,MONMOUTH,HOWELL TWP,11/23/2018,FR,0716,02,NEW JERSEY STATE POLICE,HAMILTON-SUB -,0,0,0,0,P,B,N,N,11,1,I-195,W,195,,00000195__,26.70,01,,01,04,02,01,01,01,01,01,,,,,,,,65,,46,40.162940,74.237900,N,Damage to median guard rail.,8134
20181319C060-2018-01889A,MONMOUTH,HOWELL TWP,11/26/2018,MO,1544,02,NEW JERSEY STATE POLICE,HAMILTON-SUB -,0,0,0,0,P,B,N,N,11,1,I-195,E,195,,00000195__,32.00,01,,01,04,02,02,03,02,01,01,,,,,,,,65,,46,40.163210,74.145910,N,,8145
20181319C060-2018-01919A,MONMOUTH,HOWELL TWP,11/30/2018,FR,1816,02,NEW JERSEY STATE POLICE,HAMILTON-SUB -,0,0,0,0,P,B,N,N,12,1,I-195,E,195,,00000195__,31.20,01,,01,04,02,01,01,01,01,01,,,,,T,ROUTE 547,SB,65,,24,40.163700,74.158360,N,,8116
20181319C060-2018-01943A,MONMOUTH,HOWELL TWP,12/05/2018,WE,0113,02,NEW JERSEY STATE POLICE,HAMILTON-SUB -,0,0,0,0,P,B,N,N,12,1,I-195,W,195,,00000195__,31.80,01,,01,04,02,01,05,01,01,01,,,,,,,,65,,24,40.163480,74.148870,N,,8120
20181319C060-2018-01972A,MONMOUTH,HOWELL TWP,12/10/2018,MO,1324,02,NEW JERSEY STATE POLICE,HAMILTON-SUB -,0,2,0,0,I,B,N,N,02,2,I-195,W,195,,00000195__,31.40,01,,01,04,02,01,01,01,01,01,,,,,,,,65,,26,40.164600,74.163900,N,,8238
20181319C060-2018-02005A,MONMOUTH,HOWELL TWP,12/16/2018,SU,1023,02,NEW JERSEY STATE POLICE,HAMILTON-SUB -,0,0,0,0,P,B,N,N,02,2,I-195,W,195,,00000195__,31.40,01,,01,04,02,02,01,02,01,01,,,,,,,,65,,26,40.163740,74.154750,N,,8116
20181319C060-2018-02007A,MONMOUTH,HOWELL TWP,12/16/2018,SU,1021,02,NEW JERSEY STATE POLICE,HAMILTON-SUB -,0,1,0,0,I,B,N,N,11,1,I-195,W,195,,00000195__,29.00,01,,01,04,02,02,01,02,01,01,,,,,,,,65,,58,40.167250,74.201440,N,,7469
20181319C060-2018-02016A,MONMOUTH,HOWELL TWP,12/17/2018,MO,2304,02,NEW JERSEY STATE POLICE,HAMILTON-SUB -,0,0,0,0,P,B,N,N,12,1,I-195,E,195,,00000195__,27.80,01,,01,04,02,01,05,01,01,01,,,,,,,,65,,24,,,N,,8150
20181319C060-2018-02030A,MONMOUTH,HOWELL TWP,12/19/2018,WE,2006,02,NEW JERSEY STATE POLICE,HAMILTON-SUB -,0,0,0,0,P,B,N,N,15,2,I-195,W,195,,00000195__,28.80,01,,01,04,02,01,07,01,03,01,,,,,,,,65,,30,40.167190,74.205190,N,,8145
20181319C060-2018-02077A,MONMOUTH,HOWELL TWP,12/28/2018,FR,0952,02,NEW JERSEY STATE POLICE,HAMILTON-SUB -,0,0,0,0,P,B,N,N,11,1,I-195,E,195,,00000195__,32.00,01,,01,06,02,02,01,02,01,01,,,,,,,,65,,46,40.163300,74.145010,N,,7971
20181320IPD2018-000031,MONMOUTH,INTERLAKEN BORO,01/08/2018,MO,1056,01,DEAL PD,,0,0,0,0,P,I,N,N,11,1,MONMOUTH COUNTY 15,N,15,,13000015__,.76,05,,01,04,01,03,01,01,04,01,,AT,E,BRIDLEMERE AVENUE,,,,25,25,56,,,N,,525
20181320IPD2018-000356,MONMOUTH,INTERLAKEN BORO,02/19/2018,MO,1213,01,DEAL PD,,0,0,0,0,P,B,N,N,08,2,FERNMERE AVE **,S,,,,,07,,01,04,02,01,01,01,05,01,100,FE,E,WICKAPECKO DRIVE,,,,25,35,26,,,N,,139
20181320IPD2018-000935,MONMOUTH,INTERLAKEN BORO,05/06/2018,SU,1254,01,DEAL PD,,0,0,0,0,P,B,N,N,08,2,GRASSMERE AVE **,S,,,,,07,,01,04,02,01,01,05,04,01,,,,,,,,25,,26,,,N,,130
20181320IPD2018-001365,MONMOUTH,INTERLAKEN BORO,06/21/2018,TH,1607,01,DEAL PD,,0,0,0,0,P,B,N,N,06,2,BENBEMERE AVE **,E,,,13201002__,.04,07,,01,04,02,01,01,01,05,01,200,FE,E,BRIDLEMERE AVE,,,,25,25,28,,,N,,131
20181320IPD2018-001416,MONMOUTH,INTERLAKEN BORO,06/25/2018,MO,1009,01,DEAL PD,DEAL POLICE,0,0,0,0,P,I,N,N,14,1,GRASSMERE AVE **,W,,,,,05,,01,04,02,01,01,01,04,01,,AT,S,INTERLAKEN DRIVE,,,,25,25,26,,,N,,141
20181320IPD2018-001966,MONMOUTH,INTERLAKEN BORO,08/30/2018,TH,0739,01,DEAL PD,BOROUGH OF DEAL,0,0,0,0,P,B,N,N,08,2,BUTTERMERE AVE **,W,,,,,07,,01,04,02,01,01,01,05,01,,,,,,,,25,,26,,,N,,138
201813212018000075,MONMOUTH,KEANSBURG BORO,01/03/2018,WE,1625,01,KEANSBURG PD,,0,0,0,0,P,B,N,N,06,2,PINEWOOD PL,N,,,,,07,,01,04,02,01,03,01,05,01,10,FE,S,SEABREEZE WAY,,,,25,25,26,40.452810,74.138670,N,,0556
201813212018000102,MONMOUTH,KEANSBURG BORO,01/04/2018,TH,1447,01,KEANSBURG PD,,0,0,0,0,P,B,N,N,06,2,ST JAMES PL,E,,,,,07,,01,04,02,03,01,03,05,01,,,,OAKWOOD PL,,,,25,25,26,40.450380,74.139080,N,,0086
201813212018000161,MONMOUTH,KEANSBURG BORO,01/06/2018,SA,1651,01,KEANSBURG PD,,0,0,0,0,P,B,N,N,06,2,CREEK RD,N,,,,,07,,01,04,02,03,03,05,05,01,50,FE,N,MANNING PL,,,,,,28,40.442480,74.135260,N,,0082
201813212018000780,MONMOUTH,KEANSBURG BORO,01/27/2018,SA,2002,01,KEANSBURG PD,,0,0,0,0,P,I,N,N,03,2,FRANCES PL,W,,,,,07,,00,00,02,01,06,01,05,01,,AT,,FRANCES PL,,,,,,26,40.443520,74.134270,N,,0089
201813212018000829,MONMOUTH,KEANSBURG BORO,01/29/2018,MO,0748,01,KEANSBURG PD,,0,0,0,0,P,B,N,N,02,2,MONMOUTH COUNTY 7 I,,7,1,130000071_,2.16,05,,01,04,02,01,01,01,05,01,100,FE,N,WILLIS PL,,,,30,25,26,40.441380,74.130020,N,,0087
201813212018000837,MONMOUTH,KEANSBURG BORO,01/29/2018,MO,1330,01,KEANSBURG PD,,0,0,0,0,P,B,N,N,06,2,PALMER PL,,,,,,07,,01,04,02,01,01,01,05,01,200,FE,E,EUCLID AVE,,,,5,25,28,40.437340,74.128570,N,,0087
201813212018000905,MONMOUTH,KEANSBURG BORO,02/01/2018,TH,0812,01,KEANSBURG PD,,0,0,0,0,P,I,N,N,06,2,PORT MONMOUTH RD,N,,,,,07,,01,04,02,01,01,01,05,01,,AT,,TITAN TRL,,,,30,,28,40.440290,74.123470,N,,0086
201813212018000965,MONMOUTH,KEANSBURG BORO,02/03/2018,SA,0538,01,KEANSBURG PD,,0,0,0,0,P,B,N,N,06,2,SHORE BLVD,E,,,,,07,,01,04,02,01,06,01,05,01,200,FE,E,MORNINGSIDE AVE,,,,,,26,40.446010,74.118220,N,,0628
201813212018001023,MONMOUTH,KEANSBURG BORO,02/05/2018,MO,1418,01,KEANSBURG PD,,0,0,0,0,P,B,N,N,06,2,SUNSET ST,N,,,,,07,,00,00,02,00,00,00,05,01,,,,,,,,25,,26,40.444550,74.118960,N,,0089
201813212018001090,MONMOUTH,KEANSBURG BORO,02/07/2018,WE,1551,01,KEANSBURG PD,,0,0,0,0,P,B,N,N,06,2,SEABREEZE WAY,W,,,,,07,,01,04,02,02,01,02,05,01,,,,,,,,25,,28,40.452310,74.139390,N,,0076
201813212018001112,MONMOUTH,KEANSBURG BORO,02/08/2018,TH,1038,01,KEANSBURG PD,,0,0,0,0,P,B,N,N,06,2,KENNEDY WAY,,,,,,07,,01,04,02,01,01,01,05,01,75,FE,W,CR 56,,,,25,25,28,40.446570,74.133000,N,,0087
201813212018001120,MONMOUTH,KEANSBURG BORO,02/08/2018,TH,1605,01,KEANSBURG PD,,0,1,0,0,I,I,N,N,03,2,CENTER AVE,,,,,,07,,01,04,02,01,01,01,05,01,,AT,,MAIN ST,,,,25,25,26,40.450100,74.128210,N,,0087
201813212018001262,MONMOUTH,KEANSBURG BORO,02/13/2018,TU,1654,01,KEANSBURG PD,,0,0,0,0,P,B,N,N,06,2,TWILIGHT AVE,,,,,,07,,01,04,02,01,01,01,05,01,25,FE,N,LAWRENCE AVE,,,,25,25,28,40.446440,74.125160,N,,0552
201813212018001308,MONMOUTH,KEANSBURG BORO,02/15/2018,TH,0120,01,KEANSBURG PD,,0,0,0,0,P,B,Y,N,06,2,MONMOUTH COUNTY 56,N,56,,13000056__,.61,05,,01,04,02,02,06,02,05,01,50,FE,S,KENNEDY AVE,,,,25,25,28,40.446570,74.133000,N,,0556
201813212018001354,MONMOUTH,KEANSBURG BORO,02/16/2018,FR,1733,01,KEANSBURG PD,,0,0,0,0,P,I,N,N,03,2,FOREST AVE,N,,,,,07,,01,04,02,02,03,02,05,01,,AT,,LAWRENCE AVE,,,,25,25,26,40.446120,74.126160,N,,0076
201813212018001466,MONMOUTH,KEANSBURG BORO,02/20/2018,TU,0835,01,KEANSBURG PD,,0,0,0,0,P,B,N,N,01,3,OAK ST,E,,,,,07,,00,00,02,01,01,01,05,01,,,,,,,,25,,26,40.450290,74.135890,N,NJ REG L48JDL ALSO STUCK NJ REG V96HZE ON WEST SHORE ST  AND A FENCE ON THE PRO?,
201813212018001506,MONMOUTH,KEANSBURG BORO,02/21/2018,WE,1503,01,KEANSBURG PD,,0,0,0,0,P,B,N,N,05,2,ST JOHNS PL **,,,,13211069__,.02,07,,02,04,02,01,01,01,05,01,100,FE,N,NJ 36,,,,25,50,26,,,N,,
201813212018001562,MONMOUTH,KEANSBURG BORO,02/23/2018,FR,1414,01,KEANSBURG PD,,0,0,0,0,P,B,N,N,08,2,PORT MONMOUTH RD,N,,,,,07,,00,00,02,01,01,01,04,01,,,,,,,,25,,26,40.442260,74.122360,N,,0089
201813212018001563,MONMOUTH,KEANSBURG BORO,02/23/2018,FR,1441,01,KEANSBURG PD,,0,0,0,0,P,I,N,N,03,2,MONMOUTH COUNTY 7 I,,7,1,130000071_,2.00,05,,01,04,02,02,01,02,05,01,,AT,,WOOD ST,,,,25,25,26,40.439530,74.130430,N,,0081
201813212018001766,MONMOUTH,KEANSBURG BORO,03/01/2018,TH,1204,01,KEANSBURG PD,,0,0,0,0,P,B,N,N,06,2,HARDING AVE,N,,,,,07,,01,04,02,01,01,01,05,01,50,FE,S,LEOLA AVE,,,,25,25,28,40.442250,74.128250,N,,0069
201813212018001811,MONMOUTH,KEANSBURG BORO,03/02/2018,FR,1213,01,KEANSBURG PD,,0,0,0,0,P,B,N,N,05,2,FOREST AVE,,,,,,07,,01,04,02,06,01,02,05,01,,,,PARK AVE,,,,25,25,26,40.444690,74.126240,N,,0064
201813212018001829,MONMOUTH,KEANSBURG BORO,03/03/2018,SA,0205,01,KEANSBURG PD,,0,0,0,0,P,B,N,N,06,3,MANNING PL,,,,,,07,,01,04,02,02,07,03,05,01,75,FE,E,CR 56,,,,25,25,28,40.443040,74.131250,N,,
201813212018001911,MONMOUTH,KEANSBURG BORO,03/05/2018,MO,2305,01,KEANSBURG PD,,0,0,0,0,P,B,N,N,06,2,LINCOLN AVE,E,,,,,07,,00,00,02,01,06,01,05,01,,,,,,,,25,,26,40.448630,74.137320,N,,0089
201813212018001940,MONMOUTH,KEANSBURG BORO,03/06/2018,TU,1700,01,KEANSBURG PD,,0,0,0,0,P,B,N,N,02,2,CENTER AVE,E,,,,,07,,01,04,02,01,03,01,05,01,250,FE,W,MAIN ST,,,,25,25,,40.450440,74.129180,N,,0556
201813212018002011,MONMOUTH,KEANSBURG BORO,03/09/2018,FR,1009,01,KEANSBURG PD,,0,0,0,0,P,I,N,N,08,2,HIGHLAND AVE,,,,,,07,,01,04,02,01,01,01,05,01,,AT,,SEABREEZE WAY,,,,25,25,26,40.453890,74.136480,N,,0085
201813212018002100,MONMOUTH,KEANSBURG BORO,03/12/2018,MO,0847,01,KEANSBURG PD,,0,0,0,0,P,B,N,N,03,2,MANNING PL,,,,,,07,,01,04,02,01,01,01,05,01,,,,,,,,,,26,40.443510,74.129580,N,,0628
201813212018002213,MONMOUTH,KEANSBURG BORO,03/16/2018,FR,0550,01,KEANSBURG PD,,0,0,0,0,P,B,Y,N,01,3,MANNING PL,W,,,,,07,,01,04,02,01,06,01,05,02,,,,,,,,25,,26,40.443440,74.130990,N,,
201813212018002282,MONMOUTH,KEANSBURG BORO,03/18/2018,SU,1143,01,KEANSBURG PD,,0,0,0,0,P,B,N,N,08,2,MONMOUTH COUNTY 7 II,,7,2,130000072_,,05,,01,04,02,01,01,01,05,01,,,,,,,,,,26,40.441190,74.128660,N,,0628
201813212018002301,MONMOUTH,KEANSBURG BORO,03/19/2018,MO,0351,01,KEANSBURG PD,,0,0,0,0,P,B,N,N,11,1,BEACHWAY AVE,S,,,,,07,,01,04,02,01,06,01,05,01,100,FE,W,MAIN ST,,,,25,25,39,40.451840,74.126970,N,DAMAGE TO WOODEN RAILROAD TIES AT 1 BEACHWAY AVE,0087
201813212018002309,MONMOUTH,KEANSBURG BORO,03/19/2018,MO,0943,01,KEANSBURG PD,,0,0,0,0,P,B,N,N,06,2,LEOLA AVE,,,,,,07,,01,04,02,01,01,01,05,02,,,,,,,,,,26,,,N,,0083
201813212018002383,MONMOUTH,KEANSBURG BORO,03/21/2018,WE,2222,01,KEANSBURG PD,,0,0,0,0,P,B,N,N,06,2,SEELEY AVE,E,,,,,07,,03,04,02,03,06,03,05,01,,FE,E,RAMSEY AVE,,,,,,26,40.449750,74.135880,N,,0082
201813212018002559,MONMOUTH,KEANSBURG BORO,03/27/2018,TU,1249,01,KEANSBURG PD,,0,0,0,0,P,I,N,N,08,2,CENTER AVE,,,,,,07,,01,04,02,01,01,01,05,01,,AT,,UNION PL,,,,25,,28,40.452510,74.136910,N,,0552
201813212018002587,MONMOUTH,KEANSBURG BORO,03/28/2018,WE,1326,01,KEANSBURG PD,,0,0,0,0,P,B,N,N,06,2,FRANCES PL,,,,,,07,,01,04,02,01,01,01,05,01,50,FE,E,RAMSEY AVE,,,,25,25,00,40.443440,74.133750,N,,0081
201813212018002650,MONMOUTH,KEANSBURG BORO,03/30/2018,FR,0811,01,KEANSBURG PD,,0,0,0,0,P,I,N,N,02,2,ROOSEVELT AVE,,,,,,07,,01,04,02,01,01,01,05,01,,AT,,ST MARKS PL,,,,,25,26,40.450160,74.138110,N,,0552
201813212018002693,MONMOUTH,KEANSBURG BORO,03/31/2018,SA,1308,01,KEANSBURG PD,,0,0,0,0,P,B,N,N,08,2,MAIN ST,,,,13211001__,.05,07,,01,04,02,01,01,01,05,01,50,FE,S,LANCASTER AVE,,,,25,25,28,40.442900,74.129780,N,,0087
201813212018002753,MONMOUTH,KEANSBURG BORO,04/02/2018,MO,1210,01,KEANSBURG PD,,0,0,0,0,P,B,N,N,08,2,BRADEN PL,E,,,,,07,,01,04,02,02,01,05,05,01,,,,,,,,,,26,40.448820,74.131600,N,,0083
201813212018002775,MONMOUTH,KEANSBURG BORO,04/03/2018,TU,1546,01,KEANSBURG PD,,0,0,0,0,P,I,N,N,02,2,CREEK RD,S,,,,,07,,01,04,02,02,01,02,05,01,,AT,,MANNING PL,,,,25,25,26,40.442480,74.135260,N,,0086
201813212018002809,MONMOUTH,KEANSBURG BORO,04/04/2018,WE,1617,01,KEANSBURG PD,,0,0,0,0,P,B,N,N,06,2,HIGHLAND BLVD,,,,,,07,,01,04,02,02,01,02,05,01,,,,,,,,25,,28,40.451970,74.138650,N,,0076
201813212018002867,MONMOUTH,KEANSBURG BORO,04/06/2018,FR,0621,01,KEANSBURG PD,,0,1,0,1,I,I,N,N,13,1,MAIN ST,S,,,,,07,,01,04,02,01,02,01,05,01,,AT,,LEOLA AVE,,,,25,25,22,40.443510,74.129580,N,,0088
201813212018002898,MONMOUTH,KEANSBURG BORO,04/07/2018,SA,0059,01,KEANSBURG PD,,0,0,0,0,P,B,Y,N,11,1,BEACHWAY AVE,,,,,,08,,01,04,03,01,06,01,05,01,,FE,N,OAKWOOD PL,,,,10,25,,40.453420,74.139530,N,,0556