Year(4)-CountyCode(2)-MunicipalityCode(2)-CaseNumber(9),County Name,Municipality Name,Crash Date,Crash Day of Week,Crash Time,Police Department Code,Police Department,Police Station,Total Killed,Total Injured,Pedestrians Killed,Pedestrians Injured,Severity,Intersection,Alcohol Involved,Hazmat Involved,Crash Type,Total Vehicles,Location,Location Direction,Route,Route Suffix,Std Rte Identifier,MilePost,Road System,Road Character,Road Horizontal Alignment,Road Grade,Road Surface Type,Surface Condition,Light Condition,Environmental Condition,Road Divided By,Temporary Traffic Control Zone,Distance To Cross Street,Unit Of Measurement,Direction From Cross Street,Cross Street Name,Is Ramp,Ramp To/From Route Name,Ramp To/From Route Direction,Posted Speed,Posted Speed Cross Street,First Harmful Event,Latitude,Longitude,Cell Phone In Use Flag,Other Property Damage,Reporting Badge No.
201813212018002956,MONMOUTH,KEANSBURG BORO,04/09/2018,MO,0836,01,KEANSBURG PD,,0,0,0,0,P,I,N,N,06,2,SEAWOOD AVE,,,,,,07,,01,04,02,01,06,01,05,01,,AT,,GREENWOOD PL,,,,,,28,40.447230,74.127900,N,,0552
201813212018003069,MONMOUTH,KEANSBURG BORO,04/12/2018,TH,1425,01,KEANSBURG PD,,0,0,0,0,P,I,N,N,03,2,TWILIGHT AVE,,,,,,07,,01,04,02,01,01,01,05,01,,AT,,PARK AVE,,,,25,25,26,40.444670,74.124290,N,,0084
201813212018003116,MONMOUTH,KEANSBURG BORO,04/13/2018,FR,1719,01,KEANSBURG PD,,0,0,0,0,P,B,N,N,01,3,MONMOUTH COUNTY 7 I,,7,1,130000071_,2.01,05,,01,04,02,01,01,01,05,01,75,FE,N,WOOD ST,,,,25,25,26,40.440200,74.130260,N,,
201813212018003118,MONMOUTH,KEANSBURG BORO,04/13/2018,FR,1921,01,KEANSBURG PD,,0,0,0,0,P,B,N,N,06,2,MONMOUTH COUNTY 56,,56,,13000056__,.47,05,,01,04,02,01,01,01,05,01,25,FE,S,GARFIELD AVE,,,,25,25,28,40.448400,74.133420,N,,0068
201813212018003157,MONMOUTH,KEANSBURG BORO,04/14/2018,SA,1507,01,KEANSBURG PD,,0,0,0,0,P,I,N,N,15,1,MONMOUTH COUNTY 56,N,56,,13000056__,.87,05,,01,04,02,01,01,01,05,01,,AT,,MANNING PL,,,,25,25,39,40.443100,74.131920,N,,0076
201813212018003294,MONMOUTH,KEANSBURG BORO,04/18/2018,WE,2126,01,KEANSBURG PD,,0,0,0,0,P,B,N,N,06,2,RAMSEY AVE,,,,,,07,,01,04,02,01,06,01,05,01,50,FE,N,WASHINGTON AVE,,,,25,25,28,40.447730,74.135430,N,,0076
201813212018003452,MONMOUTH,KEANSBURG BORO,04/22/2018,SU,1459,01,KEANSBURG PD,,0,0,0,0,P,B,N,N,06,2,MAIN ST,S,,,,,07,,01,04,02,01,01,01,05,01,,,,MANNING PL,,,,30,25,26,40.443510,74.129580,N,,0088
201813212018003517,MONMOUTH,KEANSBURG BORO,04/25/2018,WE,0856,01,KEANSBURG PD,,0,0,0,0,P,I,N,N,11,1,MAIN ST,N,,,,,07,,02,04,02,02,01,02,05,01,,AT,,BEACHWAY AVE,,,,25,25,,40.451250,74.127650,N,GUARDRAIL AT MAIN ST. AND BEACHWAY DAMAGED.,0556
201813212018003696,MONMOUTH,KEANSBURG BORO,05/01/2018,TU,1153,01,KEANSBURG PD,,0,0,0,0,P,I,N,N,03,2,BAYVIEW AVE **,,,,13211005__,.12,07,,01,04,02,01,01,01,05,01,,AT,,CENTER AVE,,,,25,25,26,40.451380,74.131500,N,,0085
201813212018003722,MONMOUTH,KEANSBURG BORO,05/02/2018,WE,0626,01,KEANSBURG PD,,0,0,0,0,P,I,N,N,02,2,NJ 36,,36,,00000036__,20.42,02,,01,04,02,01,01,01,05,01,,AT,,CR 7 / MAIN ST / PALMER AVE,,,,30,50,26,40.436170,74.131100,N,,0081
201813212018003805,MONMOUTH,KEANSBURG BORO,05/04/2018,FR,1547,01,KEANSBURG PD,,0,0,0,0,P,B,N,N,08,2,OCEANVIEW AVE **,E,,,13211028__,.12,07,,01,04,02,01,01,01,05,01,20,FE,N,CENTER AVE,,,,25,25,26,40.452260,74.132670,N,,0556
201813212018003887,MONMOUTH,KEANSBURG BORO,05/06/2018,SU,1649,01,KEANSBURG PD,,0,1,0,0,I,I,N,N,03,2,MONMOUTH COUNTY 56,,56,,13000056__,.87,05,,01,04,02,01,01,01,05,01,,AT,,MANNING PL,,,,25,25,26,40.443100,74.131920,N,,0556
201813212018004013,MONMOUTH,KEANSBURG BORO,05/10/2018,TH,1829,01,KEANSBURG PD,,0,0,0,0,P,B,N,N,02,2,CENTER AVE,,,,13211119__,.02,07,,01,04,02,01,01,01,05,01,100,FE,E,CR 56 / CARR AVE,,,,25,25,26,40.452790,74.135720,N,,0554
201813212018004116,MONMOUTH,KEANSBURG BORO,05/13/2018,SU,2156,01,KEANSBURG PD,,0,0,0,0,P,B,N,N,06,2,FOREST AVE **,,,,13211105__,,07,,01,04,02,02,06,02,05,01,50,FE,N,CR 7,,,,25,30,28,40.441920,74.125380,N,,0092
201813212018004167,MONMOUTH,KEANSBURG BORO,05/15/2018,TU,1522,01,KEANSBURG PD,,0,0,0,0,P,B,N,N,08,2,MAIN ST,E,,,13211001__,.61,07,,01,04,02,01,01,01,05,01,30,FE,N,CENTER AVE / SHORE BLVD,,,,30,30,26,40.443390,74.129560,N,,0069
201813212018004427,MONMOUTH,KEANSBURG BORO,05/23/2018,WE,1549,01,KEANSBURG PD,,0,0,0,0,P,B,N,N,06,2,SHORE BLVD **,W,,,13211113__,,07,,01,04,02,01,01,01,05,01,,,,,,,,25,,28,40.449980,74.127560,N,,0083
201813212018004464,MONMOUTH,KEANSBURG BORO,05/24/2018,TH,1452,01,KEANSBURG PD,,0,2,0,0,I,B,N,N,01,2,NJ 36,E,36,,00000036__,20.45,02,,01,04,02,01,01,01,01,01,150,FE,E,CR 7 / MAIN ST / PALMER AVE,,,,50,30,26,40.435480,74.131290,N,,0081
201813212018004533,MONMOUTH,KEANSBURG BORO,05/26/2018,SA,1059,01,KEANSBURG PD,,0,0,0,0,P,B,N,N,06,2,LAKEWOOD AVE **,S,,,13211107__,,07,,01,00,02,01,01,01,05,01,,,,,,,,25,,26,40.446600,74.123610,N,,0089
201813212018004609,MONMOUTH,KEANSBURG BORO,05/28/2018,MO,1523,01,KEANSBURG PD,,0,0,0,0,P,I,N,N,03,2,MONMOUTH COUNTY 7 II,,7,2,130000072_,.46,05,,01,04,02,01,01,01,05,01,,AT,,BEACON PL,,,,,,26,40.442200,74.121610,N,,0083
201813212018004631,MONMOUTH,KEANSBURG BORO,05/29/2018,TU,0800,01,KEANSBURG PD,,0,0,0,0,P,B,N,N,06,2,FRANCES PL **,E,,,13211056__,,07,,01,04,02,01,01,01,05,01,,,,,,,,,,28,40.443870,74.132330,N,,0083
201813212018004641,MONMOUTH,KEANSBURG BORO,05/29/2018,TU,1417,01,KEANSBURG PD,,0,0,0,0,P,I,N,N,06,2,TWILIGHT AVE **,N,,,13211110__,.07,07,,01,04,02,01,01,01,05,01,,AT,,WOODLAND AVE,,,,25,25,26,40.449360,74.125210,N,,0086
201813212018005768,MONMOUTH,KEANSBURG BORO,07/01/2018,SU,1008,01,KEANSBURG PD,,0,1,0,0,I,B,N,N,01,2,MONMOUTH COUNTY 7 I,,7,1,130000071_,2.04,05,,01,06,02,01,01,01,05,01,30,FE,S,HANCOCK ST,,,,25,25,26,40.439800,74.130520,N,,0556
201813212018005786,MONMOUTH,KEANSBURG BORO,07/01/2018,SU,2054,01,KEANSBURG PD,,0,0,0,0,P,B,N,N,08,2,PARK AVE **,E,,,13211111__,,07,,01,04,02,01,03,01,05,01,,,,,,,,25,,26,,,N,,0083
201813212018005897,MONMOUTH,KEANSBURG BORO,07/04/2018,WE,1213,01,KEANSBURG PD,,0,0,0,0,P,B,N,N,08,2,JOHNSON LN **,E,,,13211094__,.01,07,,01,04,02,01,01,01,05,01,50,FE,E,MAIN ST,,,,25,25,26,40.449160,74.128820,N,,0085
201813212018006286,MONMOUTH,KEANSBURG BORO,07/14/2018,SA,1721,01,KEANSBURG PD,,0,0,0,0,P,I,N,N,03,2,MONMOUTH COUNTY 56,N,56,,13000056__,.87,05,,01,04,02,01,01,01,05,01,,AT,,MANNING PL,,,,25,25,26,40.443100,74.131920,N,,0546
201813212018006287,MONMOUTH,KEANSBURG BORO,07/14/2018,SA,1734,01,KEANSBURG PD,,0,0,0,0,P,I,N,N,01,2,MONMOUTH COUNTY 7 I,E,7,1,130000071_,2.17,05,,01,04,02,01,01,01,05,01,,AT,,CHURCH ST / MAIN ST,,,,25,25,26,40.441870,74.129950,N,,0086
201813212018006389,MONMOUTH,KEANSBURG BORO,07/17/2018,TU,1811,01,KEANSBURG PD,,0,3,0,0,I,I,N,N,03,2,MONMOUTH COUNTY 7 II,E,7,2,130000072_,.25,05,,01,04,02,02,01,02,05,01,,AT,,FOREST AVE,,,,30,25,26,40.441710,74.125570,N,,0088
201813212018006402,MONMOUTH,KEANSBURG BORO,07/18/2018,WE,0930,01,KEANSBURG PD,,0,1,0,0,I,I,N,N,08,3,ATLANTIC AVE **,,,,13211099__,.17,07,,01,04,02,01,01,01,05,01,,AT,,MONMOUTH AVE,,,,25,25,28,40.444520,74.118640,N,,
201813212018006436,MONMOUTH,KEANSBURG BORO,07/19/2018,TH,0911,01,KEANSBURG PD,,0,0,0,0,P,I,N,N,03,2,CREEK RD **,,,,13211064__,.36,07,,01,04,02,01,01,01,05,01,,AT,,KENNEDY WAY,,,,,,26,,,N,,0083
201813212018006494,MONMOUTH,KEANSBURG BORO,07/20/2018,FR,2321,01,KEANSBURG PD,,0,0,0,0,P,B,N,N,06,2,LAKEWOOD AVE **,W,,,13211107__,,07,,01,04,02,01,06,01,05,01,,,,,,,,,,26,40.447580,74.124760,N,,0628
201813212018006514,MONMOUTH,KEANSBURG BORO,07/21/2018,SA,1046,01,KEANSBURG PD,,0,1,0,0,I,I,N,N,01,3,MONMOUTH COUNTY 7 I,N,7,1,130000071_,2.09,05,,01,04,02,01,01,01,05,01,,AT,,CR 7 / PORT MONMOUTH RD,,,,30,30,26,40.440800,74.130150,N,,
201813212018006667,MONMOUTH,KEANSBURG BORO,07/26/2018,TH,1225,01,KEANSBURG PD,,0,0,0,0,P,I,N,N,01,3,MONMOUTH COUNTY 7 I,S,7,1,130000071_,1.72,05,,01,04,02,01,01,01,05,01,,AT,,NJ 36,,,,30,50,26,40.435480,74.131290,N,,
201813212018006701,MONMOUTH,KEANSBURG BORO,07/27/2018,FR,0701,01,KEANSBURG PD,,0,0,0,0,P,B,N,N,01,2,MONMOUTH COUNTY 7 I,,7,1,130000071_,2.25,05,,01,04,02,01,01,01,05,01,25,FE,W,CR 56 / CARR AVE,,,,25,25,26,40.441750,74.131550,N,,0081
201813212018006727,MONMOUTH,KEANSBURG BORO,07/27/2018,FR,2121,01,KEANSBURG PD,,0,0,0,0,P,I,N,N,03,2,LAUREL AVE,,,,13391283__,.87,07,,01,04,02,02,07,02,04,01,,AT,,CHARLES AVE / SEABREEZE WAY,,,,25,25,26,40.449830,74.142560,N,,0554
201813212018006753,MONMOUTH,KEANSBURG BORO,07/28/2018,SA,1345,01,KEANSBURG PD,,0,0,0,0,P,B,N,N,02,2,BEACHWAY **,,,,13211114__,,07,,01,04,02,01,01,01,05,01,15,FE,W,HIGHLAND AVE,,,,25,25,26,40.455380,74.136150,N,,0081
201813212018006773,MONMOUTH,KEANSBURG BORO,07/28/2018,SA,2326,01,KEANSBURG PD,,0,0,0,0,P,B,N,N,06,2,CENTER AVE,E,,,13211119__,.08,07,,01,04,02,01,06,01,05,01,20,FE,E,BELLVIEW AVE / RARITAN AVE,,,,15,25,28,40.452200,74.132880,N,,0069
201813212018006820,MONMOUTH,KEANSBURG BORO,07/30/2018,MO,1411,01,KEANSBURG PD,,0,1,0,0,I,I,N,N,03,2,MAIN ST,S,,,13211001__,.60,07,,01,04,02,01,01,01,05,01,,AT,,CENTER AVE / SHORE BLVD,,,,30,25,26,40.450090,74.128170,N,,0088
201813212018007067,MONMOUTH,KEANSBURG BORO,08/06/2018,MO,1726,01,KEANSBURG PD,,0,0,0,0,P,B,N,N,02,2,BEACHWAY **,W,,,13211114__,.00,07,,01,04,02,01,01,01,05,01,15,FE,W,CR 56 / CARR AVE,,,,25,25,26,40.455380,74.136150,N,,0556
201813212018007088,MONMOUTH,KEANSBURG BORO,08/07/2018,TU,0945,01,KEANSBURG PD,,0,0,0,0,P,B,N,N,06,2,OAK ST,S,,,,,07,,01,00,02,01,01,01,05,01,50,MI,E,NORTH SHORE ST,,,,25,25,28,,,N,,0069
201813212018007094,MONMOUTH,KEANSBURG BORO,08/07/2018,TU,1351,01,KEANSBURG PD,,0,0,0,0,P,I,N,N,14,1,PARK AVE **,S,,,13211111__,.00,07,,01,04,02,01,01,01,05,01,,AT,,FOREST AVE,,,,25,25,21,40.444690,74.126240,N,,0069
201813212018007105,MONMOUTH,KEANSBURG BORO,08/07/2018,TU,1909,01,KEANSBURG PD,,0,3,0,0,I,I,Y,N,03,2,MONMOUTH COUNTY 56,N,56,,13000056__,.87,05,,01,04,02,02,01,02,05,01,,AT,,MANNING PL,,,,25,25,26,40.449410,74.132390,N,331 CARR AVE NEW HQS. MORE SPECIFICALLY 1 FLAG POLE  LIGHT POLE  WATER SPRINKLE,0086
201813212018007152,MONMOUTH,KEANSBURG BORO,08/09/2018,TH,1126,01,KEANSBURG PD,,0,0,0,0,P,I,N,N,03,2,KENNEDY WAY **,,,,13211118__,.05,07,,01,04,02,01,01,01,05,01,,AT,,MYRTLE AVE,,,,,,26,40.445840,74.133880,N,,0082
201813212018007161,MONMOUTH,KEANSBURG BORO,08/09/2018,TH,1733,01,KEANSBURG PD,,0,0,0,0,P,I,N,N,08,2,NJ 36,,36,,00000036__,20.42,02,,01,04,02,01,01,01,01,01,,AT,,CR 7 / MAIN ST / PALMER AVE,,,,,,26,40.436040,74.136210,N,,0082
201813212018007196,MONMOUTH,KEANSBURG BORO,08/10/2018,FR,1445,01,KEANSBURG PD,,0,0,0,0,P,I,N,N,06,2,SHADYNOOK **,S,,,13211034__,.00,07,,01,04,02,01,06,01,05,01,,AT,,PINEVIEW AVE,,,,25,25,28,40.450560,74.131370,N,,0556
201813212018007197,MONMOUTH,KEANSBURG BORO,08/10/2018,FR,1509,01,KEANSBURG PD,,0,0,0,0,P,B,N,N,06,2,MAIN ST,N,,,13211001__,.05,07,,01,04,02,01,01,01,05,01,30,FE,S,LANCASTER AVE,,,,30,25,26,40.451150,74.127870,N,,0069
201813212018007221,MONMOUTH,KEANSBURG BORO,08/11/2018,SA,0845,01,KEANSBURG PD,,0,0,0,0,P,B,N,N,01,2,NJ 36,,36,,00000036__,20.41,02,,01,04,02,02,01,01,01,01,60,FE,W,CR 7 / MAIN ST / PALMER AVE,,,,50,30,26,40.436040,74.136210,N,,0087
201813212018007239,MONMOUTH,KEANSBURG BORO,08/11/2018,SA,1950,01,KEANSBURG PD,,0,0,0,0,P,B,N,N,11,1,WOODLAND AVE **,E,,,13211095__,.13,07,,01,04,02,01,01,05,05,01,,,,TWILIGHT AVE,,,,,,54,40.448050,74.124300,N,DAMAGE TO A STEEL POLE,0083
201813212018007243,MONMOUTH,KEANSBURG BORO,08/11/2018,SA,2051,01,KEANSBURG PD,,0,0,0,0,P,I,N,N,01,2,NJ 36,W,36,,00000036__,20.42,02,,01,00,02,01,06,01,01,01,,AT,,CR 7 / MAIN ST / PALMER AVE,,,,50,,26,40.435710,74.131510,N,,0089
201813212018007448,MONMOUTH,KEANSBURG BORO,08/17/2018,FR,1341,01,KEANSBURG PD,,0,0,0,0,P,B,N,N,06,2,MONMOUTH COUNTY 7 II,E,7,2,130000072_,.39,05,,01,04,02,01,01,01,05,01,50,FE,E,TWILIGHT AVE,,,,30,25,26,,,N,,0069
201813212018007484,MONMOUTH,KEANSBURG BORO,08/18/2018,SA,1826,01,KEANSBURG PD,,0,0,0,0,P,B,N,N,02,2,BEACHWAY **,E,,,13211114__,.07,07,,01,04,02,01,01,01,05,01,75,FE,E,RARITAN AVE,,,,,,26,40.455170,74.134770,N,,0628
201813212018007538,MONMOUTH,KEANSBURG BORO,08/20/2018,MO,1308,01,KEANSBURG PD,,0,0,0,0,P,B,N,N,06,2,MAIN ST,,,,13211001__,.06,07,,01,04,02,01,01,01,04,01,,,,LANCASTER AVE,,,,25,25,26,40.442710,74.129710,N,,0085
201813212018007705,MONMOUTH,KEANSBURG BORO,08/24/2018,FR,2312,01,KEANSBURG PD,,0,0,0,0,P,B,N,N,06,2,LAUREL AVE,S,,,13391283__,.82,07,,01,04,02,01,06,01,04,01,,,,MAPLEWOOD AVE,,,,25,,26,40.449410,74.142440,N,,0086
201813212018007956,MONMOUTH,KEANSBURG BORO,09/01/2018,SA,1034,01,KEANSBURG PD,,0,0,0,0,P,B,N,N,08,2,BAY AVE **,,,,13211008__,.03,07,,03,04,02,01,01,01,05,01,150,FE,E,BEACHWAY,,,,,,26,40.455380,74.136150,N,,0082
201813212018008009,MONMOUTH,KEANSBURG BORO,09/02/2018,SU,1421,01,KEANSBURG PD,,0,1,0,1,I,B,N,N,13,1,HIGHLAND AVE **,,,,13211010__,.03,07,,01,04,02,01,01,01,05,01,30,FE,W,HIGHLAND BLVD,,,,,,26,40.454040,74.136380,N,,0628
201813212018008187,MONMOUTH,KEANSBURG BORO,09/07/2018,FR,2236,01,KEANSBURG PD,,0,2,0,1,I,I,N,N,13,1,MONMOUTH COUNTY 7 I,W,7,1,130000071_,2.09,05,,01,04,02,02,06,02,04,01,,AT,,CR 7 / PORT MONMOUTH RD,,,,25,25,26,40.440800,74.130150,N,,0093
201813212018008232,MONMOUTH,KEANSBURG BORO,09/09/2018,SU,1452,01,KEANSBURG PD,,0,0,0,0,P,I,N,N,01,2,MAIN ST,N,,,13211001__,.06,07,,01,04,02,02,01,02,05,01,,AT,,LANCASTER AVE,,,,25,25,26,40.442690,74.128280,N,,0556
201813212018008247,MONMOUTH,KEANSBURG BORO,09/10/2018,MO,1025,01,KEANSBURG PD,,0,0,0,0,P,B,N,N,06,2,MAIN ST,S,,,13211001__,.39,07,,03,04,02,02,01,02,05,01,,,,LOCUST ST,,,,30,,28,40.446990,74.130010,N,,0088
201813212018008343,MONMOUTH,KEANSBURG BORO,09/13/2018,TH,0804,01,KEANSBURG PD,,0,0,0,0,P,B,N,N,06,2,SEELEY AVE **,E,,,13211032__,.00,07,,01,04,02,01,01,01,05,01,,,,CREEK RD,,,,25,,26,40.448840,74.140600,N,,0086
201813212018008356,MONMOUTH,KEANSBURG BORO,09/13/2018,TH,1633,01,KEANSBURG PD,,0,0,0,0,P,B,N,N,01,2,MONMOUTH COUNTY 7 I,S,7,1,130000071_,1.82,05,,01,04,02,01,01,05,05,01,,,,LOHSEN AVE,,,,30,,26,40.436820,74.130970,N,,0083
201813212018008431,MONMOUTH,KEANSBURG BORO,09/15/2018,SA,1722,01,KEANSBURG PD,,0,0,0,0,P,B,N,N,06,2,CENTER AVE,,,,13211119__,.42,07,,03,04,02,01,01,01,05,01,50,FE,E,MAIN ST,,,,,25,28,,,N,,0552
201813212018008514,MONMOUTH,KEANSBURG BORO,09/17/2018,MO,1124,01,KEANSBURG PD,,0,0,0,0,P,I,N,N,04,3,HIGHLAND BLVD **,E,,,13211015__,.32,07,,01,04,02,01,01,01,05,01,,AT,,OAKWOOD AVE,,,,25,25,26,40.450870,74.139650,N,,
201813212018008589,MONMOUTH,KEANSBURG BORO,09/19/2018,WE,1505,01,KEANSBURG PD,,0,2,0,0,I,I,N,N,03,2,NJ 36,N,36,,00000036__,20.42,02,,01,04,02,01,01,01,05,01,,AT,,CR 7 / MAIN ST / PALMER AVE,,,,50,30,26,40.435480,74.131290,N,,0552
201813212018008614,MONMOUTH,KEANSBURG BORO,09/20/2018,TH,0736,01,KEANSBURG PD,,0,0,0,0,P,B,N,N,06,2,SEELEY AVE **,W,,,13211032__,.16,07,,01,04,02,01,01,01,05,01,,,,OAKWOOD PL,,,,25,,26,40.449340,74.138890,N,,0552
201813212018008628,MONMOUTH,KEANSBURG BORO,09/20/2018,TH,1722,01,KEANSBURG PD,,0,0,0,0,P,B,N,N,01,2,MONMOUTH COUNTY 7 I,S,7,1,130000071_,2.08,05,,01,04,02,01,01,01,04,01,30,FE,S,CR 7 / PORT MONMOUTH RD,,,,25,25,26,40.439530,74.130430,N,,0076
201813212018008810,MONMOUTH,KEANSBURG BORO,09/25/2018,TU,2105,01,KEANSBURG PD,,0,0,0,0,P,B,N,N,01,2,MONMOUTH COUNTY 7 I,N,7,1,130000071_,1.77,05,,02,04,01,02,07,02,05,01,,,,LORRAINE PL,,,,,,26,40.436170,74.131100,N,,0628
201813212018008850,MONMOUTH,KEANSBURG BORO,09/26/2018,WE,1916,01,KEANSBURG PD,,0,0,0,0,P,B,N,N,04,2,PORT MONMOUTH RD,,,,,,09,,01,04,02,01,06,01,05,01,,,,,,,,15,,26,,,N,,0069
201813212018008926,MONMOUTH,KEANSBURG BORO,09/28/2018,FR,1151,01,KEANSBURG PD,,0,0,0,0,P,B,N,N,03,2,MONMOUTH COUNTY 7 I,,7,1,130000071_,1.87,05,,01,04,02,01,01,01,04,01,,,,PALMER PL,,,,30,25,26,40.437540,74.130840,N,,0076
201813212018009057,MONMOUTH,KEANSBURG BORO,10/01/2018,MO,1835,01,KEANSBURG PD,,0,0,0,0,P,I,N,N,06,2,MONMOUTH COUNTY 56,,56,,13000056__,.09,05,,01,04,02,01,01,01,04,01,,AT,,SEABREEZE AVE,,,,25,25,26,40.454090,74.135350,N,,
201813212018009079,MONMOUTH,KEANSBURG BORO,10/02/2018,TU,1718,01,KEANSBURG PD,,0,0,0,0,P,I,Y,N,14,1,MAIN ST,,,,13211001__,.47,07,,01,04,02,01,01,01,05,01,,AT,,FOREST AVE,,,,25,25,21,40.448540,74.129240,N,,
201813212018009138,MONMOUTH,KEANSBURG BORO,10/04/2018,TH,0727,01,KEANSBURG PD,,0,1,0,0,I,B,N,N,14,1,FOREST AVE **,N,,,13211105__,.00,07,,01,04,02,01,01,01,05,01,,,N,FOREST AVE,,,,25,25,21,40.445070,74.126270,N,,0552
201813212018009174,MONMOUTH,KEANSBURG BORO,10/05/2018,FR,1124,01,KEANSBURG PD,,0,1,0,1,I,I,N,N,13,1,NJ 36,W,36,,00000036__,20.42,02,,01,04,02,01,01,01,01,01,,AT,,CR 7 / MAIN ST / PALMER AVE,,,,50,30,26,,,N,,
201813212018009260,MONMOUTH,KEANSBURG BORO,10/08/2018,MO,0324,01,KEANSBURG PD,,0,0,0,0,P,B,N,N,05,2,CREEK RD **,N,,,13211064__,.28,07,,01,04,02,01,06,01,05,01,100,FE,N,ROLAND ST,,,,25,25,26,,,N,,0069
201813212018009364,MONMOUTH,KEANSBURG BORO,10/11/2018,TH,1859,01,KEANSBURG PD,,0,1,0,0,I,I,N,N,13,1,MAIN ST,N,,,13211001__,.00,07,,01,04,02,02,06,02,05,01,,AT,,CR 7 I / CHURCH ST,,,,25,25,26,,,N,,
201813212018009388,MONMOUTH,KEANSBURG BORO,10/12/2018,FR,1113,01,KEANSBURG PD,,0,0,0,0,P,B,N,N,04,2,MYRTLE AVE **,E,,,13211063__,.56,07,,01,04,02,01,,01,05,01,,,,CR 7 I / CHURCH ST,,,,,,26,40.441680,74.132590,N,,0628
201813212018009560,MONMOUTH,KEANSBURG BORO,10/18/2018,TH,0718,01,KEANSBURG PD,,0,0,0,0,P,B,N,N,01,2,SEELEY AVE **,W,,,13211032__,.15,07,,01,04,02,01,01,01,05,01,75,FE,W,OAKWOOD PL,,,,25,25,26,40.449140,74.138800,N,,
201813212018009749,MONMOUTH,KEANSBURG BORO,10/23/2018,TU,1421,01,KEANSBURG PD,,0,0,0,0,P,B,N,N,02,2,MONMOUTH COUNTY 7 I,,7,1,130000071_,1.77,05,,01,04,02,01,01,01,05,01,25,FE,S,LORRAINE PL,,,,,,26,40.436170,74.131100,N,,0082
201813212018010013,MONMOUTH,KEANSBURG BORO,10/30/2018,TU,1554,01,KEANSBURG PD,,0,0,0,0,P,B,N,N,05,2,MAPLE AVE **,,,,,,07,,01,04,02,01,01,01,05,01,,,,HILL ST,,,,25,,26,40.448690,74.137800,N,,0086
201813212018010114,MONMOUTH,KEANSBURG BORO,11/02/2018,FR,1348,01,KEANSBURG PD,,0,0,0,0,P,I,N,N,03,2,MONMOUTH COUNTY 56,N,56,,13000056__,.32,05,,01,04,02,01,01,01,05,01,,AT,,E SHORE ST / W SHORE ST,,,,25,25,26,,,N,,0086
201813212018010135,MONMOUTH,KEANSBURG BORO,11/02/2018,FR,2207,01,KEANSBURG PD,,0,0,0,0,P,B,N,N,06,2,SHORE BLVD **,,,,13211113__,.55,07,,01,04,02,02,06,02,05,01,100,FE,E,MORNINGSIDE AVE,,,,25,25,25,40.446100,74.118960,N,,0556
201813212018010152,MONMOUTH,KEANSBURG BORO,11/03/2018,SA,1650,01,KEANSBURG PD,,0,0,0,0,P,B,N,N,01,2,MONMOUTH COUNTY 7 I,,7,1,130000071_,2.04,05,,01,04,02,01,01,01,05,01,50,FE,S,HANCOCK ST,,,,25,25,26,,,N,,0081
201813212018010325,MONMOUTH,KEANSBURG BORO,11/09/2018,FR,0540,01,KEANSBURG PD,,0,1,0,0,I,I,N,N,11,1,BAY AVE **,E,,,13211008__,.00,07,,02,04,02,01,06,01,04,01,,AT,,BEACHWAY,,,,25,25,48,40.455380,74.136150,N,CONCRETE BARRIER,0085
201813212018010327,MONMOUTH,KEANSBURG BORO,11/09/2018,FR,0738,01,KEANSBURG PD,,0,1,0,0,I,I,N,N,03,2,MONMOUTH COUNTY 7 II,,7,2,130000072_,.21,05,,01,04,02,01,01,01,05,01,,AT,,WILLIS AVE,,,,30,25,26,,,N,,0092
201813212018010459,MONMOUTH,KEANSBURG BORO,11/13/2018,TU,1929,01,KEANSBURG PD,,0,0,0,0,P,B,N,N,03,2,MONMOUTH COUNTY 7 I,S,7,1,130000071_,2.04,05,,01,04,02,01,06,01,04,01,50,FE,S,HANCOCK ST,,,,25,25,26,40.439530,74.130430,N,,0085
201813212018010512,MONMOUTH,KEANSBURG BORO,11/15/2018,TH,0944,01,KEANSBURG PD,,0,0,0,0,P,B,N,N,06,2,FRANCES PL **,W,,,13211056__,,07,,01,04,02,01,01,05,05,01,,,,,,,,25,,28,40.443600,74.133870,N,,
201813212018010520,MONMOUTH,KEANSBURG BORO,11/15/2018,TH,1739,01,KEANSBURG PD,,0,0,0,0,P,B,N,N,08,2,MONMOUTH COUNTY 56,S,56,,13000056__,.96,05,,01,04,02,03,06,07,05,01,,,,CR 7 / CHURCH ST,,,,25,,28,40.442340,74.131880,N,,0088