Year(4)-CountyCode(2)-MunicipalityCode(2)-CaseNumber(9),County Name,Municipality Name,Crash Date,Crash Day of Week,Crash Time,Police Department Code,Police Department,Police Station,Total Killed,Total Injured,Pedestrians Killed,Pedestrians Injured,Severity,Intersection,Alcohol Involved,Hazmat Involved,Crash Type,Total Vehicles,Location,Location Direction,Route,Route Suffix,Std Rte Identifier,MilePost,Road System,Road Character,Road Horizontal Alignment,Road Grade,Road Surface Type,Surface Condition,Light Condition,Environmental Condition,Road Divided By,Temporary Traffic Control Zone,Distance To Cross Street,Unit Of Measurement,Direction From Cross Street,Cross Street Name,Is Ramp,Ramp To/From Route Name,Ramp To/From Route Direction,Posted Speed,Posted Speed Cross Street,First Harmful Event,Latitude,Longitude,Cell Phone In Use Flag,Other Property Damage,Reporting Badge No.
201813212018010594,MONMOUTH,KEANSBURG BORO,11/17/2018,SA,2201,01,KEANSBURG PD,,0,0,0,0,P,B,Y,N,06,3,CREEK RD **,S,,,13211064__,.26,07,,01,04,02,01,07,01,05,01,,FE,,ROLAND ST,,,,25,25,28,40.446940,74.138670,Y,,0090
201813212018010609,MONMOUTH,KEANSBURG BORO,11/18/2018,SU,1122,01,KEANSBURG PD,,0,0,0,0,P,B,N,N,06,2,SEABREEZE WAY,W,,,,,07,,01,04,02,01,00,01,05,01,25,FE,E,PINEWOOD PL,,,,25,25,26,40.452920,74.138350,N,,0546
201813212018010695,MONMOUTH,KEANSBURG BORO,11/21/2018,WE,1121,01,KEANSBURG PD,,0,0,0,0,P,B,N,N,06,2,MONMOUTH COUNTY 56,S,56,,13000056__,.87,05,,01,04,02,01,01,01,04,01,25,FE,N,MANNING PL,,,,25,25,28,40.443540,74.132280,N,,0083
201813212018010748,MONMOUTH,KEANSBURG BORO,11/23/2018,FR,1347,01,KEANSBURG PD,,0,0,0,0,P,B,N,N,06,2,OCEANVIEW AVE **,,,,13211028__,.12,07,,01,04,02,01,,01,05,01,,,,CENTER AVE,,,,,,28,40.452500,74.132440,N,,0076
201813212018010852,MONMOUTH,KEANSBURG BORO,11/27/2018,TU,0624,01,KEANSBURG PD,,0,0,0,0,P,I,N,N,13,1,BAYVIEW AVE **,S,,,13211005__,.12,07,,01,04,02,02,06,01,05,01,,AT,,CENTER AVE,,,,25,,26,40.451380,74.131500,N,,0083
201813212018010942,MONMOUTH,KEANSBURG BORO,11/30/2018,FR,0759,01,KEANSBURG PD,,0,0,0,0,P,B,N,N,06,2,HIGHLAND BLVD **,,,,13211015__,.36,07,,01,04,02,01,06,01,05,01,50,FE,W,ST PETERS PL,,,,25,25,26,40.449700,74.141110,N,,0081
201813212018011426,MONMOUTH,KEANSBURG BORO,12/16/2018,SU,1037,01,KEANSBURG PD,,0,0,0,0,P,I,N,N,08,2,WOODLAND AVE **,N,,,13211095__,.00,07,,01,04,01,02,01,02,05,01,,AT,,SHORE BLVD,,,,,,26,40.442710,74.129710,N,,0628
201813212018011451,MONMOUTH,KEANSBURG BORO,12/17/2018,MO,0757,01,KEANSBURG PD,,0,0,0,0,P,I,N,N,03,2,MAIN ST,S,,,13211001__,.11,07,,01,04,02,01,01,01,05,01,,AT,,MANNING PL / LEOLA AVE,,,,30,25,26,40.443510,74.129580,N,,0069
201813212018011593,MONMOUTH,KEANSBURG BORO,12/21/2018,FR,2151,01,KEANSBURG PD,,0,1,0,0,I,I,N,N,03,2,MONMOUTH COUNTY 56,,56,,13000056__,.87,05,,01,04,02,02,06,01,05,01,,AT,,MANNING PL,,,,25,25,26,40.443100,74.131920,N,,0090
201813212018011633,MONMOUTH,KEANSBURG BORO,12/23/2018,SU,1055,01,KEANSBURG PD,,0,0,0,0,P,B,N,N,02,2,SEELEY AVE **,,,,13211032__,.56,07,,01,04,02,01,01,01,05,01,350,FE,E,COLLINS ST,,,,25,25,26,40.448930,74.131180,N,,0087
201813212018011641,MONMOUTH,KEANSBURG BORO,12/23/2018,SU,1710,01,KEANSBURG PD,,0,2,0,0,I,B,N,N,03,2,MONMOUTH COUNTY 7 I,,7,1,130000071_,1.73,05,,01,04,02,01,03,01,05,01,30,FE,N,NJ 36,,,,25,50,26,,,N,,0092
201813212018011642,MONMOUTH,KEANSBURG BORO,12/23/2018,SU,1751,01,KEANSBURG PD,,0,0,0,0,P,I,N,N,03,2,FRANCES PL **,E,,,13211056__,.19,07,,01,04,02,01,06,01,05,01,,AT,,MYRTLE AVE,,,,30,30,26,40.443710,74.133220,N,,0069
201813212018011780,MONMOUTH,KEANSBURG BORO,12/28/2018,FR,1624,01,KEANSBURG PD,,0,1,0,0,I,I,N,N,06,3,MAIN ST,N,,,13211001__,.28,07,,01,04,02,02,03,02,04,01,,AT,,CARLO DR,,,,25,25,26,40.445310,74.130230,N,,
201813212018011804,MONMOUTH,KEANSBURG BORO,12/28/2018,FR,2343,01,KEANSBURG PD,,0,1,0,0,I,I,Y,N,13,1,NJ 36,,36,,00000036__,20.42,02,,01,04,02,02,06,02,05,01,,AT,,CR 7 / MAIN ST / PALMER AVE,,,,,,26,40.435480,74.131290,N,,0083
201813212018011901,MONMOUTH,KEANSBURG BORO,12/31/2018,MO,1752,01,KEANSBURG PD,,0,0,0,0,P,I,N,N,02,2,MAIN ST,N,,,13211001__,.24,07,,01,04,02,02,06,02,05,01,,AT,,LAWRENCE AVE,,,,25,25,26,40.445150,74.130180,N,,0093
20181321201801942,MONMOUTH,KEANSBURG BORO,11/30/2018,FR,0759,01,KEANSBURG PD,,0,0,0,0,P,B,N,N,06,2,HIGHLAND BLVD **,,,,13211015__,.36,07,,01,04,02,01,06,01,05,01,50,FE,W,ST PETERS PL,,,,25,25,26,40.449700,74.141110,N,,0081
2018132210-10608,MONMOUTH,KEYPORT BORO,10/21/2018,SU,1425,01,KEYPORT PD,,0,0,0,0,P,B,N,N,01,2,ROUTE 516,E,516,,00000516__,9.22,05,,01,04,02,01,01,01,05,01,10,FE,W,NJ 35,,,,30,50,26,,,N,,20
2018132218-10017,MONMOUTH,KEYPORT BORO,10/01/2018,MO,0928,01,KEYPORT PD,KEYPORT,0,0,0,0,P,B,N,N,06,2,MONMOUTH COUNTY 6 I,W,6,1,130000061_,1.18,05,,01,04,02,01,01,01,05,01,100,FE,N,CR 4 / BROAD ST,,,,25,30,28,,,N,,37
2018132218-10030,MONMOUTH,KEYPORT BORO,10/01/2018,MO,1807,01,KEYPORT PD,KEYPORT,0,1,0,0,I,B,N,N,01,3,NJ 36,S,36,,00000036__,24.14,02,,01,04,02,01,01,01,01,01,100,FE,E,CR 4 / BROAD ST,,,,50,25,26,,,N,,
2018132218-10041,MONMOUTH,KEYPORT BORO,10/02/2018,TU,0926,01,KEYPORT PD,KEYPORT,0,0,0,0,P,B,N,N,06,2,MONMOUTH COUNTY 4 II,N,4,2,130000042_,9.26,05,,01,04,02,01,01,01,05,01,50,FE,E,CR 6 / 1ST ST,,,,35,25,26,,,N,,37
2018132218-10046,MONMOUTH,KEYPORT BORO,10/02/2018,TU,1427,01,KEYPORT PD,KEYPORT,0,1,0,0,I,I,N,N,01,2,NJ 35,S,35,,00000035__,43.82,02,,03,04,02,01,01,01,05,01,,AT,E,ROUTE 516,,,,50,35,26,,,N,,37
2018132218-10053,MONMOUTH,KEYPORT BORO,10/02/2018,TU,1635,01,KEYPORT PD,,0,0,0,0,P,I,N,N,01,2,ROUTE 516,S,516,,00000516__,9.95,05,,01,04,02,01,01,01,05,01,,AT,W,CR 4 / BROAD ST,,,,30,30,26,,,N,,29
2018132218-10073,MONMOUTH,KEYPORT BORO,10/01/2018,MO,2209,01,KEYPORT PD,,0,0,0,0,P,B,N,N,06,2,THIRD ST **,W,,,13221005__,.05,07,,01,04,02,01,07,01,05,01,25,FE,E,DIVISION ST,,,,25,25,28,,,N,,38
2018132218-1012,MONMOUTH,KEYPORT BORO,01/29/2018,MO,0932,01,KEYPORT PD,KEYPORT,0,0,0,0,P,B,N,N,06,2,ELIZABETH ST,E,,,,,07,,01,04,02,01,01,05,05,01,75,FE,E,MAIN ST,,,,25,25,28,,,N,,31
2018132218-10139,MONMOUTH,KEYPORT BORO,10/05/2018,FR,0801,01,KEYPORT PD,,0,0,0,0,P,B,N,N,01,3,NJ 36,N,36,,00000036__,24.05,02,,01,04,02,01,01,01,05,01,150,FE,E,ATLANTIC ST,,,,50,25,26,,,N,,20
2018132218-10142,MONMOUTH,KEYPORT BORO,10/05/2018,FR,0921,01,KEYPORT PD,,0,1,0,0,I,B,N,N,02,2,NJ 35,S,35,,00000035__,43.63,02,,01,04,02,01,01,01,01,01,200,FE,S,LUPPATATONG AVE,,,,50,25,26,,,N,,37
2018132218-1015,MONMOUTH,KEYPORT BORO,01/29/2018,MO,1123,01,KEYPORT PD,KEYPORT,0,0,0,0,P,B,N,N,01,2,ROUTE 516,N,516,,00000516__,9.22,05,,03,04,02,01,01,05,03,01,10,FE,S,NJ 35,,,,25,50,26,,,N,,31
2018132218-1019,MONMOUTH,KEYPORT BORO,01/29/2018,MO,1453,01,KEYPORT PD,,0,0,0,0,P,B,N,N,01,2,ROUTE 516,N,516,,00000516__,9.22,05,,03,04,02,01,01,01,02,01,10,FE,S,,T,NJ 35,SB,30,,26,,,N,,#24
2018132218-1024,MONMOUTH,KEYPORT BORO,01/29/2018,MO,1810,01,KEYPORT PD,,0,1,0,0,I,I,N,N,01,2,ROUTE 516,N,516,,00000516__,9.22,05,,03,04,02,01,06,01,05,,,AT,,,T,NJ 35,SB,35,,26,,,N,,#16
2018132218-10319,MONMOUTH,KEYPORT BORO,10/11/2018,TH,0749,01,KEYPORT PD,,0,0,0,0,P,B,N,N,08,2,MONMOUTH COUNTY 4 II,S,4,2,130000042_,8.51,05,,01,04,02,01,01,01,04,01,100,FE,W,JACKSON ST,,,,30,25,28,,,N,,37
2018132218-10344,MONMOUTH,KEYPORT BORO,10/12/2018,FR,0840,01,KEYPORT PD,,0,0,0,0,P,B,N,N,06,2,MONMOUTH COUNTY 4 II,N,4,2,130000042_,8.72,05,,01,04,02,01,01,01,04,01,200,FE,S,HURLEY ST,,,,30,30,26,,,N,,35
2018132218-10363,MONMOUTH,KEYPORT BORO,10/12/2018,FR,1652,01,KEYPORT PD,,0,0,0,0,P,B,N,N,01,4,NJ 36,S,36,,00000036__,24.01,02,,01,04,02,01,01,01,01,01,200,FE,E,VAN DORN ST,,,,50,30,26,,,N,,35
2018132218-10422,MONMOUTH,KEYPORT BORO,10/14/2018,SU,1045,01,KEYPORT PD,,0,0,0,0,P,B,N,N,06,2,MONROE ST **,E,,,13221045__,.21,07,,01,04,02,01,01,01,04,01,100,FE,E,ATLANTIC ST,,,,30,30,26,,,N,,35
2018132218-10450,MONMOUTH,KEYPORT BORO,10/15/2018,MO,1458,01,KEYPORT PD,,0,0,0,0,P,B,N,N,02,2,NAPPI PL **,N,,,13221092__,.06,07,,01,04,02,01,01,01,05,02,50,FE,E,ROUTE 516 / MAPLE PL,,,,30,30,26,,,N,,37
2018132218-10458,MONMOUTH,KEYPORT BORO,10/16/2018,TU,0743,01,KEYPORT PD,,0,1,0,0,I,I,N,N,01,3,NJ 35,S,35,,00000035__,43.82,02,,01,04,01,01,01,01,01,01,,AT,N,ROUTE 516,,,,50,35,26,,,N,,
2018132218-10470,MONMOUTH,KEYPORT BORO,10/16/2018,TU,1635,01,KEYPORT PD,,0,0,0,0,P,B,N,N,01,2,NJ 35,N,35,,00000035__,43.11,02,,02,04,02,01,01,01,05,01,5,FE,W,NJ 35,,,,50,50,26,,,N,,37
2018132218-10505,MONMOUTH,KEYPORT BORO,10/18/2018,TH,1034,01,KEYPORT PD,,0,2,0,0,I,B,N,N,04,2,MONMOUTH COUNTY 4 II,N,4,2,130000042_,9.21,05,,01,05,02,01,01,01,05,01,90,FE,N,CR 6 / E FRONT ST,,,,25,25,26,,,N,,24
2018132218-10506,MONMOUTH,KEYPORT BORO,10/18/2018,TH,1322,01,KEYPORT PD,,0,0,0,0,P,I,N,N,04,2,NJ 36,W,36,,00000036__,24.12,02,,01,04,02,01,01,01,01,01,,AT,,CR 4 / BROAD ST,,,,50,30,26,,,N,,24
2018132218-10527,MONMOUTH,KEYPORT BORO,10/19/2018,FR,0910,01,KEYPORT PD,,0,1,0,0,I,B,N,N,01,2,ROUTE 516,E,516,,00000516__,9.22,05,,01,04,02,01,01,01,05,01,10,FE,W,NJ 35,,,,35,50,26,,,N,,20
2018132218-10542,MONMOUTH,KEYPORT BORO,10/19/2018,FR,1445,01,KEYPORT PD,,0,0,0,0,P,B,N,N,01,2,NJ 36,N,36,,00000036__,24.11,02,,01,04,02,01,01,01,01,01,500,FE,E,ATLANTIC ST,,,,50,25,26,,,N,,37
2018132218-10548,MONMOUTH,KEYPORT BORO,10/19/2018,FR,1802,01,KEYPORT PD,,0,0,0,0,P,B,N,N,01,3,NJ 36,S,36,,00000036__,23.97,02,,01,04,02,01,03,01,01,01,250,FE,W,ATLANTIC ST,,,,50,25,26,,,N,,
2018132218-10568,MONMOUTH,KEYPORT BORO,10/20/2018,SA,1554,01,KEYPORT PD,,0,0,0,0,P,B,N,N,01,2,ROUTE 516,,516,,00000516__,9.22,05,,01,04,02,01,01,01,05,01,10,FE,W,NJ 35,,,,30,50,26,,,N,,20
2018132218-1057,MONMOUTH,KEYPORT BORO,01/31/2018,WE,1713,01,KEYPORT PD,,0,2,0,0,I,I,N,N,03,2,ROUTE 516,W,516,,00000516__,10.11,05,,01,04,02,01,06,05,04,01,,AT,,ATLANTIC ST,,,,30,25,26,,,N,,31
2018132218-10576,MONMOUTH,KEYPORT BORO,10/20/2018,SA,1913,01,KEYPORT PD,,0,1,0,1,I,I,N,N,13,1,MONMOUTH COUNTY 6 I,S,6,1,130000061_,.73,05,,01,04,02,01,06,01,05,01,,AT,,NJ 62 / BROADWAY,,,,35,35,22,,,N,,20
2018132218-10577,MONMOUTH,KEYPORT BORO,10/20/2018,SA,1921,01,KEYPORT PD,,0,0,0,0,P,I,N,N,03,2,SECOND ST,W,,,,,07,,01,04,02,01,06,01,05,01,,AT,,FULTON ST,,,,25,25,26,,,N,,38
2018132218-10617,MONMOUTH,KEYPORT BORO,10/22/2018,MO,0914,01,KEYPORT PD,,0,0,0,0,P,B,N,N,03,2,CLARK ST **,E,,,13221061__,.08,07,,01,04,02,01,01,01,04,01,400,FE,E,NJ 35,,,,30,50,26,,,N,,35
2018132218-10684,MONMOUTH,KEYPORT BORO,10/24/2018,WE,1815,01,KEYPORT PD,,0,0,0,0,P,I,N,N,01,2,NJ 35,S,35,,00000035__,43.82,02,,03,04,02,01,03,01,05,01,,AT,E,ROUTE 516,,,,50,35,26,,,N,,37
2018132218-10685,MONMOUTH,KEYPORT BORO,10/24/2018,WE,1847,01,KEYPORT PD,,0,0,0,0,P,B,N,N,01,2,MONMOUTH COUNTY 4 II,S,4,2,130000042_,8.86,05,,01,04,02,01,06,01,05,01,25,FE,N,ROUTE 516 / MAPLE PL,,,,35,35,26,,,N,,32
2018132218-10697,MONMOUTH,KEYPORT BORO,10/25/2018,TH,0802,01,KEYPORT PD,,0,0,0,0,P,B,N,N,01,2,NJ 36,N,36,,00000036__,23.98,02,,01,04,02,01,01,01,01,01,500,FE,E,PIMPER PL,,,,50,25,26,,,N,,37
2018132218-10771,MONMOUTH,KEYPORT BORO,10/27/2018,SA,1731,01,KEYPORT PD,KEYPORT,0,1,0,0,I,B,N,N,11,1,NJ 35,N,35,,00000035__,43.22,02,,02,05,02,02,01,02,03,01,50,FE,S,BEERS ST,,,,50,25,,,,N,DOT ROAD SIGN AND TELEPHONE POLE #JC831KP.,31
2018132218-10775,MONMOUTH,KEYPORT BORO,10/27/2018,SA,2215,01,KEYPORT PD,KEYPORT,0,0,0,0,P,B,N,N,06,2,MONMOUTH COUNTY 4 II,S,4,2,130000042_,9.19,05,,01,04,02,02,06,02,04,01,10,FE,S,CR 6 / E FRONT ST,,,,30,35,26,,,N,,36
2018132218-10867,MONMOUTH,KEYPORT BORO,10/31/2018,WE,1349,01,KEYPORT PD,KEYPORT,0,0,0,0,P,B,N,N,01,2,ROUTE 516,N,516,,00000516__,9.22,05,,03,04,02,01,01,01,04,01,15,FE,S,NJ 35,,,,25,50,26,,,N,,39
2018132218-10873,MONMOUTH,KEYPORT BORO,10/31/2018,WE,1644,01,KEYPORT PD,,0,0,0,0,P,B,N,N,01,2,ROUTE 516,N,516,,00000516__,9.22,05,,01,04,02,01,01,01,01,01,10,FE,S,NJ 35,,,,30,50,26,,,N,,35
2018132218-10899,MONMOUTH,KEYPORT BORO,11/01/2018,TH,1538,01,KEYPORT PD,KEYPORT,0,0,0,0,P,B,N,N,01,2,ROUTE 516,N,516,,00000516__,9.22,05,,03,04,02,01,01,01,02,01,5,FE,S,NJ 35,,,,25,50,26,,,N,,#31
2018132218-10907,MONMOUTH,KEYPORT BORO,11/01/2018,TH,1748,01,KEYPORT PD,KEYPORT,0,1,0,0,I,B,N,N,11,1,NJ 35,N,35,,00000035__,44.07,02,,01,04,02,01,01,01,01,01,1300,FE,N,ROUTE 516,,,,50,30,48,,,N,,31
2018132218-10911,MONMOUTH,KEYPORT BORO,11/01/2018,TH,2113,01,KEYPORT PD,KEYPORT,0,0,0,0,P,B,N,N,01,2,NAPPI PL **,N,,,13221092__,.06,07,,01,04,02,01,06,01,04,,20,FE,S,ROUTE 516 / MAPLE PL,,,,25,25,26,,,N,,36
2018132218-1092,MONMOUTH,KEYPORT BORO,01/31/2018,WE,1744,01,KEYPORT PD,,0,0,0,0,P,B,N,N,01,2,NJ 36,S,36,,00000036__,24.21,02,,01,04,02,01,06,01,01,01,250,FE,N,MAIN ST,,,,50,25,,,,N,,34
2018132218-10924,MONMOUTH,KEYPORT BORO,11/02/2018,FR,0720,01,KEYPORT PD,,0,0,0,0,P,I,N,N,02,2,NJ 35,S,35,,00000035__,43.82,02,,01,04,02,01,02,01,01,01,,AT,,ROUTE 516,,,,50,25,26,,,N,,37
2018132218-10954,MONMOUTH,KEYPORT BORO,11/02/2018,FR,2225,01,KEYPORT PD,,0,0,0,0,P,B,N,N,01,2,NJ 35,S,35,,00000035__,43.58,02,,02,04,02,01,06,01,01,01,500,FE,S,LUPPATATONG AVE,,,,50,25,26,,,N,,38
2018132218-10959,MONMOUTH,KEYPORT BORO,11/03/2018,SA,0639,01,KEYPORT PD,,0,1,0,0,I,B,N,N,12,1,NJ 35,N,35,,00000035__,43.80,02,,01,04,02,02,06,01,01,01,700,FE,E,LUPPATATONG AVE,,,,50,25,24,,,N,,37
2018132218-10966,MONMOUTH,KEYPORT BORO,11/03/2018,SA,1345,01,KEYPORT PD,,0,0,0,0,P,B,N,N,01,2,ROUTE 516,E,516,,00000516__,9.22,05,,01,04,02,01,01,01,05,01,15,FE,W,NJ 35,,,,25,50,26,,,N,,20
2018132218-10971,MONMOUTH,KEYPORT BORO,11/03/2018,SA,1857,01,KEYPORT PD,,0,0,0,0,P,I,N,N,01,2,NJ 35,S,35,,00000035__,43.82,02,,03,04,02,01,03,01,02,01,,AT,,ROUTE 516,,,,50,35,26,,,N,,38
2018132218-11036,MONMOUTH,KEYPORT BORO,11/06/2018,TU,1714,01,KEYPORT PD,KEYPORT,0,0,0,0,P,B,Y,N,01,2,CLARK ST **,W,,,13221061__,.01,07,,01,04,02,02,06,02,04,01,30,FE,E,BROADWAY,,,,30,30,26,,,N,,31
2018132218-11062,MONMOUTH,KEYPORT BORO,11/07/2018,WE,0104,01,KEYPORT PD,,0,0,0,0,P,B,N,N,01,2,ROUTE 516,E,516,,00000516__,9.22,05,,01,04,02,01,01,01,05,01,15,FE,W,NJ 35,,,,30,50,26,,,N,,20
2018132218-11108,MONMOUTH,KEYPORT BORO,11/09/2018,FR,0808,01,KEYPORT PD,,0,0,0,0,P,B,N,N,01,2,NJ 35,S,35,,00000035__,43.30,02,,01,04,02,01,01,01,01,01,10,FE,S,,F,PARKWAY RAMP,SB,50,,26,,,N,,35
2018132218-1114,MONMOUTH,KEYPORT BORO,02/01/2018,TH,0924,01,KEYPORT PD,,0,0,0,0,P,B,N,N,02,2,ROUTE 516,E,516,,00000516__,9.05,05,,01,04,02,01,01,01,05,,70,FE,W,ORCHARD ST,,,,35,25,26,,,N,,20
2018132218-11140,MONMOUTH,KEYPORT BORO,11/10/2018,SA,1009,01,KEYPORT PD,,0,0,0,0,P,B,N,N,06,2,W 3RD ST **,W,,,13221036__,.06,07,,01,04,02,01,05,01,04,01,100,FE,W,CR 4 II / BROAD ST,,,,30,30,26,,,N,,35
2018132218-11160,MONMOUTH,KEYPORT BORO,11/10/2018,SA,2003,01,KEYPORT PD,KEYPORT,0,0,0,0,P,B,N,N,06,2,MONMOUTH COUNTY 4 II,S,4,2,130000042_,9.12,05,,01,04,02,01,05,01,04,01,200,FE,N,3RD ST / W 3RD ST,,,,25,25,28,,,N,,36
2018132218-11169,MONMOUTH,KEYPORT BORO,11/11/2018,SU,0141,01,KEYPORT PD,,0,0,0,0,P,B,N,N,12,1,NJ 35,S,35,,00000035__,43.70,02,,02,05,02,01,06,01,01,01,250,FE,S,NJ 3 / BROADWAY,,,,50,25,,,,N,,34
2018132218-1117,MONMOUTH,KEYPORT BORO,02/01/2018,TH,0735,01,KEYPORT PD,,0,1,0,0,I,B,N,N,08,2,JACKSON STREET,W,,,,,07,,01,04,02,01,01,01,05,,20,FE,W,ATLANTIC STREET,,,,25,25,26,,,N,,20
2018132218-11172,MONMOUTH,KEYPORT BORO,11/11/2018,SU,1044,01,KEYPORT PD,KEYPORT,0,1,0,0,I,B,N,N,01,2,NJ 36,N,36,,00000036__,23.96,02,,01,04,02,01,01,01,01,01,300,FE,S,ATLANTIC ST,,,,50,30,26,,,N,,31
2018132218-11182,MONMOUTH,KEYPORT BORO,11/11/2018,SU,1604,01,KEYPORT PD,,0,1,0,0,I,I,N,N,03,2,BEERS ST **,N,,,13221060__,.10,07,,01,04,02,01,01,01,04,01,,AT,N,CLARK ST,,,,30,30,26,,,N,,35
2018132218-11212,MONMOUTH,KEYPORT BORO,11/12/2018,MO,1849,01,KEYPORT PD,,0,1,0,0,I,B,N,N,06,2,BROADWAY **,S,,,13221069__,.05,07,,01,04,02,01,03,01,04,01,50,FE,S,PROVOST AVE,,,,35,25,26,,,N,,38
2018132218-11246,MONMOUTH,KEYPORT BORO,11/14/2018,WE,0850,01,KEYPORT PD,KEYPORT,0,1,0,0,I,B,N,N,14,1,LUPPATATONG AVE **,,,,13221072__,.14,07,,01,04,02,01,01,01,04,01,5,FE,S,MAPLE ST,,,,35,35,21,,,N,,39
2018132218-11276,MONMOUTH,KEYPORT BORO,11/14/2018,WE,2353,01,KEYPORT PD,KEYPORT,0,0,0,0,P,I,N,N,01,2,NJ 36,N,36,,00000036__,24.12,02,,01,04,02,01,06,01,01,01,,AT,S,CR 4 / BROAD ST,,,,50,35,26,,,N,,36
2018132218-11287,MONMOUTH,KEYPORT BORO,11/15/2018,TH,0945,01,KEYPORT PD,,0,0,0,0,P,B,N,N,01,3,NJ 36,N,36,,00000036__,24.12,02,,01,04,02,01,01,01,01,01,15,FE,S,CR 4 / BROAD ST,,,,50,25,,,,N,,34
2018132218-1130,MONMOUTH,KEYPORT BORO,02/01/2018,TH,1710,01,KEYPORT PD,,0,1,0,0,I,B,N,N,01,2,NJ 35,S,35,,00000035__,43.82,02,,01,04,02,01,03,01,01,01,10,FE,N,ROUTE 516,,,,50,25,,,,N,,34
2018132218-11313,MONMOUTH,KEYPORT BORO,11/15/2018,TH,1453,01,KEYPORT PD,,0,0,0,0,P,B,N,N,04,2,BEERS ST **,N,,,13221060__,.74,07,,01,04,02,03,01,03,05,01,20,FE,S,NJ 35,,,,25,50,,,,N,,34
2018132218-11314,MONMOUTH,KEYPORT BORO,11/15/2018,TH,1515,01,KEYPORT PD,KEYPORT,0,0,0,0,P,B,N,N,11,1,ROUTE 516,W,516,,00000516__,10.23,05,,01,04,02,03,01,03,04,01,5,FE,N,BURTINA PL,,,,35,25,62,,,N,FIRE HYDRANT,39
2018132218-11390,MONMOUTH,KEYPORT BORO,11/18/2018,SU,1910,01,KEYPORT PD,,0,0,0,0,P,I,N,N,01,2,NJ 35,S,35,,00000035__,43.33,02,,03,04,02,01,03,01,01,01,,AT,,GARDEN STATE PARKWAY EXIT RAMP,,,,50,50,26,,,N,,38
2018132218-11396,MONMOUTH,KEYPORT BORO,11/19/2018,MO,0727,01,KEYPORT PD,KEYPORT,0,1,0,0,I,B,N,N,01,2,NJ 35,N,35,,00000035__,43.11,02,,02,04,02,01,01,05,03,01,5,FE,S,NJ 35,,,,25,50,26,,,N,,31
2018132218-11416,MONMOUTH,KEYPORT BORO,11/20/2018,TU,1709,01,KEYPORT PD,KEYPORT,0,0,0,0,P,B,N,N,01,2,MONMOUTH COUNTY 6 II,S,6,2,130000062_,.00,05,,01,04,02,01,04,01,04,01,5,FE,N,ROUTE 516 / W FOURTH ST,,,,35,25,26,,,N,,39
2018132218-1143,MONMOUTH,KEYPORT BORO,02/01/2018,TH,2225,01,KEYPORT PD,,0,0,0,0,P,I,N,N,05,2,NJ 36,N,36,,00000036__,24.12,02,,01,04,02,02,06,02,05,01,,AT,,CR 4 / BROAD ST,,,,50,30,26,,,N,,32
2018132218-11441,MONMOUTH,KEYPORT BORO,11/20/2018,TU,1351,01,KEYPORT PD,,0,0,0,0,P,B,N,N,01,2,ROUTE 516,N,516,,00000516__,9.22,05,,01,04,02,01,01,01,01,01,10,FE,S,NJ 35,,,,30,50,26,,,N,,35
2018132218-11477,MONMOUTH,KEYPORT BORO,11/21/2018,WE,1852,01,KEYPORT PD,,0,1,0,0,I,I,N,N,03,2,ROUTE 516,N,516,,00000516__,9.14,05,,01,04,02,01,03,01,04,01,,AT,,CR 3 / MAPLE PL / MAY ST / NAPPI ST,,,,25,25,26,,,N,,38
2018132218-11494,MONMOUTH,KEYPORT BORO,11/22/2018,TH,1412,01,KEYPORT PD,,0,0,0,0,P,I,N,N,03,2,CHURCH ST **,S,,,13221028__,.22,07,,01,04,02,01,01,01,05,01,,AT,E,THIRD ST,,,,25,25,,,,N,DAMAGE TO PAVER STONE WALL AND UNDERGROUND SPRINKLER LOCATED AT 75 CHRUCH STREE?,34
2018132218-11504,MONMOUTH,KEYPORT BORO,11/23/2018,FR,0446,01,KEYPORT PD,,0,1,0,0,I,B,N,N,06,2,MONMOUTH COUNTY 4 II,N,4,2,130000042_,9.04,05,,01,04,02,01,05,01,05,01,200,FE,N,WARREN ST,,,,35,25,26,,,N,,32
2018132218-11510,MONMOUTH,KEYPORT BORO,11/23/2018,FR,1121,01,KEYPORT PD,,0,0,0,0,P,B,N,N,01,2,ROUTE 516,N,516,,00000516__,9.22,05,,01,04,02,01,01,01,01,01,10,FE,S,NJ 35,,,,30,50,26,,,N,,35
2018132218-11521,MONMOUTH,KEYPORT BORO,11/23/2018,FR,1547,01,KEYPORT PD,KEYPORT,0,0,0,0,P,B,N,N,03,2,BEERS ST **,N,,,13221060__,.10,07,,01,04,02,01,01,01,04,01,5,FE,W,CLARK ST,,,,25,25,26,,,N,,39
2018132218-11523,MONMOUTH,KEYPORT BORO,11/23/2018,FR,1945,01,KEYPORT PD,KEYPORT,0,0,0,0,P,B,N,N,01,2,NJ 35,N,35,,00000035__,43.36,02,,01,04,02,01,06,01,04,01,200,FE,S,CASS ST,,,,50,35,26,,,N,,36
2018132218-11537,MONMOUTH,KEYPORT BORO,11/24/2018,SA,0041,01,KEYPORT PD,KEYPORT,0,0,0,0,P,B,N,N,11,1,MONMOUTH COUNTY 6 II,S,6,2,130000062_,.29,05,,01,04,02,01,06,01,05,01,2,FE,N,W FIRST ST,,,,50,35,,,,N,,36
2018132218-11543,MONMOUTH,KEYPORT BORO,11/24/2018,SA,1058,01,KEYPORT PD,KEYPORT,0,0,0,0,P,B,N,N,01,2,ROUTE 516,N,516,,00000516__,9.22,05,,03,04,02,01,01,01,04,01,5,FE,S,NJ 35,,,,35,50,26,,,N,,39