Year(4)-CountyCode(2)-MunicipalityCode(2)-CaseNumber(9),County Name,Municipality Name,Crash Date,Crash Day of Week,Crash Time,Police Department Code,Police Department,Police Station,Total Killed,Total Injured,Pedestrians Killed,Pedestrians Injured,Severity,Intersection,Alcohol Involved,Hazmat Involved,Crash Type,Total Vehicles,Location,Location Direction,Route,Route Suffix,Std Rte Identifier,MilePost,Road System,Road Character,Road Horizontal Alignment,Road Grade,Road Surface Type,Surface Condition,Light Condition,Environmental Condition,Road Divided By,Temporary Traffic Control Zone,Distance To Cross Street,Unit Of Measurement,Direction From Cross Street,Cross Street Name,Is Ramp,Ramp To/From Route Name,Ramp To/From Route Direction,Posted Speed,Posted Speed Cross Street,First Harmful Event,Latitude,Longitude,Cell Phone In Use Flag,Other Property Damage,Reporting Badge No.
2018132218-11555,MONMOUTH,KEYPORT BORO,11/24/2018,SA,1519,01,KEYPORT PD,,0,0,0,0,P,B,N,N,01,2,ROUTE 516,E,516,,00000516__,9.31,05,,01,04,02,01,01,01,01,01,10,FE,W,CR 6 II / BROADWAY,,,,30,30,26,,,N,,35
2018132218-11559,MONMOUTH,KEYPORT BORO,11/24/2018,SA,1910,01,KEYPORT PD,,0,0,0,0,P,B,N,N,01,2,MONMOUTH COUNTY 3,S,3,,13000003__,12.78,05,,01,04,02,02,06,02,05,01,25,FE,N,GERARD AVE,,,,35,25,26,,,N,,32
2018132218-11622,MONMOUTH,KEYPORT BORO,11/26/2018,MO,1418,01,KEYPORT PD,,0,0,0,0,P,B,N,N,08,2,MONMOUTH COUNTY 6 I,W,6,1,130000061_,1.18,05,,01,04,02,02,01,02,05,01,500,FE,E,CR 4 / BROAD ST,,,,25,25,26,,,N,,37
2018132218-11630,MONMOUTH,KEYPORT BORO,11/26/2018,MO,2031,01,KEYPORT PD,,0,1,0,0,I,B,N,N,11,1,NJ 35,S,35,,00000035__,43.64,02,,03,04,02,02,06,02,01,01,150,FE,S,LUPPATATONG AVE,,,,50,25,,,,N,,38
2018132218-11633,MONMOUTH,KEYPORT BORO,11/26/2018,MO,2230,01,KEYPORT PD,KEYPORT,0,1,0,0,I,B,N,N,11,1,NJ 35,S,35,,00000035__,43.63,02,,01,05,02,02,04,01,01,,200,FE,S,LUPPATATONG AVE,,,,50,25,48,,,N,,39
2018132218-11659,MONMOUTH,KEYPORT BORO,11/28/2018,WE,0903,01,KEYPORT PD,,0,0,0,0,P,B,N,N,01,2,ROUTE 516,N,516,,00000516__,9.22,05,,01,04,02,01,01,01,02,01,10,FE,S,NJ 35,,,,30,50,26,,,N,,35
2018132218-11728,MONMOUTH,KEYPORT BORO,11/30/2018,FR,1459,01,KEYPORT PD,,0,0,0,0,P,B,N,N,03,2,MONMOUTH COUNTY 4 II,S,4,2,130000042_,8.47,05,,01,04,02,01,01,01,05,01,10,FE,E,MONROE ST,,,,25,25,,,,N,,34
2018132218-11820,MONMOUTH,KEYPORT BORO,12/03/2018,MO,1533,01,KEYPORT PD,KEYPORT,0,0,0,0,P,B,N,N,06,2,ROUTE 516,S,516,,00000516__,10.52,05,,01,04,02,01,01,01,04,01,15,FE,N,WILLIAMSON ST,,,,25,25,26,,,N,,31
2018132218-11844,MONMOUTH,KEYPORT BORO,12/04/2018,TU,1340,01,KEYPORT PD,,0,1,0,0,I,B,N,N,01,3,MONMOUTH COUNTY 3,N,3,,13000003__,13.13,05,,01,04,02,01,01,01,01,01,20,FE,S,ROUTE 516 / MAPLE PL / MAY ST,,,,30,30,26,,,N,,
2018132218-11878,MONMOUTH,KEYPORT BORO,12/05/2018,WE,0932,01,KEYPORT PD,,0,1,0,0,I,B,N,N,11,1,NJ 35,N,35,,00000035__,43.68,02,,01,04,02,01,01,01,01,01,50,FE,N,LUPPATATONG AVE,,,,55,25,56,,,N,ATLANTIC TV & REPAIR 125 NJ-35  KEYPORT  NJ 07735 DOOR AND SIGN IN FRONT OF STO?,37
2018132218-11889,MONMOUTH,KEYPORT BORO,12/05/2018,WE,1619,01,KEYPORT PD,,0,0,0,0,P,B,N,N,01,2,NJ 35,N,35,,00000035__,43.75,02,,01,04,02,01,01,01,01,01,5,FE,N,NJ 3 / BROADWAY,,,,50,25,,,,N,,34
2018132218-11893,MONMOUTH,KEYPORT BORO,12/05/2018,WE,1855,01,KEYPORT PD,KEYPORT,0,1,0,1,I,B,N,N,13,1,MONMOUTH COUNTY 6 II,S,6,2,130000062_,.19,05,,01,04,02,01,07,01,04,01,5,FE,W,W SECOND ST,,,,35,25,26,,,N,,39
2018132218-11898,MONMOUTH,KEYPORT BORO,12/05/2018,WE,2043,01,KEYPORT PD,,0,0,0,0,P,B,Y,N,06,2,MONMOUTH COUNTY 4 II,N,4,2,130000042_,9.12,05,,01,04,02,01,06,01,05,01,200,FE,N,3RD ST / W 3RD ST,,,,25,25,26,,,N,,32
2018132218-11919,MONMOUTH,KEYPORT BORO,12/06/2018,TH,1554,01,KEYPORT PD,,0,0,0,0,P,B,N,N,01,2,NJ 35,N,35,,00000035__,43.22,02,,01,05,02,01,01,01,05,01,75,FE,S,BEERS ST,,,,50,25,,,,N,,34
2018132218-11950,MONMOUTH,KEYPORT BORO,12/07/2018,FR,1419,01,KEYPORT PD,KEYPORT,0,0,0,0,P,B,N,N,06,2,8TH ST **,W,,,13221013__,.42,07,,01,04,02,01,01,01,05,01,10,FE,W,MANCHESTER AVE,,,,25,25,28,,,N,,31
2018132218-11968,MONMOUTH,KEYPORT BORO,12/07/2018,FR,2304,01,KEYPORT PD,KEYPORT,0,0,0,0,P,B,Y,N,06,2,GREEN GROVE AVE **,S,,,13221088__,.14,07,,01,04,02,01,06,01,04,01,100,FE,N,WARREN ST,,,,35,25,28,,,N,,36
2018132218-11972,MONMOUTH,KEYPORT BORO,12/08/2018,SA,0753,01,KEYPORT PD,KEYPORT,0,1,0,0,I,B,N,N,01,2,ROUTE 516,N,516,,00000516__,9.14,05,,01,04,02,01,01,01,04,01,5,FE,S,CR 3 / MAPLE PL / MAY ST / NAPPI ST,,,,35,35,26,,,N,,31
2018132218-12036,MONMOUTH,KEYPORT BORO,12/10/2018,MO,0843,01,KEYPORT PD,,0,0,0,0,P,B,N,N,11,1,MONMOUTH COUNTY 6 II,N,6,2,130000062_,.00,05,,01,04,02,01,01,01,05,01,10,FE,S,ROUTE 516 / W FOURTH ST,,,,25,25,,,,N,TRAFFIC LIGHT STANCHION (JCP&L TICKET #342198764) VERIZON UTILITY WIRES,34
2018132218-12039,MONMOUTH,KEYPORT BORO,12/10/2018,MO,1154,01,KEYPORT PD,,0,0,0,0,P,I,N,N,02,2,MONMOUTH COUNTY 4 II,N,4,2,130000042_,8.53,05,,01,04,02,01,01,01,05,01,,AT,,JACKSON ST,,,,25,25,,,,N,,34
2018132218-12042,MONMOUTH,KEYPORT BORO,12/10/2018,MO,1404,01,KEYPORT PD,,0,0,0,0,P,B,N,N,11,1,MONMOUTH COUNTY 6 IV,W,6,4,130000064_,.65,05,,03,04,02,01,01,01,05,01,40,FE,W,NJ 63 / STONE RD,,,,30,35,62,,,N,,20
2018132218-121,MONMOUTH,KEYPORT BORO,01/04/2018,TH,1657,01,KEYPORT PD,,0,0,0,0,P,B,N,N,06,2,WARREN STREET,E,,,,,07,,01,04,02,03,05,01,05,01,100,FE,W,MANCHESTER AVENUE,,,,25,25,,,,N,,34
2018132218-12133,MONMOUTH,KEYPORT BORO,12/13/2018,TH,1600,01,KEYPORT PD,KEYPORT,0,0,0,0,P,B,N,N,01,2,NJ 35,S,35,,00000035__,43.58,02,,03,05,02,02,01,05,01,01,500,FE,S,LUPPATATONG AVE,,,,50,25,26,,,N,,31
2018132218-12162,MONMOUTH,KEYPORT BORO,12/14/2018,FR,1536,01,KEYPORT PD,,0,0,0,0,P,B,N,N,06,2,MONMOUTH COUNTY 4 II,N,4,2,130000042_,9.16,05,,01,04,02,01,01,01,05,01,140,FE,S,CR 6 / E FRONT ST,,,,25,25,26,,,N,,20
2018132218-12164,MONMOUTH,KEYPORT BORO,12/14/2018,FR,1636,01,KEYPORT PD,,0,0,0,0,P,B,N,N,06,2,PARKING LOT OF 351 BROAD ST,W,,,,8.47,09,,01,04,02,01,03,01,05,01,200,FE,S,MONROE STREET,,,,25,25,26,,,N,,37
2018132218-12166,MONMOUTH,KEYPORT BORO,12/14/2018,FR,1841,01,KEYPORT PD,,0,0,0,0,P,B,N,N,06,2,HURLEY ST,W,,,,,07,,01,04,02,02,03,02,05,01,20,FE,E,ATLANTIC ST,,,,25,25,26,,,N,,38
2018132218-12226,MONMOUTH,KEYPORT BORO,12/17/2018,MO,1339,01,KEYPORT PD,,0,0,0,0,P,B,N,N,06,2,PARKING LOT (12 BROAD STREET),,,,,,09,,01,04,02,01,01,01,,01,,,S,,,,,15,,26,,,N,,35
2018132218-12244,MONMOUTH,KEYPORT BORO,12/18/2018,TU,0807,01,KEYPORT PD,KEYPORT,0,0,0,0,P,B,N,N,02,2,NJ 35,S,35,,00000035__,43.48,02,,02,06,02,01,01,01,02,01,1300,FE,N,BEERS ST,,,,50,25,26,,,N,TRAILER NJ REG: T?32D COMMERCIAL RIDE ON LAWN MOWER,31
2018132218-12253,MONMOUTH,KEYPORT BORO,12/18/2018,TU,0755,01,KEYPORT PD,,0,0,0,0,P,B,N,N,01,2,NJ 35,N,35,,00000035__,43.48,02,,01,04,02,01,01,01,01,01,400,FE,E,CASS ST,,,,50,30,26,,,N,,35
2018132218-12276,MONMOUTH,KEYPORT BORO,12/19/2018,WE,1304,01,KEYPORT PD,,0,0,0,0,P,B,N,N,06,2,THIRD ST **,W,,,13221005__,.00,07,,01,04,02,01,01,01,05,01,150,FE,W,CR 4 II,,,,25,25,,,,N,,34
2018132218-12289,MONMOUTH,KEYPORT BORO,12/19/2018,WE,1756,01,KEYPORT PD,,0,0,0,0,P,B,N,N,01,2,NJ 36,S,36,,00000036__,24.07,02,,01,04,02,01,06,01,04,01,500,FE,S,MAIN ST,,,,55,25,26,,,N,,37
2018132218-12318,MONMOUTH,KEYPORT BORO,12/20/2018,TH,1638,01,KEYPORT PD,,0,0,0,0,P,B,N,N,01,2,MONMOUTH COUNTY 6 I,W,6,1,130000061_,.96,05,,01,05,02,02,06,02,04,01,50,FE,W,AMERICAN LEGION DR,,,,25,25,,,,N,,37
2018132218-12323,MONMOUTH,KEYPORT BORO,12/20/2018,TH,1848,01,KEYPORT PD,,0,0,0,0,P,B,N,N,06,2,MONMOUTH COUNTY 6 I,W,6,1,130000061_,1.00,05,,01,05,02,02,06,02,05,01,100,FE,E,BEERS ST,,,,25,25,26,,,N,,
2018132218-12341,MONMOUTH,KEYPORT BORO,12/21/2018,FR,0344,01,KEYPORT PD,,0,1,0,0,I,I,N,N,03,2,NJ 36,S,36,,00000036__,24.02,02,,01,04,02,02,06,02,01,01,,AT,,ATLANTIC ST,,,,50,25,26,,,N,TRAFFIC LIGHT POLE ON HWY 36 AND ATLANTIC ON THE SOUTH SIDE OF THE INTERSECTION?,38
2018132218-12344,MONMOUTH,KEYPORT BORO,12/21/2018,FR,0625,01,KEYPORT PD,,0,0,0,0,P,B,N,N,01,2,NJ 36,N,36,,00000036__,23.99,02,,01,04,02,02,06,02,01,05,150,FE,S,ATLANTIC ST,,,,50,25,26,,,N,,
2018132218-12347,MONMOUTH,KEYPORT BORO,12/21/2018,FR,0746,01,KEYPORT PD,KEYPORT,0,1,0,0,I,B,N,N,11,2,NJ 35,N,35,,00000035__,43.24,02,,02,05,02,02,01,02,02,01,50,FE,E,BEERS ST,,,,50,25,,,,N,FENCE ON PROPERTY OF PINE BELT NISSAN. 111 HWY 36 KEYPORT  NJ 07735,31
2018132218-1235,MONMOUTH,KEYPORT BORO,02/04/2018,SU,1955,01,KEYPORT PD,KEYPORT,0,1,0,0,I,I,Y,N,01,2,ROUTE 516,E,516,,00000516__,9.14,05,,01,04,02,02,06,02,05,01,,AT,,CR 3 / MAPLE PL / MAY ST / NAPPI ST,,,,35,35,26,,,N,,30
2018132218-12357,MONMOUTH,KEYPORT BORO,12/21/2018,FR,1336,01,KEYPORT PD,,0,0,0,0,P,B,N,N,01,2,NJ 35,N,35,,00000035__,43.24,02,,01,04,02,01,01,02,01,01,50,FE,E,BEERS ST,,,,50,30,26,,,N,,35
2018132218-12358,MONMOUTH,KEYPORT BORO,12/21/2018,FR,1434,01,KEYPORT PD,KEYPORT,0,0,0,0,P,B,N,N,02,2,NJ 35,N,35,,00000035__,43.24,02,,02,05,02,02,01,02,02,01,50,FE,E,BEERS ST,,,,50,25,28,,,N,,31
2018132218-12383,MONMOUTH,KEYPORT BORO,12/22/2018,SA,0219,01,KEYPORT PD,KEYPORT,0,1,0,0,I,B,Y,N,11,1,MONMOUTH COUNTY 6 I,E,6,1,130000061_,.79,05,,02,04,02,01,06,01,03,01,300,FE,E,NJ 62 / BROADWAY,,,,35,35,52,,,N,JCP&L POLE #J289KP,36
2018132218-12405,MONMOUTH,KEYPORT BORO,12/22/2018,SA,2144,01,KEYPORT PD,KEYPORT,0,0,0,0,P,I,N,N,01,2,NJ 35,S,35,,00000035__,43.82,02,,01,04,02,01,06,01,04,01,,AT,S,ROUTE 516,,,,35,55,26,,,N,,36
2018132218-12416,MONMOUTH,KEYPORT BORO,12/23/2018,SU,1010,01,KEYPORT PD,KEYPORT,0,0,0,0,P,B,N,N,08,2,AMERICAN LEGION DR PAKING LOT,W,,,,,09,,01,04,02,01,01,01,05,01,75,FE,W,AMERICAN LEGION DR.,,,,15,25,26,,,N,,31
2018132218-12417,MONMOUTH,KEYPORT BORO,12/23/2018,SU,1500,01,KEYPORT PD,,0,0,0,0,P,B,N,N,02,2,NJ 35,S,35,,00000035__,43.81,02,,01,04,02,01,01,01,01,,30,FE,S,ROUTE 516,,,,50,30,26,,,N,,35
2018132218-1251,MONMOUTH,KEYPORT BORO,02/05/2018,MO,1202,01,KEYPORT PD,,0,0,0,0,P,B,N,N,06,2,SNYDER LANE,E,,,,,07,,01,05,02,00,,01,,01,70,FE,,SPRING STREET,,,,25,25,26,,,N,,20
2018132218-12524,MONMOUTH,KEYPORT BORO,12/28/2018,FR,1411,01,KEYPORT PD,,0,1,0,0,I,B,N,N,01,2,NJ 35,S,35,,00000035__,43.82,02,,01,04,02,02,01,02,01,01,5,FE,S,ROUTE 516,,,,50,25,,,,N,,34
2018132218-12543,MONMOUTH,KEYPORT BORO,12/28/2018,FR,2337,01,KEYPORT PD,,0,0,0,0,P,I,N,N,11,1,NJ 35,N,35,,00000035__,43.33,02,,02,04,02,02,06,01,03,,,AT,,PARKWAY ENTRANCE RAMP,,,,50,52,,,,N,DAMAGE TO PARKWAY ENTRANCE RAMP SIGN,38
2018132218-12547,MONMOUTH,KEYPORT BORO,12/29/2018,SA,0147,01,KEYPORT PD,,0,0,0,0,P,B,Y,N,06,2,MONMOUTH COUNTY 4 II,S,4,2,130000042_,9.23,05,,01,04,02,01,06,01,05,01,200,FE,N,CR 6 / E FRONT ST,,,,25,25,26,,,N,,32
2018132218-1255,MONMOUTH,KEYPORT BORO,02/05/2018,MO,1443,01,KEYPORT PD,,0,0,0,0,P,B,N,N,01,2,NJ 35,S,35,,00000035__,43.82,02,,01,04,02,01,01,01,01,01,10,FE,N,ROUTE 516,,,,50,,,,,N,,34
2018132218-12582,MONMOUTH,KEYPORT BORO,12/30/2018,SU,1844,01,KEYPORT PD,,0,0,0,0,P,B,N,N,08,2,ROUTE 516,E,516,,00000516__,9.36,05,,01,04,02,01,06,01,05,01,300,FE,W,LUPPOTATONG ST / MAPLE PL / MORTON,,,,35,25,26,,,N,,32
2018132218-1265,MONMOUTH,KEYPORT BORO,02/06/2018,TU,1848,01,KEYPORT PD,KEYPORT,0,0,0,0,P,I,N,N,02,2,MONMOUTH COUNTY 4 II,S,4,2,130000042_,8.53,05,,01,04,02,01,06,01,05,01,,AT,,JACKSON ST,,,,25,25,26,,,N,,2233
2018132218-135,MONMOUTH,KEYPORT BORO,01/05/2018,FR,0703,01,KEYPORT PD,KEYPORT,0,0,0,0,P,B,N,N,11,1,NJ 35,S,35,,00000035__,42.97,02,,03,04,02,03,01,01,01,01,100,FE,N,CLARK ST,,,,50,30,48,,,N,,31
2018132218-1362,MONMOUTH,KEYPORT BORO,02/07/2018,WE,1757,01,KEYPORT PD,KEYPORT,0,0,0,0,P,B,N,N,01,2,ROUTE 516,N,516,,00000516__,9.22,05,,03,04,02,02,06,02,02,01,5,FE,S,NJ 35,,,,25,50,26,,,N,,31
2018132218-141,MONMOUTH,KEYPORT BORO,01/05/2018,FR,0810,01,KEYPORT PD,KEYPORT,0,0,0,0,P,B,N,N,11,1,NJ 35,S,35,,00000035__,42.97,02,,03,04,02,03,01,01,01,01,100,FE,N,CLARK ST,,,,50,30,48,,,N,,31
2018132218-1432,MONMOUTH,KEYPORT BORO,02/10/2018,SA,1850,01,KEYPORT PD,,0,0,0,0,P,B,N,N,06,2,MONMOUTH COUNTY 4 II,N,4,2,130000042_,9.11,05,,01,04,02,01,06,01,05,01,150,FE,N,3RD ST / W 3RD ST,,,,25,25,26,,,N,,32
2018132218-1434,MONMOUTH,KEYPORT BORO,02/09/2018,FR,1924,01,KEYPORT PD,KEYPORT,0,1,0,0,I,I,N,N,01,2,NJ 35,S,35,,00000035__,43.82,02,,01,04,02,01,06,01,01,01,,AT,,ROUTE 516,,,,50,35,26,,,N,,2233
2018132218-1521,MONMOUTH,KEYPORT BORO,02/13/2018,TU,0049,01,KEYPORT PD,,0,0,0,0,P,B,N,N,06,2,MAIN ST,N,,,,,07,,01,04,02,02,05,05,05,01,150,FE,N,STOUT ST,,,,25,25,26,,,N,,32
2018132218-1569,MONMOUTH,KEYPORT BORO,02/13/2018,TU,0742,01,KEYPORT PD,KEYPORT,0,0,0,0,P,B,N,N,11,1,MONMOUTH COUNTY 3,S,3,,13000003__,12.97,05,,01,04,02,01,01,01,04,01,200,FE,N,GERAN ST,,,,30,25,52,,,N,SNAPPED OFF POLE #BT497KPB AT BASE,31
2018132218-1573,MONMOUTH,KEYPORT BORO,02/13/2018,TU,1310,01,KEYPORT PD,KEYPORT,0,1,0,0,I,B,N,N,01,2,CLARK ST,W,,,,,07,,01,04,02,01,01,01,04,01,,,E,CR 3,,,,25,30,26,,,N,,31
2018132218-1582,MONMOUTH,KEYPORT BORO,02/13/2018,TU,1741,01,KEYPORT PD,,0,0,0,0,P,I,N,N,01,2,NJ 36,S,36,,00000036__,24.12,02,,01,04,02,01,03,01,03,01,,AT,,CR 4 / BROAD ST,,,,50,30,26,,,N,,24
2018132218-1587,MONMOUTH,KEYPORT BORO,02/13/2018,TU,2250,01,KEYPORT PD,KEYPORT,0,0,0,0,P,B,N,N,11,1,NJ 35,N,35,,00000035__,43.16,02,,01,06,02,01,06,01,03,01,5,FE,N,NJ 35,,,,50,50,46,,,N,GUARD RAIL FRONT AND POSTS FOR APPROXIMATELY 15 FEET,2230
2018132218-1623,MONMOUTH,KEYPORT BORO,02/14/2018,WE,1722,01,KEYPORT PD,,0,0,0,0,P,I,N,N,01,2,NJ 35,N,35,,00000035__,43.75,02,,01,04,02,01,03,01,01,01,,AT,,NJ 3 / BROADWAY,,,,50,35,26,,,N,,29
2018132218-1624,MONMOUTH,KEYPORT BORO,02/14/2018,WE,1741,01,KEYPORT PD,,0,0,0,0,P,I,N,N,03,2,NJ 35,S,35,,00000035__,43.82,02,,01,04,02,01,06,01,01,01,,AT,,ROUTE 516,,,,50,30,26,,,N,,29
2018132218-1626,MONMOUTH,KEYPORT BORO,02/14/2018,WE,1755,01,KEYPORT PD,,0,0,0,0,P,B,N,N,01,2,NJ 35,S,35,,00000035__,43.82,02,,01,04,02,01,01,01,01,01,15,FE,N,ROUTE 516,,,,50,25,,,,N,,34
2018132218-167,MONMOUTH,KEYPORT BORO,01/06/2018,SA,0129,01,KEYPORT PD,KEYPORT,0,0,0,0,P,I,Y,N,99,1,NJ 35,S,35,,00000035__,43.82,02,,03,06,02,04,06,01,01,,,AT,,ROUTE 516,,,,50,35,,,,N,,2233
2018132218-17,MONMOUTH,KEYPORT BORO,01/01/2018,MO,1651,01,KEYPORT PD,KEYPORT,0,0,0,0,P,B,N,N,11,1,45 FIRST ST LOT,,,,,,09,,01,04,01,01,01,01,,01,50,FE,S,FIRST ST.,,,,,30,69,,,N,LIGHT DAMAGE TO BUILDING GARAGE DOOR FRAME,31
2018132218-1888,MONMOUTH,KEYPORT BORO,02/21/2018,WE,1623,01,KEYPORT PD,,0,0,0,0,P,B,N,N,01,2,ROUTE 516,N,516,,00000516__,9.22,05,,03,04,02,01,01,01,02,01,10,FE,S,,T,NJ 35,SB,30,,26,,,N,,24
2018132218-1949,MONMOUTH,KEYPORT BORO,02/23/2018,FR,1555,01,KEYPORT PD,,0,0,0,0,P,B,N,N,01,2,NJ 35,N,35,,00000035__,42.98,02,,02,06,02,02,01,01,02,01,1320,FE,S,BEERS ST,,,,50,25,,,,N,,34
2018132218-2075,MONMOUTH,KEYPORT BORO,02/26/2018,MO,0940,01,KEYPORT PD,,0,0,0,0,P,B,N,N,01,2,ROUTE 516,N,516,,00000516__,9.22,05,,03,04,02,01,01,01,02,01,10,FE,S,,T,NJ 35,SB,30,,26,,,N,,24
2018132218-2086,MONMOUTH,KEYPORT BORO,02/26/2018,MO,1626,01,KEYPORT PD,KEYPORT,0,1,0,0,I,B,N,N,01,2,ROUTE 516,N,516,,00000516__,9.22,05,,03,04,02,01,01,01,02,01,5,FE,S,NJ 35,,,,30,50,26,,,N,,31
2018132218-21101,MONMOUTH,KEYPORT BORO,02/26/2018,MO,2318,01,KEYPORT PD,,0,1,0,0,I,B,N,N,01,2,BEERS STREET,N,,,,,07,,01,04,02,01,06,01,03,01,100,FE,E,NJ 35,,,,30,30,26,,,N,,35
2018132218-223,MONMOUTH,KEYPORT BORO,01/07/2018,SU,1155,01,KEYPORT PD,KEYPORT,0,1,0,0,I,B,N,N,01,2,BEERS ST,N,,,,,07,,03,04,02,01,01,01,04,01,10,FE,S,NJ 35,,,,30,50,26,,,N,,31
2018132218-2245,MONMOUTH,KEYPORT BORO,03/02/2018,FR,1145,01,KEYPORT PD,,0,0,0,0,P,B,N,N,08,2,ATLANTIC ST,N,,,,,07,,01,04,02,02,01,01,05,01,150,FE,N,CR 4,,,,25,30,26,,,N,,24
2018132218-2262,MONMOUTH,KEYPORT BORO,03/02/2018,FR,1620,01,KEYPORT PD,,0,2,0,0,I,I,N,N,03,3,NJ 36,N,36,,00000036__,24.12,02,,01,04,02,02,01,02,01,01,,AT,,CR 4 / BROAD ST,,,,50,30,26,,,N,,
2018132218-2273,MONMOUTH,KEYPORT BORO,03/02/2018,FR,2334,01,KEYPORT PD,,0,0,0,0,P,B,N,N,02,2,NJ 35,E,35,,00000035__,43.18,02,,01,04,02,02,06,02,01,01,250,FE,W,BEERS ST,,,,50,30,26,,,N,,35
2018132218-2274,MONMOUTH,KEYPORT BORO,03/03/2018,SA,0116,01,KEYPORT PD,,0,1,0,0,I,B,N,N,11,1,ROUTE 516,E,516,,00000516__,10.11,05,,01,04,02,02,06,02,04,01,10,FE,E,ATLANTIC ST,,,,30,30,52,,,N,UTILITY POLE # JC459KP STRUCK AND DAMAGED BY VEHICLE.,35
2018132218-2331,MONMOUTH,KEYPORT BORO,03/05/2018,MO,0749,01,KEYPORT PD,,0,0,0,0,P,B,N,N,01,2,NJ 35,S,35,,00000035__,43.82,02,,01,04,02,01,01,01,01,01,10,FE,N,ROUTE 516,,,,50,25,,,,N,,34
2018132218-2372,MONMOUTH,KEYPORT BORO,03/06/2018,TU,0738,01,KEYPORT PD,,0,1,0,0,I,B,N,N,01,2,NJ 35,S,35,,00000035__,43.82,02,,01,04,02,01,01,01,01,01,10,FE,N,ROUTE 516,,,,50,25,,,,N,,34
2018132218-240,MONMOUTH,KEYPORT BORO,01/07/2018,SU,2030,01,KEYPORT PD,KEYPORT,0,0,0,0,P,I,N,N,11,1,GREEN GROVE AVENUE,N,,,,,07,,01,04,02,04,06,01,,,,AT,,FIRST STREET,,,,25,30,54,,,N,THE STOP SIGN ON THE CORNER OF GREENGROVE AVENUE  WITH THE INTERSECTION OF FIRS?,2233
2018132218-2559,MONMOUTH,KEYPORT BORO,03/10/2018,SA,1743,01,KEYPORT PD,,0,0,0,0,P,B,N,N,01,2,NJ 35,S,35,,00000035__,43.82,02,,01,04,02,01,01,01,01,01,10,FE,N,ROUTE 516,,,,50,25,,,,N,,34
2018132218-2574,MONMOUTH,KEYPORT BORO,03/11/2018,SU,0333,01,KEYPORT PD,,0,0,0,0,P,I,Y,N,11,1,NJ 36,N,36,,00000036__,24.02,02,,01,04,02,01,06,01,01,01,,AT,,ATLANTIC ST,,,,50,25,56,,,N,,32
2018132218-2578,MONMOUTH,KEYPORT BORO,03/11/2018,SU,1142,01,KEYPORT PD,,0,1,0,0,I,B,N,N,08,2,ATLANTIC STREET,S,,,,,07,,01,04,02,01,01,01,05,01,150,FE,N,HURLEY STREET,,,,25,25,26,,,N,STREET SIGN,20
2018132218-2583,MONMOUTH,KEYPORT BORO,03/11/2018,SU,1528,01,KEYPORT PD,,0,0,0,0,P,B,N,N,01,2,NJ 36,N,36,,00000036__,24.16,02,,01,04,02,01,01,01,03,01,1320,FE,N,MAIN ST,,,,50,25,,,,N,,34
2018132218-2673,MONMOUTH,KEYPORT BORO,03/14/2018,WE,1444,01,KEYPORT PD,,0,0,0,0,P,B,N,N,02,2,NJ 36,N,36,,00000036__,24.01,02,,01,04,02,01,01,01,01,01,75,FE,S,ATLANTIC ST,,,,50,25,,,,N,,34
2018132218-2677,MONMOUTH,KEYPORT BORO,03/14/2018,WE,1649,01,KEYPORT PD,,0,0,0,0,P,B,N,N,01,2,NJ 36,N,36,,00000036__,24.08,02,,01,04,02,01,01,01,05,01,20,FE,E,DIVISION STREET,,,,50,25,26,,,N,,20
2018132218-2684,MONMOUTH,KEYPORT BORO,03/14/2018,WE,2123,01,KEYPORT PD,KEYPORT,0,0,0,0,P,I,N,N,01,2,NJ 36,S,36,,00000036__,24.02,02,,01,04,02,01,06,01,01,,,AT,,ATLANTIC ST,,,,50,25,26,,,N,,2233
2018132218-2787,MONMOUTH,KEYPORT BORO,03/17/2018,SA,0004,01,KEYPORT PD,KEYPORT,0,0,0,0,P,B,Y,N,06,2,ROUTE 516,W,516,,00000516__,9.43,05,,01,06,02,01,06,01,05,01,50,FE,E,LUPPOTATONG ST / MAPLE PL / MORTON,,,,35,35,26,,,N,,2230
2018132218-2833,MONMOUTH,KEYPORT BORO,03/18/2018,SU,0005,01,KEYPORT PD,KEYPORT,0,1,0,0,I,I,Y,N,03,2,ROUTE 516,E,516,,00000516__,9.31,05,,01,04,02,01,06,01,05,01,,AT,,CR 6 / BROADWAY,,,,35,35,26,,,N,,2230
2018132218-2839,MONMOUTH,KEYPORT BORO,03/18/2018,SU,1007,01,KEYPORT PD,KEYPORT,0,0,0,0,P,B,N,N,01,2,ROUTE 516,E,516,,00000516__,10.27,05,,02,04,02,01,01,01,04,01,10,FE,E,GREEN GROVE AVE / MAPLE PL,,,,35,35,26,,,N,,31
2018132218-286,MONMOUTH,KEYPORT BORO,01/08/2018,MO,2008,01,KEYPORT PD,,0,0,0,0,P,B,N,N,08,2,WASHINGTON ST,N,,,,,07,,01,04,02,05,05,01,05,01,250,FE,S,W SECOND AVE,,,,25,25,26,,,N,,32
2018132218-2870,MONMOUTH,KEYPORT BORO,03/19/2018,MO,1625,01,KEYPORT PD,,0,0,0,0,P,B,N,N,01,2,NJ 35,N,35,,00000035__,43.75,02,,01,04,02,01,01,01,01,01,10,FE,N,NJ 3 / BROADWAY,,,,50,25,,,,N,,34
2018132218-2900,MONMOUTH,KEYPORT BORO,03/20/2018,TU,1338,01,KEYPORT PD,,0,1,0,0,I,I,N,N,01,2,NJ 35,N,35,,00000035__,43.11,02,,01,04,02,01,01,05,03,01,,AT,N,NJ 35,,,,25,50,26,,,N,,29
2018132218-2906,MONMOUTH,KEYPORT BORO,03/20/2018,TU,1533,01,KEYPORT PD,,0,0,0,0,P,I,N,N,01,2,NJ 35,S,35,,00000035__,43.82,02,,01,04,02,01,01,05,01,01,,AT,,ROUTE 516,,,,50,30,26,,,N,,29
2018132218-3097,MONMOUTH,KEYPORT BORO,03/25/2018,SU,0208,01,KEYPORT PD,KEYPORT,0,0,0,0,P,B,N,N,06,2,LUPPATATONG AVE,S,,,,,07,,01,04,02,01,05,01,05,01,75,FE,N,ROUTE 516,,,,25,35,00,,,N,,2233