Year(4)-CountyCode(2)-MunicipalityCode(2)-CaseNumber(9),County Name,Municipality Name,Crash Date,Crash Day of Week,Crash Time,Police Department Code,Police Department,Police Station,Total Killed,Total Injured,Pedestrians Killed,Pedestrians Injured,Severity,Intersection,Alcohol Involved,Hazmat Involved,Crash Type,Total Vehicles,Location,Location Direction,Route,Route Suffix,Std Rte Identifier,MilePost,Road System,Road Character,Road Horizontal Alignment,Road Grade,Road Surface Type,Surface Condition,Light Condition,Environmental Condition,Road Divided By,Temporary Traffic Control Zone,Distance To Cross Street,Unit Of Measurement,Direction From Cross Street,Cross Street Name,Is Ramp,Ramp To/From Route Name,Ramp To/From Route Direction,Posted Speed,Posted Speed Cross Street,First Harmful Event,Latitude,Longitude,Cell Phone In Use Flag,Other Property Damage,Reporting Badge No.
2018132218-3111,MONMOUTH,KEYPORT BORO,03/25/2018,SU,1315,01,KEYPORT PD,,0,0,0,0,P,B,N,N,04,2,MONMOUTH COUNTY 3,W,3,,13000003__,13.00,05,,01,04,02,01,01,01,05,01,250,FE,W,NAPPI PL,,,,40,25,26,,,N,,29
2018132218-3135,MONMOUTH,KEYPORT BORO,03/26/2018,MO,1412,01,KEYPORT PD,KEYPORT,0,0,0,0,P,I,N,N,03,2,ROUTE 516,W,516,,00000516__,9.37,05,,03,06,02,01,01,01,04,01,,AT,,CHINGARORA AVE,,,,30,25,26,,,N,,31
2018132218-3138,MONMOUTH,KEYPORT BORO,03/26/2018,MO,1615,01,KEYPORT PD,KEYPORT,0,0,0,0,P,B,N,N,08,2,ROUTE 516,E,516,,00000516__,9.10,05,,01,04,02,01,01,01,04,01,40,FE,W,W 4TH ST,,,,25,30,26,,,N,,31
2018132218-3140,MONMOUTH,KEYPORT BORO,03/26/2018,MO,1730,01,KEYPORT PD,,0,0,0,0,P,B,N,N,11,1,376 MAPLE PL,,,,,,09,,01,04,02,01,01,01,,01,,,,,,,,,,52,,,N,DAMAGE TO A LIGHT POLE AND WIRES DOWN POLE#JC1053KP,24
2018132218-3202,MONMOUTH,KEYPORT BORO,03/29/2018,TH,0543,01,KEYPORT PD,KEYPORT,0,0,0,0,P,B,N,N,01,2,NJ 36,N,36,,00000036__,24.03,02,,01,04,02,01,06,05,01,01,50,FE,N,ATLANTIC ST,,,,50,25,26,,,N,,2233
2018132218-3231,MONMOUTH,KEYPORT BORO,03/30/2018,FR,0639,01,KEYPORT PD,,0,0,0,0,P,I,N,N,04,2,ROUTE 516,N,516,,00000516__,9.14,05,,01,04,02,02,01,01,05,01,,AT,,CR 3 / MAPLE PL / MAY ST / NAPPI ST,,,,35,35,26,,,N,,24
2018132218-3239,MONMOUTH,KEYPORT BORO,03/30/2018,FR,1150,01,KEYPORT PD,,0,0,0,0,P,B,N,N,01,2,ROUTE 516,N,516,,00000516__,9.22,05,,03,04,02,02,01,02,02,01,10,FE,S,,T,NJ 35,SB,35,,26,,,N,,24
2018132218-3250,MONMOUTH,KEYPORT BORO,03/30/2018,FR,1615,01,KEYPORT PD,KEYPORT,0,0,0,0,P,I,N,N,03,2,MONMOUTH COUNTY 4 II,S,4,2,130000042_,8.47,05,,01,04,02,02,01,02,04,01,,AT,,MONROE ST,,,,30,25,26,,,N,,31
2018132218-3271,MONMOUTH,KEYPORT BORO,03/31/2018,SA,0800,01,KEYPORT PD,KEYPORT,0,0,0,0,P,B,N,N,06,2,ROLLO PL,S,,,,,07,,01,04,02,01,01,01,05,01,40,FE,N,CHINGARORA AVE.,,,,25,25,28,,,N,,31
2018132218-3333,MONMOUTH,KEYPORT BORO,04/02/2018,MO,1521,01,KEYPORT PD,,0,0,0,0,P,B,N,N,11,1,MONMOUTH COUNTY 4 II,S,4,2,130000042_,8.98,05,,01,04,02,01,01,01,05,01,100,FE,S,WARREN ST,,,,25,25,,,,N,TREE DOWN AT 104 MAIN STREET  DAMAGE TO UTILITY POLE#90049KP,34
2018132218-3405,MONMOUTH,KEYPORT BORO,04/05/2018,TH,0536,01,KEYPORT PD,KEYPORT,0,0,0,0,P,B,N,N,11,1,ROUTE 516,N,516,,00000516__,10.42,05,,01,04,02,01,07,01,05,01,20,FE,N,8TH ST,,,,35,35,55,,,N,JCP&L POLE #JC317KP,2230
2018132218-3426,MONMOUTH,KEYPORT BORO,04/05/2018,TH,1434,01,KEYPORT PD,KEYPORT,0,0,0,0,P,B,N,N,08,2,CHURCH ST,S,,,,,07,,01,04,02,01,01,01,05,01,20,FE,N,CR 6,,,,25,25,26,,,N,,31
2018132218-3451,MONMOUTH,KEYPORT BORO,04/06/2018,FR,1153,01,KEYPORT PD,,0,1,0,0,I,B,N,N,01,2,NJ 35,S,35,,00000035__,43.77,02,,01,04,02,01,01,01,01,01,10,FE,S,MAPLE PLACE,,,,50,25,,,,N,,34
2018132218-3521,MONMOUTH,KEYPORT BORO,04/08/2018,SU,1123,01,KEYPORT PD,,0,0,0,0,P,B,N,N,06,2,ATLANTIC ST,S,,,,,07,,01,04,02,01,01,01,05,01,30,FE,S,ROUTE 516,,,,30,35,28,,,N,,29
2018132218-3526,MONMOUTH,KEYPORT BORO,04/08/2018,SU,1259,01,KEYPORT PD,,0,0,0,0,P,B,N,N,01,2,NJ 36,N,36,,00000036__,24.02,02,,01,04,02,01,01,01,05,01,25,FE,S,ATLANTIC ST,,,,50,25,,,,N,,34
2018132218-355,MONMOUTH,KEYPORT BORO,01/10/2018,WE,1756,01,KEYPORT PD,KEYPORT,0,0,0,0,P,B,N,N,03,2,MONMOUTH COUNTY 4 II,N,4,2,130000042_,8.40,05,,01,04,02,01,06,01,04,01,50,FE,S,NJ 36,,,,30,50,26,,,N,,31
2018132218-3574,MONMOUTH,KEYPORT BORO,04/10/2018,TU,0738,01,KEYPORT PD,KEYPORT,0,0,0,0,P,B,N,N,02,2,NJ 35,S,35,,00000035__,43.82,02,,01,04,02,01,01,05,01,01,15,FE,S,ROUTE 516,,,,50,30,26,,,N,,31
2018132218-3575,MONMOUTH,KEYPORT BORO,04/10/2018,TU,0746,01,KEYPORT PD,,0,0,0,0,P,B,N,N,01,2,MONMOUTH COUNTY 4 II,S,4,2,130000042_,8.54,05,,01,04,02,02,01,05,05,01,50,FE,N,JACKSON ST,,,,25,25,26,,,N,,24
2018132218-3585,MONMOUTH,KEYPORT BORO,04/10/2018,TU,1530,01,KEYPORT PD,KEYPORT,0,0,0,0,P,B,N,N,01,2,MONMOUTH COUNTY 4 II,N,4,2,130000042_,8.34,05,,03,04,02,01,01,05,04,01,10,FE,N,RARITAN AVE,,,,35,25,26,,,N,,31
2018132218-3591,MONMOUTH,KEYPORT BORO,04/10/2018,TU,1915,01,KEYPORT PD,,0,1,0,0,I,I,N,N,03,3,NJ 35,S,35,,00000035__,43.82,02,,01,04,02,01,01,01,01,01,,AT,W,ROUTE 516,,,,50,30,26,,,N,,
2018132218-3609,MONMOUTH,KEYPORT BORO,04/11/2018,WE,0928,01,KEYPORT PD,,0,1,0,0,I,B,N,N,01,2,NJ 35,S,35,,00000035__,43.82,02,,01,04,02,01,01,01,01,01,10,FE,S,ROUTE 516,,,,50,25,,,,N,,34
2018132218-3707,MONMOUTH,KEYPORT BORO,04/13/2018,FR,1059,01,KEYPORT PD,,0,1,0,0,I,B,N,N,01,2,ROUTE 516,N,516,,00000516__,9.22,05,,03,04,02,01,01,01,02,01,10,FE,S,,T,NJ 35,SB,35,,26,,,N,,24
2018132218-3711,MONMOUTH,KEYPORT BORO,04/13/2018,FR,1217,01,KEYPORT PD,KEYPORT,0,0,0,0,P,B,N,N,01,2,NJ 36,N,36,,00000036__,24.03,02,,01,04,02,01,01,01,01,01,60,FE,N,ATLANTIC ST,,,,50,25,26,,,N,,31
2018132218-3727,MONMOUTH,KEYPORT BORO,04/13/2018,FR,1726,01,KEYPORT PD,KEYPORT,0,1,0,0,I,I,N,N,14,1,FULTON ST,E,,,,,07,,01,04,02,01,01,01,05,01,,AT,,SECOND ST,,,,25,25,26,,,N,,31
2018132218-3733,MONMOUTH,KEYPORT BORO,04/13/2018,FR,2100,01,KEYPORT PD,,0,0,0,0,P,B,N,N,01,2,ROUTE 516,S,516,,00000516__,9.22,05,,01,04,02,01,06,01,01,01,10,FE,W,NJ 35,,,,30,50,26,,,N,,35
2018132218-3764,MONMOUTH,KEYPORT BORO,04/14/2018,SA,1534,01,KEYPORT PD,,0,0,0,0,P,B,N,N,01,2,ROUTE 516,E,516,,00000516__,9.29,05,,03,05,02,01,01,01,05,01,110,FE,W,CR 6 / BROADWAY,,,,35,35,26,,,N,,24
2018132218-3942,MONMOUTH,KEYPORT BORO,04/18/2018,WE,1746,01,KEYPORT PD,,0,1,0,0,I,B,N,N,01,2,ROUTE 516,N,516,,00000516__,9.22,05,,03,04,02,01,01,01,02,01,10,FE,S,,T,NJ 35,SB,30,,26,,,N,,24
2018132218-3957,MONMOUTH,KEYPORT BORO,04/19/2018,TH,0745,01,KEYPORT PD,,0,1,0,0,I,I,N,N,03,2,ROUTE 516,E,516,,00000516__,9.06,05,,01,04,02,01,01,01,05,01,,AT,,ORCHARD ST,,,,35,25,26,,,N,,#16
2018132218-3958,MONMOUTH,KEYPORT BORO,04/19/2018,TH,0755,01,KEYPORT PD,,0,0,0,0,P,I,N,N,03,2,MAIN ST,S,,,,,07,,01,04,02,02,01,02,05,01,,AT,,MONROE ST,,,,25,25,26,,,N,,24
2018132218-3994,MONMOUTH,KEYPORT BORO,04/20/2018,FR,0916,01,KEYPORT PD,,0,0,0,0,P,B,N,N,01,3,NJ 35,S,35,,00000035__,43.75,02,,01,04,02,01,01,01,01,01,25,FE,S,NJ 3 / BROADWAY,,,,50,25,,,,N,,
2018132218-40,MONMOUTH,KEYPORT BORO,01/02/2018,TU,1615,01,KEYPORT PD,KEYPORT,0,0,0,0,P,B,N,N,08,2,MONMOUTH COUNTY 6 I,E,6,1,130000061_,1.10,05,,01,04,02,01,01,01,04,01,10,FE,E,MAIN ST,,,,25,25,28,,,N,,31
2018132218-4035,MONMOUTH,KEYPORT BORO,04/21/2018,SA,1026,01,KEYPORT PD,,0,0,0,0,P,B,N,N,01,2,NJ 36,N,36,,00000036__,24.01,02,,01,04,02,01,01,01,01,01,50,FE,S,ATLANTIC ST,,,,50,30,26,,,N,,29
2018132218-4054,MONMOUTH,KEYPORT BORO,04/21/2018,SA,1548,01,KEYPORT PD,,0,0,0,0,P,B,N,N,01,2,NJ 35,S,35,,00000035__,43.23,02,,01,04,01,01,01,01,02,01,10,FE,S,BEERS ST,,,,50,25,,,,N,,34
2018132218-4087,MONMOUTH,KEYPORT BORO,04/22/2018,SU,1255,01,KEYPORT PD,,0,0,0,0,P,B,N,N,02,2,NJ 35,N,35,,00000035__,43.16,02,,01,04,02,01,01,01,03,01,50,FE,N,NJ 35,,,,50,50,,,,N,,34
2018132218-4125,MONMOUTH,KEYPORT BORO,04/24/2018,TU,0626,01,KEYPORT PD,,0,0,0,0,P,B,N,N,01,2,NJ 36,N,36,,00000036__,24.03,02,,01,04,02,01,02,01,01,01,50,FE,N,ATLANTIC ST,,,,35,25,26,,,N,,32
2018132218-4152,MONMOUTH,KEYPORT BORO,04/24/2018,TU,2205,01,KEYPORT PD,KEYPORT,0,0,0,0,P,I,N,N,01,2,NJ 36,N,36,,00000036__,24.12,02,,01,04,02,02,06,02,01,01,,AT,,CR 4 / BROAD ST,,,,50,35,26,,,N,,2230
2018132218-4156,MONMOUTH,KEYPORT BORO,04/25/2018,WE,0753,01,KEYPORT PD,,0,0,0,0,P,I,N,N,01,2,NJ 35,S,35,,00000035__,43.82,02,,01,04,02,01,01,01,01,01,,AT,W,ROUTE 516,,,,50,35,26,,,N,,
2018132218-4165,MONMOUTH,KEYPORT BORO,04/25/2018,WE,1128,01,KEYPORT PD,,0,0,0,0,P,B,N,N,11,2,CLARK ST **,N,,,13221059__,.37,07,,01,05,02,02,01,02,05,01,,,N,MADISON ST,,,,30,25,56,,,N,,29
2018132218-4273,MONMOUTH,KEYPORT BORO,04/28/2018,SA,1430,01,KEYPORT PD,KEYPORT,0,0,0,0,P,B,N,N,01,2,MONMOUTH COUNTY 3,S,3,,13000003__,13.21,05,,03,05,02,01,01,01,02,01,5,FE,N,NJ 35,,,,35,50,26,,,N,,31
2018132218-4336,MONMOUTH,KEYPORT BORO,05/01/2018,TU,0637,01,KEYPORT PD,,0,0,0,0,P,I,N,N,01,3,NJ 36,N,36,,00000036__,24.02,02,,01,04,02,01,01,01,01,01,,AT,S,ATLANTIC ST,,,,50,30,28,,,N,,
2018132218-4367,MONMOUTH,KEYPORT BORO,05/01/2018,TU,2028,01,KEYPORT PD,KEYPORT,0,0,0,0,P,I,N,N,01,2,NJ 35,N,35,,00000035__,43.75,02,,03,04,02,01,06,01,01,01,,AT,,NJ 3 / BROADWAY,,,,50,35,26,,,N,,2233
2018132218-4387,MONMOUTH,KEYPORT BORO,05/02/2018,WE,1230,01,KEYPORT PD,KEYPORT,0,0,0,0,P,I,N,N,11,1,MONMOUTH COUNTY 6 I,W,6,1,130000061_,1.10,05,,01,04,02,01,01,01,04,01,,AT,,MAIN ST,,,,25,25,52,,,N,POLE #JC269KP,31
2018132218-4391,MONMOUTH,KEYPORT BORO,05/02/2018,WE,1424,01,KEYPORT PD,,0,1,0,0,I,B,N,N,01,2,NJ 36,N,36,,00000036__,24.00,02,,01,04,02,01,01,01,01,01,110,FE,W,ATLANTIC ST,,,,50,25,26,,,N,,24
2018132218-4395,MONMOUTH,KEYPORT BORO,05/02/2018,WE,1522,01,KEYPORT PD,KEYPORT,0,0,0,0,P,B,N,N,06,2,MONMOUTH COUNTY 4 II,S,4,2,130000042_,8.86,05,,01,04,02,01,01,01,04,01,10,FE,N,ROUTE 516 / MAPLE PL,,,,35,35,26,,,N,,31
2018132218-4398,MONMOUTH,KEYPORT BORO,05/02/2018,WE,1759,01,KEYPORT PD,KEYPORT,0,0,0,0,P,B,N,N,01,2,MONMOUTH COUNTY 3,S,3,,13000003__,13.21,05,,03,05,02,01,01,01,02,01,10,FE,N,NJ 35,,,,30,50,26,,,N,,31
2018132218-4427,MONMOUTH,KEYPORT BORO,05/03/2018,TH,1611,01,KEYPORT PD,KEYPORT,0,0,0,0,P,B,N,N,01,2,NJ 35,N,35,,00000035__,43.01,02,,03,04,02,01,01,01,03,01,300,FE,N,CLARK ST,,,,50,25,26,,,N,,31
2018132218-4437,MONMOUTH,KEYPORT BORO,05/03/2018,TH,2053,01,KEYPORT PD,KEYPORT,0,0,0,0,P,I,N,N,02,2,NJ 35,N,35,,00000035__,43.11,02,,01,06,02,01,06,01,03,01,,AT,,NJ 35,,,,50,50,26,,,N,,30
2018132218-4521,MONMOUTH,KEYPORT BORO,05/06/2018,SU,1353,01,KEYPORT PD,,0,0,0,0,P,I,N,N,03,2,THIRD ST **,E,,,13221005__,.10,07,,01,04,02,01,01,05,05,01,,AT,S,OSBORN ST,,,,30,25,26,,,N,,29
2018132218-4561,MONMOUTH,KEYPORT BORO,05/07/2018,MO,1508,01,KEYPORT PD,,0,0,0,0,P,B,N,N,02,2,NJ 35,N,35,,00000035__,43.31,02,,01,04,02,01,01,01,01,01,500,FE,S,CASS ST,,,,50,25,26,,,N,,34
2018132218-4569,MONMOUTH,KEYPORT BORO,05/07/2018,MO,1744,01,KEYPORT PD,,0,1,0,0,I,B,N,N,01,2,ROUTE 516,N,516,,00000516__,9.22,05,,03,04,02,01,01,01,02,01,10,FE,S,NJ 35,,,,30,50,26,,,N,,24
2018132218-4604,MONMOUTH,KEYPORT BORO,05/08/2018,TU,1415,01,KEYPORT PD,,0,0,0,0,P,B,N,N,03,2,MONMOUTH COUNTY 3,N,3,,13000003__,13.13,05,,01,04,02,01,01,01,05,01,15,FE,N,ROUTE 516 / MAPLE PL / MAY ST,,,,25,25,26,,,N,,34
2018132218-4682,MONMOUTH,KEYPORT BORO,05/10/2018,TH,1826,01,KEYPORT PD,,0,0,0,0,P,I,N,N,01,2,NJ 35,S,35,,00000035__,43.82,02,,01,04,02,01,01,01,01,01,,AT,E,ROUTE 516,,,,50,35,26,,,N,,29
2018132218-4705,MONMOUTH,KEYPORT BORO,05/11/2018,FR,1408,01,KEYPORT PD,,0,0,0,0,P,B,N,N,06,3,MONMOUTH COUNTY 4 II,S,4,2,130000042_,9.10,05,,01,04,02,01,01,01,05,01,120,FE,N,3RD ST / W 3RD ST,,,,25,25,28,,,N,,
2018132218-4710,MONMOUTH,KEYPORT BORO,05/11/2018,FR,1535,01,KEYPORT PD,,0,0,0,0,P,B,N,N,01,2,ROUTE 516,E,516,,00000516__,9.95,05,,01,04,02,01,01,01,05,01,20,FE,W,CR 4 / BROAD ST,,,,25,25,26,,,N,,34
2018132218-4726,MONMOUTH,KEYPORT BORO,05/12/2018,SA,0227,01,KEYPORT PD,KEYPORT,0,0,0,0,P,I,Y,N,01,2,NJ 35,S,35,,00000035__,43.77,02,,01,04,02,02,06,02,01,01,,AT,,CR 516/MAPLE PLACE,,,,50,35,26,,,N,,2230
2018132218-4750,MONMOUTH,KEYPORT BORO,05/13/2018,SU,0141,01,KEYPORT PD,KEYPORT,0,0,0,0,P,B,Y,N,06,2,MONMOUTH COUNTY 4 II,S,4,2,130000042_,9.26,05,,01,06,02,01,06,01,05,01,25,FE,S,CR 6 / 1ST ST,,,,25,30,28,,,N,,2230
2018132218-4755,MONMOUTH,KEYPORT BORO,05/13/2018,SU,1610,01,KEYPORT PD,,0,0,0,0,P,B,N,N,11,1,NJ 36,S,36,,00000036__,24.40,02,,01,05,02,02,01,01,01,01,200,FE,S,GARDEN STATE PARKWAY OFFRAMP,,,,50,25,46,,,N,,34
2018132218-4757,MONMOUTH,KEYPORT BORO,05/13/2018,SU,1750,01,KEYPORT PD,,0,0,0,0,P,I,N,N,03,2,CLARK ST **,W,,,13221059__,.22,07,,01,04,02,01,01,01,05,01,,AT,,BEERS ST,,,,25,25,26,,,N,,34
2018132218-4806,MONMOUTH,KEYPORT BORO,05/15/2018,TU,1508,01,KEYPORT PD,,0,0,0,0,P,B,N,N,01,2,NJ 35,S,35,,00000035__,43.82,02,,01,04,02,01,01,01,03,01,10,FE,S,ROUTE 516/MAPLE PLACE,,,,50,25,26,,,N,,34
2018132218-4812,MONMOUTH,KEYPORT BORO,05/15/2018,TU,2004,01,KEYPORT PD,KEYPORT,0,1,0,0,I,I,N,N,03,2,ATLANTIC ST **,N,,,13221027__,.09,07,,01,04,02,02,06,02,05,01,,AT,,SECOND ST,,,,25,25,26,,,N,,2233
2018132218-4824,MONMOUTH,KEYPORT BORO,05/16/2018,WE,0831,01,KEYPORT PD,,0,0,0,0,P,B,N,N,01,2,ROUTE 516,N,516,,00000516__,9.22,05,,03,04,02,01,01,01,05,01,10,FE,S,,T,NJ 35,SB,35,,26,,,N,,16
2018132218-4832,MONMOUTH,KEYPORT BORO,05/16/2018,WE,1352,01,KEYPORT PD,,0,0,0,0,P,B,N,N,11,1,NJ 35,N,35,,00000035__,43.24,02,,03,04,02,02,01,02,03,01,80,FE,W,BEERS ST,,,,50,25,56,,,N,DAMAGE TO UTILITY POLICE JC8321KP AND LIGHT FIXTURE AND TO BLACK METAL FENCE,24
2018132218-4840,MONMOUTH,KEYPORT BORO,05/16/2018,WE,1819,01,KEYPORT PD,,0,0,0,0,P,B,N,N,01,2,ROUTE 516,N,516,,00000516__,9.22,05,,03,04,02,01,01,01,05,01,10,FE,S,,T,NJ 35,SB,35,,26,,,N,,16
2018132218-4863,MONMOUTH,KEYPORT BORO,05/17/2018,TH,1028,01,KEYPORT PD,,0,0,0,0,P,B,N,N,11,1,NJ 35,N,35,,00000035__,43.38,02,,03,05,02,02,01,02,01,01,125,FE,W,CASS ST,,,,50,25,56,,,N,DAMAGE TO UTILITY POLE # JC761KP AND LIGHT FIXTURE,24
2018132218-4915,MONMOUTH,KEYPORT BORO,05/18/2018,FR,1701,01,KEYPORT PD,,0,0,0,0,P,I,N,N,06,2,PROSPECT ST **,N,,,13221012__,.06,07,,01,04,02,01,01,01,05,01,,AT,,CR 6,,,,25,25,28,,,N,,29
2018132218-497,MONMOUTH,KEYPORT BORO,01/14/2018,SU,1410,01,KEYPORT PD,,0,0,0,0,P,B,N,N,01,2,NJ 35,S,35,,00000035__,43.82,02,,01,04,02,01,01,01,01,01,10,FE,S,ROUTE 516,,,,50,25,,,,N,,34
2018132218-5043,MONMOUTH,KEYPORT BORO,05/22/2018,TU,1526,01,KEYPORT PD,KEYPORT,0,0,0,0,P,I,N,N,03,2,BEERS ST **,N,,,13221060__,.10,07,,01,04,02,02,01,02,04,01,,AT,,CLARK ST,,,,30,25,26,,,N,,31
2018132218-5057,MONMOUTH,KEYPORT BORO,05/23/2018,WE,1715,01,KEYPORT PD,,0,0,0,0,P,B,N,N,03,2,ROUTE 516,W,516,,00000516__,10.09,05,,01,04,02,01,01,01,05,01,10,FE,N,CHURCH ST,,,,35,25,26,,,N,,34
2018132218-5072,MONMOUTH,KEYPORT BORO,05/23/2018,WE,1245,01,KEYPORT PD,,0,0,0,0,P,B,N,N,06,2,KEYPORT CENTRAL SCHOOL DRIVEWAY,W,,,,,09,,01,04,02,01,01,01,05,01,30,FE,E,BROAD STREET,,,,,25,26,,,N,,34
2018132218-5103,MONMOUTH,KEYPORT BORO,05/24/2018,TH,1121,01,KEYPORT PD,,0,1,0,0,I,I,N,N,02,2,NJ 35,N,35,,00000035__,43.11,02,,01,06,02,01,01,01,03,01,,AT,,NJ 35,,,,50,25,26,,,N,,29
2018132218-515,MONMOUTH,KEYPORT BORO,01/14/2018,SU,2058,01,KEYPORT PD,,0,0,0,0,P,B,N,N,05,2,CLARK STREET,E,,,,,07,,01,04,01,01,06,01,04,01,50,FE,E,CR 3,,,,35,35,26,,,N,,#27
2018132218-5179,MONMOUTH,KEYPORT BORO,05/26/2018,SA,0933,01,KEYPORT PD,KEYPORT,0,0,0,0,P,B,N,N,06,2,ATLANTIC ST **,S,,,13221027__,.39,07,,01,04,02,01,01,01,05,01,40,FE,N,ROUTE 516/MAPLE PLACE,,,,25,35,28,,,N,,31
2018132218-5189,MONMOUTH,KEYPORT BORO,05/26/2018,SA,1159,01,KEYPORT PD,KEYPORT,0,0,0,0,P,B,N,N,01,2,MONMOUTH COUNTY 4 II,N,4,2,130000042_,8.41,05,,01,04,02,01,01,01,04,01,15,FE,S,NJ 36,,,,25,50,26,,,N,,31
2018132218-5208,MONMOUTH,KEYPORT BORO,05/27/2018,SU,0104,01,KEYPORT PD,,0,0,0,0,P,B,N,N,02,2,NJ 35,W,35,,00000035__,43.40,02,,03,04,02,01,05,01,01,01,20,FE,E,CASS ST,,,,50,30,26,,,N,,35
2018132218-5210,MONMOUTH,KEYPORT BORO,05/27/2018,SU,0149,01,KEYPORT PD,,0,0,0,0,P,I,N,N,11,1,NJ 36,W,36,,00000036__,24.16,02,,01,04,02,01,06,01,01,02,,AT,S,MAIN ST,,,,50,30,52,,,N,"STRUCK POLE #BTD34KP CAUSING DAMAGE  """"MAIN STREET"""" SIGN KNOCKED DOWN",35
2018132218-5276,MONMOUTH,KEYPORT BORO,05/29/2018,TU,0928,01,KEYPORT PD,,0,0,0,0,P,B,N,N,01,2,MONMOUTH COUNTY 3,N,3,,13000003__,13.12,05,,01,04,02,01,01,01,05,01,70,FE,S,ROUTE 516 / MAPLE PL / MAY ST,,,,35,35,26,,,N,,29
2018132218-5328,MONMOUTH,KEYPORT BORO,05/30/2018,WE,0801,01,KEYPORT PD,KEYPORT,0,0,0,0,P,B,N,N,06,2,88 BROAD STREET PARKING LOT,,,,,,09,,01,04,02,01,01,05,05,01,70,FE,W,BROAD STREET,,,,15,25,28,,,N,,37
2018132218-5329,MONMOUTH,KEYPORT BORO,05/30/2018,WE,0824,01,KEYPORT PD,KEYPORT,0,2,0,0,I,B,N,N,01,3,NJ 36,N,36,,00000036__,23.99,02,,01,04,02,01,01,05,01,01,150,FE,S,ATLANTIC ST,,,,50,30,26,,,N,,
2018132218-5338,MONMOUTH,KEYPORT BORO,05/30/2018,WE,1331,01,KEYPORT PD,KEYPORT,0,0,0,0,P,B,N,N,01,2,ROUTE 516,E,516,,00000516__,9.22,05,,03,04,02,01,01,01,02,01,5,FE,W,NJ 35,,,,25,50,26,,,N,,38
2018132218-5425,MONMOUTH,KEYPORT BORO,06/01/2018,FR,1853,01,KEYPORT PD,,0,0,0,0,P,B,N,N,01,2,ROUTE 516,N,516,,00000516__,9.22,05,,01,04,02,01,01,01,05,01,10,FE,S,NJ 35,,,,25,50,26,,,N,,32
2018132218-5458,MONMOUTH,KEYPORT BORO,06/02/2018,SA,1404,01,KEYPORT PD,,0,0,0,0,P,B,N,N,02,2,NJ 36,N,36,,00000036__,23.97,02,,01,04,02,01,01,01,01,01,250,FE,S,ATLANTIC ST,,,,50,25,26,,,N,,34
2018132218-5489,MONMOUTH,KEYPORT BORO,06/03/2018,SU,1624,01,KEYPORT PD,,0,0,0,0,P,B,N,N,09,2,ATLANTIC ST **,S,,,13221027__,.04,07,,01,04,02,01,01,01,05,01,25,FE,N,CR 6,,,,25,25,26,,,N,,34
2018132218-5555,MONMOUTH,KEYPORT BORO,06/05/2018,TU,1732,01,KEYPORT PD,,0,0,0,0,P,B,N,N,06,2,MONMOUTH COUNTY 4 II,S,4,2,130000042_,9.10,05,,01,04,02,01,01,01,05,01,110,FE,N,3RD ST / W 3RD ST,,,,25,25,28,,,Y,,24
2018132218-5561,MONMOUTH,KEYPORT BORO,06/05/2018,TU,1958,01,KEYPORT PD,,0,1,0,0,I,B,N,N,01,2,MONMOUTH COUNTY 4 II,N,4,2,130000042_,8.51,05,,01,04,02,02,01,02,04,01,100,FE,S,JACKSON ST,,,,35,25,26,,,N,,26
2018132218-5568,MONMOUTH,KEYPORT BORO,06/05/2018,TU,2307,01,KEYPORT PD,,0,0,0,0,P,B,N,N,06,3,ST GEORGE PL **,E,,,13221043__,.08,07,,01,04,02,01,07,01,05,01,400,FE,W,MAIN ST,,,,30,30,26,,,N,,
2018132218-5586,MONMOUTH,KEYPORT BORO,06/06/2018,WE,1322,01,KEYPORT PD,,0,0,0,0,P,B,N,N,06,2,MONMOUTH COUNTY 4 II,N,4,2,130000042_,9.21,05,,01,05,02,01,01,01,05,01,250,FE,S,CR 6 / 1ST ST,,,,25,25,26,,,N,,34
2018132218-5602,MONMOUTH,KEYPORT BORO,06/06/2018,WE,2136,01,KEYPORT PD,,0,1,0,0,I,I,N,N,01,2,NJ 35,N,35,,00000035__,43.67,02,,02,06,02,01,06,01,01,01,,AT,,LUPPATATONG AVE,,,,50,25,26,,,N,,32
2018132218-5649,MONMOUTH,KEYPORT BORO,06/07/2018,TH,1845,01,KEYPORT PD,,0,0,0,0,P,I,N,N,01,2,NJ 36,S,36,,00000036__,24.02,02,,01,04,02,01,02,01,04,01,,AT,,ATLANTIC ST,,,,50,30,26,,,N,,27
2018132218-5664,MONMOUTH,KEYPORT BORO,06/08/2018,FR,0100,01,KEYPORT PD,,0,0,0,0,P,B,Y,N,06,2,MONMOUTH COUNTY 4 II,N,4,2,130000042_,9.23,05,,01,05,02,01,06,01,05,01,200,FE,N,CR 6 / E FRONT ST,,,,25,25,26,,,N,,27
2018132218-5725,MONMOUTH,KEYPORT BORO,06/09/2018,SA,1350,01,KEYPORT PD,KEYPORT,0,1,0,0,I,B,N,N,10,1,NJ 35,S,35,,00000035__,43.30,02,,03,04,02,01,01,01,03,01,200,FE,N,BEERS ST,,,,50,35,19,,,N,,36
2018132218-5817,MONMOUTH,KEYPORT BORO,06/12/2018,TU,1117,01,KEYPORT PD,,0,0,0,0,P,B,N,N,02,2,NJ 35,S,35,,00000035__,43.24,02,,01,04,02,01,01,01,03,01,100,FE,W,BEERS ST,,,,50,35,26,,,N,,29
2018132218-5818,MONMOUTH,KEYPORT BORO,06/12/2018,TU,1151,01,KEYPORT PD,,0,0,0,0,P,B,N,N,06,2,KEYPORT FIRST AID LOT,,,,,,08,,01,04,02,01,01,01,,01,30,FE,N,UNION ST,,,,15,15,28,,,N,,29
2018132218-583,MONMOUTH,KEYPORT BORO,01/16/2018,TU,1628,01,KEYPORT PD,KEYPORT,0,1,0,0,I,B,N,N,01,2,ROUTE 516,N,516,,00000516__,9.22,05,,03,04,02,01,01,05,02,01,10,FE,S,NJ 35,,,,25,50,26,,,N,,31
2018132218-5843,MONMOUTH,KEYPORT BORO,06/13/2018,WE,0856,01,KEYPORT PD,KEYPORT,0,0,0,0,P,I,N,N,01,2,NJ 35,S,35,,00000035__,43.33,02,,03,04,02,02,01,02,03,01,,AT,,GSP EXIT RAMP,,,,50,30,26,,,N,,2233