Year(4)-CountyCode(2)-MunicipalityCode(2)-CaseNumber(9),County Name,Municipality Name,Crash Date,Crash Day of Week,Crash Time,Police Department Code,Police Department,Police Station,Total Killed,Total Injured,Pedestrians Killed,Pedestrians Injured,Severity,Intersection,Alcohol Involved,Hazmat Involved,Crash Type,Total Vehicles,Location,Location Direction,Route,Route Suffix,Std Rte Identifier,MilePost,Road System,Road Character,Road Horizontal Alignment,Road Grade,Road Surface Type,Surface Condition,Light Condition,Environmental Condition,Road Divided By,Temporary Traffic Control Zone,Distance To Cross Street,Unit Of Measurement,Direction From Cross Street,Cross Street Name,Is Ramp,Ramp To/From Route Name,Ramp To/From Route Direction,Posted Speed,Posted Speed Cross Street,First Harmful Event,Latitude,Longitude,Cell Phone In Use Flag,Other Property Damage,Reporting Badge No.
2018132218-7989,MONMOUTH,KEYPORT BORO,08/05/2018,SU,1258,01,KEYPORT PD,KEYPORT,0,2,0,0,I,B,N,N,01,2,MONMOUTH COUNTY 3,S,3,,13000003__,13.21,05,,03,05,02,01,01,01,02,01,5,FE,N,NJ 35,,,,30,50,26,,,N,,31
2018132218-8007,MONMOUTH,KEYPORT BORO,08/05/2018,SU,2146,01,KEYPORT PD,KEYPORT,0,0,0,0,P,B,N,N,02,2,NJ 35,N,35,,00000035__,43.33,02,,01,04,02,01,06,01,03,,200,FE,S,,T,GARDEN STATE PARKWAY,,50,,26,,,N,,
2018132218-801,MONMOUTH,KEYPORT BORO,01/23/2018,TU,0640,01,KEYPORT PD,,0,1,0,0,I,I,N,N,04,2,ROUTE 516,W,516,,00000516__,9.42,05,,02,05,02,01,05,01,05,01,,AT,,LUPPOTATONG ST / MAPLE PL / MORTON,,,,35,25,,,,N,,34
2018132218-8017,MONMOUTH,KEYPORT BORO,08/06/2018,MO,0746,01,KEYPORT PD,,0,0,0,0,P,I,N,N,03,2,MONMOUTH COUNTY 6 II,S,6,2,130000062_,.16,05,,01,04,02,01,01,01,05,,,AT,,CHANDLER AVE,,,,35,25,26,,,N,,20
2018132218-8020,MONMOUTH,KEYPORT BORO,08/06/2018,MO,1035,01,KEYPORT PD,,0,0,0,0,P,I,N,N,02,2,MONMOUTH COUNTY 3,N,3,,13000003__,12.93,05,,01,04,02,01,01,01,05,,,AT,,GERAN ST,,,,40,25,26,,,N,,20
2018132218-8026,MONMOUTH,KEYPORT BORO,08/06/2018,MO,1331,01,KEYPORT PD,,0,0,0,0,P,B,N,N,02,2,ROUTE 516,W,516,,00000516__,9.72,05,,01,04,02,01,01,01,04,01,25,FE,W,BEERS ST,,,,35,30,,,,N,,37
2018132218-8031,MONMOUTH,KEYPORT BORO,08/06/2018,MO,1507,01,KEYPORT PD,,0,0,0,0,P,I,N,N,01,2,NJ 35,S,35,,00000035__,43.11,02,,02,04,02,01,01,01,03,01,,AT,W,NJ 35,,,,25,50,26,,,N,,29
2018132218-8090,MONMOUTH,KEYPORT BORO,08/07/2018,TU,2200,01,KEYPORT PD,,0,0,0,0,P,B,N,N,11,1,MAIN ST **,N,,,13221035__,.60,07,,01,04,02,06,06,02,05,01,,,N,ST GEORGE ST,,,,25,25,52,,,N,DAMAGE TO POLE #BT531KPK,38
2018132218-8117,MONMOUTH,KEYPORT BORO,08/08/2018,WE,2228,01,KEYPORT PD,,0,0,0,0,P,B,N,N,02,2,NAPPI PL **,W,,,13221092__,.01,07,,01,04,02,02,06,02,04,01,30,FE,N,BROADWAY,,,,30,30,26,,,N,,35
2018132218-8126,MONMOUTH,KEYPORT BORO,08/09/2018,TH,0935,01,KEYPORT PD,KEYPORT,0,1,0,0,I,B,N,N,02,2,NJ 35,S,35,,00000035__,43.16,02,,01,04,02,01,01,01,04,,200,FE,N,,T,NJ 36,NB,35,,26,,,N,,36
2018132218-8133,MONMOUTH,KEYPORT BORO,08/09/2018,TH,1741,01,KEYPORT PD,KEYPORT,0,0,0,0,P,I,N,N,01,2,NJ 36,N,36,,00000036__,24.40,02,,03,04,02,01,01,01,02,01,,AT,,,T,GSP,,35,,26,,,N,,36
2018132218-8149,MONMOUTH,KEYPORT BORO,08/10/2018,FR,0953,01,KEYPORT PD,,0,0,0,0,P,B,N,N,01,2,NJ 35,S,35,,00000035__,43.77,02,,03,04,02,01,01,01,05,01,,FE,E,ROUTE 516/MAPLE PLACE,,,,50,35,26,,,N,,37
2018132218-8150,MONMOUTH,KEYPORT BORO,08/10/2018,FR,0954,01,KEYPORT PD,,0,0,0,0,P,I,N,N,01,2,NJ 35,S,35,,00000035__,43.82,02,,01,04,02,01,01,01,01,01,,AT,E,ROUTE 516/MAPLE PLACE,,,,50,35,26,,,N,,29
2018132218-8165,MONMOUTH,KEYPORT BORO,08/10/2018,FR,1705,01,KEYPORT PD,,0,2,0,0,I,B,N,N,01,2,NJ 35,S,35,,00000035__,43.77,02,,03,04,02,01,01,01,05,01,,FE,E,ROUTE 516/MAPLE PLACE,,,,50,35,26,,,N,,37
2018132218-8206,MONMOUTH,KEYPORT BORO,08/11/2018,SA,1455,01,KEYPORT PD,,0,0,0,0,P,B,N,N,03,2,NJ 36,N,36,,00000036__,24.14,02,,01,04,02,02,01,02,01,01,225,FE,,PIMPER PL,,,,50,30,26,,,N,,29
2018132218-823,MONMOUTH,KEYPORT BORO,01/23/2018,TU,2046,01,KEYPORT PD,KEYPORT,0,0,0,0,P,I,N,N,03,2,MONMOUTH COUNTY 4 II,N,4,2,130000042_,8.21,05,,01,04,02,01,06,01,05,01,,AT,,ATLANTIC ST,,,,30,25,26,,,N,,2233
2018132218-8258,MONMOUTH,KEYPORT BORO,08/13/2018,MO,1119,01,KEYPORT PD,,0,0,0,0,P,B,N,N,99,1,NJ 35,S,35,,00000035__,43.31,02,,02,06,02,02,01,02,03,01,150,FE,N,NJ 36,,,,50,50,,,,N,,2233
2018132218-8267,MONMOUTH,KEYPORT BORO,08/13/2018,MO,1537,01,KEYPORT PD,KEYPORT,0,6,0,0,I,B,N,N,01,2,ROUTE 516,W,516,,00000516__,9.44,05,,01,06,02,02,01,02,04,01,100,FE,E,LUPPOTATONG ST / MAPLE PL / MORTON,,,,30,25,26,,,N,,31
2018132218-8317,MONMOUTH,KEYPORT BORO,08/14/2018,TU,2205,01,KEYPORT PD,KEYPORT,0,0,0,0,P,I,N,N,01,2,NJ 36,S,36,,00000036__,24.02,02,,01,04,02,01,06,01,01,01,,AT,,ATLANTIC ST,,,,50,35,26,,,N,,2230
2018132218-8323,MONMOUTH,KEYPORT BORO,08/15/2018,WE,0404,01,KEYPORT PD,KEYPORT,0,0,0,0,P,B,Y,N,06,3,MONMOUTH COUNTY 6 II,S,6,2,130000062_,.09,05,,01,04,02,01,07,01,05,01,5,FE,S,W THIRD ST,,,,35,35,28,,,N,,
2018132218-8334,MONMOUTH,KEYPORT BORO,08/15/2018,WE,1154,01,KEYPORT PD,,0,0,0,0,P,B,N,N,01,2,ROUTE 516,E,516,,00000516__,9.14,05,,01,04,02,01,01,01,05,01,20,FE,E,CR 3 / MAPLE PL / MAY ST / NAPPI ST,,,,35,25,26,,,N,,#20
2018132218-8483,MONMOUTH,KEYPORT BORO,08/18/2018,SA,2136,01,KEYPORT PD,,0,3,0,0,I,B,N,N,10,1,FIREMANS LOT (PARKING LOT),,,,,,08,,01,04,02,01,06,01,04,01,30,FE,N,WEST FRONT STREET,,,,15,30,01,,,N,,35
2018132218-8485,MONMOUTH,KEYPORT BORO,08/18/2018,SA,2155,01,KEYPORT PD,KEYPORT,0,0,0,0,P,B,N,N,02,2,NJ 35,N,35,,00000035__,43.11,02,,01,06,02,01,06,01,03,01,10,FE,N,NJ 35,,,,50,35,26,,,N,,2230
2018132218-85,MONMOUTH,KEYPORT BORO,01/04/2018,TH,0004,01,KEYPORT PD,,0,0,0,0,P,B,Y,N,06,3,ATLANTIC ST,N,,,,,07,,01,04,02,01,06,01,05,01,10,FE,N,NJ 36,,,,25,50,26,,,N,,
2018132218-8505,MONMOUTH,KEYPORT BORO,08/19/2018,SU,1631,01,KEYPORT PD,,0,0,0,0,P,B,N,N,06,2,WASHINGTON ST **,N,,,13221080__,.26,07,,01,04,02,01,01,01,05,01,10,FE,S,CHANDLER ST,,,,25,25,26,,,N,,2233
2018132218-8521,MONMOUTH,KEYPORT BORO,08/20/2018,MO,1055,01,KEYPORT PD,,0,0,0,0,P,B,N,N,01,2,NJ 36,N,36,,00000036__,24.03,02,,01,04,02,01,01,01,04,01,50,FE,E,ATLANTIC ST,,,,50,35,26,,,N,,37
2018132218-8527,MONMOUTH,KEYPORT BORO,08/20/2018,MO,1432,01,KEYPORT PD,,0,1,0,0,I,I,N,N,01,2,NJ 35,S,35,,00000035__,43.82,02,,01,04,02,01,01,01,01,01,,AT,,ROUTE 516/MAPLE PLACE,,,,50,35,26,,,N,,29
2018132218-8554,MONMOUTH,KEYPORT BORO,08/21/2018,TU,1129,01,KEYPORT PD,,0,0,0,0,P,B,N,N,01,2,ROUTE 516,E,516,,00000516__,9.22,05,,01,04,02,01,01,01,01,01,10,FE,N,NJ 35,,,,25,50,26,,,N,,34
2018132218-858,MONMOUTH,KEYPORT BORO,01/25/2018,TH,0815,01,KEYPORT PD,,0,2,0,0,I,I,N,N,03,3,NJ 36,N,36,,00000036__,24.12,02,,01,04,02,01,01,01,01,01,,AT,,CR 4 / BROAD ST,,,,50,30,26,,,N,,
2018132218-859,MONMOUTH,KEYPORT BORO,01/25/2018,TH,0901,01,KEYPORT PD,,0,1,0,0,I,B,N,N,02,2,NJ 35,N,35,,00000035__,43.11,02,,03,04,02,01,01,01,05,01,75,FE,E,NJ 35,,,,50,25,26,,,N,,#16
2018132218-8628,MONMOUTH,KEYPORT BORO,08/23/2018,TH,1035,01,KEYPORT PD,KEYPORT,0,0,0,0,P,I,N,N,07,2,ATLANTIC ST **,S,,,13221027__,.38,07,,01,04,02,01,01,01,05,01,,AT,,ROUTE 516,,,,25,30,26,,,N,,31
2018132218-8654,MONMOUTH,KEYPORT BORO,08/24/2018,FR,0951,01,KEYPORT PD,,0,2,0,0,I,I,N,N,03,2,ROUTE 516,W,516,,00000516__,9.72,05,,01,04,02,01,01,01,04,01,,AT,,BEERS ST,,,,35,25,26,,,N,MAIL BOX IN FRONT OF 116 MAPLE PL FRONT LAWN OF 116 MAPLE PL,37
2018132218-873,MONMOUTH,KEYPORT BORO,01/25/2018,TH,1709,01,KEYPORT PD,,0,0,0,0,P,B,N,N,02,2,NJ 35,N,35,,00000035__,43.76,02,,01,04,02,01,03,01,05,01,500,FE,E,LUPPATATONG AVE,,,,50,25,26,,,N,,#16
2018132218-8831,MONMOUTH,KEYPORT BORO,08/27/2018,MO,1757,01,KEYPORT PD,KEYPORT,0,0,0,0,P,B,N,N,01,2,ROUTE 516,S,516,,00000516__,9.22,05,,03,04,02,01,01,01,02,01,10,FE,N,NJ 35,,,,35,55,26,,,N,,36
2018132218-8899,MONMOUTH,KEYPORT BORO,08/29/2018,WE,1552,01,KEYPORT PD,,0,0,0,0,P,B,N,N,01,2,ROUTE 516,W,516,,00000516__,9.22,05,,01,04,02,01,01,01,02,01,10,FE,S,NJ 35,,,,25,50,26,,,N,,34
2018132218-8965,MONMOUTH,KEYPORT BORO,08/31/2018,FR,1042,01,KEYPORT PD,KEYPORT,0,0,0,0,P,B,N,N,06,2,ATLANTIC ST **,N,,,13221027__,.77,07,,01,04,02,01,01,05,04,01,50,FE,S,MONROE ST,,,,25,25,28,,,N,,36
2018132218-8972,MONMOUTH,KEYPORT BORO,08/31/2018,FR,1226,01,KEYPORT PD,KEYPORT,0,1,0,0,I,B,N,N,01,8,NJ 35,S,35,,00000035__,43.19,02,,01,04,02,01,01,05,03,01,200,FE,S,BEERS ST,,,,50,25,26,,,N,"U-TURN"""" STREET SIGN",31
2018132218-9011,MONMOUTH,KEYPORT BORO,09/01/2018,SA,1247,01,KEYPORT PD,KEYPORT,0,0,0,0,P,B,N,N,03,2,MONMOUTH COUNTY 6 IV,E,6,4,130000064_,.29,05,,01,04,02,01,01,01,04,01,20,FE,W,GREEN GROVE AVE,,,,25,25,26,,,N,,36
2018132218-9020,MONMOUTH,KEYPORT BORO,09/01/2018,SA,1854,01,KEYPORT PD,,0,1,0,0,I,B,N,N,01,2,ROUTE 516,E,516,,00000516__,9.22,05,,01,04,02,01,01,01,04,01,20,FE,,NJ 35,,,,30,50,26,,,N,,35
2018132218-9033,MONMOUTH,KEYPORT BORO,09/01/2018,SA,2325,01,KEYPORT PD,,0,0,0,0,P,B,N,N,02,2,NJ 35,S,35,,00000035__,43.30,02,,01,04,02,01,06,01,03,01,10,FE,E,,F,GARDEN STATE PARKWAY,SB,50,,26,,,N,,35
2018132218-907,MONMOUTH,KEYPORT BORO,01/26/2018,FR,1942,01,KEYPORT PD,,0,0,0,0,P,B,Y,N,01,2,NJ 36,N,36,,00000036__,24.00,02,,01,04,02,01,07,01,01,01,100,FE,S,ATLANTIC ST,,,,50,25,26,,,N,,32
2018132218-9087,MONMOUTH,KEYPORT BORO,09/03/2018,MO,1157,01,KEYPORT PD,,0,1,0,0,I,I,N,N,01,2,NJ 36,S,36,,00000036__,24.12,02,,01,04,02,01,01,01,01,01,,AT,E,CR 4 / BROAD ST,,,,50,30,26,,,N,,29
2018132218-9107,MONMOUTH,KEYPORT BORO,09/04/2018,TU,0912,01,KEYPORT PD,,0,0,0,0,P,B,N,N,01,2,MAPLE PLACE,W,,,,,07,,01,04,01,01,01,01,02,01,10,FE,S,NJ 35,,,,25,50,,,,N,,34
2018132218-9146,MONMOUTH,KEYPORT BORO,09/05/2018,WE,1803,01,KEYPORT PD,,0,0,0,0,P,B,N,N,01,2,NJ 35,S,35,,00000035__,43.30,02,,01,04,02,01,01,01,04,01,20,FE,E,GARDEN STATE PARKWAY RAMP,,,,25,50,26,,,N,,37
2018132218-9169,MONMOUTH,KEYPORT BORO,09/06/2018,TH,1007,01,KEYPORT PD,,0,2,0,0,I,B,N,N,01,2,NJ 35,S,35,,00000035__,43.30,02,,01,04,02,01,01,01,01,01,20,FE,E,,F,GARDEN STATE PARKWAY,,50,,26,,,N,,35
2018132218-9185,MONMOUTH,KEYPORT BORO,09/06/2018,TH,1600,01,KEYPORT PD,,0,2,0,0,I,B,N,N,02,3,NJ 35,S,35,,00000035__,43.11,02,,01,04,02,01,01,01,03,01,25,FE,N,NJ 35,,,,50,50,26,,,N,UTURN SIGN HWY 35,37
2018132218-9243,MONMOUTH,KEYPORT BORO,09/07/2018,FR,2302,01,KEYPORT PD,,0,2,0,0,I,I,N,N,03,2,NJ 36,N,36,,00000036__,24.12,02,,01,04,02,01,06,01,01,01,,AT,,CR 4 / BROAD ST,,,,50,25,26,,,Y,MINOR DAMAGE TO HWY 36 CONCRETE BARRIER MEDIAN AND SIGN.,38
2018132218-9256,MONMOUTH,KEYPORT BORO,09/08/2018,SA,1029,01,KEYPORT PD,,0,0,0,0,P,B,N,N,06,2,MONMOUTH COUNTY 4 II,S,4,2,130000042_,9.15,05,,01,04,02,01,01,01,05,01,200,FE,S,CR 6 / E FRONT ST,,,,25,25,26,,,N,,34
2018132218-9311,MONMOUTH,KEYPORT BORO,09/09/2018,SU,1826,01,KEYPORT PD,,0,0,0,0,P,B,N,N,01,2,NJ 36,N,36,,00000036__,24.02,02,,01,04,02,02,01,02,01,01,20,FE,S,ATLANTIC ST,,,,50,25,26,,,N,,34
2018132218-9336,MONMOUTH,KEYPORT BORO,09/10/2018,MO,1330,01,KEYPORT PD,,0,0,0,0,P,B,N,N,11,1,NJ 35,N,35,,00000035__,43.69,02,,03,05,02,02,01,02,01,01,130,FE,E,LUPPATATONG AVE,,,,50,25,48,,,N,,#24
2018132218-9341,MONMOUTH,KEYPORT BORO,09/10/2018,MO,1634,01,KEYPORT PD,,0,0,0,0,P,B,N,N,11,1,NJ 35,N,35,,00000035__,43.26,02,,03,04,02,02,01,02,03,01,25,FE,S,BEERS ST,,,,50,25,56,,,N,,37
2018132218-9342,MONMOUTH,KEYPORT BORO,09/10/2018,MO,1644,01,KEYPORT PD,,0,0,0,0,P,I,N,N,11,1,NJ 35,N,35,,00000035__,43.12,02,,02,05,02,02,01,02,02,01,,AT,,NJ 36,,,,50,50,56,,,N,,#24
2018132218-9368,MONMOUTH,KEYPORT BORO,09/11/2018,TU,0656,01,KEYPORT PD,,0,0,0,0,P,B,N,N,11,4,NJ 35,N,35,,00000035__,43.20,02,,01,05,02,02,01,02,04,01,50,FE,,BEERS ST,,,,50,25,26,,,N,FENCE,37
2018132218-9377,MONMOUTH,KEYPORT BORO,09/11/2018,TU,1609,01,KEYPORT PD,,0,1,0,0,I,B,N,N,01,2,NJ 36,S,36,,00000036__,24.14,02,,01,04,02,01,01,01,01,01,100,FE,W,MAIN ST,,,,50,30,26,,,N,,#24
2018132218-9400,MONMOUTH,KEYPORT BORO,09/12/2018,WE,0933,01,KEYPORT PD,,0,0,0,0,P,B,N,N,11,1,NJ 36,N,36,,00000036__,24.02,02,,01,04,02,01,01,01,01,01,10,FE,N,ATLANTIC ST,,,,50,25,48,,,N,,34
2018132218-9405,MONMOUTH,KEYPORT BORO,09/12/2018,WE,1453,01,KEYPORT PD,,0,0,0,0,P,B,N,N,01,2,ROUTE 516,W,516,,00000516__,9.22,05,,01,04,02,01,01,01,02,01,10,FE,S,NJ 35,,,,25,50,26,,,N,,34
2018132218-9415,MONMOUTH,KEYPORT BORO,09/12/2018,WE,2355,01,KEYPORT PD,,0,1,0,0,I,I,N,N,03,2,NJ 36,N,36,,00000036__,24.12,02,,01,04,02,02,06,02,01,01,,AT,,CR 4 / BROAD ST,,,,50,25,26,,,N,,38
2018132218-9456,MONMOUTH,KEYPORT BORO,09/14/2018,FR,1534,01,KEYPORT PD,,0,0,0,0,P,B,N,N,01,2,BEERS ST **,W,,,13221060__,.74,07,,03,04,02,01,01,01,04,01,20,FE,N,NJ 35,,,,35,50,26,,,N,,37
2018132218-9503,MONMOUTH,KEYPORT BORO,09/15/2018,SA,1643,01,KEYPORT PD,,0,0,0,0,P,B,N,N,06,2,MONMOUTH COUNTY 4 II,S,4,2,130000042_,9.20,05,,01,04,02,01,01,01,04,01,50,FE,N,CR 6 / E FRONT ST,,,,30,30,26,,,N,,35
2018132218-9644,MONMOUTH,KEYPORT BORO,09/20/2018,TH,0716,01,KEYPORT PD,KEYPORT,0,0,0,0,P,B,N,N,01,3,NJ 36,N,36,,00000036__,24.04,02,,01,04,02,01,01,01,01,01,100,FE,N,ATLANTIC ST,,,,50,25,26,,,N,,
2018132218-9679,MONMOUTH,KEYPORT BORO,09/11/2018,TU,1743,01,KEYPORT PD,,0,0,0,0,P,B,N,N,01,2,NJ 35,S,35,,00000035__,43.77,02,,03,04,02,02,01,01,05,01,,,E,ROUTE 516/MAPLE PLACE,,,,50,35,26,,,N,,37
2018132218-9712,MONMOUTH,KEYPORT BORO,09/21/2018,FR,1822,01,KEYPORT PD,,0,0,0,0,P,I,N,N,06,3,MONMOUTH COUNTY 4 II,S,4,2,130000042_,9.26,05,,01,06,02,01,01,01,05,01,,AT,W,CR 6 / 1ST ST,,,,30,30,12,,,N,,
2018132218-9730,MONMOUTH,KEYPORT BORO,09/22/2018,SA,1043,01,KEYPORT PD,,0,0,0,0,P,I,N,N,06,2,ROUTE 516,W,516,,00000516__,9.06,05,,01,04,02,01,01,01,05,01,,AT,,ORCHARD ST,,,,35,25,28,,,N,,20
2018132218-9813,MONMOUTH,KEYPORT BORO,09/25/2018,TU,0655,01,KEYPORT PD,,0,0,0,0,P,B,N,N,06,2,ROUTE 516,S,516,,00000516__,10.31,05,,01,05,02,02,01,02,05,01,200,FE,S,HURLEY ST,,,,30,30,26,,,N,,37
2018132218-9830,MONMOUTH,KEYPORT BORO,09/25/2018,TU,1722,01,KEYPORT PD,,0,0,0,0,P,B,N,N,01,2,NJ 36,N,36,,00000036__,23.98,02,,01,04,02,01,01,01,01,01,200,FE,S,ATLANTIC ST,,,,50,30,26,,,N,,35
2018132218-9902,MONMOUTH,KEYPORT BORO,09/27/2018,TH,1751,01,KEYPORT PD,,0,0,0,0,P,I,N,N,03,2,MONMOUTH COUNTY 4 II,N,4,2,130000042_,9.26,05,,01,04,02,01,01,01,05,01,,AT,W,CR 6 / 1ST ST,,,,30,30,26,,,N,,29
2018132218-9938,MONMOUTH,KEYPORT BORO,09/28/2018,FR,2137,01,KEYPORT PD,KEYPORT,0,0,0,0,P,B,N,N,02,2,ATLANTIC ST **,W,,,13221027__,.83,07,,01,04,02,01,06,01,04,,10,FE,E,NJ 36,,,,35,55,26,,,N,,36
2018132218-9981,MONMOUTH,KEYPORT BORO,09/30/2018,SU,0747,01,KEYPORT PD,,0,1,0,0,I,B,N,N,99,1,ATLANTIC ST **,N,,,13221027__,.38,07,,01,04,02,01,01,01,04,01,20,FE,E,ROUTE 516/MAIN ST,,,,30,30,11,,,N,,35
2018132219-7641,MONMOUTH,KEYPORT BORO,07/29/2018,SU,0356,01,KEYPORT PD,,0,1,0,0,I,I,N,N,11,1,NJ 35,S,35,,00000035__,43.82,02,,02,06,02,01,06,01,01,01,,AT,,ROUTE 516/MAPLE PLACE,,,,50,35,48,,,N,,32
201813222018008174,MONMOUTH,KEYPORT BORO,09/09/2018,SU,1858,01,UNION BEACH PD,,0,0,0,0,P,I,N,N,11,1,NJ 35,N,35,,00000035__,43.12,02,,02,05,02,02,01,02,02,01,,AT,,NJ 36,,,,50,50,,40.436610,74.204030,N,,26
201813231-2018-008814,MONMOUTH,LITTLE SILVER BORO,07/16/2018,MO,1141,01,LITTLE SILVER PD,,0,0,0,0,P,B,N,N,01,2,SILVERSIDE AVE,E,,,13231113__,.89,07,,01,04,02,01,01,01,05,01,,FE,W,CR 33 / SEVEN BRIDGE RD,,,,35,40,26,,,N,,134
20181323I-2018-000107,MONMOUTH,LITTLE SILVER BORO,01/03/2018,WE,0741,01,LITTLE SILVER PD,,0,0,0,0,P,B,N,N,02,2,MONMOUTH COUNTY 13 A,,13,A,13000013A_,3.76,05,,01,04,02,01,01,01,05,01,25,FE,E,CR 11 / BRANCH AVE,,,,40,35,26,,,N,,129
20181323I-2018-000116,MONMOUTH,LITTLE SILVER BORO,01/03/2018,WE,1308,01,LITTLE SILVER PD,,0,0,0,0,P,B,N,N,12,1,MONMOUTH COUNTY 11 II,,11,2,130000112_,1.93,05,,01,04,02,01,01,01,05,01,25,FE,N,BROOKSIDE LN,,,,35,25,24,,,N,,129
20181323I-2018-000123,MONMOUTH,LITTLE SILVER BORO,01/03/2018,WE,1724,01,LITTLE SILVER PD,484,0,0,0,0,P,B,N,N,01,2,MONMOUTH COUNTY 11 II,,11,2,130000112_,1.25,05,,01,04,02,01,05,01,05,01,75,FE,S,SILVERSIDE AVE,,,,35,,26,,,N,,116
20181323I-2018-000167,MONMOUTH,LITTLE SILVER BORO,01/04/2018,TH,1528,01,LITTLE SILVER PD,,0,1,0,0,I,I,N,N,03,2,MONMOUTH COUNTY 33,,33,,13000033__,2.94,05,,01,04,02,03,01,03,05,01,,AT,,PINE DR,,,,40,25,26,,,N,,129
20181323I-2018-000208,MONMOUTH,LITTLE SILVER BORO,01/05/2018,FR,1445,01,LITTLE SILVER PD,,0,1,0,0,I,I,N,N,07,2,MONMOUTH COUNTY 11 II,,11,2,130000112_,1.48,05,,01,04,02,02,01,01,05,01,,AT,,CR 13 A / SYCAMORE DR / WILLOW DR,,,,35,40,26,,,N,,131
20181323I-2018-000236,MONMOUTH,LITTLE SILVER BORO,01/06/2018,SA,1140,01,LITTLE SILVER PD,,0,0,0,0,P,B,N,N,01,2,ROUTE 520,,520,,00000520__,17.90,05,,01,04,02,02,01,01,05,01,30,FE,W,RUSTIC TER,,,,35,25,26,,,N,,131
20181323I-2018-000318,MONMOUTH,LITTLE SILVER BORO,01/08/2018,MO,1650,01,LITTLE SILVER PD,LITTLE SILVER,0,0,0,0,P,B,N,N,01,2,MONMOUTH COUNTY 11 II,,11,2,130000112_,1.25,05,,01,04,02,02,06,02,05,01,40,FE,S,SILVERSIDE AVE,,,,35,35,26,,,N,,137
20181323I-2018-000319,MONMOUTH,LITTLE SILVER BORO,01/08/2018,MO,1917,01,LITTLE SILVER PD,,0,0,0,0,P,I,N,N,12,1,ROUTE 520,,520,,00000520__,17.61,05,,01,04,02,02,07,02,05,01,,AT,,BENNETT LN,,,,35,25,24,,,N,,139
20181323I-2018-000340,MONMOUTH,LITTLE SILVER BORO,01/09/2018,TU,0746,01,LITTLE SILVER PD,LITTLE SILVER,0,0,0,0,P,B,N,N,06,2,N SUNNYCREST DR **,,,,13231057__,.11,07,,01,04,02,01,01,01,05,01,35,FE,W,LITTLE SILVER PKWY,,,,25,25,28,,,N,,137
20181323I-2018-000635,MONMOUTH,LITTLE SILVER BORO,01/17/2018,WE,0705,01,LITTLE SILVER PD,,0,0,0,0,P,B,N,N,08,2,WHITE RD,,,,13451114__,.45,07,,01,04,02,01,01,03,05,01,20,FE,W,WOODLAND STREET,,,,35,25,26,,,N,,139
20181323I-2018-000644,MONMOUTH,LITTLE SILVER BORO,01/17/2018,WE,0820,01,LITTLE SILVER PD,,0,0,0,0,P,B,N,N,06,2,MARKHAM PL **,,,,13231074__,.22,07,,01,06,02,02,01,03,05,01,200,FE,E,LOVETT AVE,,,,25,25,28,,,N,,126
20181323I-2018-000751,MONMOUTH,LITTLE SILVER BORO,01/19/2018,FR,0807,01,LITTLE SILVER PD,,0,0,0,0,P,B,N,N,08,2,N SUNNYCREST DR **,,,,13231057__,.00,07,,03,04,02,01,01,01,05,01,200,FE,S,WHITE RD,,,,25,35,28,,,N,,134
20181323I-2018-000759,MONMOUTH,LITTLE SILVER BORO,01/19/2018,FR,1544,01,LITTLE SILVER PD,,0,0,0,0,P,I,N,N,03,2,MONMOUTH COUNTY 11 II,,11,2,130000112_,2.16,05,,01,04,02,01,01,01,05,01,,AT,,MARKHAM PL,,,,35,25,26,,,N,,124
20181323I-2018-000884,MONMOUTH,LITTLE SILVER BORO,01/22/2018,MO,1405,01,LITTLE SILVER PD,,0,0,0,0,P,B,N,N,11,1,WOODBINE AVE **,,,,13231035__,.38,07,,01,04,02,01,01,01,05,01,15,FE,E,ROUTE 520 / BRANCH AVE,,,,25,35,56,,,N,,139
20181323I-2018-000895,MONMOUTH,LITTLE SILVER BORO,01/22/2018,MO,1751,01,LITTLE SILVER PD,,0,1,0,0,I,I,N,N,07,2,MONMOUTH COUNTY 11 II,,11,2,130000112_,1.48,05,,01,04,02,01,07,01,05,01,,AT,,CR 13 A / SYCAMORE DR / WILLOW DR,,,,35,40,26,,,N,,139
20181323I-2018-000984,MONMOUTH,LITTLE SILVER BORO,01/24/2018,WE,1210,01,LITTLE SILVER PD,,0,0,0,0,P,B,N,N,08,2,95 MARKHAM PLACE (PARKING LOT),,,,,,08,,01,04,02,01,01,01,05,01,,,,,,,,,,26,,,N,,134
20181323I-2018-001527,MONMOUTH,LITTLE SILVER BORO,02/02/2018,FR,1740,01,LITTLE SILVER PD,,0,0,0,0,P,B,N,N,01,2,SILVERSIDE AVE,,,,13231113__,.89,07,,01,04,02,04,06,01,05,01,10,FE,W,CR 33 / SEVEN BRIDGE RD,,,,35,40,26,,,N,,134
20181323I-2018-001709,MONMOUTH,LITTLE SILVER BORO,02/06/2018,TU,1142,01,LITTLE SILVER PD,,0,0,0,0,P,I,N,N,11,1,RUMSON PLACE,,,,,,07,,01,04,02,01,01,01,05,01,,AT,,BROAD STREET,,,,25,30,56,,,N,DAMAGE TO MULTIPLE ROADWAY TRAFFIC SIGNS AND SUPPORT POSTS AS WELL AS SIDEWALK ?,125
20181323I-2018-001836,MONMOUTH,LITTLE SILVER BORO,02/09/2018,FR,0757,01,LITTLE SILVER PD,,0,0,0,0,P,B,N,N,02,2,LIPPINCOTT RD **,,,,13231005__,.61,07,,01,04,02,01,01,05,05,01,200,FE,S,LITTLE SILVER POINT RD,,,,25,25,26,,,N,,126
20181323I-2018-002171,MONMOUTH,LITTLE SILVER BORO,02/16/2018,FR,2154,01,LITTLE SILVER PD,,0,0,0,0,P,B,N,N,01,2,AYERS LN **,,,,13231100__,.13,07,,01,04,02,01,06,01,05,01,10,FE,N,CR 11 II / OCEANPORT AVE,,,,25,35,26,,,N,,134