Year(4)-CountyCode(2)-MunicipalityCode(2)-CaseNumber(9),County Name,Municipality Name,Crash Date,Crash Day of Week,Crash Time,Police Department Code,Police Department,Police Station,Total Killed,Total Injured,Pedestrians Killed,Pedestrians Injured,Severity,Intersection,Alcohol Involved,Hazmat Involved,Crash Type,Total Vehicles,Location,Location Direction,Route,Route Suffix,Std Rte Identifier,MilePost,Road System,Road Character,Road Horizontal Alignment,Road Grade,Road Surface Type,Surface Condition,Light Condition,Environmental Condition,Road Divided By,Temporary Traffic Control Zone,Distance To Cross Street,Unit Of Measurement,Direction From Cross Street,Cross Street Name,Is Ramp,Ramp To/From Route Name,Ramp To/From Route Direction,Posted Speed,Posted Speed Cross Street,First Harmful Event,Latitude,Longitude,Cell Phone In Use Flag,Other Property Damage,Reporting Badge No.
20181323I-2018-002354,MONMOUTH,LITTLE SILVER BORO,02/20/2018,TU,1854,01,LITTLE SILVER PD,,0,0,0,0,P,B,Y,N,01,3,ROUTE 520,,520,,00000520__,17.90,05,,01,04,02,01,07,01,05,01,50,FE,W,RUSTIC TER,,,,35,,26,,,N,,126
20181323I-2018-002417,MONMOUTH,LITTLE SILVER BORO,02/22/2018,TH,0804,01,LITTLE SILVER PD,,0,0,0,0,P,B,N,N,01,2,MONMOUTH COUNTY 13B I,,13,1,13000013B1,.74,05,,01,04,02,01,01,05,05,01,20,FE,S,KINGS RD,,,,30,25,26,,,N,,140
20181323I-2018-002435,MONMOUTH,LITTLE SILVER BORO,02/22/2018,TH,1624,01,LITTLE SILVER PD,,0,2,0,0,I,B,N,N,01,3,MONMOUTH COUNTY 11 II,,11,2,130000112_,2.33,05,,01,04,02,02,01,02,05,01,10,FE,N,SILVERTON AVENUE,,,,35,25,26,,,N,,131
20181323I-2018-002501,MONMOUTH,LITTLE SILVER BORO,02/24/2018,SA,1101,01,LITTLE SILVER PD,LITTLE SILVER,0,0,0,0,P,B,N,N,08,2,705 BRANCH AVE PARKING LOT,,,,,,08,,01,04,02,01,01,01,05,01,,,,,,,,,,26,,,N,,137
20181323I-2018-002513,MONMOUTH,LITTLE SILVER BORO,02/24/2018,SA,1939,01,LITTLE SILVER PD,,0,0,0,0,P,I,N,N,11,1,RUMSON PL **,,,,13231048__,.22,07,,01,04,02,02,07,01,02,01,,AT,,GARDEN RD,,,,25,25,56,,,N,DAMAGE TO DECORATIVE LIGHT POST IN CENTER ISLAND OF ROADWAY.,125
20181323I-2018-002804,MONMOUTH,LITTLE SILVER BORO,03/02/2018,FR,1551,01,LITTLE SILVER PD,,0,0,0,0,P,I,N,N,11,1,MONMOUTH COUNTY 13B II,,13,2,13000013B2,.00,05,,01,04,02,02,01,03,02,01,,AT,,CR 13B / PROSPECT AVE,,,,35,30,56,,,N,DAMAGE WAS SUSTAINED TO A SIGN THAT WAS LOCATED ON THE CENTER ISLAND OF ROADWAY.,140
20181323I-2018-003086,MONMOUTH,LITTLE SILVER BORO,03/08/2018,TH,1953,01,LITTLE SILVER PD,,0,1,0,0,I,B,N,N,01,2,MONMOUTH COUNTY 13 A,,13,A,13000013A_,3.70,05,,01,04,02,01,07,01,05,01,10,FE,W,AYERS LN,,,,40,25,26,,,N,,139
20181323I-2018-003172,MONMOUTH,LITTLE SILVER BORO,03/10/2018,SA,1250,01,LITTLE SILVER PD,LITTLE SILVER,0,0,0,0,P,B,N,N,06,2,101 RIDGE ROAD (PARKING LOT),,,,,,08,,01,04,02,01,01,01,05,01,,,,,,,,,,28,,,N,,137
20181323I-2018-003396,MONMOUTH,LITTLE SILVER BORO,03/15/2018,TH,1445,01,LITTLE SILVER PD,,0,0,0,0,P,B,N,N,01,2,MONMOUTH COUNTY 11 II,,11,2,130000112_,2.33,05,,01,04,02,01,01,01,05,01,200,FE,N,ROUTE 520 / RUMSON RD,,,,35,35,26,,,N,,126
20181323I-2018-003441,MONMOUTH,LITTLE SILVER BORO,03/16/2018,FR,1257,01,LITTLE SILVER PD,,0,1,0,0,I,B,N,N,01,2,MONMOUTH COUNTY 13B I,,13,1,13000013B1,.87,05,,01,04,02,01,01,01,05,01,75,FE,S,MARKHAM PL,,,,30,25,26,,,N,,140
20181323I-2018-003574,MONMOUTH,LITTLE SILVER BORO,03/19/2018,MO,0649,01,LITTLE SILVER PD,,0,0,0,0,P,I,N,N,03,2,MONMOUTH COUNTY 33,,33,,13000033__,1.96,05,,01,04,02,01,01,01,05,01,,AT,,SILVERSIDE AVE,,,,40,35,26,,,N,,139
20181323I-2018-003609,MONMOUTH,LITTLE SILVER BORO,03/19/2018,MO,1617,01,LITTLE SILVER PD,,0,0,0,0,P,B,N,N,01,2,MARKHAM PL **,,,,13231074__,.00,07,,01,04,02,01,01,01,05,01,60,FE,W,CR 13B,,,,25,30,26,,,N,,126
20181323I-2018-003642,MONMOUTH,LITTLE SILVER BORO,03/20/2018,TU,1253,01,LITTLE SILVER PD,,0,0,0,0,P,B,N,N,08,2,1 HARRISON AVE (PARKING LOT),,,,,,09,,01,04,02,01,01,01,05,01,,,,,,,,,,28,,,N,,139
20181323I-2018-003993,MONMOUTH,LITTLE SILVER BORO,03/28/2018,WE,1454,01,LITTLE SILVER PD,,0,0,0,0,P,B,N,N,01,2,MONMOUTH COUNTY 11 II,,11,2,130000112_,1.48,05,,01,04,02,01,01,01,05,01,5,FE,N,CR 13 A / SYCAMORE DR / WILLOW DR,,,,35,40,26,,,N,,139
20181323I-2018-004178,MONMOUTH,LITTLE SILVER BORO,04/02/2018,MO,0822,01,LITTLE SILVER PD,,0,0,0,0,P,B,N,N,11,1,ROUTE 520,,520,,00000520__,18.35,05,,01,04,02,03,01,03,05,01,25,FE,E,HARRISON AVE,,,,40,25,56,,,N,TELEPHONE POLE JC 78 LSB WAS STRUCK BY VEHICLE #1. NO PHYSICAL DAMAGE OBSERVED.,139
20181323I-2018-004179,MONMOUTH,LITTLE SILVER BORO,04/02/2018,MO,0825,01,LITTLE SILVER PD,,0,0,0,0,P,B,N,N,11,1,MONMOUTH COUNTY 34,,34,,13000034__,.86,05,,01,04,02,03,01,03,05,01,200,FE,W,ALDERBROOK RD / OAKLAWN RD,,,,35,25,56,,,N,METAL SIGN POST (NO STOPPING OR STANDING),126
20181323I-2018-004327,MONMOUTH,LITTLE SILVER BORO,04/05/2018,TH,1119,01,LITTLE SILVER PD,,0,0,0,0,P,B,N,N,02,2,ROUTE 520,,520,,00000520__,18.64,05,,01,04,02,01,01,01,05,01,15,FE,W,HARDING RD,,,,35,35,26,,,N,,140
20181323I-2018-004507,MONMOUTH,LITTLE SILVER BORO,04/09/2018,MO,1611,01,LITTLE SILVER PD,,0,1,0,0,I,B,N,N,01,5,ROUTE 520,,520,,00000520__,18.65,05,,01,04,02,01,01,01,05,01,30,FE,E,HARDING RD,,,,35,35,26,,,N,,131
20181323I-2018-004557,MONMOUTH,LITTLE SILVER BORO,04/10/2018,TU,1757,01,LITTLE SILVER PD,,0,0,0,0,P,I,N,N,01,2,SILVERSIDE AVE,,,,13231113__,.89,07,,01,04,02,01,01,01,05,01,,AT,,CR 33 / SEVEN BRIDGE RD,,,,35,40,26,,,N,,131
20181323I-2018-004596,MONMOUTH,LITTLE SILVER BORO,04/11/2018,WE,1222,01,LITTLE SILVER PD,,0,0,0,0,P,I,N,N,01,2,SILVERSIDE AVE,,,,13231113__,.24,07,,01,04,02,01,01,01,05,01,,AT,W,EDGEWOOD AVE,,,,35,25,26,,,N,,127
20181323I-2018-004687,MONMOUTH,LITTLE SILVER BORO,04/13/2018,FR,0958,01,LITTLE SILVER PD,,0,0,0,0,P,B,N,N,01,2,SILVERSIDE AVE,,,,13231113__,.89,07,,01,04,02,01,01,01,05,01,5,FE,W,CR 33 / SEVEN BRIDGE RD,,,,35,40,26,,,N,,140
20181323I-2018-004698,MONMOUTH,LITTLE SILVER BORO,04/13/2018,FR,1451,01,LITTLE SILVER PD,,0,0,0,0,P,B,N,N,08,2,101 RIDGE ROAD (PARKING LOT),,,,,,08,,01,04,02,01,01,01,05,01,,,,,,,,,,26,,,N,,140
20181323I-2018-004739,MONMOUTH,LITTLE SILVER BORO,04/14/2018,SA,1013,01,LITTLE SILVER PD,,0,0,0,0,P,B,N,N,02,2,MONMOUTH COUNTY 33,,33,,13000033__,3.34,05,,01,04,02,01,01,01,05,01,10,FE,S,ROUTE 520 / RUMSON RD,,,,40,35,26,,,N,,140
20181323I-2018-004840,MONMOUTH,LITTLE SILVER BORO,04/16/2018,MO,1547,01,LITTLE SILVER PD,,0,0,0,0,P,B,N,N,01,2,ROUTE 520,,520,,00000520__,18.64,05,,01,04,02,01,01,01,05,01,20,FE,E,HARDING RD,,,,35,35,26,,,N,,140
20181323I-2018-004965,MONMOUTH,LITTLE SILVER BORO,04/18/2018,WE,1217,01,LITTLE SILVER PD,,0,1,0,0,I,B,N,N,08,2,MONMOUTH COUNTY 13B I,,13,1,13000013B1,.12,05,,01,04,02,01,01,01,05,01,75,FE,E,PARKER AVE,,,,35,25,26,,,N,,140
20181323I-2018-005012,MONMOUTH,LITTLE SILVER BORO,04/19/2018,TH,1239,01,LITTLE SILVER PD,,0,1,0,0,I,B,N,N,01,2,ROUTE 520,,520,,00000520__,18.80,05,,01,04,02,01,01,05,05,01,200,FE,W,VISTA DR,,,,35,25,26,,,N,,127
20181323I-2018-005025,MONMOUTH,LITTLE SILVER BORO,04/19/2018,TH,1722,01,LITTLE SILVER PD,,0,0,0,0,P,B,N,N,02,2,ROUTE 520,,520,,00000520__,18.60,05,,01,04,02,01,01,01,05,01,20,FE,W,CR 33 / SEVEN BRIDGES RD,,,,35,40,26,,,N,,131
20181323I-2018-005057,MONMOUTH,LITTLE SILVER BORO,04/20/2018,FR,1308,01,LITTLE SILVER PD,LITTLE SILVER,0,1,0,0,I,B,N,N,04,3,MONMOUTH COUNTY 33,,33,,13000033__,2.16,05,,01,04,02,01,01,01,05,01,20,FE,N,PAAG LN,,,,40,25,26,,,N,A BUSH IN THE FRONT YARD OF 571 SEVEN BRIDGE ROAD WAS DAMAGED AFTER BEING STRUC?,137
20181323I-2018-005068,MONMOUTH,LITTLE SILVER BORO,04/20/2018,FR,1824,01,LITTLE SILVER PD,LITTLE SILVER,0,0,0,0,P,B,N,N,01,3,MONMOUTH COUNTY 13B II,,13,2,13000013B2,.30,05,,01,04,02,01,01,01,05,01,10,FE,W,ROUTE 520 / RUMSON RD,,,,35,35,26,,,N,,137
20181323I-2018-005092,MONMOUTH,LITTLE SILVER BORO,04/21/2018,SA,1146,01,LITTLE SILVER PD,,0,0,0,0,P,I,N,N,03,2,ROUTE 520,,520,,00000520__,18.35,05,,01,04,02,01,01,01,05,01,,AT,,HARRISON AVE,,,,35,25,26,,,N,,140
20181323I-2018-005093,MONMOUTH,LITTLE SILVER BORO,04/21/2018,SA,1301,01,LITTLE SILVER PD,,0,0,0,0,P,B,N,N,01,2,SILVERSIDE AVE,,,,13231113__,.89,07,,01,04,02,01,01,01,05,01,10,FE,W,CR 33 / SEVEN BRIDGE RD,,,,35,40,26,,,N,,140
20181323I-2018-005162,MONMOUTH,LITTLE SILVER BORO,04/23/2018,MO,0852,01,LITTLE SILVER PD,,0,0,0,0,P,B,N,N,06,2,N SUNNYCREST DR **,,,,13231057__,.07,07,,01,04,02,01,01,01,05,01,30,FE,E,SUNNYCREST CT,,,,25,25,28,,,N,,131
20181323I-2018-005255,MONMOUTH,LITTLE SILVER BORO,04/25/2018,WE,0857,01,LITTLE SILVER PD,,0,0,0,0,P,B,N,N,11,1,89 BIRCH AVE (PRIVATE PROPERTY,,,,,,09,,01,04,02,02,01,02,05,01,,,,,,,,,,69,,,N,89 BIRCH AVNEUE (PRIVATE PROPERTY) RETAINING WALL.,129
20181323I-2018-005261,MONMOUTH,LITTLE SILVER BORO,04/25/2018,WE,1442,01,LITTLE SILVER PD,,0,0,0,0,P,B,N,N,08,2,100 BRANCH AVE (PARKIN G LOT),,,,,,08,,01,04,02,01,01,01,05,01,,,,,,,,,,26,,,N,,127
20181323I-2018-005287,MONMOUTH,LITTLE SILVER BORO,05/20/2018,SU,1156,01,LITTLE SILVER PD,,0,0,0,0,P,I,N,N,11,1,MONMOUTH COUNTY 33,,33,,13000033__,1.96,05,,01,04,02,01,01,01,05,01,,AT,,SILVERSIDE AVE,,,,40,35,56,,,N,,126
20181323I-2018-005439,MONMOUTH,LITTLE SILVER BORO,04/30/2018,MO,1258,01,LITTLE SILVER PD,,0,0,0,0,P,B,N,N,11,1,22 FAIRVIEW AVE (PARKIN GLOT),,,,,,08,,01,04,02,01,01,01,05,01,,,,,,,,,,69,,,N,FIXED OBJECT: (FIXED AND FENCE POST) LOCATED ON MUNICIPAL PROPERTY.,129
20181323I-2018-005527,MONMOUTH,LITTLE SILVER BORO,05/02/2018,WE,1126,01,LITTLE SILVER PD,,0,0,0,0,P,B,N,N,01,2,MONMOUTH COUNTY 11 II,,11,2,130000112_,1.67,05,,01,04,02,01,01,01,05,01,300,FE,S,BIRCH AVE,,,,35,25,26,,,N,,140
20181323I-2018-005743,MONMOUTH,LITTLE SILVER BORO,05/07/2018,MO,1520,01,LITTLE SILVER PD,,0,1,0,0,I,B,N,N,01,2,MONMOUTH COUNTY 11 II,,11,2,130000112_,1.21,05,,01,04,02,01,01,01,05,01,50,FE,S,ESSEX DR,,,,35,25,26,,,N,,134
20181323I-2018-005804,MONMOUTH,LITTLE SILVER BORO,05/08/2018,TU,1728,01,LITTLE SILVER PD,,0,0,0,0,P,B,N,N,06,2,ROUTE 520,,520,,00000520__,17.63,05,,01,04,02,01,01,01,05,01,100,FE,N,BENNETT LN,,,,35,25,28,,,N,,134
20181323I-2018-006221,MONMOUTH,LITTLE SILVER BORO,05/18/2018,FR,1239,01,LITTLE SILVER PD,,0,0,0,0,P,B,N,N,01,2,SILVERSIDE AVE,,,,13231113__,.89,07,,01,04,02,01,01,01,05,01,5,FE,W,CR 33 / SEVEN BRIDGE RD,,,,35,40,26,,,N,,139
20181323I-2018-006415,MONMOUTH,LITTLE SILVER BORO,05/22/2018,TU,1638,01,LITTLE SILVER PD,,0,0,0,0,P,B,N,N,11,1,145 WHITE ROAD (PARKING LOT),,,,,,09,,01,04,03,02,01,02,05,01,,,,,,,,,,69,,,N,DAMAGE TO SEVERAL LANDSCAPE PAVERS AND TWO (2) BRICK OVEN OUTDOOR FIRE PLACES O?,131
20181323I-2018-006548,MONMOUTH,LITTLE SILVER BORO,05/24/2018,TH,1232,01,LITTLE SILVER PD,,0,0,0,0,P,B,N,N,01,2,MONMOUTH COUNTY 11 II,,11,2,130000112_,1.73,05,,01,04,02,01,01,01,05,01,5,FE,S,BIRCH AVE,,,,35,25,26,,,N,,139
20181323I-2018-006601,MONMOUTH,LITTLE SILVER BORO,05/25/2018,FR,1355,01,LITTLE SILVER PD,,0,0,0,0,P,B,N,N,01,2,MONMOUTH COUNTY 11 II,,11,2,130000112_,1.93,05,,01,04,02,01,01,01,05,01,10,FE,S,BROOKSIDE LN,,,,35,25,26,,,N,,134
20181323I-2018-006641,MONMOUTH,LITTLE SILVER BORO,05/26/2018,SA,1221,01,LITTLE SILVER PD,,0,1,0,0,I,B,N,N,01,2,ROUTE 520,,520,,00000520__,18.21,05,,01,04,02,01,01,01,05,01,30,FE,E,CR 13 B / PROSPECT AVE,,,,35,35,26,,,N,,134
20181323I-2018-006700,MONMOUTH,LITTLE SILVER BORO,05/27/2018,SU,1840,01,LITTLE SILVER PD,,0,2,0,0,I,I,N,N,07,2,MONMOUTH COUNTY 11 II,,11,2,130000112_,1.26,05,,01,04,02,02,01,05,05,01,,AT,E,SILVERSIDE AVE,,,,35,35,26,,,N,,129
20181323I-2018-006786,MONMOUTH,LITTLE SILVER BORO,05/29/2018,TU,1501,01,LITTLE SILVER PD,,0,0,0,0,P,B,N,N,01,2,ROUTE 520,,520,,00000520__,18.01,05,,01,04,02,01,01,01,05,01,150,FE,E,N LOVETT AVE,,,,35,25,26,,,N,,127
20181323I-2018-006921,MONMOUTH,LITTLE SILVER BORO,06/01/2018,FR,2046,01,LITTLE SILVER PD,LITTLE SILVER,0,2,0,0,I,B,N,N,01,2,MONMOUTH COUNTY 11 II,,11,2,130000112_,2.25,05,,01,04,02,01,06,01,05,01,15,FE,S,WINFIELD DR,,,,35,25,26,,,N,,137
20181323I-2018-006954,MONMOUTH,LITTLE SILVER BORO,06/02/2018,SA,2004,01,LITTLE SILVER PD,LITTLE SILVER,0,0,0,0,P,B,N,N,01,2,MONMOUTH COUNTY 33,,33,,13000033__,1.96,05,,01,04,02,01,01,01,05,01,10,FE,S,SILVERSIDE AVE,,,,40,35,26,,,N,,137
20181323I-2018-007115,MONMOUTH,LITTLE SILVER BORO,06/06/2018,WE,0943,01,LITTLE SILVER PD,,0,0,0,0,P,B,N,N,01,2,AYERS LN **,,,,13231100__,.13,07,,01,04,02,01,01,01,05,01,25,FE,N,CR 11 II / OCEANPORT AVE,,,,25,35,26,,,N,,129
20181323I-2018-007248,MONMOUTH,LITTLE SILVER BORO,06/09/2018,SA,1152,01,LITTLE SILVER PD,,0,1,0,0,I,I,N,N,03,2,MONMOUTH COUNTY 11 II,,11,2,130000112_,2.66,05,,01,04,02,01,01,01,05,01,,AT,,ROUTE 520 / PINCKNEY RD,,,,35,35,26,,,N,,140
20181323I-2018-007310,MONMOUTH,LITTLE SILVER BORO,06/11/2018,MO,1450,01,LITTLE SILVER PD,LITTLE SILVER ?,0,0,0,0,P,B,N,N,08,2,101 RIDGE ROAD (PARKING LOT),,,,,,08,,01,04,02,01,01,01,05,01,,,,,,,,,,26,,,N,,137
20181323I-2018-007364,MONMOUTH,LITTLE SILVER BORO,06/12/2018,TU,1642,01,LITTLE SILVER PD,486,0,1,0,1,I,I,N,N,13,1,PROSPECT AVE **,,,,13231070__,.64,07,,01,04,02,01,01,01,05,01,,AT,,CR 34 / HARDING RD,,,,35,30,22,,,N,,116
20181323I-2018-007414,MONMOUTH,LITTLE SILVER BORO,06/13/2018,WE,1614,01,LITTLE SILVER PD,,0,0,0,0,P,B,N,N,06,2,100 AYERS LANE (PARKING LOT),,,,,,08,,01,04,02,01,01,01,05,01,,,,,,,,,,28,,,N,,131
20181323I-2018-007513,MONMOUTH,LITTLE SILVER BORO,06/15/2018,FR,1854,01,LITTLE SILVER PD,,0,0,0,0,P,B,N,N,08,2,100 AYERS LANE (PARKING LOT),,,,,,04,,01,04,02,01,01,01,05,01,,,,,,,,,,26,,,N,,126
20181323I-2018-007545,MONMOUTH,LITTLE SILVER BORO,06/16/2018,SA,1243,01,LITTLE SILVER PD,LITTLE SILVER,0,0,0,0,P,B,N,N,02,2,MONMOUTH COUNTY 13 A,,13,A,13000013A_,3.70,05,,01,04,02,01,01,01,05,01,25,FE,W,AYERS LN,,,,35,25,26,,,N,,137
20181323I-2018-007654,MONMOUTH,LITTLE SILVER BORO,06/19/2018,TU,0734,01,LITTLE SILVER PD,,0,1,0,0,I,I,N,N,01,3,MONMOUTH COUNTY 34,,34,,13000034__,.77,05,,01,04,,01,01,01,05,01,,AT,,PROSPECT AVE,,,,30,35,26,,,N,,127
20181323I-2018-007662,MONMOUTH,LITTLE SILVER BORO,06/19/2018,TU,1050,01,LITTLE SILVER PD,,0,0,0,0,P,I,N,N,03,3,MONMOUTH COUNTY 33,,33,,13000033__,2.63,05,,01,04,02,01,01,01,05,01,,AT,E,LITTLE SILVER POINT RD,,,,,25,26,,,N,,127
20181323I-2018-007875,MONMOUTH,LITTLE SILVER BORO,06/24/2018,SU,1036,01,LITTLE SILVER PD,,0,0,0,0,P,B,N,N,01,2,MONMOUTH COUNTY 11 II,,11,2,130000112_,2.33,05,,01,04,02,01,01,01,05,01,75,FE,N,ROUTE 520 / RUMSON RD,,,,35,35,26,,,N,,140
20181323I-2018-007886,MONMOUTH,LITTLE SILVER BORO,06/24/2018,SU,1738,01,LITTLE SILVER PD,,0,0,0,0,P,I,N,N,03,2,MONMOUTH COUNTY 11 II,,11,2,130000112_,1.26,05,,01,04,02,01,01,01,05,01,,AT,,SILVERSIDE AVE,,,,35,35,26,,,N,,140
20181323I-2018-007969,MONMOUTH,LITTLE SILVER BORO,06/26/2018,TU,1749,01,LITTLE SILVER PD,,0,0,0,0,P,B,N,N,03,2,MONMOUTH COUNTY 11 II,,11,2,130000112_,1.47,05,,01,04,02,01,01,01,05,01,75,FE,S,CR 13 A / SYCAMORE DR / WILLOW DR,,,,35,40,26,,,N,,129
20181323I-2018-008091,MONMOUTH,LITTLE SILVER BORO,06/28/2018,TH,1828,01,LITTLE SILVER PD,,0,1,0,0,I,B,N,N,01,2,MONMOUTH COUNTY 13B II,,13,2,13000013B2,.30,05,,01,05,02,01,01,01,05,01,20,FE,S,ROUTE 520 / RUMSON RD,,,,35,35,26,,,N,,140
20181323I-2018-008092,MONMOUTH,LITTLE SILVER BORO,06/28/2018,TH,1842,01,LITTLE SILVER PD,,0,0,0,0,P,I,N,N,01,2,AYERS LN **,,,,13231100__,.13,07,,01,04,02,01,01,01,05,01,,AT,,CR 11 II / OCEANPORT AVE,,,,25,35,26,,,N,,120
20181323I-2018-008201,MONMOUTH,LITTLE SILVER BORO,07/01/2018,SU,1021,01,LITTLE SILVER PD,LITTLE SILVER,0,0,0,0,P,I,N,N,03,2,MONMOUTH COUNTY 11 II,,11,2,130000112_,2.66,05,,01,04,02,01,01,01,05,01,,AT,,ROUTE 520 / PINCKNEY RD,,,,35,35,26,,,N,,137
20181323I-2018-008310,MONMOUTH,LITTLE SILVER BORO,07/03/2018,TU,1611,01,LITTLE SILVER PD,,0,0,0,0,P,I,N,N,03,2,MONMOUTH COUNTY 11 II,,11,2,130000112_,1.26,05,,01,04,02,01,01,01,05,01,,AT,,SILVERSIDE AVE,,,,35,35,26,,,N,,140
20181323I-2018-008370,MONMOUTH,LITTLE SILVER BORO,07/05/2018,TH,0946,01,LITTLE SILVER PD,,0,0,0,0,P,I,N,N,03,2,ROUTE 520,,520,,00000520__,18.33,05,,01,04,02,01,01,01,05,01,,AT,,CHURCH LN,,,,35,35,26,,,N,,139
20181323I-2018-008377,MONMOUTH,LITTLE SILVER BORO,07/05/2018,TH,1504,01,LITTLE SILVER PD,,0,1,0,0,I,I,N,N,10,1,LITTLE SILVER PT RD **,,,,13231001__,.58,07,,01,04,02,01,01,01,05,01,,AT,,LIPPINCOTT RD,,,,25,25,56,,,N,DAMAGE TO TELEPHONE POLE # BT 60158 DAMAGE TO NO PARKING SIGN,139
20181323I-2018-008457,MONMOUTH,LITTLE SILVER BORO,07/07/2018,SA,1118,01,LITTLE SILVER PD,,0,0,0,0,P,B,N,N,01,2,SILVERSIDE AVE,,,,13231113__,.89,07,,01,04,02,01,01,01,05,01,10,FE,W,CR 33 / SEVEN BRIDGE RD,,,,35,40,26,,,N,,134
20181323I-2018-008504,MONMOUTH,LITTLE SILVER BORO,07/08/2018,SU,1704,01,LITTLE SILVER PD,,0,0,0,0,P,B,N,N,08,2,CONOVER PL **,,,,13231090__,.00,07,,01,04,02,01,01,01,05,01,100,FE,S,EASTVIEW AVE,,,,25,25,26,,,N,,134
20181323I-2018-008534,MONMOUTH,LITTLE SILVER BORO,07/09/2018,MO,1158,01,LITTLE SILVER PD,,0,0,0,0,P,B,N,N,01,2,SILVERSIDE AVE,,,,13231113__,.89,07,,01,04,02,01,01,01,05,01,10,FE,W,CR 33 / SEVEN BRIDGE RD,,,,35,40,26,,,N,,125
20181323I-2018-008632,MONMOUTH,LITTLE SILVER BORO,07/11/2018,WE,1300,01,LITTLE SILVER PD,,0,0,0,0,P,I,N,N,08,2,FAIRVIEW AVE **,,,,13231098__,.00,07,,01,04,02,01,01,01,05,04,,AT,N,SILVERSIDE AVE,,,,25,35,26,,,N,,124
20181323I-2018-008636,MONMOUTH,LITTLE SILVER BORO,07/11/2018,WE,1409,01,LITTLE SILVER PD,,0,0,0,0,P,I,N,N,11,1,HOLLY DR **,,,,13231022__,.10,07,,01,04,02,01,01,01,05,01,,AT,,CR 33 / SEVEN BRIDGES DR,,,,25,40,56,,,Y,,134
20181323I-2018-008708,MONMOUTH,LITTLE SILVER BORO,07/13/2018,FR,1414,01,LITTLE SILVER PD,,0,0,0,0,P,I,N,N,03,2,ROUTE 520,,520,,00000520__,18.60,05,,01,04,02,01,01,01,05,01,,AT,,CR 33 / SEVEN BRIDGES RD,,,,35,40,26,,,N,,139
20181323I-2018-008788,MONMOUTH,LITTLE SILVER BORO,07/15/2018,SU,1515,01,LITTLE SILVER PD,,0,0,0,0,P,B,N,N,01,2,MONMOUTH COUNTY 13B II,,13,2,13000013B2,.27,05,,01,04,02,01,01,01,05,01,135,FE,S,ROUTE 520 / RUMSON RD,,,,35,35,26,,,N,,139
20181323I-2018-009160,MONMOUTH,LITTLE SILVER BORO,07/24/2018,TU,1712,01,LITTLE SILVER PD,,0,1,0,0,I,I,N,N,01,2,AYERS LN **,S,,,13231100__,.13,07,,01,04,02,01,01,01,05,01,,AT,N,CR 11 II / OCEANPORT AVE,,,,25,,26,,,N,,126
20181323I-2018-009161,MONMOUTH,LITTLE SILVER BORO,07/24/2018,TU,1736,01,LITTLE SILVER PD,,0,1,0,0,I,B,N,N,01,2,ROUTE 520,,520,,00000520__,18.64,05,,01,04,02,01,01,01,05,01,5,FE,W,HARDING RD,,,,35,35,26,,,N,,139
20181323I-2018-009188,MONMOUTH,LITTLE SILVER BORO,07/25/2018,WE,1314,01,LITTLE SILVER PD,,0,1,0,0,I,B,N,N,01,2,SILVERSIDE AVE,,,,13231113__,.89,07,,01,04,02,,01,05,05,01,10,FE,W,CR 33 / SEVEN BRIDGE RD,,,,35,40,26,,,N,,134
20181323I-2018-009196,MONMOUTH,LITTLE SILVER BORO,07/25/2018,WE,1729,01,LITTLE SILVER PD,,0,0,0,0,P,I,N,N,03,2,SILVERSIDE AVE,,,,13231113__,.08,07,,01,04,02,02,01,02,05,01,,AT,,CONOVER PL,,,,35,25,26,,,N,,134
20181323I-2018-009394,MONMOUTH,LITTLE SILVER BORO,07/30/2018,MO,1610,01,LITTLE SILVER PD,,0,0,0,0,P,B,N,N,01,2,MONMOUTH COUNTY 11 II,,11,2,130000112_,2.33,05,,01,04,02,01,01,05,05,01,,FE,N,SILVERTON AVENUE,,,,35,25,26,,,N,,140
20181323I-2018-009461,MONMOUTH,LITTLE SILVER BORO,08/01/2018,WE,1233,01,LITTLE SILVER PD,,0,0,0,0,P,B,N,N,08,2,TINTON PL **,,,,13231099__,.00,07,,01,04,02,01,01,01,05,01,25,FE,W,FAIRVIEW AVE,,,,25,25,26,,,N,,129
20181323I-2018-009492,MONMOUTH,LITTLE SILVER BORO,08/02/2018,TH,0748,01,LITTLE SILVER PD,LITTLE SILVER,0,0,0,0,P,B,N,N,01,3,MONMOUTH COUNTY 11 II,,11,2,130000112_,2.25,05,,01,04,02,01,01,01,05,01,25,FE,S,WINFIELD DR,,,,35,25,26,,,N,,
20181323I-2018-009563,MONMOUTH,LITTLE SILVER BORO,08/04/2018,SA,1059,01,LITTLE SILVER PD,,0,0,0,0,P,B,N,N,08,2,705 BRANCH AVENUE (PARKING LOT),,,,,,08,,01,04,02,01,01,01,05,01,,,,,,,,,,26,,,N,,140
20181323I-2018-009639,MONMOUTH,LITTLE SILVER BORO,08/06/2018,MO,1047,01,LITTLE SILVER PD,LITTLE SILVER,0,0,0,0,P,I,N,N,03,2,ROUTE 520,,520,,00000520__,18.60,05,,01,04,02,01,01,01,05,01,,AT,,CR 33 / SEVEN BRIDGES RD,,,,35,40,26,,,N,,137