Year(4)-CountyCode(2)-MunicipalityCode(2)-CaseNumber(9),County Name,Municipality Name,Crash Date,Crash Day of Week,Crash Time,Police Department Code,Police Department,Police Station,Total Killed,Total Injured,Pedestrians Killed,Pedestrians Injured,Severity,Intersection,Alcohol Involved,Hazmat Involved,Crash Type,Total Vehicles,Location,Location Direction,Route,Route Suffix,Std Rte Identifier,MilePost,Road System,Road Character,Road Horizontal Alignment,Road Grade,Road Surface Type,Surface Condition,Light Condition,Environmental Condition,Road Divided By,Temporary Traffic Control Zone,Distance To Cross Street,Unit Of Measurement,Direction From Cross Street,Cross Street Name,Is Ramp,Ramp To/From Route Name,Ramp To/From Route Direction,Posted Speed,Posted Speed Cross Street,First Harmful Event,Latitude,Longitude,Cell Phone In Use Flag,Other Property Damage,Reporting Badge No.
2018132518LB09963,MONMOUTH,LONG BRANCH CITY,04/23/2018,MO,2206,01,LONG BRANCH PD,MUNICIPAL,0,1,0,0,I,I,N,N,06,2,BATH AVE,E,,,13251314__,.29,07,,01,04,02,01,06,01,05,,,AT,,MORRELL ST,,,,25,25,28,40.297090,73.998270,N,,25368
2018132518LB10026,MONMOUTH,LONG BRANCH CITY,04/23/2018,MO,1548,01,LONG BRANCH PD,MUNICIPAL,0,0,0,0,P,B,N,N,11,1,581 PATTEN AVENUE,S,,,,,09,,,04,02,01,01,01,05,,300,FE,E,PATTEN AVENUE,,,,25,25,69,,,N,BENT GUTTER ON GARAGE,25363
2018132518LB10148,MONMOUTH,LONG BRANCH CITY,04/25/2018,WE,1608,01,LONG BRANCH PD,MUNICIPAL,0,0,0,0,P,B,N,N,05,2,BROADWAY,W,,,13251351__,1.17,07,,01,04,02,01,01,05,05,,80,FE,E,THIRD AVE,,,,25,25,26,40.304630,73.987440,N,,25323
2018132518LB10257,MONMOUTH,LONG BRANCH CITY,04/27/2018,FR,0736,01,LONG BRANCH PD,MUNICIPAL,0,0,0,0,P,I,N,N,01,2,NJ 36,E,36,,00000036__,4.65,02,,01,04,02,01,01,01,05,,,AT,,COLEMAN AVE,,,,35,25,26,,,Y,,25371
2018132518LB10295,MONMOUTH,LONG BRANCH CITY,04/26/2018,TH,1852,01,LONG BRANCH PD,MUNICIPAL,0,3,0,0,I,I,N,N,03,2,MONMOUTH COUNTY 25 II,N,25,2,130000252_,.29,05,,01,04,02,01,01,01,05,,,AT,,HOLLYWOOD AVE,,,,40,25,26,40.285850,74.002430,N,POLE# JC1027LB STRUCK  DOESN'T APPEAR DAMAGED. BUSHES @ 420 HOLLYWOOD AVE DAMAG?,25323
2018132518LB10496,MONMOUTH,LONG BRANCH CITY,04/28/2018,SA,1544,01,LONG BRANCH PD,MUNICIPAL,0,0,0,0,P,B,N,N,03,2,NJ 36,E,36,,00000036__,4.60,02,,01,04,02,01,01,01,05,,25,FE,E,CONOVER PL,,,,35,25,26,40.307730,73.999510,N,,25372
2018132518LB10500,MONMOUTH,LONG BRANCH CITY,04/28/2018,SA,1601,01,LONG BRANCH PD,MUNICIPAL,0,0,0,0,P,I,N,N,03,2,NJ 36,E,36,,00000036__,4.84,02,,01,04,02,01,01,01,05,,,AT,E,LIPPONCOTT AVE / SPRUCE ST,,,,35,25,26,40.309010,73.995270,N,,25372
2018132518LB10503,MONMOUTH,LONG BRANCH CITY,04/28/2018,SA,1704,01,LONG BRANCH PD,MUNICIPAL,0,0,0,0,P,I,N,N,03,2,NJ 36,W,36,,00000036__,5.50,02,,01,04,02,01,01,01,,,,AT,N,LONG BRANCH AVE,,,,35,25,26,40.313260,73.984290,N,,25359
2018132518LB10516,MONMOUTH,LONG BRANCH CITY,04/28/2018,SA,1955,01,LONG BRANCH PD,MUNICIPAL,0,0,0,0,P,I,N,N,01,2,MONMOUTH COUNTY 25 II,,25,2,130000252_,.79,05,,00,04,02,01,06,01,05,,,AT,,CR 32 / WALL ST,,,,30,25,26,,,N,,25325
2018132518LB10572,MONMOUTH,LONG BRANCH CITY,04/29/2018,SU,0827,01,LONG BRANCH PD,MUNICIPAL,0,0,0,0,P,B,N,N,01,2,NJ 36,,36,,00000036__,5.16,02,,01,04,02,01,01,01,05,,10,FE,W,EASTWOOD AVE,,,,35,25,26,40.310920,73.989950,N,,25278
2018132518LB10704,MONMOUTH,LONG BRANCH CITY,04/30/2018,MO,1544,01,LONG BRANCH PD,MUNICIPAL,0,0,0,0,P,B,N,N,01,2,BRANCHPORT AVE,N,,,13251315__,.63,07,,01,04,02,01,01,05,,,25,FE,S,RAILROAD TRACKS,,,,25,25,26,40.308340,74.005260,N,,25356
2018132518LB10829,MONMOUTH,LONG BRANCH CITY,05/01/2018,TU,1455,01,LONG BRANCH PD,MUNICIPAL,0,0,0,0,P,B,N,N,08,2,OCEAN AVE,N,,,13011310__,4.68,07,,01,04,02,01,01,01,05,01,25,FE,N,MELROSE TER,,,,25,25,28,40.300540,73.980540,N,,25367
2018132518LB10960,MONMOUTH,LONG BRANCH CITY,05/02/2018,WE,1657,01,LONG BRANCH PD,MUNICIPAL,0,0,0,0,P,B,N,N,01,2,BATH AVE,E,,,13251314__,.15,07,,01,04,02,01,01,01,05,01,100,FE,E,PEARL ST,,,,25,25,26,40.297920,73.999420,N,,25367
2018132518LB10987,MONMOUTH,LONG BRANCH CITY,05/02/2018,WE,1942,01,LONG BRANCH PD,MUNICIPAL,0,1,0,0,I,B,N,N,14,1,BATH AVE,E,,,13251314__,1.08,07,,01,04,02,01,01,01,,,50,FE,E,LOWDEN CT,,,,35,25,21,40.292980,73.983990,N,,25359
2018132518LB11098,MONMOUTH,LONG BRANCH CITY,05/03/2018,TH,1630,01,LONG BRANCH PD,MUNICIPAL,0,0,0,0,P,I,N,N,07,2,GARFIELD AVE **,S,,,13251236__,.00,07,,01,04,02,01,01,01,05,,,AT,,OCEAN AVE,,,,35,25,26,40.302920,73.981420,N,,25355
2018132518LB11226,MONMOUTH,LONG BRANCH CITY,05/04/2018,FR,1454,01,LONG BRANCH PD,MUNICIPAL,0,1,0,0,I,B,N,N,01,3,NJ 36,E,36,,00000036__,5.51,02,,01,04,02,01,01,01,,01,50,FE,E,LONG BRANCH AVE,,,,35,25,26,40.313260,73.984290,N,,
2018132518LB11515,MONMOUTH,LONG BRANCH CITY,05/07/2018,MO,1006,01,LONG BRANCH PD,MUNICIPAL,0,2,0,0,I,B,N,N,06,2,WILLOW AVE **,E,,,13251151__,.00,07,,01,04,02,01,01,01,05,01,,,,,,,,25,,28,40.299710,73.996230,N,,25317
2018132518LB11711,MONMOUTH,LONG BRANCH CITY,05/09/2018,WE,0858,01,LONG BRANCH PD,MUNICIPAL,0,0,0,0,P,B,N,N,01,2,NJ 71,N,71,,00000071__,12.19,02,,01,04,02,01,01,01,05,01,50,FE,N,PARK AVE,,,,35,25,26,,,N,,25361
2018132518LB11756,MONMOUTH,LONG BRANCH CITY,05/09/2018,WE,1750,01,LONG BRANCH PD,MUNICIPAL,0,0,0,0,P,B,N,N,02,2,MONMOUTH COUNTY 25 I,W,25,1,130000251_,.76,05,,01,04,02,01,01,01,05,,100,FE,E,GREEN AVE,,,,30,25,26,40.282390,73.988700,N,,25323
2018132518LB11796,MONMOUTH,LONG BRANCH CITY,05/10/2018,TH,0159,01,LONG BRANCH PD,LONG BRANCH,0,0,0,0,P,B,N,N,11,1,MORRIS AVE,,,,13251343__,.45,07,,01,04,02,01,07,04,05,02,50,FE,W,OCEAN AVE,,,,25,25,59,40.300720,73.978980,N,AJD CONSTRUCTION FENCE/ MORRIS AVE,25370
2018132518LB11802,MONMOUTH,LONG BRANCH CITY,05/10/2018,TH,0615,01,LONG BRANCH PD,MUNICIPAL,0,0,0,0,P,B,N,N,08,2,ART ST **,S,,,13251186__,.00,07,,01,04,02,02,01,05,05,01,100,FE,S,CR 29A / MYRTLE AVE,,,,25,35,28,40.301800,74.007480,N,,25355
2018132518LB11868,MONMOUTH,LONG BRANCH CITY,05/10/2018,TH,1645,01,LONG BRANCH PD,MUNICIPAL,0,1,0,0,I,I,N,N,03,2,LIBERTY ST,S,,,,,07,,01,04,02,01,01,01,05,01,,AT,,UNION AVE,,,,25,25,26,40.305740,73.985950,N,,25368
2018132518LB12135,MONMOUTH,LONG BRANCH CITY,05/13/2018,SU,1030,01,LONG BRANCH PD,MUNICIPAL,0,0,0,0,P,B,N,N,03,2,SECOND AVE **,,,,13251099__,1.19,07,,01,04,02,01,01,01,05,,25,FE,S,MORRIS AVE,,,,25,25,26,40.299070,73.982780,N,,25278
2018132518LB12149,MONMOUTH,LONG BRANCH CITY,05/13/2018,SU,1413,01,LONG BRANCH PD,MUNICIPAL,0,0,0,0,P,B,N,N,01,2,BROADWAY,,,,13251351__,.41,07,,03,04,02,02,01,02,05,01,200,FE,E,WASHINGTON ST,,,,30,,26,,,N,,25267
2018132518LB12151,MONMOUTH,LONG BRANCH CITY,05/13/2018,SU,1420,01,LONG BRANCH PD,MUNICIPAL,0,1,0,0,I,B,N,N,08,2,NJ 71,,71,,00000071__,11.73,02,,01,04,02,02,01,02,,,50,FE,N,SOUTH LINCOLN AVE,,,,35,25,26,40.263960,74.000350,N,,25310
2018132518LB12158,MONMOUTH,LONG BRANCH CITY,05/13/2018,SU,1628,01,LONG BRANCH PD,MUNICIPAL,0,2,0,0,I,B,N,N,07,2,BATH AVE,E,,,13251314__,.41,07,,01,04,02,02,01,02,05,,100,FE,W,PROSPECT ST,,,,25,25,26,,,N,,25248
2018132518LB12167,MONMOUTH,LONG BRANCH CITY,05/13/2018,SU,1901,01,LONG BRANCH PD,MUNICIPAL,0,0,0,0,P,I,Y,N,01,2,MONMOUTH COUNTY 57,,57,,13000057__,.00,05,,01,04,02,02,01,01,04,,,AT,,CR 25 / CEDAR AVE,,,,35,35,26,,,N,,25325
2018132518LB12212,MONMOUTH,LONG BRANCH CITY,05/14/2018,MO,1045,01,LONG BRANCH PD,MUNICIPAL,0,0,0,0,P,B,N,N,08,2,344 BROADWAY,W,,,,,09,,01,04,02,01,01,01,,,,,,,,,,15,,28,40.303260,73.993590,N,,25350
2018132518LB12274,MONMOUTH,LONG BRANCH CITY,05/14/2018,MO,2327,01,LONG BRANCH PD,MUNICIPAL,0,1,0,0,I,B,N,N,11,1,LEWIS ALLEY **,E,,,13251222__,.16,07,,01,04,02,01,07,01,,,50,FE,W,LIBERTY ST,,,,25,25,52,40.306250,73.986080,N,UTILITY POLE # BT40199,25336
2018132518LB12430,MONMOUTH,LONG BRANCH CITY,05/16/2018,WE,1246,01,LONG BRANCH PD,MUNICIPAL,0,0,0,0,P,I,N,N,03,2,CHELSEA AVE **,W,,,13251137__,.46,07,,01,04,02,02,01,02,,,,AT,,S FIFTH AVE,,,,25,25,26,40.300590,73.990200,N,,25313
2018132518LB12491,MONMOUTH,LONG BRANCH CITY,05/17/2018,TH,0802,01,LONG BRANCH PD,MUNICIPAL,0,0,0,0,P,B,N,N,06,2,LIBERTY ST,S,,,,,07,,01,04,02,02,06,02,,,100,FE,S,NJ 36,,,,25,35,28,40.310900,73.988370,N,,25363
2018132518LB12494,MONMOUTH,LONG BRANCH CITY,05/17/2018,TH,0826,01,LONG BRANCH PD,MUNICIPAL,0,0,0,0,P,B,N,N,01,2,BROADWAY,W,,,13251351__,.57,07,,01,04,02,02,01,02,05,01,15,FE,W,MORRIS AVE,,,,25,25,26,,,N,,25361
2018132518LB12532,MONMOUTH,LONG BRANCH CITY,05/17/2018,TH,1346,01,LONG BRANCH PD,MUNICIPAL,0,0,0,0,P,I,N,N,01,2,PAVILION AVE,,,,13251138__,.44,07,,03,04,02,02,01,02,05,01,,AT,,OCEAN AVE,,,,25,,26,40.297250,73.981280,N,,25267
2018132518LB12845,MONMOUTH,LONG BRANCH CITY,05/20/2018,SU,1415,01,LONG BRANCH PD,MUNICIPAL,0,0,0,0,P,I,N,N,03,2,SIXTH AVE **,,,,13251208__,.00,07,,01,04,02,01,01,01,05,,,AT,,ROUTE 537 / BROADWAY,,,,25,25,26,40.304070,73.991700,N,,25316
2018132518LB12946,MONMOUTH,LONG BRANCH CITY,05/21/2018,MO,1455,01,LONG BRANCH PD,MUNIIPAL,0,2,0,0,I,I,N,N,03,2,OCEAN AVE,,,,13011310__,2.21,07,,01,04,02,01,01,01,,,,AT,,STUYVESANT PL,,,,40,25,26,40.266990,73.988240,N,FIRE HYDRANT** NEW JERSEY AMERICAN WATER,25294
2018132518LB12979,MONMOUTH,LONG BRANCH CITY,05/21/2018,MO,2046,01,LONG BRANCH PD,MUNICIPAL,0,0,0,0,P,I,N,N,03,2,MONMOUTH COUNTY 25 II,,25,2,130000252_,.85,05,,01,04,02,01,06,01,,,,AT,,OVERTON PL,,,,25,35,26,40.293810,74.001730,N,,25325
2018132518LB13059,MONMOUTH,LONG BRANCH CITY,05/22/2018,TU,1719,01,LONG BRANCH PD,MUNCIPAL,0,1,0,0,I,I,N,N,03,2,LONG BRANCH AVE,S,,,13251316__,.41,07,,01,04,02,02,01,02,05,,,AT,,SEAVIEW AVE,,,,25,25,26,40.311100,73.983830,N,,25368
2018132518LB13246,MONMOUTH,LONG BRANCH CITY,05/24/2018,TH,1228,01,LONG BRANCH PD,MUNICIPAL,0,0,0,0,P,B,N,N,01,2,MYRTLE AVE **,N,,,13251006__,.41,07,,01,04,02,01,01,01,05,,10,FE,S,NJ 36 / JOLINE AVE,,,,25,35,26,,,N,,25361
2018132518LB13331,MONMOUTH,LONG BRANCH CITY,05/25/2018,FR,0850,01,LONG BRANCH PD,LONG BRANCH,0,0,0,0,P,B,N,N,11,1,SAIRS AVE **,N,,,13251109__,.37,07,,01,04,02,01,06,01,05,,5,FE,S,HULICK ST,,,,25,25,62,40.287300,73.988130,N,FIRE HYDRANT #142,25317
2018132518LB13353,MONMOUTH,LONG BRANCH CITY,05/25/2018,FR,1156,01,LONG BRANCH PD,MUNICIPAL,0,0,0,0,P,I,N,N,02,2,MONMOUTH COUNTY 57,N,57,,13000057__,.40,05,,01,04,02,01,01,01,03,,,AT,S,HOWLAND AVE,,,,25,25,26,40.287500,73.983580,N,,25313
2018132518LB13364,MONMOUTH,LONG BRANCH CITY,05/25/2018,FR,1456,01,LONG BRANCH PD,MUNICIPAL,0,0,0,0,P,B,N,N,02,2,BRIGHTON AVE,E,,,13251311__,1.05,07,,01,04,02,01,01,01,05,,60,FE,W,CR 57 / OCEAN AVE,,,,25,40,26,40.284530,73.984410,N,,25323
2018132518LB13826,MONMOUTH,LONG BRANCH CITY,05/29/2018,TU,1020,01,LONG BRANCH PD,MUNICIPAL,0,0,0,0,P,B,N,N,11,1,KIRBY AVE,,,,,,07,,01,04,02,01,01,01,05,,100,FE,W,VAN COURT AVE,,,,25,25,52,40.279310,74.000990,N,VERIZON UTILITY POLE # BT1779LB WITH ATTACHED STREET LAMP AND TRANSFORMER,25316
2018132518LB13881,MONMOUTH,LONG BRANCH CITY,05/29/2018,TU,1731,01,LONG BRANCH PD,MUNICIPAL,0,0,0,0,P,B,Y,N,06,2,LIBERTY ST,W,,,,,07,,01,04,02,01,01,01,04,,1320,FE,N,NJ 36,,,,25,35,28,40.309940,73.986890,N,,25372
2018132518LB13968,MONMOUTH,LONG BRANCH CITY,05/30/2018,WE,1351,01,LONG BRANCH PD,MUNICIPAL,0,0,0,0,P,B,N,N,05,2,BRIGHTON AVE,E,,,13251311__,1.04,07,,01,04,02,01,01,01,05,01,100,FE,W,CR 57 / OCEAN AVE,,,,25,35,26,,,N,,25361
2018132518LB14100,MONMOUTH,LONG BRANCH CITY,05/31/2018,TH,1911,01,LONG BRANCH PD,MUNICIPAL,0,1,0,0,I,B,N,N,06,2,MONMOUTH COUNTY 29,E,29,,13000029__,2.40,05,,01,04,02,02,01,02,,,50,FE,E,WEST ST,,,,30,25,26,40.320150,73.981790,N,DAMAGED GARAGE DOOR OPENER (LIFTMASTER) IN BACK OF VEHICLE 2. (APPROX.  $200).,25363
2018132518LB14350,MONMOUTH,LONG BRANCH CITY,06/03/2018,SU,0318,01,LONG BRANCH PD,LONG BRANCH,0,0,0,0,P,B,Y,N,06,2,WILLOW AVE **,E,,,13251150__,.31,07,,01,04,02,01,06,01,05,,200,FE,E,PROSPECT ST,,,,25,25,28,40.297870,73.993000,N,,25352
2018132518LB14371,MONMOUTH,LONG BRANCH CITY,06/03/2018,SU,1155,01,LONG BRANCH PD,MUNICIPAL,0,0,0,0,P,I,N,N,03,2,BATH AVE,W,,,13251314__,.16,07,,01,04,02,01,01,05,,,,AT,,EMMONS ST,,,,25,25,26,40.298150,74.000390,N,,25328
2018132518LB14599,MONMOUTH,LONG BRANCH CITY,06/05/2018,TU,1812,01,LONG BRANCH PD,MUNICIPAL,0,1,0,0,I,I,N,N,01,2,BROADWAY,E,,,13251351__,.12,07,,01,04,02,01,01,01,04,,,AT,E,JACKSON ST,,,,25,25,26,40.299210,74.005010,N,,25372
2018132518LB14888,MONMOUTH,LONG BRANCH CITY,06/08/2018,FR,1217,01,LONG BRANCH PD,MUNICIPAL,0,0,0,0,P,B,Y,N,01,2,NJ 71,N,71,,00000071__,12.18,02,,03,05,02,01,01,01,05,,10,FE,S,PARK AVE,,,,35,25,26,,,N,,25267
2018132518LB14894,MONMOUTH,LONG BRANCH CITY,06/08/2018,FR,1348,01,LONG BRANCH PD,MUNICIPAL,0,0,0,0,P,B,N,N,02,2,NJ 36,,36,,00000036__,4.05,02,,01,04,02,01,01,01,05,,250,FE,E,MYRTLE AVE,,,,35,25,26,40.304590,74.008620,N,,25330
2018132518LB14898,MONMOUTH,LONG BRANCH CITY,06/08/2018,FR,1428,01,LONG BRANCH PD,MUNICIPAL,0,0,0,0,P,I,N,N,03,2,MONMOUTH COUNTY 57,W,57,,13000057__,1.39,05,,01,04,02,01,01,01,05,,,AT,S,CHELSEA AVE,,,,25,25,26,40.303030,73.981210,N,,25313
2018132518LB14952,MONMOUTH,LONG BRANCH CITY,06/09/2018,SA,0548,01,LONG BRANCH PD,MUNICIPAL,0,1,0,0,I,I,N,N,11,1,MONMOUTH COUNTY 57,N,57,,13000057__,.00,05,,01,04,02,01,06,01,02,,,AT,,BROADWAY,,,,35,25,56,,,N,OCEAN BLOULEVARD NORTHBOUND CURB  CURB WAS BROKEN.,25373
2018132518LB14963,MONMOUTH,LONG BRANCH CITY,06/09/2018,SA,0706,01,LONG BRANCH PD,MUNICIPAL,0,0,0,0,P,I,N,N,06,3,BRANCHPORT AVE,,,,13251315__,.25,07,,01,04,02,01,01,01,05,,,AT,,HARRISON ST,,,,25,25,26,,,N,,25330
2018132518LB15104,MONMOUTH,LONG BRANCH CITY,06/10/2018,SU,2113,01,LONG BRANCH PD,MUNICIPAL,0,0,0,0,P,B,N,N,06,2,WASHINGTON AVE **,N,,,13251244__,.02,07,,01,04,02,02,07,02,05,,100,FE,N,NJ 36 / JOLINE AVE,,,,35,35,26,40.305290,74.001520,N,POLE #CKT 53430 NEXT TO 160 WASHINGTON STREET,25355
2018132518LB15114,MONMOUTH,LONG BRANCH CITY,06/11/2018,MO,0007,01,LONG BRANCH PD,MUNICIPAL,0,0,0,0,P,B,N,N,06,2,MORRIS AVE **,,,,13251133__,.16,07,,01,04,02,02,06,02,05,,50,FE,S,DIVISION ST,,,,25,25,28,40.295780,73.990620,Y,,25357
2018132518LB15326,MONMOUTH,LONG BRANCH CITY,06/14/2018,TH,0849,01,LONG BRANCH PD,MUNICIPAL,0,0,0,0,P,B,N,N,06,2,THIRD AVE,N,,,,,07,,01,04,02,01,01,01,05,,25,FE,N,JANE STREET,,,,25,25,28,,,N,,25371
2018132518LB15476,MONMOUTH,LONG BRANCH CITY,06/14/2018,TH,1758,01,LONG BRANCH PD,MUNICIPAL,0,0,0,0,P,I,N,N,11,1,EASTBOURNE AVE **,,,,13251107__,.00,07,,01,04,02,01,01,01,05,,,AT,,RAILROAD TRESTLE,,,,25,,42,40.292230,73.993510,N,PAINT TRANSFER FROM V1 ONTO UNDERSIDE OF TRESTLE VISIBLE,25325
2018132518LB15521,MONMOUTH,LONG BRANCH CITY,06/15/2018,FR,0805,01,LONG BRANCH PD,MUNICIPAL,0,1,0,0,I,B,N,N,03,5,FOURTH AVE **,S,,,13251139__,.16,07,,01,04,02,01,01,01,05,,100,FE,N,VAN DYKE PL,,,,25,25,26,,,N,V1 STRUCK TELEPHONE POLE 40646LB  NO DAMAGE OBSERVED,
2018132518LB15554,MONMOUTH,LONG BRANCH CITY,06/15/2018,FR,0831,01,LONG BRANCH PD,MUNICIPAL,0,0,0,0,P,B,N,N,06,2,LAUREL ST **,S,,,13251242__,.13,07,,01,04,02,01,01,01,05,,150,FE,S,NJ 36 / JOLINE AVE,,,,25,35,28,40.308760,73.994520,N,,25328
2018132518LB15565,MONMOUTH,LONG BRANCH CITY,06/15/2018,FR,1555,01,LONG BRANCH PD,MUNICIPAL,0,0,0,0,P,B,N,N,01,2,BROADWAY,W,,,13251351__,.52,07,,01,04,02,01,01,01,05,,15,FE,E,WILLOW AVE,,,,25,25,26,40.300750,73.997900,N,,25366
2018132518LB15669,MONMOUTH,LONG BRANCH CITY,06/16/2018,SA,1644,01,LONG BRANCH PD,MUNICIPAL,0,0,0,0,P,B,N,N,01,2,LIBERTY ST,N,,,,,07,,01,04,02,01,01,01,05,01,50,FE,S,VANDERVEER PL,,,,25,25,26,40.313620,73.990660,N,,25368
2018132518LB15751,MONMOUTH,LONG BRANCH CITY,06/17/2018,SU,1305,01,LONG BRANCH PD,MUNICIPAL,0,1,0,0,I,B,N,N,14,1,LOWDEN CT **,S,,,13251124__,.02,07,,01,04,02,01,01,01,05,01,100,FE,N,BATH AVE,,,,25,25,21,,,N,,25361
2018132518LB16030,MONMOUTH,LONG BRANCH CITY,06/19/2018,TU,1730,01,LONG BRANCH PD,MUNICIPAL,0,1,0,0,I,B,Y,N,03,2,NJ 36,N,36,,00000036__,4.56,02,,01,04,01,01,01,01,05,,25,FE,E,EDWARDS AVE,,,,35,25,26,40.307510,74.000270,N,,25366
2018132518LB16317,MONMOUTH,LONG BRANCH CITY,06/22/2018,FR,0951,01,LONG BRANCH PD,MUNICIPAL,0,0,0,0,P,B,N,N,01,3,MONMOUTH COUNTY 57,,57,,13000057__,.01,05,,01,04,02,01,01,05,,,50,FE,N,CR 25 / CEDAR AVE,,,,30,35,26,,,N,,
2018132518LB16405,MONMOUTH,LONG BRANCH CITY,06/23/2018,SA,0117,01,LONG BRANCH PD,MUNICIPAL,0,1,0,0,I,B,N,N,06,2,WESTWOOD AVE,N,,,13251312__,.02,07,,01,04,02,02,06,01,05,,100,FE,N,CR 25 I / CEDAR AVE,,,,35,35,28,40.281420,73.998270,N,,25301
2018132518LB16543,MONMOUTH,LONG BRANCH CITY,06/24/2018,SU,1347,01,LONG BRANCH PD,MUNICIPAL,0,0,0,0,P,B,N,N,08,2,BROADWAY **,W,,,13251353__,.04,07,,01,04,02,01,01,01,05,01,10,FE,W,LONGBRANCH AVE,,,,25,,26,,,N,,25361
2018132518LB16758,MONMOUTH,LONG BRANCH CITY,06/26/2018,TU,1435,01,LONG BRANCH PD,MUNICIPAL,0,1,0,0,I,B,N,N,01,3,NJ 36,E,36,,00000036__,4.42,02,,01,04,02,01,01,01,05,,50,FE,S,WASHINGTON ST,,,,25,25,26,40.275020,73.984710,N,,25313
2018132518LB16780,MONMOUTH,LONG BRANCH CITY,06/26/2018,TU,1542,01,LONG BRANCH PD,MUNICIPAL,0,0,0,0,P,I,N,N,02,2,MONMOUTH COUNTY 57,S,57,,13000057__,1.87,05,,01,04,02,01,01,01,03,,,AT,W,COOPER AVE,,,,35,25,26,40.308720,73.980500,N,,25372
2018132518LB16954,MONMOUTH,LONG BRANCH CITY,06/28/2018,TH,1438,01,LONG BRANCH PD,MUNICIPAL,0,0,0,0,P,I,N,N,01,2,FRANKLIN AVE **,,,,13251136__,.32,07,,01,04,02,01,01,01,05,,,AT,,THIRD AVE,,,,25,25,26,40.299640,73.987510,N,,25357
2018132518LB16983,MONMOUTH,LONG BRANCH CITY,06/28/2018,TH,2101,01,LONG BRANCH PD,MUNICIPAL,0,0,0,0,P,I,N,N,02,2,BROADWAY,E,,,13251351__,.29,07,,01,04,02,01,06,01,05,,,AT,W,BRANCHPORT AVE,,,,25,25,26,40.299780,74.001860,N,,25372
2018132518LB17053,MONMOUTH,LONG BRANCH CITY,06/29/2018,FR,1327,01,LONG BRANCH PD,MUNICIPAL,0,1,0,0,I,I,N,N,01,3,NJ 36,,36,,00000036__,4.43,02,,01,04,02,01,01,01,05,,,AT,,WASHINGTON ST,,,,35,25,26,40.306720,74.002400,N,,25330
2018132518LB17127,MONMOUTH,LONG BRANCH CITY,06/30/2018,SA,0215,01,LONG BRANCH PD,MUNICIPAL,0,0,0,0,P,B,N,N,06,2,WARDELL PL **,S,,,13251165__,.09,07,,01,04,02,01,07,01,05,,500,FE,N,WEST END AVE,,,,25,25,28,40.292030,73.999950,N,,25365
2018132518LB17139,MONMOUTH,LONG BRANCH CITY,06/30/2018,SA,0615,01,LONG BRANCH PD,MUNICIPAL,0,0,0,0,P,I,N,N,04,2,NJ 36,,36,,00000036__,6.35,02,,01,04,02,01,01,01,05,,,AT,,OCEAN AVE / RIVERDALE AVE,,,,35,35,26,40.298070,73.979340,N,,25370
2018132518LB17148,MONMOUTH,LONG BRANCH CITY,06/30/2018,SA,0954,01,LONG BRANCH PD,MUNICIPAL,0,1,0,0,I,B,N,N,01,3,BRANCHPORT AVE,,,,13251315__,.76,07,,01,04,02,01,01,01,05,,75,FE,N,CR 29 / ATLANTIC AVE,,,,25,35,26,40.310530,74.004640,N,,
2018132518LB17353,MONMOUTH,LONG BRANCH CITY,07/02/2018,MO,0811,01,LONG BRANCH PD,MUNICIPAL,0,0,0,0,P,B,N,N,01,2,BROADWAY,,,,13251351__,.57,07,,01,04,02,01,03,01,05,,25,FE,,MORRIS AVE,,,,25,25,26,,,N,,25373
2018132518LB17413,MONMOUTH,LONG BRANCH CITY,07/02/2018,MO,1306,01,LONG BRANCH PD,MUNICIPAL,0,0,0,0,P,B,N,N,06,2,LAIRD ST,N,,,,,07,,01,04,02,01,01,01,05,,,,,,,,,25,,28,40.302800,73.979650,N,,25301
2018132518LB17456,MONMOUTH,LONG BRANCH CITY,07/02/2018,MO,2107,01,LONG BRANCH PD,MUNICIPAL,0,0,0,0,P,B,N,N,06,2,BRIGHTON AVE,W,,,13251311__,.97,07,,01,04,02,01,01,01,05,,500,FE,W,CR 57 / OCEAN AVE,,,,25,,28,,,N,,25299
2018132518LB17550,MONMOUTH,LONG BRANCH CITY,07/03/2018,TU,1530,01,LONG BRANCH PD,MUNICIPAL,0,4,0,0,I,B,N,N,01,3,NJ 36,,36,,00000036__,4.94,02,,01,04,02,01,01,01,05,,50,FE,E,SIXTH AVE,,,,35,25,26,,,N,,
2018132518LB17684,MONMOUTH,LONG BRANCH CITY,07/04/2018,WE,2007,01,LONG BRANCH PD,MUNICIPAL,0,0,0,0,P,I,N,N,03,2,MONMOUTH COUNTY 25 I,W,25,1,130000251_,.70,05,,01,04,02,01,03,01,05,,,AT,,MARKET PL,,,,30,25,26,40.281150,73.990220,N,,25323
2018132518LB17691,MONMOUTH,LONG BRANCH CITY,07/04/2018,WE,2100,01,LONG BRANCH PD,MUNICIPAL,0,0,0,0,P,B,N,N,06,2,MONMOUTH COUNTY 29,W,29,,13000029__,1.67,05,,01,04,02,01,07,01,05,,100,FE,W,LIBERTY ST,,,,35,25,28,40.315170,73.992890,N,,25372