Year(4)-CountyCode(2)-MunicipalityCode(2)-CaseNumber(9),County Name,Municipality Name,Crash Date,Crash Day of Week,Crash Time,Police Department Code,Police Department,Police Station,Total Killed,Total Injured,Pedestrians Killed,Pedestrians Injured,Severity,Intersection,Alcohol Involved,Hazmat Involved,Crash Type,Total Vehicles,Location,Location Direction,Route,Route Suffix,Std Rte Identifier,MilePost,Road System,Road Character,Road Horizontal Alignment,Road Grade,Road Surface Type,Surface Condition,Light Condition,Environmental Condition,Road Divided By,Temporary Traffic Control Zone,Distance To Cross Street,Unit Of Measurement,Direction From Cross Street,Cross Street Name,Is Ramp,Ramp To/From Route Name,Ramp To/From Route Direction,Posted Speed,Posted Speed Cross Street,First Harmful Event,Latitude,Longitude,Cell Phone In Use Flag,Other Property Damage,Reporting Badge No.
2018132518LB17758,MONMOUTH,LONG BRANCH CITY,07/05/2018,TH,1246,01,LONG BRANCH PD,MUNICIPAL,0,0,0,0,P,B,N,N,08,2,BRIGHTON AVE,,,,13251311__,1.02,07,,01,04,02,01,01,01,05,,200,FE,W,CR 57 / OCEAN AVE,,,,25,35,28,,,N,,25360
2018132518LB17807,MONMOUTH,LONG BRANCH CITY,07/05/2018,TH,1934,01,LONG BRANCH PD,MUNICIPAL,0,0,0,0,P,B,N,N,08,2,PARK AVE,,,,13371370__,.90,07,,01,04,02,01,01,01,05,,75,FE,W,VAN COURT AVE,,,,25,25,28,40.270670,73.999210,N,,25310
2018132518LB17825,MONMOUTH,LONG BRANCH CITY,07/05/2018,TH,2219,01,LONG BRANCH PD,MUNICIPAL,0,0,0,0,P,I,Y,N,01,2,MONMOUTH COUNTY 57,N,57,,13000057__,2.04,05,,01,04,02,01,06,01,02,,,AT,,SEAVIEW AVE,,,,35,25,26,40.311020,73.980470,N,,25371
2018132518LB17872,MONMOUTH,LONG BRANCH CITY,07/06/2018,FR,1024,01,LONG BRANCH PD,MUNICIPAL,0,1,0,0,I,B,N,N,04,2,BROADWAY,E,,,13251351__,1.23,07,,01,04,02,01,01,01,05,,100,FE,W,LIBERTY ST / MEMORIAL PKWY,,,,25,25,26,40.304710,73.985670,N,,25365
2018132518LB17912,MONMOUTH,LONG BRANCH CITY,07/06/2018,FR,1754,01,LONG BRANCH PD,MUNICIPAL,0,0,0,0,P,B,N,N,01,2,BROADWAY,E,,,13251351__,.11,07,,01,04,02,01,01,01,05,,55,FE,W,JACKSON ST,,,,25,25,26,40.299240,74.006270,N,,25299
2018132518LB17961,MONMOUTH,LONG BRANCH CITY,07/07/2018,SA,0522,01,LONG BRANCH PD,MUNICIPAL,0,0,0,0,P,I,N,N,03,2,WILLOW AVE **,,,,13251150__,.19,07,,01,04,02,01,02,01,05,,,AT,,DIVISION ST,,,,25,25,26,40.298690,73.995220,N,CHAIN LINKED FENCE SRROUNDING 376 WILLOW,25377
2018132518LB18055,MONMOUTH,LONG BRANCH CITY,07/07/2018,SA,2252,01,LONG BRANCH PD,MUNICIPAL,0,0,0,0,P,I,N,N,02,2,MONMOUTH COUNTY 25 I,W,25,1,130000251_,.26,05,,01,04,02,01,07,01,03,,,AT,,WESTWOOD AVE,,,,35,35,26,40.281150,73.990500,N,,25356
2018132518LB18126,MONMOUTH,LONG BRANCH CITY,07/08/2018,SU,1735,01,LONG BRANCH PD,MUNICIPAL,0,0,0,0,P,I,N,N,03,2,LONG BRANCH AVE,,,,13251316__,.41,07,,01,04,02,01,01,01,,,,AT,,SEAVIEW AVE,,,,25,25,26,40.311130,73.983830,N,,25330
2018132518LB18221,MONMOUTH,LONG BRANCH CITY,07/09/2018,MO,1953,01,LONG BRANCH PD,MUNICIPAL,0,0,0,0,P,I,N,N,03,2,BATH AVE,W,,,13251314__,.95,07,,01,04,02,01,03,01,05,,,AT,,3RD AVE,,,,25,25,26,,,N,,25361
2018132518LB18225,MONMOUTH,LONG BRANCH CITY,07/09/2018,MO,2024,01,LONG BRANCH PD,MUNICIPAL,0,1,0,0,I,I,N,N,03,3,NJ 71,N,71,,00000071__,12.18,02,,01,04,02,01,01,01,05,,,AT,,PARK AVE,,,,35,25,26,,,N,PARK AVENUE STREET SIGN,
2018132518LB18296,MONMOUTH,LONG BRANCH CITY,07/10/2018,TU,1641,01,LONG BRANCH PD,MUNICIPAL,0,1,0,0,I,I,N,N,03,2,NJ 71,,71,,00000071__,11.72,02,,01,04,02,01,01,01,05,,,AT,,SOUTH LINCOLN AVE,,,,35,35,26,40.264050,74.000340,N,POLE# 41152,25278
2018132518LB18321,MONMOUTH,LONG BRANCH CITY,07/11/2018,WE,1000,01,LONG BRANCH PD,MUNICIPAL,0,0,0,0,P,B,Y,N,06,2,HIGHLAND AVE **,E,,,13251048__,.00,07,,01,04,02,01,04,01,05,,300,FE,W,NJ 71 / NORWOOD AVE,,,,25,25,28,,,N,,25248
2018132518LB18417,MONMOUTH,LONG BRANCH CITY,07/11/2018,WE,2036,01,LONG BRANCH PD,MUNICIPAL,0,0,0,0,P,B,N,N,01,2,NJ 36,E,36,,00000036__,5.55,02,,01,04,02,01,03,01,05,,250,FE,E,LONG BRANCH AVE,,,,25,25,26,40.313260,73.984290,N,,25344
2018132518LB18596,MONMOUTH,LONG BRANCH CITY,07/13/2018,FR,1545,01,LONG BRANCH PD,MUNICIPAL,0,0,0,0,P,B,N,N,06,2,WASHINGTON AVE **,S,,,13251244__,.00,07,,01,04,02,01,01,01,05,02,400,FE,S,NJ 36 / JOLINE AVE,,,,25,25,28,40.306200,74.002090,N,,25344
2018132518LB18715,MONMOUTH,LONG BRANCH CITY,07/14/2018,SA,1809,01,LONG BRANCH PD,MUNICIPAL,0,0,0,0,P,I,N,N,03,2,MONMOUTH COUNTY 25 I,,25,1,130000251_,.26,05,,01,04,02,01,01,01,,,,AT,,WESTWOOD AVE,,,,35,25,26,40.281400,73.998280,N,,25310
2018132518LB18780,MONMOUTH,LONG BRANCH CITY,07/15/2018,SU,1257,01,LONG BRANCH PD,MUNICIPAL,0,0,0,0,P,B,N,N,01,2,MONMOUTH COUNTY 25 I,W,25,1,130000251_,.16,05,,01,04,02,02,01,05,05,,100,FE,E,MARVIN DR,,,,40,25,26,,,N,,25361
2018132518LB18809,MONMOUTH,LONG BRANCH CITY,07/15/2018,SU,1748,01,LONG BRANCH PD,LONG BRANCH,0,1,0,0,I,B,N,N,01,3,MONMOUTH COUNTY 57,S,57,,13000057__,.00,05,,01,04,02,01,01,01,05,,25,FE,N,CR 25 / CEDAR AVE,,,,30,35,26,40.281690,73.984690,N,,25317
2018132518LB19179,MONMOUTH,LONG BRANCH CITY,07/19/2018,TH,1330,01,LONG BRANCH PD,MUNICIPAL,0,1,0,0,I,I,N,N,03,2,SECOND AVE **,N,,,13251099__,1.50,07,,01,04,02,01,01,01,05,,,AT,,GARFIELD AVE,,,,25,25,26,40.302880,73.982810,N,,25376
2018132518LB19427,MONMOUTH,LONG BRANCH CITY,07/22/2018,SU,0232,01,LONG BRANCH PD,MUNICIPAL,0,0,0,0,P,I,N,N,01,2,OCEAN AVE,N,,,13011310__,4.86,07,,01,04,02,02,03,02,05,,,AT,N,LAIRD ST,,,,35,25,26,40.302940,73.981230,N,,25356
2018132518LB19496,MONMOUTH,LONG BRANCH CITY,07/23/2018,MO,0018,01,LONG BRANCH PD,MUNICIPAL,0,0,0,0,P,B,N,N,11,1,NJ 36,E,36,,00000036__,5.41,02,,01,04,02,02,06,05,05,,75,FE,W,FLORENCE AVE / MACARTHUR AVE,,,,35,25,69,40.313450,73.985680,N,FLASHING ROADWAY FLOODED SIGN CITY OF LONG BRANCH,25368
2018132518LB19602,MONMOUTH,LONG BRANCH CITY,07/24/2018,TU,0729,01,LONG BRANCH PD,MUNICIPAL,0,0,0,0,P,B,N,N,01,2,BATH AVE,N,,,13251314__,.04,07,,01,04,02,01,01,01,05,,200,FE,E,CR 25 II / NORWOOD AVE,,,,25,25,26,40.299060,74.001870,N,,25376
2018132518LB19643,MONMOUTH,LONG BRANCH CITY,07/24/2018,TU,1810,01,LONG BRANCH PD,MUNICIPAL,0,0,0,0,P,I,N,N,02,2,MONMOUTH COUNTY 57,W,57,,13000057__,.35,05,,01,04,02,01,01,01,03,,,AT,S,PASSEY GARDEN,,,,35,25,26,40.286680,73.983710,N,,25313
2018132518LB19729,MONMOUTH,LONG BRANCH CITY,07/25/2018,WE,1858,01,LONG BRANCH PD,MUNICIPAL,0,0,0,0,P,B,N,N,06,2,WEST END CT,W,,,,,07,,01,04,02,02,01,02,05,,40,FE,W,SECOND AVE,,,,25,25,28,40.284570,73.984090,N,,25313
2018132518LB19933,MONMOUTH,LONG BRANCH CITY,07/27/2018,FR,1920,01,LONG BRANCH PD,MUNICIPAL,0,1,0,0,I,I,N,N,03,3,MONMOUTH COUNTY 25 II,,25,2,130000252_,.29,05,,01,04,02,01,01,01,05,,,AT,,HOLLYWOOD AVE,,,,35,25,26,40.285850,74.002430,N,,25278
2018132518LB19982,MONMOUTH,LONG BRANCH CITY,07/28/2018,SA,1026,01,LONG BRANCH PD,MUNICIPAL,0,1,0,0,I,I,N,N,14,1,HOPE LANE,W,,,,,07,,01,04,02,01,01,01,05,,,AT,,ROCKWELL AVE,,,,25,25,21,40.308280,73.990100,N,,25370
2018132518LB20086,MONMOUTH,LONG BRANCH CITY,07/29/2018,SU,0802,01,LONG BRANCH PD,MUNICIPAL,0,0,0,0,P,I,N,N,03,2,MORRIS AVE **,N,,,13251133__,.00,07,,01,04,02,01,01,01,05,,,AT,,ROUTE 537 / BROADWAY,,,,25,25,26,40.301220,73.997060,N,MINOR DAMAGE TO TREE ON THE PROPERTY OF 464 BROADWAY,25370
2018132518LB20105,MONMOUTH,LONG BRANCH CITY,07/29/2018,SU,1348,01,LONG BRANCH PD,MUNICIPAL,0,0,0,0,P,I,N,N,03,2,THIRD AVE,S,,,13251126__,.05,07,,01,04,02,01,01,01,05,,,AT,,FRANKLIN AVE,,,,25,25,26,40.299630,73.987510,N,,25365
2018132518LB20111,MONMOUTH,LONG BRANCH CITY,07/29/2018,SU,1515,01,LONG BRANCH PD,MUNICIPAL,0,2,0,0,I,I,N,N,07,3,OCEAN AVE,,,,13011310__,2.33,07,,01,04,02,01,01,01,05,,,AT,,PARK AVE,,,,40,25,26,40.268670,73.987720,N,,25310
2018132518LB20130,MONMOUTH,LONG BRANCH CITY,07/29/2018,SU,1906,01,LONG BRANCH PD,MUNICIPAL,0,2,0,0,I,I,N,N,03,2,NJ 36,W,36,,00000036__,4.93,02,,01,04,02,01,01,01,05,,,AT,,SIXTH AVE,,,,25,25,26,40.309480,73.993720,N,,25350
2018132518LB20326,MONMOUTH,LONG BRANCH CITY,07/31/2018,TU,1824,01,LONG BRANCH PD,MUNICIPAL,0,2,0,0,I,I,N,N,03,2,NJ 36,W,36,,00000036__,4.56,02,,01,04,02,01,01,01,05,,,AT,,EDWARDS AVE,,,,25,25,26,40.307510,74.000270,N,,25350
2018132518LB20471,MONMOUTH,LONG BRANCH CITY,08/02/2018,TH,0911,01,LONG BRANCH PD,MUNICIPAL,0,1,0,0,I,I,N,N,03,2,SECOND AVE **,N,,,13251099__,.47,07,,01,04,02,01,01,01,,,,AT,,AVERY AVE,,,,25,25,26,40.288170,73.985250,N,,25311
2018132518LB20613,MONMOUTH,LONG BRANCH CITY,08/03/2018,FR,1800,01,LONG BRANCH PD,MUNICIPAL,0,0,0,0,P,I,N,N,03,2,NJ 36,W,36,,00000036__,4.56,02,,01,04,02,02,01,02,05,,,AT,,EDWARDS AVE,,,,35,25,26,40.307510,74.000270,N,,25313
2018132518LB20764,MONMOUTH,LONG BRANCH CITY,08/05/2018,SU,0056,01,LONG BRANCH PD,MUNICIPAL,0,0,0,0,P,B,Y,N,06,3,SIXTH AVE **,S,,,13251208__,.23,07,,01,04,02,01,06,01,05,,100,FE,S,HALBURTON PL,,,,25,25,26,40.307120,73.992160,N,,25377
2018132518LB20809,MONMOUTH,LONG BRANCH CITY,08/05/2018,SU,1352,01,LONG BRANCH PD,MUNICIPAL,0,0,0,0,P,B,N,N,01,2,NJ 36,W,36,,00000036__,4.43,02,,01,04,02,01,01,01,05,,20,FE,W,WASHINGTON ST,,,,35,25,26,,,N,,25370
2018132518LB20966,MONMOUTH,LONG BRANCH CITY,08/06/2018,MO,1947,01,LONG BRANCH PD,MUNICIPAL,0,0,0,0,P,B,N,N,02,2,BROADWAY,,,,13251351__,.51,07,,01,04,02,01,06,01,05,,50,FE,W,WILLOW AVE,,,,25,25,26,40.301190,73.997050,N,,25316
2018132518LB21060,MONMOUTH,LONG BRANCH CITY,08/07/2018,TU,1700,01,LONG BRANCH PD,MUNICIPAL,0,1,0,0,I,B,N,N,01,2,OCEAN AVE,,,,13011310__,2.32,07,,03,04,02,01,01,01,05,,75,FE,S,PARK AVE,,,,35,25,26,40.268670,73.987720,N,,25267
2018132518LB21163,MONMOUTH,LONG BRANCH CITY,08/08/2018,WE,1711,01,LONG BRANCH PD,MUNICIPAL,0,0,0,0,P,B,N,N,01,2,THIRD AVE,N,,,13251126__,.04,07,,01,04,02,01,01,01,05,,50,FE,S,CHELSEA AVE,,,,25,25,26,,,N,,25361
2018132518LB21261,MONMOUTH,LONG BRANCH CITY,08/09/2018,TH,1602,01,LONG BRANCH PD,MUNICIPAL,0,3,0,0,I,I,N,N,04,2,WESTWOOD AVE,W,,,13251312__,1.31,07,,01,04,02,01,01,01,05,,,AT,,JEFFREY ST,,,,25,25,26,,,N,,25328
2018132518LB21338,MONMOUTH,LONG BRANCH CITY,08/10/2018,FR,1106,01,LONG BRANCH PD,MUNICIPAL,0,0,0,0,P,I,N,N,01,3,NJ 36,E,36,,00000036__,4.43,02,,01,04,02,01,01,01,05,,,AT,,WASHINGTON ST,,,,35,25,26,40.307090,74.002080,N,,25355
2018132518LB21406,MONMOUTH,LONG BRANCH CITY,08/11/2018,SA,0207,01,LONG BRANCH PD,MUNICIPAL,0,2,0,0,I,B,N,N,07,2,BROADWAY,W,,,13251351__,1.14,07,,01,04,02,01,06,01,05,,50,FE,W,THIRD AVE,,,,25,25,26,40.304400,73.987680,N,,25359
2018132518LB21579,MONMOUTH,LONG BRANCH CITY,08/12/2018,SU,1858,01,LONG BRANCH PD,MUNICIPAL,0,0,0,0,P,I,N,N,03,2,HAMILTON AVE **,S,,,13251217__,.19,07,,01,04,02,01,03,01,05,,,AT,,LIBERTY ST,,,,25,25,26,,,N,,25361
2018132518LB21903,MONMOUTH,LONG BRANCH CITY,08/15/2018,WE,2158,01,LONG BRANCH PD,MUNICIPAL,0,5,0,0,I,I,N,N,03,2,MONMOUTH COUNTY 25 II,,25,2,130000252_,.29,05,,03,04,02,01,06,01,05,,,AT,,HOLLYWOOD AVE,,,,40,25,26,40.285860,74.002410,N,LANDSCAPING TO 376 NORWOOD AVE. W.LONG BRANCH.,25267
2018132518LB21907,MONMOUTH,LONG BRANCH CITY,08/15/2018,WE,2321,01,LONG BRANCH PD,MUNICIPAL,0,0,0,0,P,B,Y,N,06,2,MORREL ST **,S,,,13251155__,.01,07,,01,04,02,01,07,01,05,,75,FE,N,BATH AVE,,,,25,25,28,40.297090,73.998270,N,,25367
2018132518LB21999,MONMOUTH,LONG BRANCH CITY,08/16/2018,TH,2053,01,LONG BRANCH PD,MUNICIPAL,0,0,0,0,P,I,N,N,03,2,DIVISION ST **,E,,,13251148__,.14,07,,01,04,02,01,07,01,05,,,AT,N,EXCHANGE PL,,,,25,25,26,40.298080,73.996010,N,,25372
2018132518LB22036,MONMOUTH,LONG BRANCH CITY,08/17/2018,FR,0800,01,LONG BRANCH PD,MUNICIPAL,0,0,0,0,P,B,N,N,01,3,NJ 36,,36,,00000036__,4.56,02,,01,04,02,01,01,01,05,,100,FE,,EDWARDS AVE,,,,35,25,26,40.307050,74.000110,N,,25373
2018132518LB22094,MONMOUTH,LONG BRANCH CITY,08/17/2018,FR,1805,01,LONG BRANCH PD,MUNICIPAL,0,0,0,0,P,B,N,N,06,2,SEAVIEW AVE **,,,,13251225__,.11,07,,01,04,02,01,01,01,05,,200,FE,E,ELLIS AVE,,,,25,25,26,40.310990,73.985720,N,,25316
2018132518LB22098,MONMOUTH,LONG BRANCH CITY,08/17/2018,FR,1829,01,LONG BRANCH PD,MUNICIPAL,0,1,0,0,I,I,N,N,03,2,HIGHLAND AVE **,,,,13251048__,.33,07,,03,06,02,01,01,01,05,,,AT,,WOODGATE AVE,,,,25,25,26,40.275640,73.996510,N,,25267
2018132518LB22144,MONMOUTH,LONG BRANCH CITY,08/18/2018,SA,0304,01,LONG BRANCH PD,MUNICIPAL,0,0,0,0,P,B,N,N,06,2,HENDRICKSON AVE **,E,,,13251196__,.19,07,,01,04,02,02,06,02,05,,100,FE,E,SEVENTH ST,,,,25,25,28,40.307360,73.997270,N,,25359
2018132518LB22295,MONMOUTH,LONG BRANCH CITY,08/19/2018,SU,1317,01,LONG BRANCH PD,MUNICIPAL,0,0,0,0,P,B,N,N,06,2,MACARTHUR AVE **,S,,,13251021__,.41,07,,01,04,02,02,01,02,05,,20,FE,S,CR 29 / ATLANTIC AVE,,,,25,25,28,40.318540,73.987760,N,,25370
2018132518LB22500,MONMOUTH,LONG BRANCH CITY,08/21/2018,TU,1207,01,LONG BRANCH PD,LONG BRANCH CIT,0,0,0,0,P,I,N,N,04,2,WEST END CT,E,,,,,07,,01,04,02,01,01,01,05,,,AT,,SECOND AVE,,,,25,25,26,40.283670,73.986540,N,,25322
2018132518LB22614,MONMOUTH,LONG BRANCH CITY,08/22/2018,WE,1814,01,LONG BRANCH PD,MUNICIPAL,0,0,0,0,P,I,N,N,03,2,LONG BRANCH AVE,N,,,13251316__,.83,07,,01,04,02,01,01,01,,,,AT,S,AVENEL BLVD,,,,25,25,26,40.275020,73.984710,N,,25313
2018132518LB22659,MONMOUTH,LONG BRANCH CITY,08/23/2018,TH,0202,01,LONG BRANCH PD,MUNICIPAL,0,0,0,0,P,B,Y,N,06,3,S FIFTH ST **,N,,,13251214__,.12,07,,01,04,02,01,06,01,05,,100,FE,N,SLOCUM PL,,,,25,25,28,,,N,,25367
2018132518LB22714,MONMOUTH,LONG BRANCH CITY,08/23/2018,TH,1403,01,LONG BRANCH PD,MUNICIPAL,0,0,0,0,P,B,N,N,01,2,SEVENTH AVE **,N,,,13251201__,.65,07,,01,04,02,01,01,01,05,,50,FE,N,ROUTE 537 / BROADWAY,,,,25,25,26,40.303490,73.993950,N,,25376
2018132518LB22719,MONMOUTH,LONG BRANCH CITY,08/23/2018,TH,1458,01,LONG BRANCH PD,MUNICIPAL,0,0,0,0,P,B,N,N,01,2,BRANCHPORT AVE,N,,,13251315__,.59,07,,01,04,02,01,01,01,05,,300,FE,N,JAY ST,,,,25,25,26,40.308340,74.005260,N,,25363
2018132518LB22842,MONMOUTH,LONG BRANCH CITY,08/24/2018,FR,1651,01,LONG BRANCH PD,MUNICIPAL,0,0,0,0,P,I,N,N,14,1,NJ 36,W,36,,00000036__,5.24,02,,01,04,02,01,01,01,05,01,,AT,,LIBERTY ST,,,,35,25,21,40.311630,73.988600,N,,25371
2018132518LB22886,MONMOUTH,LONG BRANCH CITY,08/24/2018,FR,2346,01,LONG BRANCH PD,MUNICIPAL,0,0,0,0,P,B,N,N,11,1,BROADWAY,S,,,13251351__,.00,07,,01,04,02,01,06,01,05,,10,FE,S,CR 29A / MYRTLE AVE,,,,25,25,60,40.307570,73.996890,N,GRASS OF 696 BROADWAY(TIRE MARKS)  TREE IN FRONT OF 696 BROADWAY(DAMAGED TREE),25372
2018132518LB22890,MONMOUTH,LONG BRANCH CITY,08/25/2018,SA,0041,01,LONG BRANCH PD,MUNICIPAL,0,0,0,0,P,B,N,N,06,2,S FIFTH ST **,,,,13251214__,.56,07,,01,04,02,01,06,01,05,,100,FE,N,HALBERT ST,,,,25,25,28,40.308510,73.991210,N,,25340
2018132518LB22944,MONMOUTH,LONG BRANCH CITY,08/25/2018,SA,1700,01,LONG BRANCH PD,MUNICIPAL,0,0,0,0,P,I,N,N,06,3,VAN DYKE PL **,W,,,13251142__,.09,07,,01,04,02,01,01,01,05,,,AT,E,FOURTH AVE,,,,25,25,28,40.302250,73.988300,N,V1 STRUCK V3,25313
2018132518LB22964,MONMOUTH,LONG BRANCH CITY,08/25/2018,SA,2201,01,LONG BRANCH PD,MUNICIPAL,0,2,0,0,I,I,Y,N,01,2,BROADWAY,,,,13251351__,.44,07,,02,04,02,01,06,01,05,,,AT,,MORRELL ST,,,,25,25,26,40.300150,73.999000,N,,25316
2018132518LB23043,MONMOUTH,LONG BRANCH CITY,08/26/2018,SU,1655,01,LONG BRANCH PD,MUNICIPAL,0,2,0,0,I,B,N,N,01,2,MONMOUTH COUNTY 25 I,,25,1,130000251_,.18,05,,01,04,02,01,01,01,04,,50,FE,E,VAN COURT AVE,,,,40,25,26,40.281400,73.998280,N,,25310
2018132518LB23071,MONMOUTH,LONG BRANCH CITY,08/26/2018,SU,1943,01,LONG BRANCH PD,MUNICIPAL,0,0,0,0,P,B,N,N,01,2,LAIRD ST,E,,,,,07,,01,04,02,01,01,01,05,,30,FE,W,LANDMARK,,,,25,25,26,40.302930,73.981230,N,,25367
2018132518LB23126,MONMOUTH,LONG BRANCH CITY,08/27/2018,MO,1117,01,LONG BRANCH PD,MUNICIPAL,0,1,0,0,I,B,N,N,01,4,NJ 36,E,36,,00000036__,5.38,02,,01,05,02,01,01,01,05,,200,FE,W,FLORENCE AVE / MACARTHUR AVE,,,,25,25,26,40.313080,73.985810,N,,
2018132518LB23371,MONMOUTH,LONG BRANCH CITY,08/29/2018,WE,1257,01,LONG BRANCH PD,LONG BRANCH CIT,0,0,0,0,P,I,N,N,99,2,MONMOUTH COUNTY 57,N,57,,13000057__,1.20,05,,01,04,02,01,01,01,03,,,AT,,MORRIS AVE,,,,40,25,26,40.298520,73.981070,N,,25322
2018132518LB23536,MONMOUTH,LONG BRANCH CITY,08/30/2018,TH,2230,01,LONG BRANCH PD,MUNICIPAL,0,1,0,0,I,B,N,N,06,2,S FIFTH ST **,S,,,13251214__,.34,07,,01,04,02,01,05,01,05,,500,FE,N,ROUTE 537 / BROADWAY,,,,25,25,28,,,N,,25361
2018132518LB23613,MONMOUTH,LONG BRANCH CITY,08/31/2018,FR,2022,01,LONG BRANCH PD,1325,0,0,0,0,P,B,N,N,06,2,BATH AVE,W,,,13251314__,.17,07,,01,04,02,01,06,01,05,,50,FE,E,EMMONS ST,,,,25,25,28,40.298140,74.000400,N,,25362
2018132518LB23658,MONMOUTH,LONG BRANCH CITY,09/01/2018,SA,1224,01,LONG BRANCH PD,MUNICIPAL,0,0,0,0,P,B,N,N,99,2,RIVINGTON AVE **,E,,,13251210__,.00,07,,01,04,02,01,01,01,05,,100,FE,W,CR 29A / MYRTLE AVE,,,,25,35,26,40.303290,74.011040,N,,25352
2018132518LB23676,MONMOUTH,LONG BRANCH CITY,09/01/2018,SA,1626,01,LONG BRANCH PD,MUNICIPAL,0,0,0,0,P,I,N,N,03,2,BATH AVE,E,,,13251314__,.35,07,,01,04,02,01,01,01,05,,,AT,,DIVISION ST,,,,25,25,26,40.296510,73.997110,N,,25363
2018132518LB23705,MONMOUTH,LONG BRANCH CITY,09/01/2018,SA,2103,01,LONG BRANCH PD,MUNICIPAL,0,0,0,0,P,I,N,N,03,2,NJ 36,E,36,,00000036__,4.56,02,,01,04,02,01,07,01,05,,,AT,,EDWARDS AVE,,,,35,25,26,40.307050,74.000110,N,,25369
2018132518LB23735,MONMOUTH,LONG BRANCH CITY,09/02/2018,SU,0211,01,LONG BRANCH PD,MUNICIPAL,0,1,0,0,I,B,Y,N,06,2,WESTWOOD AVE,S,,,,,07,,01,04,02,01,06,01,05,,20,FE,S,FRANKLIN AVE.,,,,25,25,28,40.299350,73.988280,N,BROWN COLORED WOODEN FENCE BORDERING SOUTHSIDE OF 152 WESTWOOD AVE. DESTROYED,25371
2018132518LB23832,MONMOUTH,LONG BRANCH CITY,09/03/2018,MO,0247,01,LONG BRANCH PD,MUNICIPAL,0,0,0,0,P,B,N,N,06,2,NJ 36,E,36,,00000036__,4.91,02,,01,04,02,01,07,01,05,,100,FE,W,SIXTH AVE,,,,40,25,28,40.309160,73.994050,N,GRASS RIPPED UP IN FRONT OF 344 JOLINE  DAMAGED RAIN GUTTER,25372
2018132518LB23936,MONMOUTH,LONG BRANCH CITY,09/04/2018,TU,0710,01,LONG BRANCH PD,MUNICIPAL,0,0,0,0,P,B,N,N,02,2,BROADWAY,E,,,13251351__,.15,07,,01,04,02,01,01,01,05,,200,FE,W,GRAND AVE,,,,25,25,26,,,N,,25360
2018132518LB24029,MONMOUTH,LONG BRANCH CITY,09/05/2018,WE,0720,01,LONG BRANCH PD,MUNICIPAL,0,1,0,0,I,B,N,N,01,2,NJ 36,W,36,,00000036__,4.24,02,,01,04,02,01,01,01,05,01,500,FE,W,BRANCHPORT AVE,,,,35,25,26,40.305560,74.004790,N,,25365
2018132518LB24063,MONMOUTH,LONG BRANCH CITY,09/05/2018,WE,1524,01,LONG BRANCH PD,MUNICIPAL,0,1,0,0,I,I,N,N,03,2,MONMOUTH COUNTY 57,N,57,,13000057__,.60,05,,01,04,02,01,01,01,05,01,,AT,E,COTTAGE PL,,,,40,25,26,,,N,,25361
2018132518LB24064,MONMOUTH,LONG BRANCH CITY,09/05/2018,WE,1530,01,LONG BRANCH PD,LONG BRANCH,0,0,0,0,P,B,N,N,06,3,OCEAN AVE,N,,,13011310__,4.68,07,,01,04,02,01,01,01,05,,25,FE,N,MELROSE TER,,,,25,25,28,40.300940,73.978350,N,,
2018132518LB24139,MONMOUTH,LONG BRANCH CITY,09/05/2018,WE,1045,01,LONG BRANCH PD,MUNICIPAL,0,0,0,0,P,B,N,N,06,2,SECOND AVE **,S,,,13251099__,.20,07,,01,04,02,01,01,01,05,01,50,FE,S,BRIGHTON AVE,,,,25,25,28,40.284600,73.986070,N,,25322
2018132518LB24252,MONMOUTH,LONG BRANCH CITY,09/07/2018,FR,1555,01,LONG BRANCH PD,MUNICIPAL,0,0,0,0,P,I,N,N,05,2,PACIFIC ST **,E,,,13251195__,,07,,01,04,02,01,01,05,05,,,AT,,SPRUCE ST,,,,25,25,26,,,N,,25361
2018132518LB24265,MONMOUTH,LONG BRANCH CITY,09/07/2018,FR,2226,01,LONG BRANCH PD,MUNICIPAL,0,0,0,0,P,B,N,N,01,2,MONMOUTH COUNTY 25 I,W,25,1,130000251_,.09,05,,01,04,02,01,01,01,05,,25,FE,W,CR 25 / NORWOOD AVE,,,,25,25,26,40.275020,73.984710,N,,25313
2018132518LB24314,MONMOUTH,LONG BRANCH CITY,09/08/2018,SA,1106,01,LONG BRANCH PD,MUNICIPAL,0,0,0,0,P,I,N,N,02,2,PARK AVE,,,,13371370__,1.28,07,,01,04,02,02,01,05,05,,,AT,,ELBERON AVE,,,,25,25,26,40.269290,73.991680,N,,25373
2018132518LB24352,MONMOUTH,LONG BRANCH CITY,09/08/2018,SA,1932,01,LONG BRANCH PD,MUNICIPAL,0,0,0,0,P,I,N,N,99,2,THIRD AVE,S,,,13251126__,.55,07,,01,04,02,01,06,01,05,,,AT,,BATH AVE,,,,25,25,26,40.292390,73.987560,N,,25371