Year(4)-CountyCode(2)-MunicipalityCode(2)-CaseNumber(9),County Name,Municipality Name,Crash Date,Crash Day of Week,Crash Time,Police Department Code,Police Department,Police Station,Total Killed,Total Injured,Pedestrians Killed,Pedestrians Injured,Severity,Intersection,Alcohol Involved,Hazmat Involved,Crash Type,Total Vehicles,Location,Location Direction,Route,Route Suffix,Std Rte Identifier,MilePost,Road System,Road Character,Road Horizontal Alignment,Road Grade,Road Surface Type,Surface Condition,Light Condition,Environmental Condition,Road Divided By,Temporary Traffic Control Zone,Distance To Cross Street,Unit Of Measurement,Direction From Cross Street,Cross Street Name,Is Ramp,Ramp To/From Route Name,Ramp To/From Route Direction,Posted Speed,Posted Speed Cross Street,First Harmful Event,Latitude,Longitude,Cell Phone In Use Flag,Other Property Damage,Reporting Badge No.
2018132618MN01170,MONMOUTH,MANALAPAN TWP,01/14/2018,SU,2135,01,MANALAPAN TWP PD,,0,2,0,0,I,B,N,N,01,2,ROUTE 527,N,527,,00000527__,27.20,05,,01,04,02,01,07,01,05,01,50,FE,S,HIDDEN POND COURT,,,,45,25,26,40.262230,74.341470,N,,26143
2018132618MN01210,MONMOUTH,MANALAPAN TWP,01/15/2018,MO,1101,01,MANALAPAN TWP PD,,0,0,0,0,P,B,N,N,02,2,ROUTE 522,E,522,,00000522__,14.93,05,,01,04,02,01,01,05,05,01,500,FE,W,FARM TREE RD,,,,40,25,26,40.293750,74.349990,N,,26126
2018132618MN01215,MONMOUTH,MANALAPAN TWP,01/15/2018,MO,1135,01,MANALAPAN TWP PD,,0,2,0,0,I,B,N,N,03,2,ROUTE 527 ALTERNATE,N,527,A,00000527A_,.25,07,,01,04,02,01,01,01,05,01,1320,FE,N,ROUTE 527 / CR 1 / SWEETMANS LN,,,,45,45,26,40.234240,74.371550,N,TREE ON PROPERTY OF 164 SMITHBURG ROAD,26131
2018132618MN01218,MONMOUTH,MANALAPAN TWP,01/15/2018,MO,1227,01,MANALAPAN TWP PD,,0,0,0,0,P,B,N,N,01,2,US 9,S,9,,00000009__,117.95,02,,01,04,02,01,01,01,02,01,2640,FE,N,TAYLORS MILLS RD,,,,55,35,26,40.309330,74.305130,N,,26144
2018132618MN01359,MONMOUTH,MANALAPAN TWP,01/16/2018,TU,1638,01,MANALAPAN TWP PD,,0,0,0,0,P,B,N,N,01,2,US 9,S,9,,00000009__,116.76,02,,01,04,02,01,03,01,05,01,50,FE,N,RYAN RD / SYMMES RD,,,,55,35,26,40.289880,74.298150,N,,26152
2018132618MN01417,MONMOUTH,MANALAPAN TWP,01/17/2018,WE,1322,01,MANALAPAN TWP PD,,0,0,0,0,P,B,N,N,06,2,BROWNING PLACE,E,,,,,07,,01,04,02,05,01,03,05,01,10,FE,E,WHITMAN BOULEVARD,,,,25,25,26,40.302200,74.346610,N,,140
2018132618MN01434,MONMOUTH,MANALAPAN TWP,01/17/2018,WE,1703,01,MANALAPAN TWP PD,,0,2,0,0,I,I,N,N,04,2,ROUTE 527,S,527,,00000527__,22.44,05,,01,04,02,01,07,01,05,01,,AT,,ROUTE 524 / ROUTE 537,,,,50,50,26,,,N,,26143
2018132618MN01439,MONMOUTH,MANALAPAN TWP,01/17/2018,WE,1824,01,MANALAPAN TWP PD,,0,0,0,0,P,I,N,N,01,2,NJ 33,E,33,,00000033__,22.60,02,,01,04,02,01,06,01,03,01,,AT,,WOODWARD RD,,,,55,35,26,40.253810,74.368340,N,,26145
2018132618MN01443,MONMOUTH,MANALAPAN TWP,01/17/2018,WE,1910,01,MANALAPAN TWP PD,,0,0,0,0,P,B,N,N,01,2,US 9,N,9,,00000009__,117.00,02,,01,04,02,02,06,01,02,01,1320,FE,N,RYAN RD / SYMMES RD,,,,55,35,26,40.295210,74.299300,N,,26145
2018132618MN01483,MONMOUTH,MANALAPAN TWP,01/18/2018,TH,1129,01,MANALAPAN TWP PD,,0,0,0,0,P,B,N,N,01,2,US 9,S,9,,00000009__,117.00,02,,01,04,02,01,01,01,02,01,300,FE,N,TAYLORS MILLS ROAD,,,,55,35,26,40.302680,74.303060,N,,26100
2018132618MN01484,MONMOUTH,MANALAPAN TWP,01/18/2018,TH,1129,01,MANALAPAN TWP PD,,0,0,0,0,P,B,N,N,01,2,COVERED BRIDGE BOULEVAR,E,,,,,07,,01,04,02,01,01,01,05,,5,FE,W,US 9,,,,25,55,26,40.325130,74.306180,N,,26099
2018132618MN01502,MONMOUTH,MANALAPAN TWP,01/18/2018,TH,1619,01,MANALAPAN TWP PD,,0,0,0,0,P,B,N,N,08,2,LONE STAR LANE,E,,,,,07,,01,04,02,01,01,01,05,01,50,FE,E,DORTMUNDER DRIVER,,,,25,25,28,40.309850,74.357190,N,,140
2018132618MN01515,MONMOUTH,MANALAPAN TWP,01/18/2018,TH,1810,01,MANALAPAN TWP PD,,0,2,0,0,I,B,N,N,01,3,MONMOUTH COUNTY 22,E,22,,13000022__,.17,05,,01,04,02,02,07,01,05,01,100,FE,W,PENSION RD,,,,40,35,26,40.302050,74.354450,N,,
2018132618MN01517,MONMOUTH,MANALAPAN TWP,01/18/2018,TH,1936,01,MANALAPAN TWP PD,,0,0,0,0,P,I,N,N,03,2,PENSION ROAD,S,,,,,07,,01,04,02,01,07,01,05,01,,AT,,UNION HILL ROAD,,,,25,35,26,40.322230,74.351800,N,,26148
2018132618MN01530,MONMOUTH,MANALAPAN TWP,01/18/2018,TH,2150,01,MANALAPAN TWP PD,,0,0,0,0,P,B,N,N,06,2,PINE BROOK RD,,,,13261428__,.52,07,,01,04,02,01,07,01,04,,1320,FE,W,BECKET RD,,,,35,25,26,,,N,,26134
2018132618MN01629,MONMOUTH,MANALAPAN TWP,01/19/2018,FR,1622,01,MANALAPAN TWP PD,,0,0,0,0,P,B,N,N,01,2,US 9,S,9,,00000009__,117.88,02,,,04,02,01,01,01,02,01,528,FE,S,CENTER DR,,,,55,25,26,40.308830,74.304540,N,,26151
2018132618MN01667,MONMOUTH,MANALAPAN TWP,01/19/2018,FR,2244,01,MANALAPAN TWP PD,,0,1,0,0,I,B,N,N,99,1,NJ 33 BUSINESS,W,33,B,00000033B_,.40,02,,01,04,02,01,05,01,05,01,300,FE,E,YATES RD,,,,50,25,60,40.254720,74.331200,N,,140
2018132618MN01754,MONMOUTH,MANALAPAN TWP,01/20/2018,SA,1638,01,MANALAPAN TWP PD,,0,0,0,0,P,B,N,N,02,2,US 9,N,9,,00000009__,116.73,02,,01,04,02,01,01,01,02,01,100,FE,S,RYAN RD / SYMMES RD,,,,55,35,26,40.293150,74.298590,N,,26143
2018132618MN01815,MONMOUTH,MANALAPAN TWP,01/21/2018,SU,0721,01,MANALAPAN TWP PD,,0,0,0,0,P,B,N,N,11,1,VILLAGE ROAD,,,,,,07,,01,04,02,01,01,01,,,25,FE,W,ROUTE 527,,,,25,40,62,40.268440,74.341010,N,"FIRE HYDRANT AND """"NO PARKING"""" STREE SIGN KNOCKED OUT OF THE GROUND",26114
2018132618MN01825,MONMOUTH,MANALAPAN TWP,01/21/2018,SU,1226,01,MANALAPAN TWP PD,,0,0,0,0,P,B,N,N,01,2,US 9,S,9,,00000009__,116.75,02,,01,04,02,01,01,01,05,01,10,FE,N,,T,RYAN RD / SYMMES RD,WB,55,,26,40.293290,74.300120,N,,26126
2018132618MN01899,MONMOUTH,MANALAPAN TWP,01/22/2018,MO,0950,01,MANALAPAN TWP PD,,0,2,0,0,I,B,N,N,01,3,MONMOUTH COUNTY 3,S,3,,13000003__,.82,05,,01,04,02,01,01,01,05,01,100,FE,N,ROUTE 522,,,,35,40,26,40.281580,74.330580,N,,26144
2018132618MN01945,MONMOUTH,MANALAPAN TWP,01/22/2018,MO,1722,01,MANALAPAN TWP PD,,0,0,0,0,P,B,N,N,01,2,US 9,S,9,,00000009__,117.00,02,,01,04,02,01,06,01,02,01,1320,FE,N,RYAN RD / SYMMES RD,,,,55,35,26,,,N,,26136
2018132618MN02043,MONMOUTH,MANALAPAN TWP,01/23/2018,TU,1829,01,MANALAPAN TWP PD,,0,1,0,0,I,I,N,N,03,3,FRANKLIN LANE,N,,,,,07,,01,04,02,01,07,01,05,01,,AT,,WILLOW GROVE WAY,,,,25,25,26,40.313540,74.303550,N,,
2018132618MN02159,MONMOUTH,MANALAPAN TWP,01/24/2018,WE,1705,01,MANALAPAN TWP PD,,0,0,0,0,P,B,N,N,02,2,GORDONS CORNER RD,W,,,13261107__,.74,07,,01,04,02,01,03,01,05,,10,FE,E,PEASE ROAD,,,,40,35,26,40.310630,74.320730,N,,26128
2018132618MN02165,MONMOUTH,MANALAPAN TWP,01/24/2018,WE,1818,01,MANALAPAN TWP PD,,0,3,0,0,I,B,Y,N,04,2,ROUTE 522,W,522,,00000522__,17.20,05,,01,04,02,01,07,01,05,01,2640,FE,W,WEMROCK ROAD,,,,50,35,,40.281580,74.330580,N,,26148
2018132618MN02167,MONMOUTH,MANALAPAN TWP,01/24/2018,WE,1902,01,MANALAPAN TWP PD,,0,0,0,0,P,B,N,N,11,1,ROUTE 527,,527,,00000527__,27.10,05,,01,05,02,01,05,01,04,,100,FE,N,CANNONERO BLVD,,,,45,25,,,,N,,26134
2018132618MN02232,MONMOUTH,MANALAPAN TWP,01/25/2018,TH,1249,01,MANALAPAN TWP PD,,0,2,0,0,I,B,N,N,01,2,NJ 33,W,33,,00000033__,24.02,02,,01,04,02,01,01,01,03,,50,FE,E,ROUTE 527 / MILLHURST RD / SWEETMAN,,,,55,45,26,40.253480,74.341690,N,,26105
2018132618MN02247,MONMOUTH,MANALAPAN TWP,01/25/2018,TH,1457,01,MANALAPAN TWP PD,,0,0,0,0,P,B,N,N,01,2,CRAIG ROAD,W,,,,,07,,01,04,02,01,01,01,05,,150,FE,E,CORPORATE CENTER DRIVE,,,,35,25,26,40.285480,74.300050,N,,26105
2018132618MN02249,MONMOUTH,MANALAPAN TWP,01/25/2018,TH,1547,01,MANALAPAN TWP PD,,0,0,0,0,P,B,N,N,08,2,55 US 9 S #100; WEGMANS,,,,,,09,,01,04,02,01,01,01,,,,,,PRIVATE PROPERTY,,,,,,26,40.289880,74.298150,N,,26098
2018132618MN02260,MONMOUTH,MANALAPAN TWP,01/25/2018,TH,1730,01,MANALAPAN TWP PD,,0,0,0,0,P,B,N,N,01,2,US 9,S,9,,00000009__,117.60,02,,01,04,02,01,06,01,02,01,792,FE,N,TAYLORS MILLS RD,,,,55,35,26,40.302680,74.303060,N,,26148
2018132618MN02297,MONMOUTH,MANALAPAN TWP,01/26/2018,FR,0618,01,MANALAPAN TWP PD,,0,0,0,0,P,I,N,N,01,2,MONMOUTH COUNTY 3,N,3,,13000003__,3.62,05,,01,04,02,01,03,01,05,01,,AT,,GORDONS CORNER RD,,,,40,40,26,40.317780,74.306510,N,,26149
2018132618MN02332,MONMOUTH,MANALAPAN TWP,01/26/2018,FR,1125,01,MANALAPAN TWP PD,,0,1,0,0,I,B,N,N,03,2,RYAN ROAD,W,,,,,07,,01,04,02,01,01,01,05,01,100,FE,,US 9,,,,25,55,26,40.293150,74.298590,N,,26139
2018132618MN02358,MONMOUTH,MANALAPAN TWP,01/26/2018,FR,1526,01,MANALAPAN TWP PD,,0,0,0,0,P,B,N,N,11,1,NJ 33,E,33,,00000033__,21.85,02,,01,04,02,01,01,01,03,01,1320,FE,E,PARK AVE,,,,55,25,56,40.254790,74.379500,N,JCP&L POLE JC87MPN,26151
2018132618MN02385,MONMOUTH,MANALAPAN TWP,01/26/2018,FR,2034,01,MANALAPAN TWP PD,,0,3,0,0,I,I,N,N,11,1,WILTSHIRE DRIVE,,,,,,07,,01,04,02,01,07,01,04,01,,AT,,PINE BROOK RD,,,,25,35,,,,N,,26134
2018132618MN02415,MONMOUTH,MANALAPAN TWP,01/27/2018,SA,0718,01,MANALAPAN TWP PD,,0,1,0,0,I,B,N,N,11,1,NJ 33 BUSINESS,E,33,B,00000033B_,.00,02,,02,04,02,04,02,01,05,01,,,,,F,NJ 33,EB,55,,46,40.253280,74.340320,N,GUARDRAIL,26153
2018132618MN02435,MONMOUTH,MANALAPAN TWP,01/27/2018,SA,0800,01,MANALAPAN TWP PD,,0,0,0,0,P,B,N,N,02,2,UNION HILL RD,,,,13261531__,.88,07,,01,04,02,01,01,01,05,01,50,FE,W,BRIDGE PLAZA DRIVE,,,,35,25,26,,,N,,26154
2018132618MN02459,MONMOUTH,MANALAPAN TWP,01/27/2018,SA,1834,01,MANALAPAN TWP PD,STATION,0,0,0,0,P,B,N,N,03,2,SYMMES DR,N,,,13261138__,1.27,07,,01,04,02,01,03,01,,01,1056,FE,W,US 9,,,,35,55,26,40.293370,74.303770,N,,26146
2018132618MN02512,MONMOUTH,MANALAPAN TWP,01/28/2018,SU,1439,01,MANALAPAN TWP PD,,0,0,0,0,P,B,N,N,01,2,US 9,S,9,,00000009__,116.75,02,,01,04,02,02,01,02,02,,10,FE,N,RYAN RD / SYMMES RD,,,,55,35,26,,,N,,26154
2018132618MN02513,MONMOUTH,MANALAPAN TWP,01/28/2018,SU,1315,01,MANALAPAN TWP PD,,0,0,0,0,P,B,N,N,12,1,NJ 33 BUSINESS,W,33,B,00000033B_,.80,02,,01,04,02,02,01,02,05,01,1000,FE,W,WEMROCK RD,,,,50,40,24,40.263600,74.319790,N,,26144
2018132618MN02518,MONMOUTH,MANALAPAN TWP,01/28/2018,SU,1402,01,MANALAPAN TWP PD,,0,1,0,0,I,B,N,N,03,2,FRANKLIN LN,S,,,,,07,,01,04,02,02,01,02,05,01,1320,FE,N,US 9,,,,25,55,26,40.307650,74.303900,N,,26094
2018132618MN02540,MONMOUTH,MANALAPAN TWP,01/28/2018,SU,1959,01,MANALAPAN TWP PD,,0,1,0,0,I,B,N,N,11,1,LAFAYETTE MILLS ROAD,,,,,,07,,02,04,02,02,07,01,05,01,50,FE,N,ROBERTSVILLE ROAD,,,,35,25,56,40.313610,74.288090,N,LAWN AND TREE OF 102 ROBERTSVILLE ROAD,26151
2018132618MN02571,MONMOUTH,MANALAPAN TWP,01/29/2018,MO,0414,01,MANALAPAN TWP PD,,0,0,0,0,P,B,Y,N,11,1,MONMOUTH COUNTY 3,N,3,,13000003__,2.28,05,,01,04,02,01,06,01,05,,300,FE,N,TAYLORS MILLS RD,,,,40,35,,40.304270,74.314610,N,VERIZON UTILTY POLE (UNKNOWN #) DOWN  CABLE/PHONE WIRES DOWN  ROADWAY REFLECTOR,26146
2018132618MN02807,MONMOUTH,MANALAPAN TWP,01/30/2018,TU,1629,01,MANALAPAN TWP PD,,0,0,0,0,P,I,N,N,08,2,MONMOUTH COUNTY 3,S,3,,13000003__,3.65,05,,01,04,02,02,01,01,05,01,,AT,,,T,US 9,SB,40,,26,40.320780,74.305580,N,,26143
2018132618MN02812,MONMOUTH,MANALAPAN TWP,01/30/2018,TU,1713,01,MANALAPAN TWP PD,,0,1,0,0,I,B,N,N,11,1,MONMOUTH COUNTY 3,S,3,,13000003__,3.80,05,,01,04,02,02,01,01,05,01,500,FE,S,,T,US 9,NB,40,,61,40.320640,74.303740,N,UTILTY POLE #JC1312MPN AND MAILBOX ON PROPERTY OF 817 TENNENT ROAD.,26143
2018132618MN02886,MONMOUTH,MANALAPAN TWP,01/31/2018,WE,1110,01,MANALAPAN TWP PD,,0,0,0,0,P,I,N,N,03,2,NJ 33,E,33,,00000033__,21.90,02,,01,04,02,01,01,01,03,01,,AT,,UNNAMED JUGHANDLE,,,,55,,26,40.253150,74.356290,N,,26139
2018132618MN02891,MONMOUTH,MANALAPAN TWP,01/31/2018,WE,1149,01,MANALAPAN TWP PD,,0,0,0,0,P,B,N,N,01,2,US 9,N,9,,00000009__,118.45,02,,01,04,02,01,01,01,02,,5280,FE,N,TAYLORS MILLS RD,,,,55,25,26,40.311440,74.303420,N,,26105
2018132618MN02917,MONMOUTH,MANALAPAN TWP,01/31/2018,WE,1740,01,MANALAPAN TWP PD,,0,1,0,0,I,B,N,N,01,3,NJ 33,E,33,,00000033__,23.76,02,,01,04,02,01,03,01,05,01,1320,FE,W,ROUTE 527 / MILLHURST RD / SWEETMAN,,,,55,45,26,40.253480,74.341690,N,,
2018132618MN02944,MONMOUTH,MANALAPAN TWP,02/01/2018,TH,0844,01,MANALAPAN TWP PD,,0,1,0,0,I,B,N,N,03,2,SYMMES DR,W,,,13261138__,1.37,07,,01,04,02,01,01,01,04,01,528,FE,W,US 9,,,,35,55,26,40.293250,74.298670,N,,26153
2018132618MN03018,MONMOUTH,MANALAPAN TWP,02/01/2018,TH,1847,01,MANALAPAN TWP PD,,0,1,0,1,I,B,N,N,13,1,FRANKLIN LN,N,,,,,07,,01,04,02,01,05,01,04,01,294,FE,S,WILLOW GROVE WY,,,,25,25,22,40.307370,74.303790,N,,26137
2018132618MN03022,MONMOUTH,MANALAPAN TWP,02/01/2018,TH,1951,01,MANALAPAN TWP PD,,0,0,0,0,P,B,N,N,02,2,ROUTE 527,N,527,,00000527__,26.61,05,,01,04,02,01,07,01,05,01,1320,FE,N,KINNEY RD,,,,45,35,26,40.253130,74.341720,N,,26152
2018132618MN03039,MONMOUTH,MANALAPAN TWP,02/02/2018,FR,0633,01,MANALAPAN TWP PD,MANALAPAN PD,0,0,0,0,P,B,N,N,03,2,WOODWARD ROAD,N,,,,,07,,01,04,02,01,02,01,05,01,20,FE,N,NJ 33,,,,35,55,26,40.254350,74.367750,N,,26142
2018132618MN03041,MONMOUTH,MANALAPAN TWP,02/02/2018,FR,0855,01,MANALAPAN TWP PD,,0,1,0,0,I,B,N,N,01,2,WOODWARD ROAD,,,,,,07,,01,04,02,02,01,01,04,,450,FE,E,VILLAGE ROAD,,,,35,25,26,40.254800,74.361100,N,,26154
2018132618MN03099,MONMOUTH,MANALAPAN TWP,02/02/2018,FR,1346,01,MANALAPAN TWP PD,,0,0,0,0,P,B,N,N,01,2,US 9,N,9,,00000009__,116.65,02,,01,04,02,01,01,01,02,01,528,FE,S,RYAN RD / SYMMES RD,,,,55,25,26,,,N,,26153
2018132618MN03221,MONMOUTH,MANALAPAN TWP,02/03/2018,SA,1622,01,MANALAPAN TWP PD,,0,0,0,0,P,I,N,N,01,2,PEASE RD,,,,13261427__,1.09,07,,01,04,02,01,01,01,05,01,,AT,,OLD QUEENS BOULEVARD,,,,35,25,26,40.314020,74.325090,N,,26151
2018132618MN03302,MONMOUTH,MANALAPAN TWP,02/04/2018,SU,1549,01,MANALAPAN TWP PD,,0,0,0,0,P,B,N,N,08,2,SUTTON DR,W,,,,,07,,01,04,02,02,01,02,,,200,FE,E,WINFIELD DR,,,,25,25,28,40.285610,74.312470,N,,26130
2018132618MN03332,MONMOUTH,MANALAPAN TWP,02/05/2018,MO,0518,01,MANALAPAN TWP PD,,0,1,0,0,I,B,N,N,11,1,ROUTE 527 ALTERNATE,S,527,A,00000527A_,3.84,05,,02,04,02,04,05,01,05,01,2000,FE,S,DAUM RD,,,,45,40,52,40.271850,74.386520,N,POLE # BT2317MN (OWNED BY VERIZON),26107
2018132618MN03333,MONMOUTH,MANALAPAN TWP,02/05/2018,MO,0625,01,MANALAPAN TWP PD,,0,0,0,0,P,B,N,N,11,1,ROUTE 522,,522,,00000522__,13.48,05,,01,04,02,04,01,01,05,,1320,FE,E,LEWIS ST,,,,45,25,52,40.304760,74.370430,N,JCPL POLE #JC6850MPN,26132
2018132618MN03334,MONMOUTH,MANALAPAN TWP,02/05/2018,MO,0627,01,MANALAPAN TWP PD,,0,0,0,0,P,B,N,N,11,1,WOODWARD ROAD,,,,,,07,,01,04,02,04,05,01,04,,500,FE,W,ROUTE 527,,,,35,40,60,40.274740,74.342730,N,DAMAGE TO LAWN OF 336 WOODWARD ROAD,26114
2018132618MN03532,MONMOUTH,MANALAPAN TWP,02/07/2018,WE,1100,01,MANALAPAN TWP PD,,0,0,0,0,P,B,N,N,15,1,KIPLING WAY,W,,,,,07,,01,04,02,02,01,02,05,,2640,FE,W,GORDONS CORNER ROAD,,,,25,35,39,40.301240,74.339530,N,,26105
2018132618MN03547,MONMOUTH,MANALAPAN TWP,02/07/2018,WE,1413,01,MANALAPAN TWP PD,,0,1,0,0,I,I,N,N,01,2,CRAIG RD,E,,,,,07,,01,04,02,02,01,02,05,01,,AT,,WINFIELD DR,,,,40,25,26,40.285320,74.314630,N,,26116
2018132618MN03785,MONMOUTH,MANALAPAN TWP,02/09/2018,FR,1721,01,MANALAPAN TWP PD,,0,0,0,0,P,B,N,N,01,2,SYMMES DR,W,,,13261138__,1.47,07,,01,04,02,01,03,01,05,01,20,FE,E,US 9,,,,35,55,26,40.293150,74.298590,N,,26153
2018132618MN03790,MONMOUTH,MANALAPAN TWP,02/09/2018,FR,1800,01,MANALAPAN TWP PD,,0,2,0,0,I,B,N,N,03,2,MONMOUTH COUNTY 3,,3,,13000003__,3.28,05,,01,04,02,01,05,01,05,01,200,FE,N,TOWNE DR,,,,40,25,26,40.314060,74.307830,N,,26151
2018132618MN03801,MONMOUTH,MANALAPAN TWP,02/09/2018,FR,2045,01,MANALAPAN TWP PD,,0,0,0,0,P,B,N,N,12,1,ROUTE 527,S,527,,00000527__,,05,,,04,01,01,05,01,05,01,400,FE,S,CANNONERO BLVD.,,,,35,25,24,,,N,,26102
2018132618MN03844,MONMOUTH,MANALAPAN TWP,02/10/2018,SA,0905,01,MANALAPAN TWP PD,,0,0,0,0,P,B,N,N,02,2,NJ 33,,33,,00000033__,24.51,02,,01,06,02,01,01,01,03,,2640,FE,E,ROUTE 527 / MILLHURST RD / SWEETMAN,,,,55,45,26,40.254330,74.338600,N,,26105
2018132618MN03859,MONMOUTH,MANALAPAN TWP,02/10/2018,SA,1053,01,MANALAPAN TWP PD,,0,0,0,0,P,B,N,N,02,2,US 9,S,9,,00000009__,119.10,02,,01,04,02,01,01,01,02,,100,FE,S,COVERED BRIDGE BLVD,,,,55,25,26,40.327110,74.305620,N,,26105
2018132618MN03870,MONMOUTH,MANALAPAN TWP,02/10/2018,SA,1323,01,MANALAPAN TWP PD,,0,0,0,0,P,B,N,N,01,2,MONMOUTH COUNTY 3,N,3,,13000003__,3.67,05,,01,04,02,02,01,02,05,01,20,FE,S,GORDENS CORNER RD,,,,40,45,26,40.317780,74.306510,N,,26131
2018132618MN03958,MONMOUTH,MANALAPAN TWP,02/11/2018,SU,2233,01,MANALAPAN TWP PD,,0,0,0,0,P,B,N,N,11,1,ROUTE 522,E,522,,00000522__,17.35,05,,01,04,02,02,05,01,,,900,FE,W,WEMROCK ROAD,,,,50,35,,40.275610,74.320350,N,JCP&L POLE #JC508MPN,26154
2018132618MN04027,MONMOUTH,MANALAPAN TWP,02/12/2018,MO,1420,01,MANALAPAN TWP PD,,0,0,0,0,P,B,N,N,02,3,US 9,N,9,,00000009__,117.90,02,,01,04,02,01,01,01,02,01,750,FE,N,FRANKLIN LN,,,,55,25,26,40.317780,74.306510,N,,
2018132618MN04034,MONMOUTH,MANALAPAN TWP,02/12/2018,MO,1501,01,MANALAPAN TWP PD,,0,0,0,0,P,B,N,N,11,1,MONMOUTH COUNTY 3,S,3,,13000003__,3.75,05,,01,04,02,01,01,01,,,528,FE,N,US 9,,,,40,55,61,40.321060,74.304400,N,20-25 FOOT TREE BELONGING TO 817 TENNENT ROAD,26099
2018132618MN04036,MONMOUTH,MANALAPAN TWP,02/12/2018,MO,1500,01,MANALAPAN TWP PD,,0,0,0,0,P,B,N,N,08,2,146 WOODWARD RD,,,,,,09,,01,04,02,01,01,01,05,01,,,,,,,,,,26,40.254350,74.367750,N,,26139
2018132618MN04071,MONMOUTH,MANALAPAN TWP,02/12/2018,MO,1842,01,MANALAPAN TWP PD,,0,0,0,0,P,B,N,N,01,2,NJ 33,W,33,,00000033__,24.03,02,,01,04,02,01,07,01,05,01,100,FE,E,ROUTE 527 / MILLHURST RD / SWEETMAN,,,,55,45,26,40.254230,74.339610,N,,26152
2018132618MN04112,MONMOUTH,MANALAPAN TWP,02/13/2018,TU,0738,01,MANALAPAN TWP PD,,0,0,0,0,P,B,N,N,01,2,US 9,N,9,,00000009__,117.89,02,,01,04,02,01,01,01,02,01,700,FE,N,FRANKLIN LN,,,,55,25,26,40.312090,74.303570,N,,26100
2018132618MN04118,MONMOUTH,MANALAPAN TWP,02/13/2018,TU,0915,01,MANALAPAN TWP PD,,0,0,0,0,P,B,N,N,01,2,UNION HILL RD,W,,,13261531__,.74,07,,01,04,02,01,01,01,05,01,10,FE,E,NEAL DR,,,,35,25,26,40.335380,74.321700,N,,26116
2018132618MN04334,MONMOUTH,MANALAPAN TWP,02/14/2018,WE,1516,01,MANALAPAN TWP PD,,0,0,0,0,P,B,N,N,01,2,US 9,N,9,,00000009__,117.43,02,,01,04,02,01,01,01,02,01,100,FE,S,TAYLORS MILLS RD,,,,55,45,26,40.302680,74.303060,N,,26153
2018132618MN04338,MONMOUTH,MANALAPAN TWP,02/14/2018,WE,1631,01,MANALAPAN TWP PD,,0,1,0,0,I,B,N,N,01,3,MONMOUTH COUNTY 3,N,3,,13000003__,3.61,05,,01,04,02,01,01,01,05,01,75,FE,S,GORDONS CORNER RD,,,,45,35,26,40.317780,74.306510,N,,
2018132618MN04347,MONMOUTH,MANALAPAN TWP,02/14/2018,WE,1732,01,MANALAPAN TWP PD,,0,0,0,0,P,I,N,N,03,2,ROUTE 527,N,527,,00000527__,26.61,05,,01,04,02,01,01,01,05,01,,AT,,,F,NJ 33,EB,45,,26,40.253480,74.341690,N,,26098
2018132618MN04470,MONMOUTH,MANALAPAN TWP,02/15/2018,TH,1932,01,MANALAPAN TWP PD,,0,0,0,0,P,B,N,N,02,2,TAYLORS MILLS RD,,,,13261530__,.84,07,,01,04,02,02,05,01,05,01,250,FE,W,US 9,,,,35,55,26,40.302680,74.303060,N,,26151
2018132618MN04530,MONMOUTH,MANALAPAN TWP,02/16/2018,FR,1221,01,MANALAPAN TWP PD,,0,1,0,0,I,I,N,N,03,2,MONMOUTH COUNTY 3,S,3,,13000003__,1.07,05,,01,04,02,02,01,01,05,01,,AT,,CHURCH LN,,,,40,25,26,,,N,,26118
2018132618MN04555,MONMOUTH,MANALAPAN TWP,02/16/2018,FR,1616,01,MANALAPAN TWP PD,,0,0,0,0,P,B,N,N,01,2,BRIDGE PLAZA DRIVE,S,,,,,07,,01,04,02,02,01,02,05,01,5,FE,N,UNION HILL ROAD,,,,25,35,26,40.336850,74.318900,N,,26153
2018132618MN04674,MONMOUTH,MANALAPAN TWP,02/17/2018,SA,2012,01,MANALAPAN TWP PD,,0,0,0,0,P,I,N,N,01,2,MONMOUTH COUNTY 22,W,22,,13000022__,.96,05,,01,04,02,03,06,03,05,,,AT,,KIPLING WAY,,,,40,,26,40.302750,74.338790,N,,26122
2018132618MN04677,MONMOUTH,MANALAPAN TWP,02/17/2018,SA,2027,01,MANALAPAN TWP PD,,0,0,0,0,P,B,N,N,11,1,COOPERHAWK DR,N,,,,,07,,03,05,02,03,05,03,,,1000,FE,N,GORDONS CORNER RD,,,,25,40,56,,,N,,26102
2018132618MN04678,MONMOUTH,MANALAPAN TWP,02/17/2018,SA,2030,01,MANALAPAN TWP PD,,0,0,0,0,P,I,N,N,03,2,CRAIG RD,,,,,,07,,01,04,02,03,04,03,05,,,AT,,WASHINGTON AVENUE,,,,25,45,26,40.284930,74.308520,N,,26098