Year(4)-CountyCode(2)-MunicipalityCode(2)-CaseNumber(9),County Name,Municipality Name,Crash Date,Crash Day of Week,Crash Time,Police Department Code,Police Department,Police Station,Total Killed,Total Injured,Pedestrians Killed,Pedestrians Injured,Severity,Intersection,Alcohol Involved,Hazmat Involved,Crash Type,Total Vehicles,Location,Location Direction,Route,Route Suffix,Std Rte Identifier,MilePost,Road System,Road Character,Road Horizontal Alignment,Road Grade,Road Surface Type,Surface Condition,Light Condition,Environmental Condition,Road Divided By,Temporary Traffic Control Zone,Distance To Cross Street,Unit Of Measurement,Direction From Cross Street,Cross Street Name,Is Ramp,Ramp To/From Route Name,Ramp To/From Route Direction,Posted Speed,Posted Speed Cross Street,First Harmful Event,Latitude,Longitude,Cell Phone In Use Flag,Other Property Damage,Reporting Badge No.
2018132618MN08724,MONMOUTH,MANALAPAN TWP,04/01/2018,SU,0954,01,MANALAPAN TWP PD,,0,0,0,0,P,B,N,N,04,2,DAUM ROAD,E,,,,,07,,03,04,02,01,01,01,04,01,20,FE,W,WOODWARD ROAD,,,,25,35,26,40.260320,74.368010,N,,26137
2018132618MN08736,MONMOUTH,MANALAPAN TWP,04/01/2018,SU,1524,01,MANALAPAN TWP PD,,0,0,0,0,P,B,N,N,11,1,SANFORD STREET,W,,,,,07,,01,04,02,01,01,01,05,01,150,FE,E,WILSON AVENUE,,,,25,45,,40.305330,74.357090,N,,140
2018132618MN08765,MONMOUTH,MANALAPAN TWP,04/02/2018,MO,0738,01,MANALAPAN TWP PD,,0,0,0,0,P,B,N,N,01,2,WOODWARD ROAD,S,,,,,07,,01,04,02,03,01,03,04,01,528,FE,N,US 33,,,,35,55,26,40.253810,74.368340,N,,26153
2018132618MN08766,MONMOUTH,MANALAPAN TWP,04/02/2018,MO,0751,01,MANALAPAN TWP PD,,0,1,0,0,I,B,N,N,11,1,TAYLORS MILLS RD,W,,,13261530__,,07,,01,05,02,03,01,03,05,01,400,FE,E,BLAIR LANE,,,,35,25,,,,N,PLASTIC MAILBOX #106 TAYLORS MILLS ROAD  UTILITY POLE #JC908MPN,26139
2018132618MN08768,MONMOUTH,MANALAPAN TWP,04/02/2018,MO,0827,01,MANALAPAN TWP PD,,0,1,0,0,I,B,N,N,11,1,RYAN RD,W,,,,,07,,01,04,02,03,01,03,05,01,1584,FE,E,US 9,,,,35,55,56,40.294790,74.295370,N,,26153
2018132618MN08769,MONMOUTH,MANALAPAN TWP,04/02/2018,MO,0837,01,MANALAPAN TWP PD,,0,2,0,0,I,B,N,N,11,3,ROUTE 527 ALTERNATE,N,527,A,00000527A_,.48,07,,01,05,02,03,01,03,05,01,2640,FE,S,BAIRD RD / LAMB LN,,,,45,35,52,40.244860,74.386130,N,UTILITY POLE BT2251 (STILL INTACT),
2018132618MN08771,MONMOUTH,MANALAPAN TWP,04/02/2018,MO,0858,01,MANALAPAN TWP PD,,0,1,0,0,I,B,N,N,11,1,ROUTE 527 ALTERNATE,N,527,A,00000527A_,1.48,07,,01,05,02,03,01,03,05,01,2640,FE,N,BAIRD RD / LAMB LN,,,,45,35,,40.244860,74.386130,N,,26116
2018132618MN08772,MONMOUTH,MANALAPAN TWP,04/02/2018,MO,0903,01,MANALAPAN TWP PD,,0,0,0,0,P,B,N,N,11,1,MCCAFFERY ROAD,W,,,,,07,,02,04,02,03,01,03,05,,1584,FE,W,WOODWARD ROAD,,,,35,35,60,40.278860,74.371310,N,,26099
2018132618MN08813,MONMOUTH,MANALAPAN TWP,04/02/2018,MO,1654,01,MANALAPAN TWP PD,,0,1,0,0,I,B,N,N,01,3,US 9,S,9,,00000009__,117.54,02,,01,04,02,01,01,01,02,01,500,FE,N,TAYLORS MILLS RD,,,,55,35,26,40.302680,74.303060,N,,
2018132618MN08889,MONMOUTH,MANALAPAN TWP,04/03/2018,TU,0757,01,MANALAPAN TWP PD,,0,0,0,0,P,B,N,N,02,2,ROUTE 522,E,522,,00000522__,16.04,05,,01,04,02,02,01,01,05,01,1320,FE,W,NJ 3 / MAIN ST / TENNANT ST,,,,45,35,26,40.274440,74.317990,N,,26116
2018132618MN08977,MONMOUTH,MANALAPAN TWP,04/04/2018,WE,1311,01,MANALAPAN TWP PD,,0,0,0,0,P,B,N,N,11,1,HIGHLAND RIDGE ROAD,S,,,,,07,,01,06,02,02,01,02,05,01,264,FE,N,CHESTNUT HILL DRIVE,,,,25,25,60,40.234740,74.352800,N,,26153
2018132618MN09124,MONMOUTH,MANALAPAN TWP,04/05/2018,TH,1818,01,MANALAPAN TWP PD,,0,0,0,0,P,B,N,N,02,2,TAYLORS MILLS RD,W,,,13261530__,.97,07,,01,04,02,01,01,01,05,01,400,FE,E,US 9,,,,25,55,26,,,N,,26102
2018132618MN09163,MONMOUTH,MANALAPAN TWP,04/06/2018,FR,0841,01,MANALAPAN TWP PD,MANALAPAN PD,0,0,0,0,P,B,N,N,01,2,US 9,S,9,,00000009__,117.10,02,,01,04,02,02,01,05,02,01,50,FE,S,PLAZA 9,,,,55,25,26,40.301400,74.304120,N,,26142
2018132618MN09169,MONMOUTH,MANALAPAN TWP,04/06/2018,FR,0939,01,MANALAPAN TWP PD,MANALAPAN PD,0,1,0,0,I,B,N,N,02,3,US 9,N,9,,00000009__,118.70,02,,01,04,02,01,01,01,02,01,50,FE,N,GORDONS CORNER ROAD,,,,55,35,26,40.317720,74.306580,N,,
2018132618MN09271,MONMOUTH,MANALAPAN TWP,04/07/2018,SA,1248,01,MANALAPAN TWP PD,,0,0,0,0,P,B,N,N,01,2,MONMOUTH COUNTY 3,N,3,,13000003__,3.53,05,,01,04,02,01,01,01,05,01,500,FE,S,GORDONS CORNER RD,,,,40,40,26,40.317780,74.306510,N,,26139
2018132618MN09312,MONMOUTH,MANALAPAN TWP,04/08/2018,SU,0002,01,MANALAPAN TWP PD,,0,1,0,0,I,B,N,N,03,2,NJ 33,E,33,,00000033__,22.66,02,,01,04,02,01,06,01,02,,300,FE,N,WOODWARD RD,,,,55,35,26,,,N,,26123
2018132618MN09376,MONMOUTH,MANALAPAN TWP,04/08/2018,SU,1816,01,MANALAPAN TWP PD,,0,0,0,0,P,B,N,N,01,2,WOOWARD ROAD,N,,,,,07,,01,04,02,01,01,01,05,01,100,FE,N,NJ 33,,,,35,55,26,40.254350,74.367750,N,,26148
2018132618MN09419,MONMOUTH,MANALAPAN TWP,04/09/2018,MO,0301,01,MANALAPAN TWP PD,,0,0,0,0,P,B,N,N,12,1,US 9,N,9,,00000009__,118.62,02,,01,04,02,01,07,01,02,01,500,FE,N,NJ 3 / MORGANVILLE RD / TENNANT RD,,,,55,40,24,40.317720,74.306580,N,,26149
2018132618MN09427,MONMOUTH,MANALAPAN TWP,04/09/2018,MO,0802,01,MANALAPAN TWP PD,,0,0,0,0,P,B,N,N,11,2,MCCAFFERY RD,S,,,,,07,,03,04,02,01,01,01,05,01,5280,FE,S,ROUTE 527 ALTERNATE,,,,35,50,19,40.274090,74.362020,N,DAMAGE TO TREES ON NORTHBOUND SIDE OF MCCAFFERY,26100
2018132618MN09522,MONMOUTH,MANALAPAN TWP,04/09/2018,MO,1424,01,MANALAPAN TWP PD,,0,0,0,0,P,B,N,N,01,2,ROUTE 527 ALTERNATE,N,527,A,00000527A_,5.88,05,,03,04,02,01,01,01,05,01,10,FE,S,ROUTE 527 / CONOVER ST / MILLHURST,,,,30,25,26,40.287960,74.358220,N,,26099
2018132618MN09539,MONMOUTH,MANALAPAN TWP,04/09/2018,MO,1655,01,MANALAPAN TWP PD,,0,2,0,0,I,B,N,N,01,2,MONMOUTH COUNTY 3,N,3,,13000003__,2.60,05,,01,04,02,01,01,01,05,01,25,FE,S,SANDY BROOK,,,,40,25,26,40.304270,74.314610,N,,26148
2018132618MN09543,MONMOUTH,MANALAPAN TWP,04/09/2018,MO,1735,01,MANALAPAN TWP PD,,0,0,0,0,P,B,N,N,02,2,MANOR DRIVE,S,,,,,07,,01,04,02,01,01,01,05,01,25,FE,,MANOR COURT,,,,25,25,26,40.307260,74.314540,N,,26152
2018132618MN09584,MONMOUTH,MANALAPAN TWP,04/10/2018,TU,0704,01,MANALAPAN TWP PD,,0,1,0,0,I,B,N,N,11,1,NJ 33,E,33,,00000033__,23.20,02,,01,04,02,02,01,05,03,01,264,FE,W,PEGASUS BLVD,,,,55,25,56,40.253810,74.368340,N,JCP&L POLE #JC122MPN,26153
2018132618MN09695,MONMOUTH,MANALAPAN TWP,04/11/2018,WE,0702,01,MANALAPAN TWP PD,,0,0,0,0,P,B,N,N,01,2,US 9,N,9,,00000009__,119.00,02,,01,04,02,01,01,01,02,01,,,,,,,,55,,26,,,N,,26118
2018132618MN09769,MONMOUTH,MANALAPAN TWP,04/11/2018,WE,2008,01,MANALAPAN TWP PD,,0,0,0,0,P,B,N,N,01,3,US 9,N,9,,00000009__,118.45,02,,01,04,02,01,05,01,02,01,5280,FE,N,TAYLORS MILLS RD,,,,55,25,26,40.312130,74.304900,N,,
2018132618MN09780,MONMOUTH,MANALAPAN TWP,04/11/2018,WE,2125,01,MANALAPAN TWP PD,,0,0,0,0,P,B,N,N,12,1,US 9,N,9,,00000009__,117.19,02,,01,04,02,01,05,01,02,01,250,FE,S,PLAZA CT / SMALLWOOD LN,,,,55,25,24,40.293150,74.298590,N,,26151
2018132618MN10095,MONMOUTH,MANALAPAN TWP,04/14/2018,SA,1334,01,MANALAPAN TWP PD,,0,0,0,0,P,B,N,N,01,2,US 9,S,9,,00000009__,118.17,02,,01,04,02,01,01,01,02,01,1000,FE,N,CENTER DR,,,,55,25,26,40.309920,74.304170,N,,26139
2018132618MN10117,MONMOUTH,MANALAPAN TWP,04/14/2018,SA,1752,01,MANALAPAN TWP PD,MANALAPAN,0,0,0,0,P,B,Y,N,01,3,LONE STAR LN,N,,,,,07,,01,04,02,01,01,01,05,01,200,FE,S,DORTMUNDER DRIVE,,,,25,25,26,40.309960,74.352910,N,,
2018132618MN10135,MONMOUTH,MANALAPAN TWP,04/14/2018,SA,2042,01,MANALAPAN TWP PD,,0,0,0,0,P,B,N,N,01,3,NJ 33,E,33,,00000033__,24.51,02,,01,05,02,01,05,01,03,01,2640,FE,E,ROUTE 527 / MILLHURST RD / SWEETMAN,,,,55,45,26,40.253480,74.341690,N,,
2018132618MN10136,MONMOUTH,MANALAPAN TWP,04/14/2018,SA,2105,01,MANALAPAN TWP PD,,0,0,0,0,P,B,N,N,15,1,MONMOUTH COUNTY 22,W,22,,13000022__,.19,05,,01,05,02,01,05,01,05,,10,FE,W,PENSION RD,,,,35,35,39,,,N,,26134
2018132618MN10199,MONMOUTH,MANALAPAN TWP,04/15/2018,SU,2257,01,MANALAPAN TWP PD,MANALAPAN PD,0,0,0,0,P,B,N,N,11,1,MONMOUTH COUNTY 3,N,3,,13000003__,1.06,05,,02,04,02,02,05,02,05,01,75,FE,S,CHURCH LN,,,,35,25,,40.286200,74.326180,N,MONMOUTH COUNTY GUARD RAIL,26142
2018132618MN10221,MONMOUTH,MANALAPAN TWP,04/16/2018,MO,0921,01,MANALAPAN TWP PD,,0,0,0,0,P,B,N,N,01,2,MONMOUTH COUNTY 3,S,3,,13000003__,.80,05,,01,04,02,02,01,02,05,01,25,FE,N,ROUTE 522,,,,35,45,26,40.281580,74.330580,N,,26131
2018132618MN10482,MONMOUTH,MANALAPAN TWP,04/18/2018,WE,0712,01,MANALAPAN TWP PD,,0,0,0,0,P,I,N,N,01,2,TAYLORS MILLS RD,E,,,13261530__,.10,07,,01,04,02,01,01,01,05,01,,AT,,CR 3,,,,35,40,26,40.299390,74.317700,N,,26126
2018132618MN10563,MONMOUTH,MANALAPAN TWP,04/18/2018,WE,1638,01,MANALAPAN TWP PD,,0,0,0,0,P,I,N,N,01,2,TAYLORS MILLS RD,,,,13261530__,.00,07,,01,04,02,01,01,01,05,01,,AT,,ROUTE 522,,,,35,40,26,40.290160,74.343490,N,,26151
2018132618MN10671,MONMOUTH,MANALAPAN TWP,04/19/2018,TH,1632,01,MANALAPAN TWP PD,,0,1,0,0,I,I,N,N,03,2,MONMOUTH COUNTY 3,N,3,,13000003__,3.60,05,,01,04,01,02,01,05,05,01,,AT,,WICKATUNK ROAD,,,,40,35,26,40.317780,74.306510,N,,26143
2018132618MN10719,MONMOUTH,MANALAPAN TWP,04/20/2018,FR,0706,01,MANALAPAN TWP PD,,0,0,0,0,P,B,N,N,01,3,US 9,N,9,,00000009__,117.00,02,,01,04,02,01,01,01,02,01,750,FE,N,GORDONS CORNER RD,,,,55,35,26,40.317720,74.306580,N,,
2018132618MN10727,MONMOUTH,MANALAPAN TWP,04/20/2018,FR,1011,01,MANALAPAN TWP PD,,0,0,0,0,P,B,N,N,01,2,ROUTE 522,W,522,,00000522__,15.28,05,,01,04,02,01,01,01,05,01,500,FE,W,TAYLORS MILL RD,,,,45,35,26,40.289920,74.345390,N,,26144
2018132618MN10757,MONMOUTH,MANALAPAN TWP,04/20/2018,FR,1548,01,MANALAPAN TWP PD,,0,0,0,0,P,B,N,N,06,2,WESTBROOK WAY,N,,,,,07,,01,04,02,01,01,01,05,01,200,FE,,SARATGOGA DRIVE,,,,25,25,28,40.303910,74.326460,N,,140
2018132618MN10822,MONMOUTH,MANALAPAN TWP,04/21/2018,SA,1252,01,MANALAPAN TWP PD,,0,0,0,0,P,B,N,N,01,2,NJ 33,W,33,,00000033__,21.60,02,,01,04,02,01,01,01,03,01,2640,FE,E,ROUTE 527 ALT / IRON ORE RD / WOODV,,,,55,35,26,40.258050,74.392260,N,,26100
2018132618MN10908,MONMOUTH,MANALAPAN TWP,04/22/2018,SU,1250,01,MANALAPAN TWP PD,,0,0,0,0,P,B,N,N,01,2,US 9,N,9,,00000009__,117.45,02,,01,04,02,01,01,01,02,,1637,FE,S,FRANKLIN LN,,,,55,25,26,40.302680,74.303060,N,,26128
2018132618MN10918,MONMOUTH,MANALAPAN TWP,04/22/2018,SU,1522,01,MANALAPAN TWP PD,,0,0,0,0,P,B,N,N,01,2,US 9,N,9,,00000009__,116.74,02,,01,04,02,01,01,01,02,01,75,FE,S,RYAN RD / SYMMES RD,,,,55,25,26,40.293850,74.298340,N,,26151
2018132618MN11178,MONMOUTH,MANALAPAN TWP,04/25/2018,WE,1323,01,MANALAPAN TWP PD,,0,0,0,0,P,B,N,N,01,2,NJ 33,W,33,,00000033__,24.01,02,,01,04,02,02,01,02,03,01,20,FE,E,ROUTE 527 / MILLHURST RD / SWEETMAN,,,,55,,26,40.258120,74.396170,N,,26094
2018132618MN11181,MONMOUTH,MANALAPAN TWP,04/25/2018,WE,1347,01,MANALAPAN TWP PD,,0,0,0,0,P,B,N,N,11,1,MONTICELLO CT,W,,,,,07,,01,04,02,02,01,02,05,01,50,FE,E,SILVERLEAF WAY,,,,25,35,61,40.317470,74.317980,N,BRICK MAILBOX FOR 1 MOTICELLO CT.,26126
2018132618MN11186,MONMOUTH,MANALAPAN TWP,04/25/2018,WE,1431,01,MANALAPAN TWP PD,,0,0,0,0,P,I,N,N,03,2,MONMOUTH COUNTY 3,S,3,,13000003__,.80,05,,01,04,02,02,01,05,05,01,,AT,,ROUTE 522,,,,40,40,26,40.281580,74.330580,N,,26146
2018132618MN11217,MONMOUTH,MANALAPAN TWP,04/25/2018,WE,2000,01,MANALAPAN TWP PD,,0,0,0,0,P,B,N,N,01,2,MONMOUTH COUNTY 3,S,3,,13000003__,2.23,05,,01,04,02,01,05,01,05,01,50,FE,N,TAYLORS MILLS RD,,,,40,35,26,40.299390,74.317700,N,,26151
2018132618MN11281,MONMOUTH,MANALAPAN TWP,04/26/2018,TH,1355,01,MANALAPAN TWP PD,,0,0,0,0,P,B,N,N,01,2,US 9,N,9,,00000009__,118.20,02,,01,04,02,01,01,01,02,01,1320,FE,S,CR 22,,,,55,45,26,40.317720,74.306580,N,,26139
2018132618MN11285,MONMOUTH,MANALAPAN TWP,04/26/2018,TH,1410,01,MANALAPAN TWP PD,,0,1,0,0,I,B,Y,N,10,1,ROUTE 522,W,522,,00000522__,16.20,05,,01,04,02,01,01,01,05,01,,,,,,,,35,,,,,N,UTILITY POLE JC587MPN,26118
2018132618MN11293,MONMOUTH,MANALAPAN TWP,04/26/2018,TH,1626,01,MANALAPAN TWP PD,,0,0,0,0,P,B,N,N,02,2,MONMOUTH COUNTY 3,S,3,,13000003__,1.20,05,,01,04,02,01,01,01,04,01,50,FE,S,CRAIG RD,,,,35,35,26,40.284480,74.327280,N,,26154
2018132618MN11295,MONMOUTH,MANALAPAN TWP,04/26/2018,TH,1703,01,MANALAPAN TWP PD,,0,1,0,0,I,B,N,N,01,2,NJ 33,E,33,,00000033__,21.88,02,,01,04,02,01,01,01,03,01,1320,FE,W,SAW GRASS DR,,,,55,25,26,40.254880,74.375610,N,,26145
2018132618MN11364,MONMOUTH,MANALAPAN TWP,04/27/2018,FR,1351,01,MANALAPAN TWP PD,,0,0,0,0,P,B,N,N,02,2,GORDONS CORNER RD,W,,,13261107__,1.29,07,,01,04,02,01,01,01,05,01,50,FE,W,KINGSLEY DR,,,,35,25,26,,,N,,26118
2018132618MN11395,MONMOUTH,MANALAPAN TWP,04/27/2018,FR,1815,01,MANALAPAN TWP PD,,0,0,0,0,P,B,N,N,01,2,US 9,S,9,,00000009__,117.47,02,,01,04,02,01,01,01,05,01,100,FE,N,TAYLORS MILLS RD,,,,55,35,26,40.302020,74.304100,N,,26152
2018132618MN11516,MONMOUTH,MANALAPAN TWP,04/28/2018,SA,1937,01,MANALAPAN TWP PD,,0,0,0,0,P,B,Y,N,11,1,MONMOUTH COUNTY 3,N,3,,13000003__,1.49,05,,01,04,02,01,03,01,05,01,300,FE,N,CAITLIN WAY / DEVON DR S,,,,40,25,,40.289170,74.324240,N,MAILBOX OF 500 TENNENT ROAD,26148
2018132618MN11536,MONMOUTH,MANALAPAN TWP,04/28/2018,SA,2352,01,MANALAPAN TWP PD,,0,1,0,0,I,I,N,N,11,1,WOODWARD ROAD,E,,,,,07,,01,04,02,02,06,02,05,01,,AT,,DAUM ROAD,,,,35,25,60,40.260320,74.368010,N,TREE AND LANDSCAPING TO 201 WOODWARD ROAD,26133
2018132618MN11582,MONMOUTH,MANALAPAN TWP,04/29/2018,SU,1410,01,MANALAPAN TWP PD,,0,0,0,0,P,I,N,N,03,3,ROUTE 527 ALTERNATE,W,527,A,00000527A_,2.87,05,,01,04,02,01,01,01,05,01,,AT,,DUGAN GROVE RD / INDIAN PATH,,,,45,45,26,40.265700,74.402640,N,,26100
2018132618MN11588,MONMOUTH,MANALAPAN TWP,04/29/2018,SU,1620,01,MANALAPAN TWP PD,,0,0,0,0,P,B,N,N,01,2,US 9,S,9,,00000009__,117.90,02,,01,04,02,01,01,01,02,01,2376,FE,N,TAYLORS MILLS RD,,,,55,45,26,40.313130,74.305120,N,,26153
2018132618MN11604,MONMOUTH,MANALAPAN TWP,04/29/2018,SU,1927,01,MANALAPAN TWP PD,,0,0,0,0,P,B,N,N,13,1,ROUTE 522,E,522,,00000522__,15.27,05,,01,04,02,01,03,01,05,01,528,FE,W,TAYLORS MILL RD,,,,45,35,,40.281580,74.330580,N,,26152
2018132618MN11750,MONMOUTH,MANALAPAN TWP,05/01/2018,TU,0201,01,MANALAPAN TWP PD,,0,0,0,0,P,B,N,N,12,1,NJ 33,E,33,,00000033__,21.35,02,,01,04,02,01,05,01,03,,1320,FE,E,ROUTE 527 ALT / IRON ORE RD / WOODV,,,,55,40,,40.257160,74.392380,N,,26132
2018132618MN11801,MONMOUTH,MANALAPAN TWP,05/01/2018,TU,1403,01,MANALAPAN TWP PD,,0,1,0,0,I,B,N,N,01,2,ROUTE 522,W,522,,00000522__,15.46,05,,01,04,02,01,01,01,05,01,500,FE,E,TAYLORS MILL RD,,,,35,,26,,,N,,26118
2018132618MN11867,MONMOUTH,MANALAPAN TWP,05/02/2018,WE,0713,01,MANALAPAN TWP PD,,0,0,0,0,P,B,N,N,06,2,ROUTE 527,N,527,,00000527__,26.11,05,,01,04,02,01,01,01,05,01,2640,FE,S,NJ 33,,,,40,,28,,,N,,26118
2018132618MN11905,MONMOUTH,MANALAPAN TWP,05/02/2018,WE,1442,01,MANALAPAN TWP PD,,0,0,0,0,P,B,N,N,11,1,PINE BROOK RD,S,,,13261428__,.00,07,,01,04,02,01,01,01,05,01,20,FE,W,US 9,,,,40,55,,40.321250,74.305670,N,,26144
2018132618MN12000,MONMOUTH,MANALAPAN TWP,05/03/2018,TH,1044,01,MANALAPAN TWP PD,MANALAPAN,0,0,0,0,P,B,N,N,02,2,ROUTE 522,E,522,,00000522__,15.63,05,,01,04,02,01,01,01,05,01,10,FE,E,CHURCH LN,,,,45,25,26,,,N,,26113
2018132618MN12101,MONMOUTH,MANALAPAN TWP,05/04/2018,FR,0837,01,MANALAPAN TWP PD,,0,2,0,0,I,B,N,N,01,2,MONMOUTH COUNTY 22,E,22,,13000022__,.13,05,,01,06,02,01,01,01,05,01,300,FE,W,PENSION RD,,,,35,35,26,40.302750,74.353230,N,UTILITY POLE #40156,26139
2018132618MN12117,MONMOUTH,MANALAPAN TWP,05/04/2018,FR,1207,01,MANALAPAN TWP PD,,0,0,0,0,P,I,N,N,03,2,US 9,S,9,,00000009__,116.75,02,,01,04,02,01,01,01,05,01,,AT,,RYAN RD / SYMMES RD,,,,55,35,26,40.293150,74.298590,N,,26116
2018132618MN12147,MONMOUTH,MANALAPAN TWP,05/04/2018,FR,1728,01,MANALAPAN TWP PD,,0,0,0,0,P,B,N,N,01,2,US 9,S,9,,00000009__,118.25,02,,01,04,02,01,01,01,02,01,2000,FE,S,TOWN POINTE,,,,55,25,26,40.311050,74.304540,N,,26145
2018132618MN12200,MONMOUTH,MANALAPAN TWP,05/05/2018,SA,1010,01,MANALAPAN TWP PD,,0,0,0,0,P,I,N,N,03,2,NJ 33,W,33,,00000033__,22.60,02,,01,04,02,01,01,01,02,01,,AT,,WOODWARD RD,,,,55,35,26,40.254350,74.367750,N,,26131
2018132618MN12230,MONMOUTH,MANALAPAN TWP,05/05/2018,SA,1731,01,MANALAPAN TWP PD,,0,0,0,0,P,B,N,N,12,1,MONMOUTH COUNTY 3,W,3,,13000003__,.02,05,,01,04,02,01,01,01,05,01,100,FE,E,ROUTE 527 / MILLHURST RD,,,,35,45,24,40.274740,74.342730,N,,26152
2018132618MN12304,MONMOUTH,MANALAPAN TWP,05/06/2018,SU,1236,01,MANALAPAN TWP PD,STATION,0,0,0,0,P,B,N,N,01,2,US 9,S,9,,00000009__,117.00,02,,01,04,02,01,01,05,02,,1320,FE,N,RYAN RD / SYMMES RD,,,,55,35,26,40.251950,74.300220,N,,26097
2018132618MN12306,MONMOUTH,MANALAPAN TWP,05/06/2018,SU,1326,01,MANALAPAN TWP PD,,0,0,0,0,P,I,N,N,03,2,MONMOUTH COUNTY 22,,22,,13000022__,.19,05,,01,05,02,01,01,01,05,01,,AT,,PENSION RD,,,,40,35,26,40.302750,74.353230,N,,26131
2018132618MN12436,MONMOUTH,MANALAPAN TWP,05/07/2018,MO,1725,01,MANALAPAN TWP PD,,0,0,0,0,P,B,N,N,01,2,MONMOUTH COUNTY 3,S,3,,13000003__,1.19,05,,01,04,02,01,01,01,04,,100,FE,S,CRAIG RD,,,,35,35,26,,,N,,26154
2018132618MN12649,MONMOUTH,MANALAPAN TWP,05/09/2018,WE,1553,01,MANALAPAN TWP PD,,0,0,0,0,P,B,N,N,01,2,MONMOUTH COUNTY 3,E,3,,13000003__,.55,05,,01,04,02,01,01,01,05,01,1320,FE,W,ROUTE 522,,,,35,45,26,40.279320,74.333380,N,,26143
2018132618MN12657,MONMOUTH,MANALAPAN TWP,05/09/2018,WE,1751,01,MANALAPAN TWP PD,,0,0,0,0,P,B,N,N,01,2,GORDONS CORNER RD,E,,,13261107__,.74,07,,01,04,02,01,01,01,04,01,1000,FE,W,PEASE ROAD,,,,40,35,26,,,N,,26145
2018132618MN12755,MONMOUTH,MANALAPAN TWP,05/10/2018,TH,1622,01,MANALAPAN TWP PD,,0,0,0,0,P,I,N,N,03,2,NJ 33,W,33,,00000033__,21.10,02,,01,04,02,01,01,01,03,01,,AT,,ROUTE 527 ALT / IRON ORE RD / WOODV,,,,55,45,26,40.258340,74.396370,N,,26140
2018132618MN12846,MONMOUTH,MANALAPAN TWP,05/11/2018,FR,0939,01,MANALAPAN TWP PD,,0,2,0,0,I,I,N,N,03,2,GORDONS CORNER RD,E,,,13261107__,1.30,07,,01,04,02,01,01,01,05,,,AT,,KINGSLEY DRIVE,,,,40,25,26,40.314710,74.312000,N,,26105
2018132618MN12862,MONMOUTH,MANALAPAN TWP,05/11/2018,FR,1242,01,MANALAPAN TWP PD,MANALAPAN,0,1,0,0,I,B,N,N,10,1,NJ 33,E,33,,00000033__,23.34,02,,01,04,02,01,01,01,03,01,500,FE,E,PEGASUS BLVD,,,,55,25,01,40.253620,74.356240,N,NJ DOT TRAFFIC MONITORING DEVICE/BOX (609-530-3501),26113
2018132618MN12948,MONMOUTH,MANALAPAN TWP,05/12/2018,SA,1629,01,MANALAPAN TWP PD,,0,1,0,0,I,B,N,N,01,2,LAFAYETTE MILLS ROAD,S,,,,,07,,01,04,02,01,01,01,05,01,50,FE,S,TRACY DRIVE,,,,35,25,26,40.314850,74.287950,N,,140
2018132618MN13095,MONMOUTH,MANALAPAN TWP,05/14/2018,MO,1555,01,MANALAPAN TWP PD,,0,0,0,0,P,B,N,N,01,2,US 9,S,9,,00000009__,116.31,02,,01,04,02,01,01,01,01,01,30,FE,N,CRAIG ROAD,,,,55,40,26,40.287210,74.296430,N,,26154
2018132618MN13130,MONMOUTH,MANALAPAN TWP,05/14/2018,MO,2118,01,MANALAPAN TWP PD,,0,0,0,0,P,B,N,N,03,2,MONMOUTH COUNTY 3,S,3,,13000003__,2.86,05,,01,04,02,01,07,01,05,01,200,FE,N,KENSINGTON DR / WOODLAND CIR,,,,40,25,26,40.307860,74.311800,N,,26154
2018132618MN13170,MONMOUTH,MANALAPAN TWP,05/15/2018,TU,0719,01,MANALAPAN TWP PD,,0,0,0,0,P,B,N,N,01,2,MONMOUTH COUNTY 3,E,3,,13000003__,.78,05,,01,04,02,01,01,01,05,01,100,FE,W,ROUTE 522,,,,35,50,26,40.281300,74.330520,N,,26126
2018132618MN13180,MONMOUTH,MANALAPAN TWP,05/15/2018,TU,0913,01,MANALAPAN TWP PD,,0,0,0,0,P,I,N,N,07,2,TORONTO WOODS COURT,,,,,,07,,01,04,02,01,01,01,,,,AT,,WEST CANADIAN WOODS ROAD,,,,25,25,26,40.317250,74.292670,N,,26130
2018132618MN13195,MONMOUTH,MANALAPAN TWP,05/15/2018,TU,1214,01,MANALAPAN TWP PD,,0,0,0,0,P,B,N,N,03,2,RYAN ROAD,W,,,,,07,,01,04,01,01,01,01,04,,75,FE,E,US 9,,,,25,55,26,40.293150,74.298590,N,,26130
2018132618MN13235,MONMOUTH,MANALAPAN TWP,05/15/2018,TU,2022,01,MANALAPAN TWP PD,,0,0,0,0,P,B,N,N,03,2,TAYLORS MILLS RD,,,,13261530__,.91,07,,01,04,02,02,05,02,05,01,100,FE,E,US 9,,,,25,55,26,40.302680,74.303060,N,,26151