Year(4)-CountyCode(2)-MunicipalityCode(2)-CaseNumber(9),County Name,Municipality Name,Crash Date,Crash Day of Week,Crash Time,Police Department Code,Police Department,Police Station,Total Killed,Total Injured,Pedestrians Killed,Pedestrians Injured,Severity,Intersection,Alcohol Involved,Hazmat Involved,Crash Type,Total Vehicles,Location,Location Direction,Route,Route Suffix,Std Rte Identifier,MilePost,Road System,Road Character,Road Horizontal Alignment,Road Grade,Road Surface Type,Surface Condition,Light Condition,Environmental Condition,Road Divided By,Temporary Traffic Control Zone,Distance To Cross Street,Unit Of Measurement,Direction From Cross Street,Cross Street Name,Is Ramp,Ramp To/From Route Name,Ramp To/From Route Direction,Posted Speed,Posted Speed Cross Street,First Harmful Event,Latitude,Longitude,Cell Phone In Use Flag,Other Property Damage,Reporting Badge No.
2018132618MN13303,MONMOUTH,MANALAPAN TWP,05/16/2018,WE,1733,01,MANALAPAN TWP PD,,0,0,0,0,P,B,N,N,01,2,SYMMES DR,E,,,13261138__,1.38,07,,01,04,02,02,01,02,05,01,500,FE,W,US 9,,,,35,55,26,40.291080,74.301930,N,,26154
2018132618MN13309,MONMOUTH,MANALAPAN TWP,05/16/2018,WE,1842,01,MANALAPAN TWP PD,,0,1,0,0,I,B,N,N,01,2,US 9,S,9,,00000009__,117.47,02,,01,04,02,02,01,02,02,01,100,FE,N,TAYLORS MILLS RD,,,,55,35,26,,,N,,26134
2018132618MN13384,MONMOUTH,MANALAPAN TWP,05/17/2018,TH,1724,01,MANALAPAN TWP PD,,0,1,0,0,I,B,N,N,01,2,US 9,S,9,,00000009__,117.47,02,,01,04,02,01,01,01,05,01,100,FE,N,TAYLORS MILLS RD,,,,55,35,26,40.302550,74.303620,N,,26152
2018132618MN13473,MONMOUTH,MANALAPAN TWP,05/18/2018,FR,1515,01,MANALAPAN TWP PD,,0,3,0,0,I,B,Y,N,04,3,GORDONS CORNER RD,W,,,13261107__,.74,07,,01,05,02,01,01,01,05,01,50,FE,W,PENSION ROAD,,,,40,35,26,40.302750,74.353230,N,40155 MNP,
2018132618MN13528,MONMOUTH,MANALAPAN TWP,05/19/2018,SA,1141,01,MANALAPAN TWP PD,STATION,0,0,0,0,P,B,N,N,01,2,US 9,S,9,,00000009__,117.95,02,,01,04,02,02,01,02,02,,2640,FE,N,TAYLORS MILLS RD,,,,55,35,26,40.302680,74.303060,N,,26097
2018132618MN13601,MONMOUTH,MANALAPAN TWP,05/20/2018,SU,0944,01,MANALAPAN TWP PD,,0,0,0,0,P,B,N,N,06,2,HEATHER DR,N,,,,,07,,01,04,02,02,07,04,05,01,53,FE,S,SUGAR MAPLE AVE,,,,25,25,26,40.318560,74.294720,N,,26153
2018132618MN13876,MONMOUTH,MANALAPAN TWP,05/22/2018,TU,1720,01,MANALAPAN TWP PD,,0,0,0,0,P,B,N,N,02,2,US 9,S,9,,00000009__,116.80,02,,01,04,02,01,01,01,05,01,250,FE,N,RYAN RD / SYMMES RD,,,,55,40,26,40.294090,74.299740,N,,26152
2018132618MN13902,MONMOUTH,MANALAPAN TWP,05/22/2018,TU,2310,01,MANALAPAN TWP PD,,0,0,0,0,P,B,N,N,12,1,NJ 33,E,33,,00000033__,23.99,02,,01,04,02,01,06,01,03,01,100,FE,W,ROUTE 527 / MILLHURST RD / SWEETMAN,,,,55,45,,40.252820,74.343250,N,,26133
2018132618MN13960,MONMOUTH,MANALAPAN TWP,05/22/2018,TU,1409,01,MANALAPAN TWP PD,,0,0,0,0,P,B,N,N,01,2,CHURCH LANE,N,,,,,07,,01,04,02,02,01,02,05,01,1000,FE,S,ROUTE 522,,,,25,45,26,,,N,,26118
2018132618MN13978,MONMOUTH,MANALAPAN TWP,05/23/2018,WE,1610,01,MANALAPAN TWP PD,,0,0,0,0,P,B,N,N,01,2,MONMOUTH COUNTY 3,S,3,,13000003__,3.68,05,,01,04,02,01,01,01,05,01,50,FE,N,GORDENS CORNER RD,,,,40,45,26,40.317780,74.306510,N,,26152
2018132618MN13983,MONMOUTH,MANALAPAN TWP,05/23/2018,WE,1709,01,MANALAPAN TWP PD,,0,0,0,0,P,I,N,N,03,2,MONMOUTH COUNTY 22,W,22,,13000022__,.19,05,,01,05,02,01,01,01,05,01,,AT,,PENSION RD,,,,40,35,26,40.302470,74.353440,N,,26143
2018132618MN13987,MONMOUTH,MANALAPAN TWP,05/23/2018,WE,1906,01,MANALAPAN TWP PD,,0,1,0,0,I,B,N,N,06,2,BROOKVIEW LANE,N,,,,,07,,01,04,02,01,01,01,05,01,20,FE,S,PINETREE LANE,,,,25,25,,40.319890,74.357970,N,,26152
2018132618MN14028,MONMOUTH,MANALAPAN TWP,05/24/2018,TH,1009,01,MANALAPAN TWP PD,,0,0,0,0,P,B,N,N,11,1,MONMOUTH COUNTY 3,S,3,,13000003__,1.27,05,,01,04,02,01,01,01,05,01,53,FE,N,THOMAS DR,,,,40,25,,,,N,SIGNAGE  EMBANKMENT,26128
2018132618MN14073,MONMOUTH,MANALAPAN TWP,05/24/2018,TH,1750,01,MANALAPAN TWP PD,,0,0,0,0,P,B,N,N,06,2,PEASE RD,E,,,,,09,,01,04,05,01,01,01,05,01,,,S,HOLIDAY PARK (MUNICIPAL PROPERTY),,,,35,,28,40.313690,74.325000,N,,26153
2018132618MN14119,MONMOUTH,MANALAPAN TWP,05/25/2018,FR,0714,01,MANALAPAN TWP PD,,0,0,0,0,P,B,N,N,01,2,GORDONS CORNER RD,W,,,13261107__,.75,07,,01,04,02,01,01,01,05,01,50,FE,E,PEASE ROAD,,,,40,30,26,40.308670,74.322880,N,,26139
2018132618MN14131,MONMOUTH,MANALAPAN TWP,05/25/2018,FR,0943,01,MANALAPAN TWP PD,,0,0,0,0,P,I,N,N,03,2,PENSION ROAD,,,,,,07,,01,04,02,01,01,01,,,,AT,,UNION HILL ROAD,,,,35,35,26,40.322230,74.351800,N,,26099
2018132618MN14150,MONMOUTH,MANALAPAN TWP,05/25/2018,FR,1310,01,MANALAPAN TWP PD,,0,0,0,0,P,I,N,N,03,2,MONMOUTH COUNTY 3,,3,,13000003__,1.07,05,,01,04,02,01,01,01,05,01,,AT,,CHURCH LN,,,,35,25,26,40.284480,74.327280,N,,26139
2018132618MN14161,MONMOUTH,MANALAPAN TWP,05/25/2018,FR,1534,01,MANALAPAN TWP PD,,0,0,0,0,P,I,N,N,01,2,NJ 33,W,33,,00000033__,22.60,02,,01,04,02,01,01,01,03,01,,AT,,WOODWARD RD,,,,55,55,39,40.253810,74.368340,N,SEE NARRATIVE,26151
2018132618MN14167,MONMOUTH,MANALAPAN TWP,05/25/2018,FR,1646,01,MANALAPAN TWP PD,,0,1,0,0,I,I,N,N,03,2,PEASE RD,W,,,13261427__,.00,07,,01,04,02,01,01,01,04,01,,AT,,TAYLOR MILLS ROAD,,,,35,35,26,40.299320,74.319620,N,,26153
2018132618MN14187,MONMOUTH,MANALAPAN TWP,05/25/2018,FR,2253,01,MANALAPAN TWP PD,,0,0,0,0,P,I,N,N,01,2,TAYLORS MILLS RD,W,,,13261530__,.89,07,,01,04,02,01,06,01,04,01,,AT,,US 9,,,,35,55,26,40.303100,74.303210,N,,26153
2018132618MN14226,MONMOUTH,MANALAPAN TWP,05/26/2018,SA,1042,01,MANALAPAN TWP PD,,0,1,0,0,I,B,N,N,01,2,NJ 33,E,33,,00000033__,23.92,02,,01,04,02,01,01,01,03,01,500,FE,W,ROUTE 527 / MILLHURST RD / SWEETMAN,,,,55,45,26,40.253480,74.341690,N,,26139
2018132618MN14233,MONMOUTH,MANALAPAN TWP,05/26/2018,SA,1357,01,MANALAPAN TWP PD,MANALAPAN TWP,0,0,0,0,P,B,N,N,01,2,UNION HILL RD,E,,,13261531__,.29,07,,01,04,02,01,01,01,04,01,25,FE,W,WILD TURKEY WAY,,,,35,25,26,40.336750,74.319160,N,,26113
2018132618MN14243,MONMOUTH,MANALAPAN TWP,05/26/2018,SA,1402,01,MANALAPAN TWP PD,,0,0,0,0,P,B,N,N,02,2,ROUTE 537,W,537,,00000537__,47.67,05,,01,04,02,01,01,01,05,01,300,FE,E,SHIRA LN,,,,50,25,26,40.216540,74.341730,N,,26139
2018132618MN14260,MONMOUTH,MANALAPAN TWP,05/26/2018,SA,1746,01,MANALAPAN TWP PD,,0,0,0,0,P,B,N,N,11,1,RYAN RD,E,,,,,07,,02,04,02,01,01,01,05,01,200,FE,E,FORMAN LANE,,,,25,25,52,40.295030,74.294620,N,TELEPHONE POLE #JC 2636MPN,26154
2018132618MN14319,MONMOUTH,MANALAPAN TWP,05/27/2018,SU,0751,01,MANALAPAN TWP PD,,0,0,0,0,P,B,N,N,99,1,MONMOUTH COUNTY 3,N,3,,13000003__,2.69,05,,01,04,02,02,01,02,04,,500,FE,N,SANDY BROOK,,,,40,25,,40.304270,74.314610,N,,26097
2018132618MN14340,MONMOUTH,MANALAPAN TWP,05/27/2018,SU,1047,01,MANALAPAN TWP PD,STATION,0,1,0,0,I,B,N,N,11,1,DAUM RD,E,,,,,07,,02,04,02,02,01,02,04,,7920,FE,E,ROUTE 527 ALTERNATE,,,,35,45,,40.266750,74.376950,N,,26097
2018132618MN14493,MONMOUTH,MANALAPAN TWP,05/29/2018,TU,0851,01,MANALAPAN TWP PD,,0,0,0,0,P,B,N,N,08,2,LAFAYETTE MILLS,S,,,,,07,,01,04,02,01,01,01,05,01,100,FE,E,ROBERTSVILLE RD,,,,35,25,26,40.315320,74.286640,N,,26144
2018132618MN14521,MONMOUTH,MANALAPAN TWP,05/29/2018,TU,1414,01,MANALAPAN TWP PD,,0,0,0,0,P,B,N,N,01,2,CHURCH LANE,S,,,,,07,,01,05,02,01,01,01,05,,20,FE,N,ROUTE 522,,,,25,45,26,40.288860,74.336020,N,,26128
2018132618MN14593,MONMOUTH,MANALAPAN TWP,05/30/2018,WE,0940,01,MANALAPAN TWP PD,,0,1,0,0,I,B,N,N,01,2,US 9,N,9,,00000009__,119.03,02,,01,04,02,02,01,02,02,01,500,FE,S,COVERED BRIDGE BLVD,,,,55,,26,40.327110,74.305620,N,,26139
2018132618MN14602,MONMOUTH,MANALAPAN TWP,05/30/2018,WE,1114,01,MANALAPAN TWP PD,,0,0,0,0,P,B,N,N,12,1,ROUTE 527,N,527,,00000527__,26.61,05,,01,04,02,01,01,01,05,,10,FE,S,NJ 33,,,,45,55,24,40.253360,74.338580,N,,26128
2018132618MN14638,MONMOUTH,MANALAPAN TWP,05/30/2018,WE,1736,01,MANALAPAN TWP PD,,0,1,0,0,I,B,N,N,01,2,WICKATUNK RD,W,,,13261117__,.14,07,,01,04,02,01,01,01,05,01,200,FE,W,TAMARACK DRIVE,,,,35,25,26,40.317720,74.306580,N,,26152
2018132618MN14715,MONMOUTH,MANALAPAN TWP,05/31/2018,TH,1147,01,MANALAPAN TWP PD,,0,0,0,0,P,B,N,N,01,2,ROUTE 522,W,522,,00000522__,16.10,05,,01,04,02,02,01,02,05,01,1000,FE,W,NJ 3 / MAIN ST / TENNANT ST,,,,45,35,26,40.281580,74.330580,N,,26139
2018132618MN14717,MONMOUTH,MANALAPAN TWP,05/31/2018,TH,1321,01,MANALAPAN TWP PD,MANALAPAN,0,0,0,0,P,B,N,N,01,2,ROUTE 527,S,527,,00000527__,26.62,05,,01,04,02,01,01,05,04,01,60,FE,N,NJ 33,,,,45,55,26,40.254230,74.341620,N,,26113
2018132618MN14739,MONMOUTH,MANALAPAN TWP,05/31/2018,TH,1601,01,MANALAPAN TWP PD,,0,0,0,0,P,B,N,N,01,2,US 9,S,9,,00000009__,118.08,02,,01,04,02,01,01,01,02,01,528,FE,N,CENTER DR,,,,55,25,26,40.310500,74.304810,N,,26153
2018132618MN14755,MONMOUTH,MANALAPAN TWP,05/31/2018,TH,1812,01,MANALAPAN TWP PD,,0,0,0,0,P,B,N,N,01,2,MONMOUTH COUNTY 3,S,3,,13000003__,1.04,05,,01,04,02,01,01,01,05,01,150,FE,S,CHURCH LN,,,,35,25,26,40.281580,74.330580,N,,140
2018132618MN14798,MONMOUTH,MANALAPAN TWP,06/01/2018,FR,0653,01,MANALAPAN TWP PD,MANALAPAN PD,0,0,0,0,P,B,N,N,12,1,NJ 33,W,33,,00000033__,21.11,02,,01,04,02,01,01,01,03,01,50,FE,E,ROUTE 527 ALT / IRON ORE RD / WOODV,,,,55,45,24,40.258340,74.396370,N,,26142
2018132618MN14810,MONMOUTH,MANALAPAN TWP,06/01/2018,FR,0936,01,MANALAPAN TWP PD,,0,2,0,0,I,I,N,N,01,2,UNION HILL RD,E,,,13261531__,.89,07,,01,04,02,01,01,01,,,,AT,,BRIDGE PLAZA DRIVE,,,,35,25,26,40.336180,74.319240,N,,26099
2018132618MN14865,MONMOUTH,MANALAPAN TWP,06/01/2018,FR,2045,01,MANALAPAN TWP PD,,0,0,0,0,P,B,N,N,01,2,US 9,S,9,,00000009__,116.66,02,,01,06,02,01,07,01,02,01,500,FE,S,RYAN RD / SYMMES RD,,,,55,,26,,,N,,26134
2018132618MN14874,MONMOUTH,MANALAPAN TWP,06/01/2018,FR,2258,01,MANALAPAN TWP PD,,0,0,0,0,P,I,N,N,08,2,UNION HILL RD,E,,,13261531__,.92,07,,01,04,02,01,07,01,04,01,,AT,,WILD TURKEY WAY,,,,40,25,26,40.336850,74.318900,N,,26084
2018132618MN14988,MONMOUTH,MANALAPAN TWP,06/03/2018,SU,0918,01,MANALAPAN TWP PD,,0,0,0,0,P,B,N,N,12,1,US 9,N,9,,00000009__,118.01,02,,01,04,02,01,01,01,02,,1320,FE,N,FRANKLIN LN,,,,55,25,24,40.313160,74.303710,N,,26132
2018132618MN15003,MONMOUTH,MANALAPAN TWP,06/03/2018,SU,1420,01,MANALAPAN TWP PD,,0,5,0,0,I,B,N,N,01,3,US 9,,9,,00000009__,117.65,02,,01,04,02,01,01,01,02,01,1056,FE,N,TAYLORS MILLS RD,,,,55,35,26,40.306490,74.304670,N,,
2018132618MN15051,MONMOUTH,MANALAPAN TWP,06/04/2018,MO,0655,01,MANALAPAN TWP PD,,0,2,0,0,I,B,N,N,03,2,UNION HILL RD,E,,,13261531__,.88,07,,01,04,02,02,01,02,05,01,75,FE,W,BRIDGE PLAZA DR,,,,35,25,26,40.336180,74.319240,N,,26126
2018132618MN15054,MONMOUTH,MANALAPAN TWP,06/04/2018,MO,0748,01,MANALAPAN TWP PD,,0,0,0,0,P,B,N,N,01,2,NJ 33,W,33,,00000033__,21.14,02,,01,04,02,02,01,02,03,01,200,FE,E,ROUTE 527 ALT / IRON ORE RD / WOODV,,,,55,40,26,40.258340,74.396370,N,,26131
2018132618MN15106,MONMOUTH,MANALAPAN TWP,06/04/2018,MO,1607,01,MANALAPAN TWP PD,,0,0,0,0,P,B,N,N,08,2,OLD QUEENS BLVD,S,,,,,07,,01,04,02,01,01,01,05,01,25,FE,N,GORDONS CORNER ROAD,,,,25,40,26,40.302730,74.339890,N,,26133
2018132618MN15217,MONMOUTH,MANALAPAN TWP,06/05/2018,TU,1857,01,MANALAPAN TWP PD,,0,0,0,0,P,B,N,N,01,3,MONMOUTH COUNTY 3,N,3,,13000003__,.55,05,,01,06,02,01,01,01,04,,1320,FE,S,ROUTE 522,,,,35,45,26,,,N,,
2018132618MN15223,MONMOUTH,MANALAPAN TWP,06/05/2018,TU,2133,01,MANALAPAN TWP PD,,0,0,0,0,P,B,N,N,02,2,US 9,N,9,,00000009__,116.55,02,,01,04,02,01,01,01,02,02,1056,FE,S,RYAN RD / SYMMES RD,,,,55,25,26,,,N,,26136
2018132618MN15250,MONMOUTH,MANALAPAN TWP,06/06/2018,WE,0844,01,MANALAPAN TWP PD,,0,0,0,0,P,B,N,N,01,2,NJ 33,W,33,,00000033__,21.19,02,,01,04,02,01,01,01,03,01,500,FE,E,ROUTE 527 ALT / IRON ORE RD / WOODV,,,,55,40,26,40.258340,74.396370,N,,26139
2018132618MN15289,MONMOUTH,MANALAPAN TWP,06/06/2018,WE,1356,01,MANALAPAN TWP PD,,0,1,0,0,I,B,N,N,08,2,LAMB LANE,E,,,,,07,,03,04,02,01,01,01,05,01,1000,FE,E,ROUTE 527A,,,,25,45,26,40.242620,74.359850,N,,26139
2018132618MN15420,MONMOUTH,MANALAPAN TWP,06/07/2018,TH,1847,01,MANALAPAN TWP PD,,0,0,0,0,P,I,N,N,01,2,US 9,N,9,,00000009__,118.45,02,,01,04,02,01,01,01,02,01,,AT,,,F,WICKATUNK ROAD,NB,55,,26,40.317720,74.306580,N,,26153
2018132618MN15433,MONMOUTH,MANALAPAN TWP,06/07/2018,TH,2043,01,MANALAPAN TWP PD,,0,0,0,0,P,B,N,N,01,2,NJ 33,W,33,,00000033__,24.02,02,,01,04,02,01,07,01,03,01,50,FE,E,ROUTE 527 / MILLHURST RD / SWEETMAN,,,,55,45,26,40.254030,74.341230,N,,140
2018132618MN15530,MONMOUTH,MANALAPAN TWP,06/08/2018,FR,1751,01,MANALAPAN TWP PD,,0,0,0,0,P,B,N,N,06,2,RIFKIN CT,,,,,,07,,01,05,02,01,01,01,05,01,5280,FE,W,ROUTE 524 ALTERNATE,,,,25,45,28,,,N,,26134
2018132618MN15533,MONMOUTH,MANALAPAN TWP,06/08/2018,FR,1902,01,MANALAPAN TWP PD,,0,0,0,0,P,B,N,N,02,2,SANDYBROOK RD,W,,,,,07,,01,04,02,01,01,01,05,01,200,FE,W,CR 3,,,,25,40,26,,,N,,26137
2018132618MN15603,MONMOUTH,MANALAPAN TWP,06/09/2018,SA,1008,01,MANALAPAN TWP PD,,0,1,0,0,I,B,N,N,99,1,NJ 33,W,33,,00000033__,22.58,02,,01,04,02,01,01,01,03,01,100,FE,W,WOODWARD RD,,,,55,,99,40.253810,74.368340,N,,26131
2018132618MN15609,MONMOUTH,MANALAPAN TWP,06/09/2018,SA,1102,01,MANALAPAN TWP PD,,0,0,0,0,P,B,N,N,08,2,GORDONS CORNER RD,S,,,13261107__,,07,,01,04,02,01,01,01,05,01,150,FE,S,CR 3,,,,40,35,26,,,N,,26144
2018132618MN15617,MONMOUTH,MANALAPAN TWP,06/09/2018,SA,1312,01,MANALAPAN TWP PD,,0,0,0,0,P,B,N,N,02,2,MONMOUTH COUNTY 3,W,3,,13000003__,3.65,05,,01,04,01,01,01,01,05,01,100,FE,S,GORDENS CORNER RD,,,,40,40,26,40.317780,74.306510,N,,26144
2018132618MN15638,MONMOUTH,MANALAPAN TWP,06/09/2018,SA,2049,01,MANALAPAN TWP PD,,0,1,0,0,I,B,N,N,02,2,US 9,N,9,,00000009__,118.53,02,,01,04,02,01,05,01,02,01,,,,,T,CR 3,,55,,26,40.319750,74.304770,N,,26151
2018132618MN15699,MONMOUTH,MANALAPAN TWP,06/10/2018,SU,1703,01,MANALAPAN TWP PD,,0,1,0,0,I,I,N,N,03,2,ROUTE 527 ALTERNATE,N,527,A,00000527A_,5.88,05,,01,05,02,02,03,02,05,01,,AT,,ROUTE 527 / CONOVER ST / MILLHURST,,,,25,35,26,40.287960,74.358220,N,DAMAGE TO STOP SIGN  FRONT PROPERTY OF 21 CONOVER STREET.,26154
2018132618MN15700,MONMOUTH,MANALAPAN TWP,06/10/2018,SU,1815,01,MANALAPAN TWP PD,,0,0,0,0,P,B,N,N,01,2,US 9,N,9,,00000009__,117.14,02,,01,04,02,02,01,02,02,01,528,FE,S,PLAZA CT / SMALLWOOD LN,,,,55,25,26,40.323850,74.305340,N,,26151
2018132618MN15945,MONMOUTH,MANALAPAN TWP,06/13/2018,WE,0802,01,MANALAPAN TWP PD,,0,0,0,0,P,B,N,N,01,2,NJ 33,E,33,,00000033__,24.50,02,,01,04,02,02,01,02,05,01,,,,,F,NJ 33 BUISNESS,,55,,26,40.253480,74.341690,N,,26116
2018132618MN15946,MONMOUTH,MANALAPAN TWP,06/13/2018,WE,0817,01,MANALAPAN TWP PD,,0,0,0,0,P,I,N,N,03,2,TAYLORS MILLS RD,W,,,13261530__,.89,07,,01,04,02,01,01,05,05,,,AT,,US 9,,,,25,55,26,40.302400,74.304360,N,,26105
2018132618MN15984,MONMOUTH,MANALAPAN TWP,06/13/2018,WE,1650,01,MANALAPAN TWP PD,,0,0,0,0,P,B,N,N,07,2,SYMMES DR,E,,,13261138__,1.13,07,,01,04,02,01,01,01,04,01,2640,FE,E,ALEXANDRIA DRIVE,,,,35,25,26,40.293370,74.303770,N,,26153
2018132618MN15996,MONMOUTH,MANALAPAN TWP,06/13/2018,WE,1847,01,MANALAPAN TWP PD,,0,0,0,0,P,B,N,N,08,2,95 FREEHOLD ROAD,S,,,,,09,,01,04,02,01,01,01,,,,,,(MANALAPAN REC CENTER LOT),,,,,,26,40.289920,74.345390,N,,26130
2018132618MN16047,MONMOUTH,MANALAPAN TWP,06/14/2018,TH,0825,01,MANALAPAN TWP PD,,0,0,0,0,P,B,N,N,02,2,US 9,S,9,,00000009__,117.73,02,,01,04,02,01,01,01,02,01,1320,FE,S,CENTER DR,,,,55,25,26,40.302510,74.303810,N,,26116
2018132618MN16052,MONMOUTH,MANALAPAN TWP,06/14/2018,TH,0900,01,MANALAPAN TWP PD,,0,0,0,0,P,B,N,N,01,3,MONMOUTH COUNTY 3,N,3,,13000003__,3.17,05,,01,04,02,01,01,01,05,01,2640,FE,S,GORDENS CORNER RD,,,,40,40,26,40.319750,74.304770,N,,26131
2018132618MN16176,MONMOUTH,MANALAPAN TWP,06/15/2018,FR,1241,01,MANALAPAN TWP PD,,0,0,0,0,P,I,N,N,07,2,WICKATUNK RD,E,,,13261117__,.18,07,,01,04,02,01,01,01,05,01,,AT,,TAMARACK DR,,,,35,25,26,40.319740,74.302170,N,,26116
2018132618MN16263,MONMOUTH,MANALAPAN TWP,06/16/2018,SA,1320,01,MANALAPAN TWP PD,,0,0,0,0,P,I,N,N,01,2,MONMOUTH COUNTY 3,N,3,,13000003__,1.07,05,,01,04,02,01,01,01,05,01,,AT,,CHURCH LN,,,,35,25,26,40.286200,74.326180,N,,26149
2018132618MN16334,MONMOUTH,MANALAPAN TWP,06/17/2018,SU,0315,01,MANALAPAN TWP PD,,0,0,0,0,P,B,N,N,12,1,ROUTE 527,,527,,00000527__,27.90,05,,01,04,02,01,05,01,05,01,1320,FE,N,VILLAGE RD,,,,45,25,24,,,N,,26132
2018132618MN16340,MONMOUTH,MANALAPAN TWP,06/17/2018,SU,0946,01,MANALAPAN TWP PD,,0,0,0,0,P,I,N,N,01,2,WICKATUNK RD,S,,,13261117__,.00,07,,01,04,02,01,01,01,05,01,,AT,,CR 3,,,,35,40,26,,,N,,26154
2018132618MN16343,MONMOUTH,MANALAPAN TWP,06/17/2018,SU,1045,01,MANALAPAN TWP PD,,0,0,0,0,P,I,N,N,03,2,PENSION ROAD,N,,,,,07,,01,04,02,01,01,01,,,,AT,,UNION HILL ROAD,,,,25,35,26,40.322230,74.351800,N,,26097
2018132618MN16349,MONMOUTH,MANALAPAN TWP,06/17/2018,SU,1138,01,MANALAPAN TWP PD,MANALAPAN PD,0,0,0,0,P,B,N,N,08,2,90 WILSON AVE; ENGLISHTO,,,,,,09,,01,04,03,01,01,01,05,01,,,,PRIVATE PARKING LOT,,,,15,,26,40.314180,74.361430,N,,26142
2018132618MN16364,MONMOUTH,MANALAPAN TWP,06/17/2018,SU,1642,01,MANALAPAN TWP PD,,0,0,0,0,P,B,N,N,01,2,NJ 33,W,33,,00000033__,21.11,02,,01,04,02,01,01,,03,01,50,FE,E,ROUTE 527 ALT / IRON ORE RD / WOODV,,,,55,45,26,40.258050,74.395640,N,,26145
2018132618MN16436,MONMOUTH,MANALAPAN TWP,06/18/2018,MO,1319,01,MANALAPAN TWP PD,STATION,0,0,0,0,P,B,N,N,11,1,AMBERLY DRIVE,S,,,,,07,,02,04,02,01,01,01,00,,,,N,COVERED BRIDGE BLVD,,,,25,25,56,40.330860,74.314210,N,AMBERLY DRIVE EAST 167-177 BUILDING SIGN,26097
2018132618MN16449,MONMOUTH,MANALAPAN TWP,06/18/2018,MO,1529,01,MANALAPAN TWP PD,,0,1,0,0,I,I,N,N,01,2,PEASE RD,S,,,13261427__,.23,07,,01,04,02,01,01,01,04,01,,AT,,THOMPSON LANE,,,,35,25,26,40.302640,74.319570,N,,26153
2018132618MN16451,MONMOUTH,MANALAPAN TWP,06/18/2018,MO,1615,01,MANALAPAN TWP PD,,0,0,0,0,P,I,N,N,11,1,UNION HILL RD,E,,,13261531__,.92,07,,01,04,02,01,01,01,04,01,,AT,,WILD TURKEY WAY,,,,35,25,53,40.336850,74.318900,N,MANALAPAN TOWNSHIP TRAFFIC POLE ON WILD TURKEY WAY.,26153
2018132618MN16461,MONMOUTH,MANALAPAN TWP,06/18/2018,MO,1832,01,MANALAPAN TWP PD,,0,0,0,0,P,B,N,N,12,1,ROUTE 527,S,527,,00000527__,24.96,05,,01,04,02,01,03,01,05,01,50,FE,N,HILLSIDE RD,,,,45,25,24,40.239280,74.363510,N,,26152
2018132618MN16499,MONMOUTH,MANALAPAN TWP,06/19/2018,TU,0829,01,MANALAPAN TWP PD,,0,1,0,0,I,B,N,N,01,3,US 9,N,9,,00000009__,117.24,02,,01,04,02,01,01,01,02,,10,FE,S,PLAZA CT / SMALLWOOD LN,,,,55,25,26,40.299460,74.302700,N,,
2018132618MN16548,MONMOUTH,MANALAPAN TWP,06/19/2018,TU,1546,01,MANALAPAN TWP PD,,0,0,0,0,P,I,N,N,01,2,MONMOUTH COUNTY 3,N,3,,13000003__,3.06,05,,01,04,02,01,01,01,05,01,,AT,,KELTON PL,,,,40,25,26,40.310280,74.310800,N,,26149
2018132618MN16596,MONMOUTH,MANALAPAN TWP,06/20/2018,WE,0902,01,MANALAPAN TWP PD,,0,0,0,0,P,B,N,N,01,2,MONMOUTH COUNTY 3,N,3,,13000003__,1.07,05,,01,04,02,01,01,01,05,01,10,FE,S,CHURCH LN,,,,35,25,27,,,N,,26126
2018132618MN16631,MONMOUTH,MANALAPAN TWP,06/20/2018,WE,1753,01,MANALAPAN TWP PD,,0,0,0,0,P,B,N,N,11,1,345 US HIGHWAY 9,S,,,,,09,,01,04,02,01,01,01,05,01,,,,PRIVATE PROPERTY - UPS PARKING LOT,,,,55,,26,40.309730,74.304230,N,MINOR DAMAGE TO UPS STORE SIGN ON FRONT OF BUILDING SPECIFICALLY THE UPS SHIELD,26153
2018132618MN16681,MONMOUTH,MANALAPAN TWP,06/21/2018,TH,0932,01,MANALAPAN TWP PD,,0,0,0,0,P,B,N,N,01,2,US 9,N,9,,00000009__,118.00,02,,01,04,02,01,01,01,02,01,7920,FE,S,UNION HILL ROAD,,,,55,35,26,40.327120,74.305620,N,,26105
2018132618MN16693,MONMOUTH,MANALAPAN TWP,06/21/2018,TH,1320,01,MANALAPAN TWP PD,,0,0,0,0,P,B,N,N,02,2,US 9,S,9,,00000009__,118.70,02,,01,04,02,01,01,01,02,01,6600,FE,N,TAYLORS MILLS RD,,,,55,35,26,40.312100,74.303570,N,,26105
2018132618MN16699,MONMOUTH,MANALAPAN TWP,06/21/2018,TH,1511,01,MANALAPAN TWP PD,,0,3,0,0,I,I,N,N,03,2,MONMOUTH COUNTY 22,W,22,,13000022__,.19,05,,01,05,02,01,01,01,05,01,,AT,,PENSION RD,,,,40,35,26,40.302750,74.353230,N,GORDONS CORNER ROAD / PENSION ROAD STREET SIGN,140