Year(4)-CountyCode(2)-MunicipalityCode(2)-CaseNumber(9),County Name,Municipality Name,Crash Date,Crash Day of Week,Crash Time,Police Department Code,Police Department,Police Station,Total Killed,Total Injured,Pedestrians Killed,Pedestrians Injured,Severity,Intersection,Alcohol Involved,Hazmat Involved,Crash Type,Total Vehicles,Location,Location Direction,Route,Route Suffix,Std Rte Identifier,MilePost,Road System,Road Character,Road Horizontal Alignment,Road Grade,Road Surface Type,Surface Condition,Light Condition,Environmental Condition,Road Divided By,Temporary Traffic Control Zone,Distance To Cross Street,Unit Of Measurement,Direction From Cross Street,Cross Street Name,Is Ramp,Ramp To/From Route Name,Ramp To/From Route Direction,Posted Speed,Posted Speed Cross Street,First Harmful Event,Latitude,Longitude,Cell Phone In Use Flag,Other Property Damage,Reporting Badge No.
2018132618MN19670,MONMOUTH,MANALAPAN TWP,07/27/2018,FR,1308,01,MANALAPAN TWP PD,,0,0,0,0,P,B,N,N,01,2,US 9,S,9,,00000009__,118.20,02,,01,04,02,01,01,01,02,01,500,FE,N,GORDONS CORNER ROAD,,,,55,40,26,,,N,,26118
2018132618MN19683,MONMOUTH,MANALAPAN TWP,07/27/2018,FR,1452,01,MANALAPAN TWP PD,,0,0,0,0,P,B,N,N,08,2,NJ 33,E,33,,00000033__,22.00,02,,01,04,02,01,01,,03,01,2640,FE,E,SMITHBURG RD,,,,55,45,26,40.253810,74.368340,N,,26094
2018132618MN19722,MONMOUTH,MANALAPAN TWP,07/28/2018,SA,0202,01,MANALAPAN TWP PD,,0,0,0,0,P,B,N,N,01,2,NJ 33,E,33,,00000033__,23.00,02,,01,04,02,01,06,01,03,01,1320,FE,W,PEGASUS BLVD,,,,55,25,26,40.252070,74.360820,N,,26104
2018132618MN19739,MONMOUTH,MANALAPAN TWP,07/27/2018,FR,1024,01,MANALAPAN TWP PD,,0,0,0,0,P,B,N,N,00,2,COOPERHAWK DR **,S,,,,,07,,01,04,02,01,00,00,05,01,300,FE,S,GORDONS CORNER ROAD,,,,25,40,28,40.304040,74.345330,N,,26137
2018132618MN19809,MONMOUTH,MANALAPAN TWP,07/29/2018,SU,1319,01,MANALAPAN TWP PD,,0,0,0,0,P,B,N,N,08,2,CASTLE CT,S,,,,,07,,01,04,02,01,01,01,05,01,200,FE,S,UNION HILL ROAD,,,,25,35,28,40.331030,74.326080,N,,26137
2018132618MN19882,MONMOUTH,MANALAPAN TWP,07/30/2018,MO,0959,01,MANALAPAN TWP PD,,0,0,0,0,P,B,N,N,01,2,ROUTE 522,E,522,,00000522__,16.04,05,,01,04,02,01,01,01,05,,1320,FE,W,NJ 3 / MAIN ST / TENNANT ST,,,,45,35,26,40.285200,74.335070,N,,26105
2018132618MN20074,MONMOUTH,MANALAPAN TWP,08/01/2018,WE,0927,01,MANALAPAN TWP PD,,0,0,0,0,P,B,N,N,01,2,US 9,S,9,,00000009__,118.50,02,,01,04,02,02,01,02,02,01,200,FE,S,GORDONS CORNER,,,,55,45,26,40.316100,74.305560,N,,26131
2018132618MN20189,MONMOUTH,MANALAPAN TWP,08/02/2018,TH,1753,01,MANALAPAN TWP PD,,0,0,0,0,P,B,N,N,03,2,TAYLORS MILLS RD,,,,13261530__,.89,07,,01,04,02,01,01,01,05,01,100,FE,W,US 9,,,,35,55,26,40.302750,74.302730,N,,26151
2018132618MN20191,MONMOUTH,MANALAPAN TWP,08/02/2018,TH,1814,01,MANALAPAN TWP PD,,0,0,0,0,P,B,N,N,01,2,US 9,S,9,,00000009__,117.89,02,,01,04,02,01,01,01,02,01,500,FE,S,CENTER DR,,,,55,35,26,40.308450,74.306000,N,,26154
2018132618MN20246,MONMOUTH,MANALAPAN TWP,08/03/2018,FR,1149,01,MANALAPAN TWP PD,,0,1,0,0,I,B,N,N,01,2,US 9,S,9,,00000009__,117.54,02,,01,04,02,01,01,01,02,01,500,FE,N,TAYLORS MILLS RD,,,,55,35,26,40.305790,74.303180,N,,26126
2018132618MN20252,MONMOUTH,MANALAPAN TWP,08/03/2018,FR,1255,01,MANALAPAN TWP PD,,0,0,0,0,P,B,N,N,01,2,US 9,S,9,,00000009__,117.66,02,,01,04,02,02,01,02,02,01,1100,FE,N,TAYLORS MILLS RD,,,,55,25,26,40.302400,74.304360,N,,26145
2018132618MN20258,MONMOUTH,MANALAPAN TWP,08/03/2018,FR,1425,01,MANALAPAN TWP PD,,0,1,0,0,I,B,N,N,10,1,ROUTE 527,N,527,,00000527__,31.01,05,,01,04,02,02,01,02,05,01,50,FE,N,HERBERT DR,,,,40,25,,40.309540,74.360690,N,,
2018132618MN20430,MONMOUTH,MANALAPAN TWP,08/05/2018,SU,1024,01,MANALAPAN TWP PD,,0,0,0,0,P,B,N,N,02,2,MONMOUTH COUNTY 3,N,3,,13000003__,3.67,05,,01,04,02,01,01,01,05,01,10,FE,S,GORDENS CORNER RD,,,,40,40,26,40.317280,74.306330,N,,140
2018132618MN20483,MONMOUTH,MANALAPAN TWP,08/05/2018,SU,2131,01,MANALAPAN TWP PD,,0,0,0,0,P,I,N,N,03,2,PEASE RD,S,,,13261427__,1.09,07,,01,04,02,01,07,01,05,01,,AT,,OLD QUEENS BLVD,,,,25,25,26,40.314110,74.327060,N,,26145
2018132618MN20541,MONMOUTH,MANALAPAN TWP,08/06/2018,MO,1615,01,MANALAPAN TWP PD,,0,0,0,0,P,B,N,N,02,2,GORDONS CORNER RD,N,,,13261107__,.57,07,,01,04,02,01,01,01,05,,200,FE,E,CONSTITUTION CT,,,,45,25,26,40.307050,74.326220,N,,26098
2018132618MN20642,MONMOUTH,MANALAPAN TWP,08/07/2018,TU,2031,01,MANALAPAN TWP PD,,0,0,0,0,P,I,N,N,01,2,US 9,S,9,,00000009__,116.50,02,,01,04,02,01,05,01,02,01,,AT,,TOWNE POINTE DRIVE,,,,55,,26,40.317720,74.306580,N,,26151
2018132618MN20777,MONMOUTH,MANALAPAN TWP,08/09/2018,TH,1014,01,MANALAPAN TWP PD,,0,0,0,0,P,I,N,N,03,2,PENSION RD,E,,,13261004__,.18,07,,01,04,02,01,01,01,05,01,,AT,,UNION HILL RD,,,,35,25,26,40.322230,74.351800,N,,26094
2018132618MN20792,MONMOUTH,MANALAPAN TWP,08/09/2018,TH,1409,01,MANALAPAN TWP PD,,0,0,0,0,P,I,N,N,02,2,US 9,S,9,,00000009__,118.50,02,,02,04,02,01,01,01,02,01,,AT,,,F,GORDONS CORNER RD,SB,55,,26,,,N,,26118
2018132618MN20813,MONMOUTH,MANALAPAN TWP,08/09/2018,TH,1734,01,MANALAPAN TWP PD,,0,0,0,0,P,B,N,N,01,2,GORDONS CORNER RD,W,,,13261107__,.84,07,,01,04,02,01,01,01,04,01,528,FE,E,PEACE RD,,,,45,35,26,40.308670,74.322880,N,,26153
2018132618MN20824,MONMOUTH,MANALAPAN TWP,08/09/2018,TH,1836,01,MANALAPAN TWP PD,,0,0,0,0,P,I,N,N,01,2,WILSON  AVE,S,,,,,07,,01,04,02,01,01,01,05,01,,AT,,SOBECKO RD,,,,40,35,26,40.314180,74.361430,N,,26144
2018132618MN20831,MONMOUTH,MANALAPAN TWP,08/09/2018,TH,1943,01,MANALAPAN TWP PD,,0,0,0,0,P,B,N,N,01,2,US 9,S,9,,00000009__,118.75,02,,01,04,02,01,03,01,02,01,53,FE,S,PINE BROOK RD,,,,55,35,26,40.302400,74.304360,N,,26153
2018132618MN20870,MONMOUTH,MANALAPAN TWP,08/10/2018,FR,0929,01,MANALAPAN TWP PD,,0,0,0,0,P,B,N,N,08,2,CENTER DR,,,,,,07,,01,04,02,01,01,01,05,01,25,FE,E,DREW COURT,,,,25,25,26,40.310290,74.306040,N,,26131
2018132618MN20875,MONMOUTH,MANALAPAN TWP,08/10/2018,FR,1127,01,MANALAPAN TWP PD,,0,2,0,0,I,B,N,N,01,2,US 9,S,9,,00000009__,117.54,02,,01,04,02,01,01,01,02,01,500,FE,N,TAYLORS MILLS RD,,,,55,35,26,40.312240,74.304960,N,,26126
2018132618MN20897,MONMOUTH,MANALAPAN TWP,08/10/2018,FR,1525,01,MANALAPAN TWP PD,,0,0,0,0,P,I,N,N,03,2,MONMOUTH COUNTY 3,S,3,,13000003__,1.43,05,,01,04,02,01,01,01,04,01,,AT,,CAITLIN WAY / DEVON DR S,,,,35,25,26,,,N,,26153
2018132618MN20917,MONMOUTH,MANALAPAN TWP,08/10/2018,FR,1757,01,MANALAPAN TWP PD,,0,0,0,0,P,B,N,N,11,2,US 9,N,9,,00000009__,117.15,02,,01,04,02,01,01,01,02,01,500,FE,S,SMALLWOOD LN / PLAZA CT,,,,55,25,26,40.293320,74.298440,N,,26151
2018132618MN20929,MONMOUTH,MANALAPAN TWP,08/10/2018,FR,1936,01,MANALAPAN TWP PD,,0,2,0,0,I,B,N,N,03,2,ROUTE 527,,527,,00000527__,24.24,05,,01,04,02,01,03,01,05,01,500,FE,S,OAKLAND MILLS RD,,,,50,35,26,40.230330,74.366150,N,,26151
2018132618MN20941,MONMOUTH,MANALAPAN TWP,08/10/2018,FR,2150,01,MANALAPAN TWP PD,,0,0,0,0,P,B,N,N,02,2,ROUTE 527 ALTERNATE,,527,A,00000527A_,4.13,05,,01,04,02,01,05,01,05,01,500,FE,S,DAUM RD,,,,45,25,26,40.266750,74.376950,N,,26151
2018132618MN20977,MONMOUTH,MANALAPAN TWP,08/11/2018,SA,1043,01,MANALAPAN TWP PD,,0,0,0,0,P,I,N,N,02,2,ROUTE 527,,527,,00000527__,25.47,05,,01,04,02,01,01,01,05,01,,AT,,JOSEPH ST,,,,45,25,26,40.244330,74.356520,N,,26139
2018132618MN20993,MONMOUTH,MANALAPAN TWP,08/11/2018,SA,1648,01,MANALAPAN TWP PD,,0,2,0,0,I,B,N,N,03,2,MONMOUTH COUNTY 3,N,3,,13000003__,1.17,05,,02,04,02,02,01,05,04,01,528,FE,N,CHURCH LN,,,,35,25,26,40.286200,74.326180,N,,26153
2018132618MN21036,MONMOUTH,MANALAPAN TWP,08/12/2018,SU,1038,01,MANALAPAN TWP PD,,0,4,0,0,I,B,N,N,11,2,WICKATUNK RD,E,,,13261117__,.51,07,,01,04,02,01,01,01,05,01,50,FE,E,BRIARHEATH RD,,,,40,25,,,,N,JCP&L POLE # JC1MPN,26118
2018132618MN21114,MONMOUTH,MANALAPAN TWP,08/13/2018,MO,1159,01,MANALAPAN TWP PD,,0,0,0,0,P,B,N,N,01,2,NJ 33,E,33,,00000033__,22.59,02,,01,04,02,02,01,02,05,01,50,FE,W,WOODWARD RD,,,,55,35,26,40.253810,74.368340,N,,26099
2018132618MN21156,MONMOUTH,MANALAPAN TWP,08/13/2018,MO,1906,01,MANALAPAN TWP PD,,0,0,0,0,P,B,N,N,01,2,US 9,S,9,,00000009__,117.49,02,,01,04,02,01,01,01,02,01,200,FE,N,TAYLORS MILLS RD,,,,55,35,26,40.291770,74.300570,N,,26146
2018132618MN21241,MONMOUTH,MANALAPAN TWP,08/14/2018,TU,2025,01,MANALAPAN TWP PD,,0,0,0,0,P,I,N,N,01,3,MONMOUTH COUNTY 3,N,3,,13000003__,1.26,05,,01,04,02,02,03,01,05,01,,AT,,THOMAS DR,,,,40,25,26,40.286980,74.325870,N,,
2018132618MN21483,MONMOUTH,MANALAPAN TWP,08/17/2018,FR,1345,01,MANALAPAN TWP PD,,0,0,0,0,P,B,N,N,01,2,US 9,S,9,,00000009__,117.70,02,,01,04,02,01,01,01,02,01,1320,FE,N,TAYLORS MILLS RD,,,,55,35,26,40.306490,74.304670,N,,26139
2018132618MN21510,MONMOUTH,MANALAPAN TWP,08/17/2018,FR,1831,01,MANALAPAN TWP PD,,0,0,0,0,P,B,N,N,11,1,MOLLY PITCHER DR **,W,,,13261336__,.25,07,,01,04,02,01,01,01,05,01,100,FE,W,GRISTMILL DR,,,,25,25,,40.287980,74.305760,N,,26154
2018132618MN21712,MONMOUTH,MANALAPAN TWP,08/20/2018,MO,1112,01,MANALAPAN TWP PD,,0,0,0,0,P,B,N,N,06,3,PENSION RD,N,,,,,07,,01,04,02,01,01,01,05,01,50,FE,S,DORTMUNDER DRIVE,,,,35,25,26,40.310840,74.352100,N,,
2018132618MN21721,MONMOUTH,MANALAPAN TWP,08/20/2018,MO,1238,01,MANALAPAN TWP PD,,0,2,0,0,I,B,N,N,02,2,PINE BROOK RD,W,,,13261428__,2.38,07,,01,04,02,01,01,01,05,01,500,FE,E,COUNTRY OAKS DR,,,,35,25,26,40.317270,74.345830,N,,26139
2018132618MN21733,MONMOUTH,MANALAPAN TWP,08/20/2018,MO,1513,01,MANALAPAN TWP PD,,0,2,0,0,I,B,N,N,03,2,GORDONS CORNER RD,W,,,13261107__,1.12,07,,01,04,02,01,01,,05,,2000,FE,E,PEACE RD,,,,45,40,,40.310270,74.319360,N,,26098
2018132618MN21736,MONMOUTH,MANALAPAN TWP,08/20/2018,MO,1557,01,MANALAPAN TWP PD,,0,0,0,0,P,B,N,N,08,2,BRYCE RD **,W,,,13261552__,.00,07,,01,04,02,01,01,01,05,01,200,FE,W,PENSION RD,,,,25,35,28,40.304170,74.354730,N,,140
2018132618MN21853,MONMOUTH,MANALAPAN TWP,08/21/2018,TU,1805,01,MANALAPAN TWP PD,,0,0,0,0,P,I,N,N,01,4,UNION HILL RD,E,,,13261104__,.92,07,,01,04,02,01,01,01,04,01,,AT,,WILD TURKEY WAY,,,,35,25,26,40.336850,74.318900,N,,
2018132618MN21905,MONMOUTH,MANALAPAN TWP,08/22/2018,WE,1447,01,MANALAPAN TWP PD,,0,1,0,0,I,B,N,N,02,2,NJ 33,W,33,,00000033__,22.58,02,,01,04,02,01,01,01,03,01,100,FE,W,WOODWARD RD,,,,55,35,26,40.253810,74.368340,N,,26105
2018132618MN21993,MONMOUTH,MANALAPAN TWP,08/23/2018,TH,1721,01,MANALAPAN TWP PD,,0,1,0,0,I,B,N,N,01,2,CRAIG RD,W,,,13161137__,1.01,07,,01,04,02,01,01,01,05,01,2640,FE,E,CORPORATE CENTER DR / LIGHTFOOT DR,,,,35,25,26,40.284920,74.298380,N,,26153
2018132618MN21997,MONMOUTH,MANALAPAN TWP,08/23/2018,TH,1751,01,MANALAPAN TWP PD,,0,0,0,0,P,B,N,N,01,2,MONMOUTH COUNTY 3,N,3,,13000003__,1.06,05,,01,04,02,01,01,01,05,01,50,FE,S,CHURCH LN,,,,40,25,26,40.284480,74.327280,N,,26154
2018132618MN22016,MONMOUTH,MANALAPAN TWP,08/23/2018,TH,2232,01,MANALAPAN TWP PD,,0,1,0,0,I,B,N,N,11,1,SYMMES DR,W,,,13261138__,1.09,07,,01,04,02,01,07,01,05,01,528,FE,E,BARRISTER LN,,,,35,25,56,40.292280,74.306400,N,UTILITY POLE BT3214 WAS STRUCK,26153
2018132618MN22093,MONMOUTH,MANALAPAN TWP,08/24/2018,FR,1955,01,MANALAPAN TWP PD,,0,0,0,0,P,B,N,N,08,2,OAK KNOLL DR,E,,,,,07,,01,04,02,01,07,01,05,01,1320,FE,E,OAK RISE DRIVE,,,,25,25,26,40.310580,74.347300,N,,26153
2018132618MN22126,MONMOUTH,MANALAPAN TWP,08/25/2018,SA,1152,01,MANALAPAN TWP PD,,0,1,0,0,I,B,N,N,01,2,NJ 33,W,33,,00000033__,24.01,02,,01,04,02,01,01,01,03,01,10,FE,E,ROUTE 527 / MILLHURST RD / SWEETMAN,,,,50,45,26,40.253130,74.341720,N,,26137
2018132618MN22220,MONMOUTH,MANALAPAN TWP,08/26/2018,SU,1840,01,MANALAPAN TWP PD,,0,2,0,0,I,B,N,N,03,2,RYAN ROAD,E,,,,,07,,01,05,02,01,01,01,04,01,150,FE,E,US 9,,,,25,55,26,40.293250,74.298670,N,,26137
2018132618MN22251,MONMOUTH,MANALAPAN TWP,08/27/2018,MO,0724,01,MANALAPAN TWP PD,,0,2,0,0,I,I,N,N,03,2,MONMOUTH COUNTY 3,N,3,,13000003__,.08,05,,01,04,02,01,01,01,05,01,,AT,,FREEHOLD RD,,,,35,40,26,40.281160,74.330380,N,,26116
2018132618MN22305,MONMOUTH,MANALAPAN TWP,08/27/2018,MO,2033,01,MANALAPAN TWP PD,,0,0,0,0,P,B,N,N,02,2,NJ 33,W,33,,00000033__,23.76,02,,01,05,02,01,05,01,03,01,1320,FE,W,ROUTE 527 / MILLHURST RD / SWEETMAN,,,,55,45,26,40.253280,74.340320,N,,26151
2018132618MN22363,MONMOUTH,MANALAPAN TWP,08/28/2018,TU,1356,01,MANALAPAN TWP PD,,0,1,0,0,I,B,N,N,01,2,NJ 33,W,33,,00000033__,21.63,02,,01,04,02,01,01,01,03,,2640,FE,W,SAW GRASS DR,,,,55,,26,40.259720,74.376070,N,,26094
2018132618MN22400,MONMOUTH,MANALAPAN TWP,08/28/2018,TU,2015,01,MANALAPAN TWP PD,,0,1,0,0,I,B,N,N,11,1,JUNIPER AVE **,E,,,13261131__,.20,07,,01,04,02,01,07,01,05,01,300,FE,E,HIGHLAND DR,,,,25,25,56,40.318000,74.299350,N,,26148
2018132618MN22428,MONMOUTH,MANALAPAN TWP,08/29/2018,WE,0518,01,MANALAPAN TWP PD,,0,0,0,0,P,B,N,N,12,1,MONMOUTH COUNTY 3,,3,,13000003__,1.60,05,,01,04,02,01,05,01,05,,1320,FE,N,DEVON DRIVE SOUTH,,,,40,25,,40.289170,74.324240,N,,26132
2018132618MN22433,MONMOUTH,MANALAPAN TWP,08/29/2018,WE,0701,01,MANALAPAN TWP PD,,0,0,0,0,P,B,N,N,01,2,US 9,N,9,,00000009__,117.95,02,,01,04,02,01,01,01,02,01,2640,FE,N,TAYLORS MILLS RD,,,,55,40,26,40.313690,74.303920,N,,26118
2018132618MN22474,MONMOUTH,MANALAPAN TWP,08/29/2018,WE,1504,01,MANALAPAN TWP PD,,0,4,0,0,I,I,N,N,03,3,US 9,S,9,,00000009__,116.70,02,,01,04,02,01,01,01,02,01,,AT,,SYMMES DR,,,,55,35,26,,,N,,26118
2018132618MN22479,MONMOUTH,MANALAPAN TWP,08/29/2018,WE,1630,01,MANALAPAN TWP PD,,0,0,0,0,P,B,N,N,01,2,NJ 33,E,33,,00000033__,23.96,02,,01,04,02,01,01,01,03,01,264,FE,W,ROUTE 527 / MILLHURST RD / SWEETMAN,,,,55,35,26,40.253130,74.341720,N,,26153
2018132618MN22509,MONMOUTH,MANALAPAN TWP,08/29/2018,WE,1949,01,MANALAPAN TWP PD,,0,0,0,0,P,B,N,N,12,1,NJ 33 BUSINESS,E,33,B,00000033B_,.85,02,,01,04,02,01,01,01,05,01,528,FE,W,WEMROCK ROAD,,,,45,35,24,40.256570,74.316190,N,,26153
2018132618MN22553,MONMOUTH,MANALAPAN TWP,08/30/2018,TH,0933,01,MANALAPAN TWP PD,,0,0,0,0,P,B,N,N,01,2,TAYLORS MILLS RD,E,,,13261530__,.10,07,,01,04,02,01,01,01,05,01,20,FE,W,CR 3 / TENNENT RD,,,,35,40,26,40.299400,74.317700,N,,26144
2018132618MN22588,MONMOUTH,MANALAPAN TWP,08/30/2018,TH,2013,01,MANALAPAN TWP PD,,0,0,0,0,P,B,N,N,12,1,WOODWARD RD,W,,,,,07,,01,04,02,01,07,01,05,01,100,FE,W,PALOMINO DRIVE,,,,35,25,24,40.261820,74.364800,N,,26152
2018132618MN22631,MONMOUTH,MANALAPAN TWP,08/31/2018,FR,0836,01,MANALAPAN TWP PD,,0,0,0,0,P,B,N,N,01,2,WOODWARD RD,S,,,13261001__,2.24,07,,01,04,02,02,01,02,05,01,750,FE,N,NJ 33,,,,35,55,26,,,N,,26126
2018132618MN22636,MONMOUTH,MANALAPAN TWP,08/31/2018,FR,0943,01,MANALAPAN TWP PD,,0,0,0,0,P,B,N,N,11,2,MONMOUTH COUNTY 3,E,3,,13000003__,1.23,05,,01,04,02,01,01,01,05,01,100,FE,E,CRAIG RD,,,,35,30,52,,,N,POLE # JC1252MPN,26118
2018132618MN22647,MONMOUTH,MANALAPAN TWP,08/31/2018,FR,1106,01,MANALAPAN TWP PD,,0,0,0,0,P,B,N,N,01,2,US 9,S,9,,00000009__,117.00,02,,01,04,02,02,01,05,01,01,250,FE,N,CRAIG RD,,,,55,35,26,40.287030,74.295080,N,,26126
2018132618MN22655,MONMOUTH,MANALAPAN TWP,08/31/2018,FR,1247,01,MANALAPAN TWP PD,,0,1,0,0,I,B,N,N,01,2,NJ 33,E,33,,00000033__,22.60,02,,01,04,02,01,01,05,02,01,25,FE,W,WOODWARD RD,,,,55,35,26,40.253810,74.368340,N,,26130
2018132618MN22664,MONMOUTH,MANALAPAN TWP,08/31/2018,FR,1529,01,MANALAPAN TWP PD,,0,2,0,0,I,B,N,N,02,2,PEASE RD,S,,,13261427__,2.01,07,,01,04,02,02,01,02,05,01,528,FE,S,UNION HILL RD,,,,35,35,26,40.327100,74.329820,N,,26153
2018132618MN22674,MONMOUTH,MANALAPAN TWP,08/31/2018,FR,1721,01,MANALAPAN TWP PD,,0,0,0,0,P,B,N,N,01,2,US 9,N,9,,00000009__,117.04,02,,01,04,02,01,01,01,02,01,1056,FE,S,SMALLWOOD LN / PLAZA CT,,,,55,25,26,40.299460,74.302700,N,,26153
2018132618MN22675,MONMOUTH,MANALAPAN TWP,08/31/2018,FR,1716,01,MANALAPAN TWP PD,,0,0,0,0,P,B,N,N,01,2,US 9,S,9,,00000009__,116.84,02,,01,04,02,01,01,01,02,01,500,FE,N,RYAN RD / SYMMES RD,,,,55,35,26,,,N,,26136
2018132618MN22752,MONMOUTH,MANALAPAN TWP,09/01/2018,SA,1846,01,MANALAPAN TWP PD,,0,0,0,0,P,B,N,N,01,2,MONMOUTH COUNTY 3,,3,,13000003__,3.65,05,,01,05,02,01,01,01,04,01,25,FE,N,US 9,,,,40,55,26,,,N,,26134
2018132618MN22781,MONMOUTH,MANALAPAN TWP,09/02/2018,SU,0938,01,MANALAPAN TWP PD,,0,3,0,0,I,I,N,N,04,2,ROUTE 527 ALTERNATE,S,527,A,00000527A_,.98,07,,01,04,02,01,01,01,05,01,,AT,,BAIRD RD / LAMB LN,,,,45,35,26,40.242360,74.384230,N,,26131
2018132618MN22789,MONMOUTH,MANALAPAN TWP,09/02/2018,SU,1308,01,MANALAPAN TWP PD,,0,2,0,0,I,B,N,N,01,3,ROUTE 522,N,522,,00000522__,15.38,05,,01,04,02,01,01,01,05,01,1320,FE,S,CHURCH LN,,,,45,25,26,40.283320,74.333330,N,,26152
2018132618MN22887,MONMOUTH,MANALAPAN TWP,09/03/2018,MO,2238,01,MANALAPAN TWP PD,,0,0,0,0,P,B,N,N,12,1,ROUTE 527,,527,,00000527__,28.59,05,,01,04,02,01,05,01,05,01,2640,FE,N,CR 3 / MAIN ST / WOODWARD RD,,,,45,35,24,40.282630,74.350080,N,,26151
2018132618MN22913,MONMOUTH,MANALAPAN TWP,09/04/2018,TU,1112,01,MANALAPAN TWP PD,,0,0,0,0,P,B,N,N,01,2,NJ 33,W,33,,00000033__,23.25,02,,01,04,02,01,01,01,03,01,2,FE,E,PEGASUS BLVD,,,,55,25,26,,,N,,26116
2018132618MN22921,MONMOUTH,MANALAPAN TWP,09/04/2018,TU,1219,01,MANALAPAN TWP PD,,0,0,0,0,P,B,N,N,01,2,MONMOUTH COUNTY 3,,3,,13000003__,1.19,05,,01,04,02,01,01,01,05,,100,FE,S,CRAIG RD,,,,35,25,26,40.286200,74.326180,N,,
2018132618MN22930,MONMOUTH,MANALAPAN TWP,09/04/2018,TU,1530,01,MANALAPAN TWP PD,,0,0,0,0,P,I,N,N,03,2,VILLAGE RD **,N,,,13261558__,.09,07,,01,04,02,01,01,01,05,01,,AT,,SPRINGHOUSE CIR,,,,25,25,26,40.269320,74.348370,N,,26148
2018132618MN22945,MONMOUTH,MANALAPAN TWP,09/04/2018,TU,2008,01,MANALAPAN TWP PD,,0,0,0,0,P,B,N,N,11,1,DAUM DR **,E,,,13261168__,.19,07,,01,04,02,01,05,01,,,1000,FE,E,ROUTE 527A,,,,35,45,52,,,N,UTILITY POLE LOCATED IN FRONT OF 95 DAUM ROAD,26154
2018132618MN22964,MONMOUTH,MANALAPAN TWP,09/05/2018,WE,0108,01,MANALAPAN TWP PD,,0,0,0,0,P,B,Y,N,01,2,US 9,N,9,,00000009__,117.45,02,,01,04,02,01,06,01,02,,10,FE,N,TAYLORS MILLS RD,,,,55,35,26,,,N,,26123
2018132618MN22977,MONMOUTH,MANALAPAN TWP,09/05/2018,WE,0820,01,MANALAPAN TWP PD,,0,0,0,0,P,B,N,N,01,2,NJ 33,W,33,,00000033__,22.54,02,,01,04,02,01,01,01,03,01,300,FE,W,WOODWARD RD,,,,55,45,26,40.255940,74.384570,N,,26154
2018132618MN22989,MONMOUTH,MANALAPAN TWP,09/05/2018,WE,1042,01,MANALAPAN TWP PD,STATION,0,0,0,0,P,B,N,N,11,1,MONMOUTH COUNTY 3,S,3,,13000003__,1.30,05,,01,04,02,01,01,01,04,01,200,FE,N,THOMAS DR,,,,40,25,,40.289170,74.324240,N,GUIDE RAIL,26097
2018132618MN23067,MONMOUTH,MANALAPAN TWP,09/06/2018,TH,0846,01,MANALAPAN TWP PD,,0,0,0,0,P,B,N,N,02,2,US 9,N,9,,00000009__,116.84,02,,01,04,02,01,01,01,03,01,500,FE,N,RYAN RD / SYMMES RD,,,,55,25,26,40.295210,74.299300,N,,26126
2018132618MN23090,MONMOUTH,MANALAPAN TWP,09/06/2018,TH,1317,01,MANALAPAN TWP PD,,0,0,0,0,P,B,N,N,02,2,MONMOUTH COUNTY 3,S,3,,13000003__,.90,05,,01,04,02,01,01,01,04,01,100,FE,N,FREEHOLD ROAD,,,,35,45,26,40.281580,74.330580,N,,26137
2018132618MN23097,MONMOUTH,MANALAPAN TWP,09/06/2018,TH,1427,01,MANALAPAN TWP PD,,0,0,0,0,P,B,N,N,01,2,ROUTE 527,S,527,,00000527__,26.65,05,,01,04,02,01,01,01,04,01,200,FE,N,NJ 33,,,,45,55,26,40.253480,74.341690,N,,26137
2018132618MN23105,MONMOUTH,MANALAPAN TWP,09/06/2018,TH,1619,01,MANALAPAN TWP PD,,0,2,0,0,I,B,N,N,01,2,ROUTE 537,W,537,,00000537__,47.59,05,,01,04,02,01,01,01,05,01,100,FE,W,SHIRA LN,,,,50,25,26,40.216550,74.341670,N,,26145
2018132618MN23129,MONMOUTH,MANALAPAN TWP,09/06/2018,TH,2116,01,MANALAPAN TWP PD,,0,2,0,0,I,I,N,N,04,2,MONMOUTH COUNTY 3,S,3,,13000003__,1.43,05,,01,04,02,01,07,01,04,01,,AT,,CAITLIN WAY / DEVON DR S,,,,45,25,26,40.289170,74.324240,N,,26153
2018132618MN23151,MONMOUTH,MANALAPAN TWP,09/07/2018,FR,0845,01,MANALAPAN TWP PD,,0,0,0,0,P,B,N,N,01,2,NJ 33,W,33,,00000033__,23.29,02,,01,04,02,01,01,01,03,01,200,FE,E,PEGASUS BLVD,,,,55,25,26,40.253680,74.353130,N,,140