Year(4)-CountyCode(2)-MunicipalityCode(2)-CaseNumber(9),County Name,Municipality Name,Crash Date,Crash Day of Week,Crash Time,Police Department Code,Police Department,Police Station,Total Killed,Total Injured,Pedestrians Killed,Pedestrians Injured,Severity,Intersection,Alcohol Involved,Hazmat Involved,Crash Type,Total Vehicles,Location,Location Direction,Route,Route Suffix,Std Rte Identifier,MilePost,Road System,Road Character,Road Horizontal Alignment,Road Grade,Road Surface Type,Surface Condition,Light Condition,Environmental Condition,Road Divided By,Temporary Traffic Control Zone,Distance To Cross Street,Unit Of Measurement,Direction From Cross Street,Cross Street Name,Is Ramp,Ramp To/From Route Name,Ramp To/From Route Direction,Posted Speed,Posted Speed Cross Street,First Harmful Event,Latitude,Longitude,Cell Phone In Use Flag,Other Property Damage,Reporting Badge No.
2018132618MN32493,MONMOUTH,MANALAPAN TWP,12/06/2018,TH,1729,01,MANALAPAN TWP PD,,0,0,0,0,P,B,N,N,02,2,MONMOUTH COUNTY 3,S,3,,13000003__,.81,05,,01,04,02,01,05,01,05,01,50,FE,N,ROUTE 522,,,,35,45,26,40.279810,74.328340,N,,140
2018132618MN32501,MONMOUTH,MANALAPAN TWP,12/06/2018,TH,1803,01,MANALAPAN TWP PD,,0,0,0,0,P,B,N,N,01,2,ROUTE 527,S,527,,00000527__,26.62,05,,01,04,02,01,06,01,04,01,50,FE,N,NJ 33,,,,45,55,26,40.253370,74.339380,N,,26137
2018132618MN32504,MONMOUTH,MANALAPAN TWP,12/06/2018,TH,1917,01,MANALAPAN TWP PD,,0,0,0,0,P,I,N,N,11,1,SHINNECOCK DR,W,,,,,07,,02,04,02,01,06,01,04,01,,AT,,MUIRFIELD DR,,,,25,25,50,40.262130,74.374050,N,STREET SIGN FOR SHINNECOCK DR / MUIRFIELD DR,26137
2018132618MN32580,MONMOUTH,MANALAPAN TWP,12/07/2018,FR,0949,01,MANALAPAN TWP PD,,0,0,0,0,P,B,N,N,02,2,US 9,S,9,,00000009__,116.79,02,,01,04,02,01,01,01,02,,200,FE,N,RYAN RD / SYMMES RD,,,,55,35,26,40.318940,74.306380,N,,26094
2018132618MN32585,MONMOUTH,MANALAPAN TWP,12/07/2018,FR,1004,01,MANALAPAN TWP PD,,0,0,0,0,P,B,N,N,01,2,NJ 33,E,33,,00000033__,23.96,02,,01,04,02,01,01,01,03,02,250,FE,W,ROUTE 527 / MILLHURST RD / SWEETMAN,,,,55,35,26,40.254000,74.341660,N,,26126
2018132618MN32905,MONMOUTH,MANALAPAN TWP,12/09/2018,SU,2344,01,MANALAPAN TWP PD,,0,0,0,0,P,B,N,N,01,2,US 9,S,9,,00000009__,116.75,02,,01,04,02,01,07,01,02,01,10,FE,N,RYAN RD / SYMMES RD,,,,55,35,26,40.293260,74.298670,N,,26149
2018132618MN32975,MONMOUTH,MANALAPAN TWP,12/10/2018,MO,1516,01,MANALAPAN TWP PD,,0,0,0,0,P,B,N,N,02,2,US 9,S,9,,00000009__,116.77,02,,01,04,02,01,01,01,05,01,100,FE,N,RYAN RD / SYMMES RD,,,,55,35,26,40.294090,74.299740,N,,26152
2018132618MN33001,MONMOUTH,MANALAPAN TWP,12/10/2018,MO,2003,01,MANALAPAN TWP PD,,0,0,0,0,P,I,N,N,07,2,LAFAYETTE MILLS RD,W,,,,,07,,01,04,02,01,07,01,05,01,,AT,,ROBERTSVILLE ROAD,,,,35,25,26,40.315320,74.286640,N,,26152
2018132618MN33010,MONMOUTH,MANALAPAN TWP,12/10/2018,MO,2128,01,MANALAPAN TWP PD,,0,0,0,0,P,B,N,N,12,2,CRAIG RD,E,,,13161137__,1.73,07,,01,04,02,01,07,01,05,01,528,FE,E,CR 3 / TENNENT RD,,,,35,40,24,,,N,,26118
2018132618MN33104,MONMOUTH,MANALAPAN TWP,12/11/2018,TU,1551,01,MANALAPAN TWP PD,,0,0,0,0,P,B,N,N,11,1,NJ 33,W,33,,00000033__,24.01,02,,01,04,02,01,01,01,03,01,25,FE,E,ROUTE 527 / MILLHURST RD / SWEETMAN,,,,55,40,,40.254040,74.341240,N,ROUTE 33 W SIGN  ROUTE 33 W TRAFFIC LIGHT BASE,26148
2018132618MN33122,MONMOUTH,MANALAPAN TWP,12/11/2018,TU,1713,01,MANALAPAN TWP PD,,0,1,0,0,I,B,N,N,01,4,US 9,S,9,,00000009__,118.07,02,,01,04,02,01,05,01,02,01,500,FE,N,CENTER DR,,,,55,25,26,40.312230,74.304960,N,,
2018132618MN33125,MONMOUTH,MANALAPAN TWP,12/11/2018,TU,1721,01,MANALAPAN TWP PD,,0,2,0,0,I,B,N,N,03,2,UNION HILL RD,W,,,13261104__,.20,07,,01,04,02,01,05,01,05,01,50,FE,E,SHORT OAKS CT,,,,35,25,26,40.322230,74.351800,N,,140
2018132618MN33305,MONMOUTH,MANALAPAN TWP,12/13/2018,TH,0959,01,MANALAPAN TWP PD,,0,0,0,0,P,B,N,N,11,2,US 9,S,9,,00000009__,116.80,02,,01,04,02,01,01,01,02,01,264,FE,N,RYAN RD / SYMMES RD,,,,55,35,56,,,N,,26118
2018132618MN33325,MONMOUTH,MANALAPAN TWP,12/13/2018,TH,1401,01,MANALAPAN TWP PD,,0,0,0,0,P,B,N,N,01,2,MONMOUTH COUNTY 3,E,3,,13000003__,3.66,05,,01,04,02,01,01,01,05,01,50,FE,W,GORDENS CORNER RD,,,,40,25,26,40.313380,74.313430,N,,26118
2018132618MN33368,MONMOUTH,MANALAPAN TWP,12/13/2018,TH,1801,01,MANALAPAN TWP PD,,0,0,0,0,P,B,N,N,02,2,ROUTE 522,,522,,00000522__,13.23,05,,01,04,02,01,05,01,05,01,150,FE,W,LEWIS ST,,,,35,25,26,40.301790,74.368630,N,,26151
2018132618MN33417,MONMOUTH,MANALAPAN TWP,12/14/2018,FR,0033,01,MANALAPAN TWP PD,,0,2,0,0,I,I,N,N,03,2,NJ 33,E,33,,00000033__,24.01,02,,01,04,02,01,06,01,03,01,,AT,,ROUTE 527 / MILLHURST RD / SWEETMAN,,,,50,45,26,,,N,,26132
2018132618MN33452,MONMOUTH,MANALAPAN TWP,12/12/2018,WE,1430,01,MANALAPAN TWP PD,,0,0,0,0,P,I,N,N,02,2,NJ 33,W,33,,00000033__,24.01,02,,01,04,02,01,01,01,03,01,,AT,,ROUTE 527 / MILLHURST RD / SWEETMAN,,,,55,,26,,,N,,26118
2018132618MN33472,MONMOUTH,MANALAPAN TWP,12/14/2018,FR,1509,01,MANALAPAN TWP PD,,0,0,0,0,P,B,N,N,01,2,NJ 33,W,33,,00000033__,24.00,02,,01,04,02,01,01,01,03,01,50,FE,W,ROUTE 527 / MILLHURST RD / SWEETMAN,,,,55,45,26,40.254000,74.341660,N,,26145
2018132618MN33504,MONMOUTH,MANALAPAN TWP,12/14/2018,FR,2122,01,MANALAPAN TWP PD,,0,1,0,0,I,I,N,N,99,2,ROUTE 522,S,522,,00000522__,15.37,05,,01,04,02,02,06,02,,,,AT,,TAYLORS MILL RD,,,,45,40,,40.290160,74.343490,N,,26098
2018132618MN33657,MONMOUTH,MANALAPAN TWP,12/16/2018,SU,1400,01,MANALAPAN TWP PD,,0,0,0,0,P,B,N,N,11,1,MONMOUTH COUNTY 3,N,3,,13000003__,.97,05,,02,04,02,02,01,02,,,528,FE,S,CHURCH LN,,,,40,25,46,40.284480,74.327280,N,,26099
2018132618MN33672,MONMOUTH,MANALAPAN TWP,12/16/2018,SU,2200,01,MANALAPAN TWP PD,,0,0,0,0,P,I,N,N,11,1,MONMOUTH COUNTY 22,E,22,,13000022__,1.18,05,,02,04,02,02,05,02,04,,,AT,,CONMACK LN,,,,40,25,56,,,N,THE YIELD SIGN AT CONMACK RD WAS KNOCKED OVER,26134
2018132618MN33705,MONMOUTH,MANALAPAN TWP,12/17/2018,MO,0643,01,MANALAPAN TWP PD,MANALAPAN PD,0,0,0,0,P,B,N,N,01,2,US 9,S,9,,00000009__,116.75,02,,01,04,02,02,02,01,02,01,25,FE,N,RYAN RD / SYMMES RD,,,,55,35,26,40.293260,74.298670,N,,26142
2018132618MN33745,MONMOUTH,MANALAPAN TWP,12/17/2018,MO,1309,01,MANALAPAN TWP PD,MANALAPAN PD,0,0,0,0,P,B,N,N,02,2,SYMMES DR,,,,13261138__,1.48,07,,01,06,02,01,01,01,05,01,50,FE,E,US 9,,,,25,55,26,40.291770,74.300570,N,,26142
2018132618MN33751,MONMOUTH,MANALAPAN TWP,12/17/2018,MO,1342,01,MANALAPAN TWP PD,,0,0,0,0,P,B,N,N,07,2,CRAIG RD,W,,,,,07,,01,04,02,01,01,01,05,01,528,FE,W,US 9,,,,40,55,26,40.288510,74.297080,N,,26099
2018132618MN33782,MONMOUTH,MANALAPAN TWP,12/17/2018,MO,1733,01,MANALAPAN TWP PD,,0,0,0,0,P,B,N,N,01,2,MONMOUTH COUNTY 3,N,3,,13000003__,1.21,05,,01,05,02,01,05,01,05,01,25,FE,S,CRAIG RD,,,,35,,26,,,N,,26134
2018132618MN33875,MONMOUTH,MANALAPAN TWP,12/18/2018,TU,1136,01,MANALAPAN TWP PD,,0,1,0,0,I,B,N,N,01,2,NJ 33,E,33,,00000033__,23.41,02,,01,04,02,01,01,01,03,02,3168,FE,W,ROUTE 527 / MILLHURST RD / SWEETMAN,,,,55,45,26,40.253680,74.353130,N,,26128
2018132618MN33883,MONMOUTH,MANALAPAN TWP,12/18/2018,TU,1238,01,MANALAPAN TWP PD,,0,0,0,0,P,B,N,N,02,2,UNION HILL RD,E,,,,,07,,01,04,02,01,01,01,05,01,528,FE,W,WILD TURKEY WAY,,,,35,25,26,40.336180,74.319250,N,,26099
2018132618MN33901,MONMOUTH,MANALAPAN TWP,12/18/2018,TU,1535,01,MANALAPAN TWP PD,,0,0,0,0,P,I,N,N,03,2,MC 3,,,,,,07,,02,04,02,01,01,01,05,01,,AT,,WIKATUNK RD,,,,35,35,26,40.313380,74.313430,N,,26151
2018132618MN33929,MONMOUTH,MANALAPAN TWP,12/18/2018,TU,1849,01,MANALAPAN TWP PD,,0,0,0,0,P,I,N,N,12,1,MC 3,,,,,,05,,01,04,02,01,05,01,05,01,,AT,,SANDYBROOK DR,,,,35,25,24,40.299390,74.317700,N,,26151
2018132618MN33933,MONMOUTH,MANALAPAN TWP,12/18/2018,TU,1934,01,MANALAPAN TWP PD,,0,0,0,0,P,B,N,N,11,1,BLENHEIM RD,N,,,,,07,,03,04,02,01,06,01,05,01,500,FE,N,PINE BROOK RD,,,,25,35,61,40.322380,74.324120,N,MAILBOX OF 8 BLENHEIM ROAD,26148
2018132618MN33982,MONMOUTH,MANALAPAN TWP,12/19/2018,WE,0351,01,MANALAPAN TWP PD,,0,0,0,0,P,B,N,N,12,1,ROUTE 527,,527,,00000527__,,05,,01,04,02,01,05,01,05,01,500,FE,E,SMITHBURG RD,,,,50,45,24,40.211690,74.349370,N,,26151
2018132618MN33990,MONMOUTH,MANALAPAN TWP,12/19/2018,WE,0635,01,MANALAPAN TWP PD,,0,0,0,0,P,B,N,N,12,1,ROUTE 527,N,527,,00000527__,25.50,05,,01,05,02,01,01,01,05,01,1320,FE,N,LAMB LN,,,,45,25,24,40.242360,74.384230,N,,26151
2018132618MN34040,MONMOUTH,MANALAPAN TWP,12/19/2018,WE,1448,01,MANALAPAN TWP PD,,0,1,0,0,I,B,N,N,01,2,ROUTE 527,N,527,,00000527__,26.38,05,,01,04,02,01,01,01,05,01,100,FE,N,KINNEY RD,,,,45,35,26,40.249920,74.341890,N,,26131
2018132618MN34099,MONMOUTH,MANALAPAN TWP,12/20/2018,TH,0245,01,MANALAPAN TWP PD,MANALAPAN,0,0,0,0,P,B,N,N,11,1,ROUTE 527,N,527,,00000527__,25.50,05,,01,04,02,01,07,01,05,01,1320,FE,N,LAMB LN,,,,45,25,52,40.244090,74.386020,N,BT2250MPN- VERIZON POLE,26147
2018132618MN34117,MONMOUTH,MANALAPAN TWP,12/20/2018,TH,0904,01,MANALAPAN TWP PD,,0,0,0,0,P,B,N,N,02,2,TAYLORS MILLS RD,E,,,,,07,,01,04,02,01,01,01,05,01,400,FE,E,US 9,,,,35,55,26,40.300650,74.302670,N,,26144
2018132618MN34137,MONMOUTH,MANALAPAN TWP,12/20/2018,TH,1204,01,MANALAPAN TWP PD,,0,0,0,0,P,B,N,N,02,2,GORDONS CORNER RD,S,,,,,07,,01,04,02,01,01,01,05,01,150,FE,S,KINGSLEY DR,,,,35,25,26,40.317780,74.306510,N,,26144
2018132618MN34143,MONMOUTH,MANALAPAN TWP,12/20/2018,TH,1330,01,MANALAPAN TWP PD,,0,0,0,0,P,B,N,N,01,2,US 9,S,9,,00000009__,117.54,02,,01,04,02,02,01,02,02,01,500,FE,N,TAYLORS MILLS RD,,,,55,35,26,40.302680,74.303060,N,,26126
2018132618MN34145,MONMOUTH,MANALAPAN TWP,12/20/2018,TH,1337,01,MANALAPAN TWP PD,,0,0,0,0,P,B,N,N,01,2,US 9,S,9,,00000009__,119.11,02,,01,04,02,02,01,02,02,,50,FE,S,COVERED BRIDGE BLVD,,,,55,25,26,40.325140,74.306180,N,,26094
2018132618MN34159,MONMOUTH,MANALAPAN TWP,12/20/2018,TH,1607,01,MANALAPAN TWP PD,,0,0,0,0,P,I,N,N,04,2,LONE STAR LN,N,,,,,07,,01,04,02,02,01,02,05,01,,AT,,DORTMUNDER DR,,,,25,25,26,40.309550,74.357530,N,,26148
2018132618MN34166,MONMOUTH,MANALAPAN TWP,12/20/2018,TH,1732,01,MANALAPAN TWP PD,,0,0,0,0,P,I,N,N,03,2,UNION HILL RD,E,,,,,07,,01,07,02,02,05,02,05,01,,AT,,IVANHOE DR,,,,35,25,26,40.334080,74.323310,N,,26151
2018132618MN34202,MONMOUTH,MANALAPAN TWP,12/21/2018,FR,0721,01,MANALAPAN TWP PD,,0,0,0,0,P,I,N,N,03,4,DAUM DR **,W,,,13261168__,1.68,07,,02,04,02,02,02,02,05,01,,AT,,WOODWARD RD,,,,35,25,26,,,N,,26118
2018132618MN34213,MONMOUTH,MANALAPAN TWP,12/21/2018,FR,0916,01,MANALAPAN TWP PD,,0,0,0,0,P,B,N,N,01,2,PEASE RD,N,,,,,07,,01,06,02,02,01,02,05,01,20,FE,S,GORDONS CORNER RD,,,,30,40,26,40.313380,74.313430,N,,26131
2018132618MN34231,MONMOUTH,MANALAPAN TWP,12/21/2018,FR,1303,01,MANALAPAN TWP PD,,0,0,0,0,P,I,N,N,01,2,MONMOUTH COUNTY 3,W,,,,,07,,01,04,02,01,01,01,05,01,,AT,,FREEHOLD RD,,,,35,35,26,,,N,,26118
2018132618MN34255,MONMOUTH,MANALAPAN TWP,12/21/2018,FR,2108,01,MANALAPAN TWP PD,STATION,0,0,0,0,P,B,N,N,12,1,ROUTE 522,E,522,,00000522__,16.04,05,,01,04,02,02,01,01,04,01,1320,FE,W,NJ 3 / MAIN ST / TENNANT ST,,,,45,40,24,40.283320,74.333330,N,,26097
2018132618MN34298,MONMOUTH,MANALAPAN TWP,12/22/2018,SA,0657,01,MANALAPAN TWP PD,,0,1,0,0,I,B,N,N,01,2,US 9,N,9,,00000009__,117.43,02,,01,04,02,02,02,02,02,01,100,FE,S,TAYLORS MILLS RD,,,,55,35,26,40.303700,74.303260,N,,26139
2018132618MN34439,MONMOUTH,MANALAPAN TWP,12/23/2018,SU,1854,01,MANALAPAN TWP PD,,0,0,0,0,P,B,N,N,01,2,US 9,S,9,,00000009__,117.70,02,,01,04,02,01,07,01,02,,1320,FE,N,TAYLORS MILLS RD,,,,55,35,26,,,N,,26134
2018132618MN34501,MONMOUTH,MANALAPAN TWP,12/24/2018,MO,1006,01,MANALAPAN TWP PD,,0,0,0,0,P,B,N,N,01,2,US 9,S,9,,00000009__,117.59,02,,01,04,02,01,01,01,02,,750,FE,N,TAYLORS MILLS RD,,,,55,35,26,40.302680,74.303060,N,,26141
2018132618MN34524,MONMOUTH,MANALAPAN TWP,12/24/2018,MO,1321,01,MANALAPAN TWP PD,,0,3,0,0,I,B,N,N,01,4,US 9,N,9,,00000009__,118.15,02,,01,04,02,01,01,01,02,,3696,FE,N,TAYLORS MILLS RD,,,,55,35,26,40.312090,74.303570,N,,
2018132618MN34526,MONMOUTH,MANALAPAN TWP,12/24/2018,MO,1345,01,MANALAPAN TWP PD,,0,0,0,0,P,B,N,N,02,2,ELIOT RD,W,,,,,07,,01,04,02,01,01,05,,,400,FE,E,CHAUCER RD,,,,25,25,26,40.295670,74.345640,N,,26130
2018132618MN34541,MONMOUTH,MANALAPAN TWP,12/24/2018,MO,1749,01,MANALAPAN TWP PD,,0,0,0,0,P,B,N,N,01,2,US 9,N,9,,00000009__,117.20,02,,01,04,02,01,06,01,01,01,1320,FE,S,TAYLORS MILLS RD,,,,55,40,26,40.302680,74.303060,N,,26148
2018132618MN34573,MONMOUTH,MANALAPAN TWP,12/25/2018,TU,0359,01,MANALAPAN TWP PD,,0,0,0,0,P,B,N,N,12,1,ROUTE 527,W,527,,00000527__,,05,,01,04,02,01,05,01,05,01,50,FE,E,SHIRA LN,,,,50,25,24,40.213790,74.346830,N,,26154
2018132618MN34582,MONMOUTH,MANALAPAN TWP,12/25/2018,TU,1319,01,MANALAPAN TWP PD,,0,0,0,0,P,B,N,N,02,2,GORDONS CORNER RD,E,,,,,07,,01,04,02,01,01,01,04,01,100,FE,W,ELKRIDGE WAY,,,,45,25,26,40.315430,74.310420,N,,26153
2018132618MN34639,MONMOUTH,MANALAPAN TWP,12/26/2018,WE,1257,01,MANALAPAN TWP PD,,0,1,0,0,I,I,N,N,03,2,SYMMES RD,W,,,,,07,,01,04,02,01,01,01,05,01,,AT,,ALYSSA LN,,,,35,25,26,40.287900,74.321280,N,,26144
2018132618MN34640,MONMOUTH,MANALAPAN TWP,12/26/2018,WE,1254,01,MANALAPAN TWP PD,,0,0,0,0,P,B,N,N,01,2,NJ 33,E,33,,00000033__,23.23,02,,01,04,02,01,01,01,03,,100,FE,W,PEGASUS BLVD,,,,55,25,26,40.253160,74.356360,N,,26130
2018132618MN34650,MONMOUTH,MANALAPAN TWP,12/26/2018,WE,1422,01,MANALAPAN TWP PD,,0,0,0,0,P,B,N,N,01,2,US 9,N,9,,00000009__,118.53,02,,03,04,02,01,01,01,05,01,,,,CR 3 / MORGANVILLE RD / TENNENT RD,,,,55,40,26,40.317780,74.306510,N,,26154
2018132618MN34680,MONMOUTH,MANALAPAN TWP,12/26/2018,WE,2008,01,MANALAPAN TWP PD,,0,0,0,0,P,B,N,N,05,2,PEASE RD,S,,,,,07,,01,04,02,01,05,01,,,1000,FE,N,PINEBROOK RD,,,,45,,26,40.315340,74.326500,N,,26098
2018132618MN34752,MONMOUTH,MANALAPAN TWP,12/27/2018,TH,1205,01,MANALAPAN TWP PD,,0,0,0,0,P,B,N,N,01,2,US 9,S,9,,00000009__,116.94,02,,01,04,02,01,01,01,02,01,1000,FE,N,RYAN RD / SYMMES RD,,,,55,35,26,,,N,,26118
2018132618MN34754,MONMOUTH,MANALAPAN TWP,12/27/2018,TH,1217,01,MANALAPAN TWP PD,,0,1,0,0,I,B,N,N,01,2,US 9,S,9,,00000009__,118.20,02,,01,04,02,01,01,01,02,01,1000,FE,S,GORDONS CORNER RD,,,,55,45,26,40.312230,74.304960,N,,26141
2018132618MN34767,MONMOUTH,MANALAPAN TWP,12/27/2018,TH,1455,01,MANALAPAN TWP PD,,0,1,0,0,I,B,N,N,01,2,US 9,N,9,,00000009__,119.13,02,,01,04,02,01,01,01,02,01,3168,FE,N,CR 3 / MORGANVILLE RD / TENNENT RD,,,,55,35,26,40.327110,74.305620,N,,26141
2018132618MN34778,MONMOUTH,MANALAPAN TWP,12/27/2018,TH,1701,01,MANALAPAN TWP PD,,0,0,0,0,P,I,N,N,03,2,MC,,,,,,05,,01,07,01,01,01,01,05,01,,AT,,WIKATUNK RD,,,,35,25,26,40.317780,74.306510,N,,26151
2018132618MN34786,MONMOUTH,MANALAPAN TWP,12/27/2018,TH,1903,01,MANALAPAN TWP PD,,0,2,0,0,I,B,Y,N,01,4,US 9,S,9,,00000009__,117.60,02,,01,04,02,01,05,01,02,01,792,FE,N,TAYLORS MILLS RD,,,,55,25,26,40.302680,74.303060,N,,
2018132618MN34844,MONMOUTH,MANALAPAN TWP,12/28/2018,FR,0837,01,MANALAPAN TWP PD,,0,0,0,0,P,B,N,N,06,1,GRANT RD,N,,,,,07,,01,04,02,02,07,02,05,01,150,FE,S,IVANHOE DR,,,,25,25,26,40.335790,74.327220,N,,26153
2018132618MN34883,MONMOUTH,MANALAPAN TWP,12/28/2018,FR,1656,01,MANALAPAN TWP PD,,0,0,0,0,P,B,N,N,02,2,US 9,S,9,,00000009__,,02,,01,04,02,02,06,01,02,,750,FE,N,CRAIG RD,,,,55,35,26,40.287430,74.296550,N,,26141
2018132618MN34888,MONMOUTH,MANALAPAN TWP,12/28/2018,FR,1816,01,MANALAPAN TWP PD,,0,0,0,0,P,B,N,N,12,1,NJ 33,E,33,,00000033__,,02,,01,04,02,01,06,01,05,01,300,FE,E,YATES RD,,,,45,25,24,40.263600,74.319790,N,,26144
2018132618MN34959,MONMOUTH,MANALAPAN TWP,12/29/2018,SA,1534,01,MANALAPAN TWP PD,,0,0,0,0,P,B,N,N,02,2,US 9,N,9,,00000009__,116.65,02,,01,04,02,01,01,01,02,01,528,FE,S,RYAN RD / SYMMES RD,,,,55,25,26,40.293150,74.298590,N,,26151
2018132618MN34968,MONMOUTH,MANALAPAN TWP,12/29/2018,SA,1641,01,MANALAPAN TWP PD,,0,0,0,0,P,B,N,N,01,2,US 9,S,9,,00000009__,117.95,02,,01,04,02,01,06,01,02,01,2640,FE,N,TAYLORS MILLS RD,,,,55,35,26,40.308450,74.306000,N,,26137
2018132618MN34969,MONMOUTH,MANALAPAN TWP,12/29/2018,SA,1721,01,MANALAPAN TWP PD,,0,0,0,0,P,B,N,N,02,2,NJ 33,E,33,,00000033__,25.27,02,,01,04,02,01,06,01,05,01,150,FE,W,YATES ROAD,,,,50,25,26,40.255970,74.316500,N,,26143
2018132618MN34997,MONMOUTH,MANALAPAN TWP,12/30/2018,SU,0036,01,MANALAPAN TWP PD,,0,0,0,0,P,B,N,N,12,1,ROUTE 522,E,522,,00000522__,16.20,05,,01,04,02,01,05,01,05,,500,FE,W,NJ 3 / MAIN ST,,,,45,25,24,,,N,,26123
2018132618MN35178,MONMOUTH,MANALAPAN TWP,12/31/2018,MO,2002,01,MANALAPAN TWP PD,,0,0,0,0,P,I,N,N,03,2,SWEETMANS LANE,S,,,,,07,,01,04,02,02,06,02,05,,,AT,,WOODWARD ROAD,,,,45,25,26,40.234740,74.365180,N,DAMAGE TO FRONT LAWN 4 CHRISTIE COURT,26128
2018132618N32485,MONMOUTH,MANALAPAN TWP,12/06/2018,TH,1622,01,MANALAPAN TWP PD,,0,3,0,0,I,I,N,N,03,2,MONMOUTH COUNTY 22,W,22,,13000022__,.53,05,,01,04,02,01,01,01,05,01,,AT,,WHITMAN BLVD,,,,40,25,26,40.303830,74.347570,N,,140
20181326C060-2018-00011A,MONMOUTH,MANALAPAN TWP,01/03/2018,WE,2353,02,NEW JERSEY STATE POLICE,HAMILTON-SUB -,0,0,0,0,P,B,N,N,12,1,ROUTE 527 ALTERNATE,S,527,A,00000527A_,2.16,07,,01,04,02,01,05,01,04,01,500,FE,S,NJ 33,,,,40,55,24,40.258720,74.397780,N,,8076
20181326C060-2018-00181A,MONMOUTH,MANALAPAN TWP,02/08/2018,TH,2104,02,NEW JERSEY STATE POLICE,HAMILTON-SUB -,0,0,0,0,P,B,N,N,12,1,ROUTE 527 ALTERNATE,N,527,A,00000527A_,2.87,05,,01,04,02,01,05,01,05,01,,,N,TIMMONS HILL DR,,,,45,,24,40.963250,74.147850,N,,8082
20181326C060-2018-01454A,MONMOUTH,MANALAPAN TWP,10/08/2018,MO,1328,02,NEW JERSEY STATE POLICE,HAMILTON-SUB -,0,0,0,0,P,B,N,N,02,2,NJ 33,W,33,,00000033__,21.20,02,,01,04,02,02,01,01,03,01,,,,,,,,50,,26,40.262160,74.418000,N,,8035
20181326C060-2018-02087A,MONMOUTH,MANALAPAN TWP,12/30/2018,SU,0407,02,NEW JERSEY STATE POLICE,HAMILTON-SUB -,0,0,0,0,P,B,N,N,12,1,NJ 33,W,33,,00000033__,22.50,02,,01,04,02,01,05,01,03,01,,,,,,,,55,,24,40.258590,74.397930,N,,8014
2018132718-10094-AC,MONMOUTH,MANASQUAN BORO,08/04/2018,SA,1229,01,MANASQUAN PD,,0,1,0,0,I,I,N,N,14,1,NJ 71,,71,,00000071__,.76,02,,01,04,02,02,01,01,05,01,,AT,,MARCELLUS AVE,,,,30,25,21,,,N,,66
2018132718-10245-AC,MONMOUTH,MANASQUAN BORO,08/06/2018,MO,0946,01,MANASQUAN PD,PATROL,0,0,0,0,P,B,N,N,01,2,NORTH MAIN ST,,,,,,07,,01,04,02,01,01,01,05,01,15,FE,S,SEA GIRT AVE,,,,25,35,26,,,N,,57
2018132718-10442-AC,MONMOUTH,MANASQUAN BORO,08/10/2018,FR,2031,01,MANASQUAN PD,,0,1,0,0,I,B,N,N,14,1,MAIN ST **,,,,,,07,,01,04,02,01,06,01,05,01,50,FE,W,NORTH POTTER AVE,,,,25,25,21,,,N,,61
2018132718-10571-AC,MONMOUTH,MANASQUAN BORO,08/12/2018,SU,1522,01,MANASQUAN PD,MANASQUAN,0,0,0,0,P,B,N,N,02,2,NJ 71,,71,,00000071__,1.72,02,,01,04,02,01,01,01,05,01,15,FE,S,CR 49 / SEAGIRT AVE,,,,35,35,26,,,N,,68
2018132718-10660-AC,MONMOUTH,MANASQUAN BORO,08/14/2018,TU,1649,01,MANASQUAN PD,MANASQUAN,0,0,0,0,P,B,N,N,06,2,MONMOUTH COUNTY 20,,20,,13000020__,2.29,05,,01,04,02,01,01,01,05,01,300,FE,S,BLAKEY AVE,,,,30,25,26,,,N,,68
2018132718-10771-AC,MONMOUTH,MANASQUAN BORO,08/17/2018,FR,0023,01,MANASQUAN PD,,0,0,0,0,P,B,Y,N,06,2,MAIN ST **,,,,,,07,,01,04,02,01,06,01,05,01,50,FE,E,NORTH POTTER AVE,,,,25,25,28,,,Y,,66
2018132718-10827-AC,MONMOUTH,MANASQUAN BORO,08/18/2018,SA,0116,01,MANASQUAN PD,,0,0,0,0,P,B,N,N,06,2,MAIN ST **,,,,,,07,,01,04,02,01,06,01,05,01,150,FE,E,NORTH POTTER AVE,,,,25,25,28,,,N,,59
2018132718-11004-AC,MONMOUTH,MANASQUAN BORO,08/20/2018,MO,1812,01,MANASQUAN PD,,0,0,0,0,P,B,N,N,03,2,MAIN ST **,,,,,,07,,01,04,02,01,01,01,05,01,300,FE,W,NJ 71,,,,25,30,26,,,N,,67
2018132718-11086-AC,MONMOUTH,MANASQUAN BORO,08/22/2018,WE,1417,01,MANASQUAN PD,,0,0,0,0,P,B,N,N,08,2,MAIN ST **,,,,13271082__,.02,07,,01,04,02,01,01,01,05,01,50,FE,W,PEARCE AVE,,,,25,25,26,,,N,,65
2018132718-11123-AC,MONMOUTH,MANASQUAN BORO,08/23/2018,TH,1336,01,MANASQUAN PD,,0,0,0,0,P,I,N,N,07,2,ROUTE 524 SPUR,,524,S,00000524S_,3.39,05,,01,04,02,01,01,01,05,,,AT,,CR 20 / BROAD ST,,,,30,35,26,,,N,,201