Year(4)-CountyCode(2)-MunicipalityCode(2)-CaseNumber(9),County Name,Municipality Name,Crash Date,Crash Day of Week,Crash Time,Police Department Code,Police Department,Police Station,Total Killed,Total Injured,Pedestrians Killed,Pedestrians Injured,Severity,Intersection,Alcohol Involved,Hazmat Involved,Crash Type,Total Vehicles,Location,Location Direction,Route,Route Suffix,Std Rte Identifier,MilePost,Road System,Road Character,Road Horizontal Alignment,Road Grade,Road Surface Type,Surface Condition,Light Condition,Environmental Condition,Road Divided By,Temporary Traffic Control Zone,Distance To Cross Street,Unit Of Measurement,Direction From Cross Street,Cross Street Name,Is Ramp,Ramp To/From Route Name,Ramp To/From Route Direction,Posted Speed,Posted Speed Cross Street,First Harmful Event,Latitude,Longitude,Cell Phone In Use Flag,Other Property Damage,Reporting Badge No.
2018132718-534-AC,MONMOUTH,MANASQUAN BORO,01/13/2018,SA,2310,01,MANASQUAN PD,,0,0,0,0,P,B,N,N,08,2,RIVERSIDE DR **,,,,13271007__,.04,07,,01,04,02,01,06,01,05,01,200,FE,E,THIRD AVE,,,,25,25,26,,,N,,66
2018132718-5430-AC,MONMOUTH,MANASQUAN BORO,05/11/2018,FR,2233,01,MANASQUAN PD,,0,0,0,0,P,B,N,N,06,2,RIVERSIDE DR **,,,,13271007__,.04,07,,01,04,02,01,06,01,05,01,200,FE,E,THIRD AVE,,,,25,25,26,,,N,,65
2018132718-5491-AC,MONMOUTH,MANASQUAN BORO,05/14/2018,MO,0509,01,MANASQUAN PD,,0,1,0,0,I,B,N,N,03,2,ROUTE 524 SPUR,,524,S,00000524S_,3.05,05,,01,04,02,02,02,04,05,01,100,FE,E,TRENTON AVE,,,,35,25,26,,,N,,66
2018132718-5516-AC,MONMOUTH,MANASQUAN BORO,05/14/2018,MO,1907,01,MANASQUAN PD,,0,0,0,0,P,B,N,N,08,2,E VIRGINIA AVE **,,,,13271035__,.47,07,,01,04,02,01,03,01,05,01,200,FE,E,WARREN AVE,,,,25,25,26,,,N,,67
2018132718-559-AC,MONMOUTH,MANASQUAN BORO,01/14/2018,SU,1511,01,MANASQUAN PD,,0,0,0,0,P,B,N,N,01,2,NJ 71,,71,,00000071__,1.06,02,,01,04,02,01,01,01,05,,2,FE,S,MAIN ST,,,,30,30,26,,,N,,62
2018132718-5594-AC,MONMOUTH,MANASQUAN BORO,05/16/2018,WE,1633,01,MANASQUAN PD,,0,0,0,0,P,B,N,N,08,2,MAIN ST **,,,,13271082__,.01,07,,01,04,02,02,01,02,04,01,75,FE,E,CR 20,,,,25,25,28,,,N,,62
2018132718-561-AC,MONMOUTH,MANASQUAN BORO,01/14/2018,SU,1540,01,MANASQUAN PD,,0,0,0,0,P,B,N,N,06,2,PEARCE AVE **,,,,13271066__,.19,07,,01,04,02,00,00,00,05,01,300,FE,S,MAIN ST,,,,25,25,28,,,N,,65
2018132718-5614-AC,MONMOUTH,MANASQUAN BORO,05/17/2018,TH,0901,01,MANASQUAN PD,MANASQUAN,0,0,0,0,P,B,N,N,06,2,BEAMS TER,,,,,,07,,01,,02,02,01,02,05,,500,FE,W,ROUTE 524 SPUR,,,,25,25,28,,,N,,56
2018132718-5667-AC,MONMOUTH,MANASQUAN BORO,05/25/2018,FR,1853,01,MANASQUAN PD,,0,0,0,0,P,B,N,N,08,2,MAIN ST **,,,,13271082__,.02,07,,01,04,02,01,01,01,05,01,70,FE,W,NORTH MCCLELLAN AVE,,,,25,25,26,,,N,,66
2018132718-5771-AC,MONMOUTH,MANASQUAN BORO,05/21/2018,MO,0854,01,MANASQUAN PD,,0,0,0,0,P,B,N,N,06,2,EUCLID AVE **,E,,,13271033__,.00,07,,01,04,02,01,01,01,05,01,25,FE,W,MOUNT LN,,,,25,25,28,,,N,,64
2018132718-5836-AC,MONMOUTH,MANASQUAN BORO,05/22/2018,TU,1529,01,MANASQUAN PD,,0,0,0,0,P,B,N,N,06,2,MONMOUTH COUNTY 20,,20,,13000020__,2.02,05,,01,04,02,02,01,02,05,01,25,FE,S,BEAMS TER,,,,30,25,28,,,N,,61
2018132718-6077-AC,MONMOUTH,MANASQUAN BORO,05/26/2018,SA,1345,01,MANASQUAN PD,,0,0,0,0,P,B,N,N,14,1,NJ 71,,71,,00000071__,1.53,02,,01,04,02,01,01,01,04,01,1000,FE,S,CR 49 / SEAGIRT AVE,,,,30,25,21,,,N,,62
2018132718-6084-AC,MONMOUTH,MANASQUAN BORO,05/26/2018,SA,1614,01,MANASQUAN PD,,0,0,0,0,P,B,N,N,08,2,MONMOUTH COUNTY 20,,20,,13000020__,1.94,05,,01,04,02,01,01,01,05,01,150,FE,N,MAIN ST,,,,30,25,26,,,N,,67
2018132718-6170-AC,MONMOUTH,MANASQUAN BORO,05/27/2018,SU,1128,01,MANASQUAN PD,,0,0,0,0,P,B,N,N,06,2,SECOND AVE **,,,,13271012__,.00,07,,01,04,02,02,00,02,05,01,,,,,,,,25,,28,,,N,,223
2018132718-6266-AC,MONMOUTH,MANASQUAN BORO,05/28/2018,MO,1300,01,MANASQUAN PD,,0,0,0,0,P,B,N,N,01,3,MAIN ST **,,,,13271082__,.03,07,,01,04,02,01,01,05,05,01,200,FE,E,NJ 71,,,,25,25,26,,,N,,
2018132718-6351-AC,MONMOUTH,MANASQUAN BORO,05/30/2018,WE,1313,01,MANASQUAN PD,,0,0,0,0,P,B,N,N,08,2,CHURCH ST **,,,,13521045__,.84,07,,01,04,02,01,01,05,05,01,5,FE,W,SOUTH ST,,,,25,30,26,,,N,,61
2018132718-6356-AC,MONMOUTH,MANASQUAN BORO,05/30/2018,WE,1506,01,MANASQUAN PD,,0,1,0,1,I,B,N,N,13,1,NJ 71,,71,,00000071__,1.10,02,,01,04,02,01,01,05,05,01,200,FE,N,MAIN ST,,,,30,25,22,,,N,,59
2018132718-6738-AC,MONMOUTH,MANASQUAN BORO,06/07/2018,TH,1338,01,MANASQUAN PD,,0,2,0,0,I,I,N,N,03,3,NJ 71,,71,,00000071__,.99,02,,01,04,02,01,01,01,05,01,,AT,,ABE VOOREHEES AVE / EUCLID AVE,,,,30,25,26,,,N,,
2018132718-6879-AC,MONMOUTH,MANASQUAN BORO,06/09/2018,SA,2127,01,MANASQUAN PD,,0,0,0,0,P,B,Y,N,01,2,MAIN ST **,E,,,13271082__,.02,07,,01,04,02,01,06,01,05,01,50,FE,W,NJ 71,,,,25,,26,,,N,,67
2018132718-6893-AC,MONMOUTH,MANASQUAN BORO,06/09/2018,SA,2347,01,MANASQUAN PD,,0,0,0,0,P,B,N,N,06,2,MAIN ST **,,,,13271082__,.00,07,,01,04,02,01,06,01,05,01,250,FE,W,FIRST AVE,,,,25,25,26,,,N,,242
2018132718-7315-AC,MONMOUTH,MANASQUAN BORO,06/17/2018,SU,1442,01,MANASQUAN PD,,0,1,0,0,I,I,N,N,04,2,NJ 71,,71,,00000071__,1.35,02,,02,04,02,01,01,01,05,01,,AT,,STOCKTON LAKE BLVD,,,,30,25,,,,N,,66
2018132718-7429-AC,MONMOUTH,MANASQUAN BORO,06/20/2018,WE,1847,01,MANASQUAN PD,MANASQUAN,0,1,0,0,I,B,N,N,01,2,NJ 71,,71,,00000071__,1.03,02,,01,04,02,01,01,01,05,01,200,FE,N,ABE VOOREHEES AVE / EUCLID AVE,,,,30,25,26,,,N,,56
2018132718-7694-AC,MONMOUTH,MANASQUAN BORO,06/24/2018,SU,1110,01,MANASQUAN PD,,0,0,0,0,P,B,N,N,03,2,BRIELLE RD **,W,,,13271015__,.00,07,,01,04,02,01,01,01,04,01,,,,,,,,25,,26,,,N,,223
2018132718-7739-AC,MONMOUTH,MANASQUAN BORO,06/25/2018,MO,0753,01,MANASQUAN PD,PATROL,0,0,0,0,P,B,N,N,11,2,MONMOUTH COUNTY 20,,20,,13000020__,1.69,05,,01,04,02,01,01,01,05,01,25,FE,N,VIRGINIA AVE,,,,30,25,56,,,N,FRONT YARD GRASS/SOD DAMAGE - NINANNE NORRIS - 92 SOUTH ST MANASQUAN NJ 08736,57
2018132718-7788-AC,MONMOUTH,MANASQUAN BORO,06/26/2018,TU,1250,01,MANASQUAN PD,PATROL,0,0,0,0,P,B,N,N,06,2,MAIN ST **,,,,13271082__,.00,07,,01,04,02,01,01,01,05,01,25,FE,W,TAYLOR AVE,,,,25,30,26,,,N,,57
2018132718-8102-AC,MONMOUTH,MANASQUAN BORO,07/01/2018,SU,1908,01,MANASQUAN PD,,0,3,0,0,I,B,N,N,01,3,NJ 71,,71,,00000071__,.76,02,,01,04,02,01,01,01,05,01,,,,MARCELLUS AVE,,,,30,25,26,,,N,,67
2018132718-8176-AC,MONMOUTH,MANASQUAN BORO,07/03/2018,TU,1701,01,MANASQUAN PD,MANASQUAN,0,0,0,0,P,I,N,N,02,2,MONMOUTH COUNTY 20,,20,,13000020__,2.51,05,,01,04,02,01,01,01,05,01,,AT,,CR 49 / SEA GIRT AVE,,,,30,35,26,,,N,,68
2018132718-8180-AC,MONMOUTH,MANASQUAN BORO,07/03/2018,TU,1851,01,MANASQUAN PD,,0,1,0,0,I,I,N,N,03,2,BRIELLE RD **,,,,13271015__,.00,07,,01,04,02,01,01,01,05,01,,AT,,FOURTH AVE,,,,25,25,26,,,N,,61
2018132718-8198-AC,MONMOUTH,MANASQUAN BORO,07/03/2018,TU,2223,01,MANASQUAN PD,,0,0,0,0,P,B,N,N,02,2,POMPANO AVE,,,,,,09,,01,04,02,01,05,01,05,01,100,FE,W,THIRD AVE,,,,25,25,26,,,N,,235
2018132718-8258-AC,MONMOUTH,MANASQUAN BORO,07/04/2018,WE,1855,01,MANASQUAN PD,,0,2,0,0,I,B,N,N,11,1,MAIN ST **,,,,13271082__,.01,07,,01,04,02,01,01,01,04,01,40,FE,E,COLBY AVE,,,,25,25,26,,,N,NJ TRANSIT ELECTRICAL BOX - NJ TRANSIT - E MAIN ST MANASQUAN NJ 08736,235
2018132718-8360-AC,MONMOUTH,MANASQUAN BORO,07/06/2018,FR,1031,01,MANASQUAN PD,,0,1,0,0,I,I,N,N,03,2,FIRST AVE,,,,,,07,,01,04,02,02,01,05,05,01,,AT,E,BRIELLE RD,,,,25,25,26,,,N,,62
2018132718-8384-AC,MONMOUTH,MANASQUAN BORO,07/06/2018,FR,1614,01,MANASQUAN PD,,0,0,0,0,P,I,N,N,05,2,N MAIN ST **,,,,13271001__,.63,07,,01,04,02,01,01,01,05,01,,AT,,CR 20 / SOUTH ST,,,,25,30,26,,,N,,66
2018132718-8496-AC,MONMOUTH,MANASQUAN BORO,07/07/2018,SA,1056,01,MANASQUAN PD,MANASQUAN,0,0,0,0,P,B,N,N,01,2,NJ 71,,71,,00000071__,.83,02,,01,04,02,01,01,01,05,01,50,FE,S,VIRGINIA AVE,,,,30,25,26,,,N,,68
2018132718-8520-AC,MONMOUTH,MANASQUAN BORO,07/07/2018,SA,1736,01,MANASQUAN PD,,0,0,0,0,P,B,N,N,08,2,LONG AVE **,,,,13271004__,.00,07,,01,04,02,01,01,01,05,01,1050,FE,W,FOURTH AVE,,,,25,25,26,,,N,,66
2018132718-8600-AC,MONMOUTH,MANASQUAN BORO,07/08/2018,SU,1021,01,MANASQUAN PD,MANASQUAN,0,0,0,0,P,B,N,N,08,2,MAIN ST **,,,,13271082__,.02,07,,01,04,02,01,01,01,05,01,100,FE,E,PEARCE AVE,,,,25,25,26,,,N,,68
2018132718-8652-AC,MONMOUTH,MANASQUAN BORO,07/09/2018,MO,0954,01,MANASQUAN PD,,0,0,0,0,P,B,N,N,01,3,N MAIN ST **,,,,13271001__,.33,07,,01,04,02,01,01,01,05,01,75,FE,S,ATLANTIC AVE,,,,25,35,26,,,N,,65
2018132718-8809-AC,MONMOUTH,MANASQUAN BORO,07/12/2018,TH,2302,01,MANASQUAN PD,,0,0,0,0,P,B,N,N,14,1,N MAIN ST **,,,,13271001__,.09,07,,01,04,02,01,06,01,05,01,500,FE,E,NJ 71,,,,25,30,21,,,N,,67
2018132718-8851-AC,MONMOUTH,MANASQUAN BORO,07/13/2018,FR,1706,01,MANASQUAN PD,,0,0,0,0,P,B,N,N,02,3,MAIN ST **,W,,,,,07,,01,04,02,01,01,01,05,01,150,FE,E,NJ 71,,,,25,30,26,,,N,,66
2018132718-8859-AC,MONMOUTH,MANASQUAN BORO,07/13/2018,FR,2023,01,MANASQUAN PD,PATROL,0,0,0,0,P,B,N,N,06,2,FIRST AVE,N,,,,,07,,01,04,02,01,03,01,05,01,25,FE,S,RIDDLE WAY,,,,25,25,26,,,N,,213
2018132718-8919-AC,MONMOUTH,MANASQUAN BORO,07/14/2018,SA,1259,01,MANASQUAN PD,,0,0,0,0,P,B,N,N,03,2,FISK AVE,,,,13081097__,.53,07,,01,04,02,01,01,01,05,01,10,FE,N,GREEN AVE,,,,25,25,26,,,N,,62
2018132718-9084-AC,MONMOUTH,MANASQUAN BORO,07/17/2018,TU,1100,01,MANASQUAN PD,MANASQUAN,0,0,0,0,P,I,N,N,02,2,SEA GIRT AVE,,,,,.96,05,,01,04,02,01,01,01,05,01,,AT,W,CR 20 / BROAD ST / 8TH AVE,,,,35,30,26,,,N,,68
2018132718-9087-AC,MONMOUTH,MANASQUAN BORO,07/17/2018,TU,1402,01,MANASQUAN PD,,0,0,0,0,P,B,N,N,02,2,WHITING AVE **,S,,,13271008__,.00,07,,01,04,02,02,01,02,05,01,,,,THIRD AVE,,,,25,25,26,,,N,,223
2018132718-9120-AC,MONMOUTH,MANASQUAN BORO,07/17/2018,TU,1945,01,MANASQUAN PD,,0,0,0,0,P,B,N,N,08,2,OCEAN AVE **,N,,,,.36,07,,01,04,02,02,03,02,05,,200,FE,E,POTTER AVE,,,,25,25,26,,,N,,65
2018132718-9330-AC,MONMOUTH,MANASQUAN BORO,07/21/2018,SA,0945,01,MANASQUAN PD,,0,0,0,0,P,B,N,N,06,2,MAIN ST **,,,,,,07,,01,04,02,01,01,01,05,01,250,FE,E,NJ 71,,,,25,30,26,,,N,,67
2018132718-9361-AC,MONMOUTH,MANASQUAN BORO,07/21/2018,SA,2100,01,MANASQUAN PD,MANASQUAN,0,0,0,0,P,I,N,N,05,2,NJ 71,,71,,00000071__,1.72,02,,01,04,02,02,06,02,05,01,,AT,,CR 49 / SEAGIRT AVE,,,,35,35,26,,,N,,68
2018132718-9522-AC,MONMOUTH,MANASQUAN BORO,07/25/2018,WE,0806,01,MANASQUAN PD,,0,0,0,0,P,B,N,N,08,2,VIRGINIA AVE **,,,,13271046__,.05,07,,01,04,02,02,01,05,05,01,400,FE,W,NJ 71 / UNION AVE,,,,25,30,26,,,N,,66
2018132718-9566-AC,MONMOUTH,MANASQUAN BORO,07/26/2018,TH,1450,01,MANASQUAN PD,,0,0,0,0,P,B,N,N,06,2,MAIN ST **,,,,,,07,,01,04,02,01,01,01,05,01,75,FE,E,PEARCE AVE,,,,25,25,26,,,N,,218
2018132718-965-AC,MONMOUTH,MANASQUAN BORO,01/24/2018,WE,0932,01,MANASQUAN PD,HEADQUARTE,0,0,0,0,P,B,N,N,06,2,MAIN ST **,,,,,,07,,01,04,02,01,01,01,05,,50,FE,E,CENTRAL AVE,,,,25,25,26,,,N,,56
2018132718-9875-AC,MONMOUTH,MANASQUAN BORO,07/31/2018,TU,1344,01,MANASQUAN PD,,0,0,0,0,P,I,N,N,03,2,ROUTE 524 SPUR,,524,S,00000524S_,3.16,05,,01,04,02,01,01,01,05,01,,AT,,MAIN ST,,,,25,30,26,,,N,,66
2018132718SG01330,MONMOUTH,MANASQUAN BORO,03/17/2018,SA,1202,01,SEA GIRT PD,,0,0,0,0,P,I,N,N,02,2,MONMOUTH COUNTY 49,W,49,,13000049__,.07,05,,01,04,02,01,01,01,05,01,,AT,N,CURTIS PL,,,,25,25,,40.127220,74.038160,N,,44558
2018132813-029352,MONMOUTH,MARLBORO TWP,09/06/2018,TH,1718,01,MARLBORO TWP PD,MARLBORO,0,0,0,0,P,I,N,N,02,2,US 9,S,9,,00000009__,120.97,02,,01,04,02,01,01,01,02,01,,AT,,ROUTE 520 / ROBERTSVILLE RD,,,,55,45,26,,,N,,109
2018132817-005223,MONMOUTH,MARLBORO TWP,02/20/2018,TU,0834,01,MARLBORO TWP PD,,0,2,0,0,I,B,N,N,01,2,NJ 79,S,79,,00000079__,4.93,02,,01,04,02,02,01,02,01,01,25,FE,N,STEEPLECHASE DR,,,,45,25,26,,,N,,90
2018132818-00-3883,MONMOUTH,MARLBORO TWP,02/06/2018,TU,2115,01,MARLBORO TWP PD,,0,0,0,0,P,B,N,N,12,1,MONMOUTH COUNTY 3,S,3,,13000003__,7.32,05,,01,04,02,01,07,01,05,01,100,FE,N,CRINE RD,,,,40,35,24,,,N,,137
2018132818-000028,MONMOUTH,MARLBORO TWP,01/01/2018,MO,1232,01,MARLBORO TWP PD,,0,5,0,0,I,B,N,N,04,2,NJ 79,N,79,,00000079__,5.73,02,,01,04,02,01,01,01,05,01,100,FE,N,BUCK LN / SCHANK RD,,,,40,25,26,,,N,,119
2018132818-000044,MONMOUTH,MARLBORO TWP,01/01/2018,MO,1609,01,MARLBORO TWP PD,,0,0,0,0,P,B,N,N,11,1,WOOLEYTOWN ROAD,,,,,,07,,01,04,02,01,03,01,,,50,FE,W,CR 3,,,,35,35,60,,,N,,106
2018132818-00007737,MONMOUTH,MARLBORO TWP,03/12/2018,MO,0800,01,MARLBORO TWP PD,,0,0,0,0,P,I,N,N,04,2,MONMOUTH COUNTY 3,W,3,,13000003__,7.82,05,,01,04,02,01,01,01,05,01,,AT,,HARBOR RD / SPRING VALLEY RD,,,,40,35,26,,,N,,136
2018132818-000223,MONMOUTH,MARLBORO TWP,01/03/2018,WE,1531,01,MARLBORO TWP PD,,0,0,0,0,P,B,N,N,02,2,US 9,S,9,,00000009__,120.52,02,,01,04,02,01,01,01,02,,5,FE,N,SANDBURG DR,,,,55,25,26,,,N,,70
2018132818-000282,MONMOUTH,MARLBORO TWP,01/04/2018,TH,0733,01,MARLBORO TWP PD,,0,0,0,0,P,I,N,N,05,2,SCHOOL RD E,E,,,13091159__,3.46,07,,01,04,02,03,01,03,,,,AT,,NJ 79,,,,25,50,26,,,N,,97
2018132818-000287,MONMOUTH,MARLBORO TWP,01/04/2018,TH,0831,01,MARLBORO TWP PD,,0,0,0,0,P,I,N,N,11,1,ROUTE 520,,520,,00000520__,3.61,07,,01,04,02,03,01,03,05,01,,AT,,GINESI DR,,,,40,15,,,,N,,126
2018132818-000313,MONMOUTH,MARLBORO TWP,01/04/2018,TH,1440,01,MARLBORO TWP PD,,0,0,0,0,P,B,N,N,08,2,US 9,S,9,,00000009__,120.00,02,,01,06,02,03,01,03,02,,,,,,T,UNION HILL RD,WB,50,,26,,,N,,81
2018132818-000330,MONMOUTH,MARLBORO TWP,01/04/2018,TH,1728,01,MARLBORO TWP PD,,0,0,0,0,P,B,N,N,99,1,MONMOUTH COUNTY 3,,3,,13000003__,4.37,05,,01,04,02,03,05,05,05,01,50,FE,S,DARLENE CT,,,,40,25,,,,N,,126
2018132818-000342,MONMOUTH,MARLBORO TWP,01/04/2018,TH,2129,01,MARLBORO TWP PD,,0,0,0,0,P,B,N,N,06,2,ROUTE 520,E,520,,00000520__,9.00,05,,01,04,02,05,06,01,05,05,150,FE,E,RICHMONDE CT,,,,45,25,26,,,N,,111
2018132818-000381,MONMOUTH,MARLBORO TWP,01/05/2018,FR,1238,01,MARLBORO TWP PD,,0,0,0,0,P,B,N,N,05,2,UNION HILL RD,E,,,13261531__,2.31,07,,03,05,02,04,01,01,05,,2640,FE,W,CR 3,,,,35,,56,,,N,,78
2018132818-000386,MONMOUTH,MARLBORO TWP,01/05/2018,FR,1316,01,MARLBORO TWP PD,,0,0,0,0,P,B,N,N,15,1,MONMOUTH COUNTY 3,N,3,,13000003__,4.36,05,,01,06,02,03,01,01,,,100,FE,S,DARLENE CT,,,,40,,39,,,N,,78
2018132818-000389,MONMOUTH,MARLBORO TWP,01/05/2018,FR,1446,01,MARLBORO TWP PD,,0,0,0,0,P,B,N,N,06,2,BURLINGTON DRIVE,,,,,,07,,02,04,02,03,01,01,05,,150,FE,E,CUMBERLAND COURT,,,,25,25,28,,,N,,106
2018132818-000477,MONMOUTH,MARLBORO TWP,01/06/2018,SA,1204,01,MARLBORO TWP PD,,0,0,0,0,P,B,N,N,01,2,US 9,N,9,,00000009__,121.16,02,,01,04,02,02,01,01,03,,1000,FE,N,ROUTE 520 / ROBERTSVILLE RD,,,,55,,26,,,N,,78
2018132818-000490,MONMOUTH,MARLBORO TWP,01/06/2018,SA,1345,01,MARLBORO TWP PD,,0,2,0,0,I,B,N,N,01,3,ROUTE 520,E,520,,00000520__,6.69,05,,01,04,02,01,01,01,,,50,FE,E,NJ 79 / MAIN ST,,,,45,,26,,,N,,78
2018132818-000502,MONMOUTH,MARLBORO TWP,01/06/2018,SA,1707,01,MARLBORO TWP PD,,0,0,0,0,P,B,N,N,03,2,CHURCH ROAD,,,,,,07,,01,04,02,04,06,01,05,01,300,FE,N,FLOYD WYCKOFF ROAD,,,,25,25,26,,,N,,136
2018132818-000516,MONMOUTH,MARLBORO TWP,01/06/2018,SA,1913,01,MARLBORO TWP PD,,0,0,0,0,P,B,N,N,01,2,NJ 79,S,79,,00000079__,5.48,02,,01,04,02,01,06,01,05,,50,FE,N,SCHOOL RD,,,,40,25,26,,,N,,92
2018132818-000544,MONMOUTH,MARLBORO TWP,01/07/2018,SU,0640,01,MARLBORO TWP PD,,0,0,0,0,P,B,N,N,11,1,NJ 18,S,18,,00000018__,27.60,02,,01,06,02,01,02,,01,01,,,,,,,,65,,46,,,N,,131
2018132818-000609,MONMOUTH,MARLBORO TWP,01/08/2018,MO,1225,01,MARLBORO TWP PD,,0,1,0,0,I,B,N,N,01,2,US 9,N,9,,00000009__,121.47,02,,01,04,02,01,01,01,02,01,2640,FE,N,ROUTE 520 / ROBERTSVILLE RD,,,,55,45,26,,,N,,90
2018132818-000654,MONMOUTH,MARLBORO TWP,01/08/2018,MO,1953,01,MARLBORO TWP PD,,0,0,0,0,P,B,N,N,12,1,WYNCREST RD,S,,,,,07,,01,04,02,02,06,01,,,100,FE,N,KENNEDY DR,,,,35,25,24,,,N,,130
2018132818-000695,MONMOUTH,MARLBORO TWP,01/09/2018,TU,0845,01,MARLBORO TWP PD,,0,0,0,0,P,B,N,N,01,2,NJ 79,S,79,,00000079__,5.60,02,,01,04,02,01,01,01,05,01,100,FE,N,NJ 4 / VANDERBURG RD,,,,50,35,26,,,N,,90
2018132818-000717,MONMOUTH,MARLBORO TWP,01/09/2018,TU,1123,01,MARLBORO TWP PD,,0,0,0,0,P,B,N,N,01,2,MONMOUTH COUNTY 3,S,3,,13000003__,7.31,05,,01,04,02,01,01,01,05,01,50,FE,N,CRINE RD,,,,40,35,26,,,N,,90
2018132818-00072,MONMOUTH,MARLBORO TWP,01/02/2018,TU,0651,01,MARLBORO TWP PD,,0,0,0,0,P,B,N,N,02,2,UNION HILL RD,,,,13261531__,1.54,07,,01,04,02,01,02,01,05,,300,FE,,US 9,,,,35,55,26,,,N,,61
2018132818-000750,MONMOUTH,MARLBORO TWP,01/09/2018,TU,1752,01,MARLBORO TWP PD,,0,1,0,0,I,B,N,N,03,2,US 9,N,9,,00000009__,121.22,02,,01,04,02,01,06,01,03,01,1320,FE,N,ROUTE 520 / ROBERTSVILLE RD,,,,55,45,26,,,N,,90
2018132818-000770,MONMOUTH,MARLBORO TWP,01/09/2018,TU,2018,01,MARLBORO TWP PD,,0,0,0,0,P,B,N,N,07,2,UNION HILL RD,W,,,13261531__,1.59,07,,01,04,02,01,06,01,,,500,FE,E,CLAYTON RD,,,,35,25,26,,,N,,130
2018132818-000782,MONMOUTH,MARLBORO TWP,01/09/2018,TU,2236,01,MARLBORO TWP PD,,0,0,0,0,P,I,N,N,02,2,ROUTE 520,E,520,,00000520__,3.20,07,,01,04,02,02,07,01,05,01,,AT,,HAMILTON AVE,,,,45,25,26,,,N,,102
2018132818-000807,MONMOUTH,MARLBORO TWP,01/10/2018,WE,0701,01,MARLBORO TWP PD,,0,0,0,0,P,B,N,N,01,2,MONMOUTH COUNTY 46,N,46,,13000046__,3.17,05,,01,04,02,01,01,01,,,1320,FE,S,SCHOOL RD E,,,,45,,26,,,N,,78
2018132818-000840,MONMOUTH,MARLBORO TWP,01/10/2018,WE,1306,01,MARLBORO TWP PD,,0,1,0,0,I,B,N,N,01,2,MONMOUTH COUNTY 3,S,3,,13000003__,7.82,05,,01,04,02,01,01,01,,,10,FE,N,HARBOR RD / SPRING VALLEY RD,,,,40,,26,,,N,,78
2018132818-000852,MONMOUTH,MARLBORO TWP,01/10/2018,WE,1505,01,MARLBORO TWP PD,,0,0,0,0,P,B,N,N,06,2,SOUTH MAIN STREET,,,,,,07,,01,04,02,01,01,01,,,,,,,,,,,,28,,,N,,78
2018132818-000879,MONMOUTH,MARLBORO TWP,01/10/2018,WE,1828,01,MARLBORO TWP PD,,0,0,0,0,P,B,N,N,99,1,NJ 18,N,18,,00000018__,27.40,02,,01,04,02,01,05,01,01,,,,,,,,,65,,,,,N,,108
2018132818-000880,MONMOUTH,MARLBORO TWP,01/10/2018,WE,1829,01,MARLBORO TWP PD,,0,0,0,0,P,I,N,N,03,2,GIBSON CT,N,,,,,07,,01,04,02,01,06,01,05,01,,AT,,WYNCREST RD,,,,35,25,26,,,N,,92
2018132818-000923,MONMOUTH,MARLBORO TWP,01/11/2018,TH,0724,01,MARLBORO TWP PD,,0,0,0,0,P,B,N,N,01,2,SCHOOL RD E,W,,,13091159__,3.46,07,,01,04,02,01,01,01,00,,75,FE,E,NJ 79,,,,35,,26,,,N,,78
2018132818-000936,MONMOUTH,MARLBORO TWP,01/11/2018,TH,0903,01,MARLBORO TWP PD,,0,0,0,0,P,B,N,N,01,2,UNION HILL RD,E,,,13261531__,1.54,07,,01,04,02,01,01,01,,,50,MI,W,US 9,,,,35,,26,,,N,,78
2018132818-001005,MONMOUTH,MARLBORO TWP,01/11/2018,TH,1954,01,MARLBORO TWP PD,,0,3,0,0,I,I,N,N,03,2,GREENWOOD ROAD,S,,,,,07,,01,04,02,02,05,01,05,01,,AT,,TEXAS ROAD,,,,45,35,,,,N,,124
2018132818-001038,MONMOUTH,MARLBORO TWP,01/12/2018,FR,0819,01,MARLBORO TWP PD,,0,0,0,0,P,B,N,N,04,2,RUTLEDGE RD,W,,,,,07,,03,04,02,02,01,04,05,01,2640,FE,,WHIPPLE WAY,,,,15,15,,,,N,,90
2018132818-001088,MONMOUTH,MARLBORO TWP,01/12/2018,FR,1308,01,MARLBORO TWP PD,,0,0,0,0,P,B,N,N,01,2,US 9,S,9,,00000009__,120.99,02,,01,04,02,02,01,02,03,01,100,FE,N,ROUTE 520 / ROBERTSVILLE RD,,,,55,45,26,,,N,,90
2018132818-001133,MONMOUTH,MARLBORO TWP,01/12/2018,FR,2052,01,MARLBORO TWP PD,,0,0,0,0,P,B,N,N,99,1,ORANGE DR,W,,,,,07,,02,04,02,01,06,01,,,,,,,,,,25,,26,,,N,LIGHT POLE. NO POLE NUMBER.,130
2018132818-001211,MONMOUTH,MARLBORO TWP,01/13/2018,SA,1418,01,MARLBORO TWP PD,,0,0,0,0,P,B,N,N,08,2,PLUM DR,N,,,,,07,,01,04,02,01,01,01,05,01,350,FE,S,TANGERINE DR,,,,15,,26,,,N,,70
2018132818-001314,MONMOUTH,MARLBORO TWP,01/14/2018,SU,1305,01,MARLBORO TWP PD,,0,0,0,0,P,B,N,N,11,1,ROUTE 520,E,520,,00000520__,2.83,07,,01,04,02,00,00,00,05,,50,FE,W,US 9,,,,45,55,62,,,N,,58
2018132818-001345,MONMOUTH,MARLBORO TWP,01/14/2018,SU,2024,01,MARLBORO TWP PD,,0,0,0,0,P,I,N,N,07,2,CLUBHOUSE LN,E,,,,,07,,01,04,02,01,06,01,,,,AT,,COVENTRY TERR,,,,25,25,26,,,N,,130
2018132818-001390,MONMOUTH,MARLBORO TWP,01/15/2018,MO,0925,01,MARLBORO TWP PD,,0,0,0,0,P,B,N,N,06,2,MARKHAM DR,W,,,,,07,,01,04,,01,01,01,05,,1000,FE,E,MILLAY RD,,,,25,,26,,,N,,70