Year(4)-CountyCode(2)-MunicipalityCode(2)-CaseNumber(9),County Name,Municipality Name,Crash Date,Crash Day of Week,Crash Time,Police Department Code,Police Department,Police Station,Total Killed,Total Injured,Pedestrians Killed,Pedestrians Injured,Severity,Intersection,Alcohol Involved,Hazmat Involved,Crash Type,Total Vehicles,Location,Location Direction,Route,Route Suffix,Std Rte Identifier,MilePost,Road System,Road Character,Road Horizontal Alignment,Road Grade,Road Surface Type,Surface Condition,Light Condition,Environmental Condition,Road Divided By,Temporary Traffic Control Zone,Distance To Cross Street,Unit Of Measurement,Direction From Cross Street,Cross Street Name,Is Ramp,Ramp To/From Route Name,Ramp To/From Route Direction,Posted Speed,Posted Speed Cross Street,First Harmful Event,Latitude,Longitude,Cell Phone In Use Flag,Other Property Damage,Reporting Badge No.
2018132818-001413,MONMOUTH,MARLBORO TWP,01/15/2018,MO,1553,01,MARLBORO TWP PD,,0,2,0,0,I,B,N,N,01,2,US 9,N,9,,00000009__,120.93,02,,01,04,02,01,01,01,02,,200,FE,S,ROUTE 520 / ROBERTSVILLE RD,,,,55,45,26,,,N,,136
2018132818-001424,MONMOUTH,MARLBORO TWP,01/15/2018,MO,1732,01,MARLBORO TWP PD,,0,1,0,0,I,B,N,N,01,2,US 9,N,9,,00000009__,120.93,02,,01,04,02,01,03,01,02,01,200,FE,S,ROUTE 520 / ROBERTSVILLE RD,,,,55,45,26,,,N,,136
2018132818-001516,MONMOUTH,MARLBORO TWP,01/16/2018,TU,1218,01,MARLBORO TWP PD,,0,0,0,0,P,B,N,N,01,2,AMBOY ROAD,S,,,,,07,,01,04,02,01,01,01,05,,15,FE,,CR 3,,,,40,40,26,,,N,,127
2018132818-001561,MONMOUTH,MARLBORO TWP,01/16/2018,TU,1931,01,MARLBORO TWP PD,,0,0,0,0,P,B,N,N,12,1,UNION HILL RD,W,,,13261531__,1.33,07,,01,04,02,01,06,01,05,01,150,FE,E,ROBBIE COURT,,,,45,25,26,,,N,,111
2018132818-001594,MONMOUTH,MARLBORO TWP,01/17/2018,WE,0801,01,MARLBORO TWP PD,,0,0,0,0,P,B,N,N,11,1,STATION ROAD,,,,,,07,,01,04,02,03,01,03,05,01,250,FE,W,ARDSLEY PLACE,,,,35,25,61,,,N,BRICK MAILBOX AT 51 STATION ROAD WAS STRUCK BY VEHICLE 1. MAILBOX WAS DESTROYED,134
2018132818-001596,MONMOUTH,MARLBORO TWP,01/17/2018,WE,0819,01,MARLBORO TWP PD,,0,0,0,0,P,B,N,N,11,1,CONOVER RD,N,,,,,07,,01,05,02,03,01,03,05,01,5280,FE,N,ROUTE 520,,,,50,45,60,,,N,,137
2018132818-001598,MONMOUTH,MARLBORO TWP,01/17/2018,WE,0832,01,MARLBORO TWP PD,,0,0,0,0,P,B,N,N,11,3,MENZEL LANE,,,,,,07,,01,04,02,03,01,03,05,01,,,,,,,,,,28,,,N,,
2018132818-001599,MONMOUTH,MARLBORO TWP,01/17/2018,WE,0819,01,MARLBORO TWP PD,,0,1,0,1,I,B,N,N,13,1,CONOVER RD,N,,,,,07,,01,05,02,03,01,03,,01,5280,FE,N,ROUTE 520,,,,50,45,26,,,N,,137
2018132818-001604,MONMOUTH,MARLBORO TWP,01/17/2018,WE,0931,01,MARLBORO TWP PD,,0,1,0,0,I,B,N,N,02,2,1 HIGH POINT CENTER WAY,,,,,,09,,01,04,02,03,01,03,05,01,,,,,,,,,,26,,,N,,90
2018132818-001607,MONMOUTH,MARLBORO TWP,01/17/2018,WE,1031,01,MARLBORO TWP PD,,0,0,0,0,P,B,N,N,06,2,280 ROUTE 9 NORTH,,,,,,09,,01,04,02,03,01,03,05,01,,,,,,,,,,26,,,N,,90
2018132818-00161,MONMOUTH,MARLBORO TWP,01/17/2018,WE,1058,01,MARLBORO TWP PD,,0,0,0,0,P,B,N,N,01,2,NJ 18,S,18,,00000018__,28.40,02,,01,04,02,03,01,03,01,01,,,,,,,,65,,,,,N,,90
2018132818-001712,MONMOUTH,MARLBORO TWP,01/18/2018,TH,1131,01,MARLBORO TWP PD,,0,0,0,0,P,B,N,N,01,3,RYAN RD,W,,,,,07,,01,04,02,01,01,01,,,50,FE,W,LANDMARK LN,,,,35,25,26,,,N,,
2018132818-001743,MONMOUTH,MARLBORO TWP,01/18/2018,TH,1523,01,MARLBORO TWP PD,,0,0,0,0,P,I,N,N,02,2,NJ 79,N,79,,00000079__,8.03,02,,01,04,02,01,01,01,05,01,,AT,,STATION RD,,,,45,25,26,,,N,,135
2018132818-001834,MONMOUTH,MARLBORO TWP,01/19/2018,FR,1151,01,MARLBORO TWP PD,MARLBORO TWP,0,0,0,0,P,B,N,N,02,2,US 9,S,9,,00000009__,120.97,02,,01,04,02,01,01,01,03,,25,FE,N,ROUTE 520 / ROBERTSVILLE RD,,,,55,40,26,,,N,,127
2018132818-001869,MONMOUTH,MARLBORO TWP,01/19/2018,FR,1525,01,MARLBORO TWP PD,,0,0,0,0,P,B,N,N,02,2,95 NORTH MAIN ST,S,,,,,09,,03,04,02,01,01,01,05,,,,,,,,,,,,,,N,,88
2018132818-001927,MONMOUTH,MARLBORO TWP,01/20/2018,SA,0016,01,MARLBORO TWP PD,,0,0,0,0,P,B,N,N,12,1,WYNCREST ROAD,E,,,,,07,,01,04,02,01,06,01,,,10,FE,E,STONE LANE,,,,40,25,26,,,N,,120
2018132818-0020785,MONMOUTH,MARLBORO TWP,06/24/2018,SU,1653,01,MARLBORO TWP PD,,0,1,0,0,I,B,N,N,01,2,US 9,N,9,,00000009__,120.96,02,,01,04,02,01,01,01,03,01,50,FE,S,ROUTE 520 / ROBERTSVILLE RD,,,,55,40,26,,,N,,126
2018132818-002083,MONMOUTH,MARLBORO TWP,01/21/2018,SU,1851,01,MARLBORO TWP PD,,0,0,0,0,P,B,N,N,02,2,MONMOUTH COUNTY 3,N,3,,13000003__,6.28,05,,01,04,02,01,06,01,04,01,300,FE,S,AMBOY RD,,,,40,35,26,,,N,,114
2018132818-002115,MONMOUTH,MARLBORO TWP,01/22/2018,MO,0902,01,MARLBORO TWP PD,,0,0,0,0,P,B,N,N,01,2,RYAN ROAD,E,,,,,07,,01,04,02,01,01,05,05,01,50,FE,W,NJ 79,,,,35,50,26,,,N,,81
2018132818-002152,MONMOUTH,MARLBORO TWP,01/22/2018,MO,1452,01,MARLBORO TWP PD,,0,0,0,0,P,B,N,N,06,3,MENZEL LANE,W,,,,,07,,03,04,02,02,01,01,,,900,FE,W,CR 3,,,,20,40,26,,,N,,
2018132818-002170,MONMOUTH,MARLBORO TWP,01/22/2018,MO,1911,01,MARLBORO TWP PD,,0,0,0,0,P,I,N,N,03,2,ROUTE 520,E,520,,00000520__,3.99,07,,01,04,02,01,06,01,,,,AT,,NJ 3 / TENNENT RD,,,,40,45,26,,,N,,122
2018132818-002234,MONMOUTH,MARLBORO TWP,01/23/2018,TU,1237,01,MARLBORO TWP PD,,0,1,0,0,I,B,N,N,03,2,US 9,S,9,,00000009__,121.50,02,,01,04,02,02,01,05,03,01,500,FE,S,TEXAS ROAD,,,,55,35,,,,N,V1 HIT THE GUARDRAIL AND V2 HIT THE MILE MARKER SIGN 121.5.,126
2018132818-002269,MONMOUTH,MARLBORO TWP,01/23/2018,TU,1738,01,MARLBORO TWP PD,,0,0,0,0,P,B,N,N,12,1,NJ 18,S,18,,00000018__,26.20,02,,01,04,02,01,05,01,01,01,,,,,,,,65,,26,,,N,,133
2018132818-002367,MONMOUTH,MARLBORO TWP,01/24/2018,WE,1110,01,MARLBORO TWP PD,,0,0,0,0,P,B,N,N,99,2,US 9,N,9,,00000009__,120.01,02,,01,04,02,,01,01,03,,50,FE,N,UNION HILL RD,,,,55,35,26,,,N,,127
2018132818-002374,MONMOUTH,MARLBORO TWP,01/25/2018,TH,1345,01,MARLBORO TWP PD,,0,0,0,0,P,B,N,N,01,2,ROUTE 520,E,520,,00000520__,3.99,07,,01,04,02,01,01,01,,,10,FE,E,NJ 3 / TENNENT RD,,,,40,40,26,,,N,,127
2018132818-002491,MONMOUTH,MARLBORO TWP,01/25/2018,TH,1625,01,MARLBORO TWP PD,,0,0,0,0,P,B,N,N,15,1,NJ 18,S,18,,00000018__,25.10,02,,01,04,02,01,01,01,03,,,,,,,,,65,,,,,N,,88
2018132818-002625,MONMOUTH,MARLBORO TWP,01/26/2018,FR,1100,01,MARLBORO TWP PD,,0,0,0,0,P,B,N,N,01,2,NJ 79,S,79,,00000079__,4.65,02,,01,04,02,01,01,01,,,50,FE,N,INVERNESS DR / RYAN RD,,,,50,40,26,,,N,,97
2018132818-002655,MONMOUTH,MARLBORO TWP,01/26/2018,FR,1512,01,MARLBORO TWP PD,,0,0,0,0,P,B,N,N,08,2,PRIVATE PROPERTY,,,,,,09,,01,04,02,01,01,01,,,,,,,,,,,,26,,,N,,70
2018132818-002663,MONMOUTH,MARLBORO TWP,01/26/2018,FR,1618,01,MARLBORO TWP PD,,0,0,0,0,P,B,N,N,01,2,NJ 79,S,79,,00000079__,4.83,02,,01,04,02,01,01,01,01,,1000,FE,N,INVERNESS DR / RYAN RD,,,,55,25,26,,,N,,70
2018132818-002759,MONMOUTH,MARLBORO TWP,01/27/2018,SA,1325,01,MARLBORO TWP PD,,0,0,0,0,P,B,N,N,02,2,US 9,N,9,,00000009__,120.25,02,,01,04,02,01,01,01,02,01,1320,FE,N,UNION HILL RD,,,,55,35,26,,,N,,90
2018132818-002777,MONMOUTH,MARLBORO TWP,01/27/2018,SA,1637,01,MARLBORO TWP PD,,0,0,0,0,P,B,N,N,15,1,NJ 18,S,18,,00000018__,24.22,02,,01,04,02,01,01,01,01,01,50,FE,N,CR 46 / DUTCH LN,,,,65,40,,,,N,,126
2018132818-002904,MONMOUTH,MARLBORO TWP,01/29/2018,MO,0630,01,MARLBORO TWP PD,,0,1,0,1,I,B,N,N,13,1,NJ 79,N,79,,00000079__,6.85,02,,01,04,02,01,06,01,05,01,150,FE,N,ROUTE 520 / NEWMAN SPRINGS RD,,,,50,45,22,,,N,,61
2018132818-002954,MONMOUTH,MARLBORO TWP,01/29/2018,MO,1439,01,MARLBORO TWP PD,,0,0,0,0,P,B,N,N,99,2,ASPEN AVE,N,,,,,07,,01,04,02,01,01,01,,,20,FE,N,IVY HILL,,,,25,25,26,,,N,,127
2018132818-002989,MONMOUTH,MARLBORO TWP,01/29/2018,MO,1949,01,MARLBORO TWP PD,,0,0,0,0,P,B,N,N,12,1,TOPANEMUS ROAD,,,,,,07,,01,04,02,01,07,01,05,01,100,FE,E,COLTS BROOK ROAD,,,,40,25,24,,,N,,125
2018132818-002996,MONMOUTH,MARLBORO TWP,01/29/2018,MO,2131,01,MARLBORO TWP PD,,0,0,0,0,P,B,N,N,08,2,ROUTE 520,W,520,,00000520__,6.69,05,,01,05,02,02,05,02,05,,30,FE,E,NJ 79 / MAIN ST,,,,45,50,26,,,N,,108
2018132818-003060,MONMOUTH,MARLBORO TWP,01/30/2018,TU,1335,01,MARLBORO TWP PD,,0,1,0,0,I,B,N,N,01,3,US 9,N,9,,00000009__,120.97,02,,01,04,02,01,01,01,03,,25,FE,N,ROUTE 520 / ROBERTSVILLE RD,,,,55,40,26,,,N,,127
2018132818-003127,MONMOUTH,MARLBORO TWP,01/31/2018,WE,0842,01,MARLBORO TWP PD,,0,0,0,0,P,B,N,N,01,2,MONMOUTH COUNTY 3,,3,,13000003__,5.99,05,,01,04,02,01,01,01,05,01,25,FE,S,ROUTE 520,,,,40,45,,,,N,,126
2018132818-003134,MONMOUTH,MARLBORO TWP,01/31/2018,WE,0858,01,MARLBORO TWP PD,,0,0,0,0,P,B,N,N,01,2,MONMOUTH COUNTY 3,,3,,13000003__,6.00,05,,01,04,02,01,01,01,05,01,50,FE,N,ROUTE 520,,,,40,45,,,,N,,126
2018132818-003202,MONMOUTH,MARLBORO TWP,01/31/2018,WE,1817,01,MARLBORO TWP PD,,0,0,0,0,P,I,N,N,11,1,US 9,N,9,,00000009__,120.00,02,,03,06,02,01,05,01,01,01,,AT,N,UNION HILL RD,,,,55,35,,,,N,DAMAGE TO THE RT 9 NORTH SIDE UNDER PASS OF UNION HILL ROAD.,126
2018132818-003317,MONMOUTH,MARLBORO TWP,02/01/2018,TH,1411,01,MARLBORO TWP PD,,0,0,0,0,P,B,N,N,02,2,ROUTE 520,E,520,,00000520__,2.86,07,,01,04,02,01,01,01,05,01,125,FE,E,US 9,,,,40,55,26,,,N,THE MAILBOXES AT 43 AND 45 COUNTY ROUTE 520 WERE DAMAGED.,90
2018132818-003369,MONMOUTH,MARLBORO TWP,02/02/2018,FR,0049,01,MARLBORO TWP PD,,0,0,0,0,P,B,N,N,11,2,SPRING VALLEY RD,E,,,,,07,,03,05,02,02,07,02,05,01,1000,FE,W,COUNCIL DR,,,,45,25,52,,,N,UTILITY POLE NUMBER 1778 CHAIN LINK FENCE INFRONT OF 239 SPRING VALLEY RD,121
2018132818-003381,MONMOUTH,MARLBORO TWP,02/02/2018,FR,0845,01,MARLBORO TWP PD,,0,1,0,0,I,I,N,N,03,3,MONMOUTH COUNTY 46,N,46,,13000046__,3.42,05,,01,04,02,01,01,01,05,01,,AT,,SCHOOL RD E,,,,45,45,,,,N,,
2018132818-003413,MONMOUTH,MARLBORO TWP,02/02/2018,FR,1152,01,MARLBORO TWP PD,,0,1,0,0,I,B,N,N,01,2,10 ROUTE 9 NORTH,,,,,,09,,01,04,02,01,01,01,03,,,,N,,,,,,,26,,,N,,127
2018132818-003415,MONMOUTH,MARLBORO TWP,02/02/2018,FR,1245,01,MARLBORO TWP PD,,0,0,0,0,P,B,N,N,01,2,NJ 79,S,79,,00000079__,4.02,02,,01,05,02,01,01,01,,01,500,FE,S,OLD MILL RD,,,,45,35,,,,N,,88
2018132818-003439,MONMOUTH,MARLBORO TWP,02/02/2018,FR,1525,01,MARLBORO TWP PD,,0,0,0,0,P,B,N,N,02,2,NJ 79,S,79,,00000079__,6.30,02,,01,04,02,01,01,01,,,70,FE,S,GIRARD ST,,,,50,25,,,,N,,88
2018132818-003529,MONMOUTH,MARLBORO TWP,02/03/2018,SA,1058,01,MARLBORO TWP PD,,0,0,0,0,P,B,N,N,07,2,ROUTE 520,E,520,,00000520__,2.71,07,,01,04,02,01,01,01,05,01,200,FE,E,SERPENTINE DR,,,,40,25,26,,,N,,61
2018132818-003530,MONMOUTH,MARLBORO TWP,02/03/2018,SA,1135,01,MARLBORO TWP PD,,0,0,0,0,P,B,N,N,12,1,NJ 79,N,79,,00000079__,5.59,02,,01,04,02,01,01,01,05,01,50,FE,N,NJ 4 / VANDERBURG RD,,,,40,40,,,,N,,88
2018132818-003569,MONMOUTH,MARLBORO TWP,02/03/2018,SA,2117,01,MARLBORO TWP PD,,0,0,0,0,P,B,N,N,11,1,SPRING VALLEY ROAD,W,,,,,07,,01,04,02,01,06,01,05,01,900,FE,E,TEXAS ROAD,,,,40,45,60,,,N,SEE NARATIVE,92
2018132818-003620,MONMOUTH,MARLBORO TWP,02/04/2018,SU,1345,01,MARLBORO TWP PD,,0,0,0,0,P,B,N,N,02,2,ROUTE 520,E,520,,00000520__,2.84,07,,01,04,02,01,01,01,,,10,FE,E,US 9,,,,45,55,27,,,N,,58
2018132818-003736,MONMOUTH,MARLBORO TWP,02/05/2018,MO,1815,01,MARLBORO TWP PD,,0,0,0,0,P,B,N,N,12,1,TEXAS ROAD,W,,,,,07,,01,04,02,01,07,01,05,01,200,FE,E,AMBOY ROAD,,,,40,35,26,,,N,,129
2018132818-0037364,MONMOUTH,MARLBORO TWP,11/17/2018,SA,1158,01,MARLBORO TWP PD,,0,0,0,0,P,B,N,N,01,2,NJ 79,S,79,,00000079__,9.37,02,,01,04,02,01,01,01,05,01,50,FE,S,BROWN RD,,,,50,25,26,,,N,,90
2018132818-003861,MONMOUTH,MARLBORO TWP,02/06/2018,TU,1620,01,MARLBORO TWP PD,,0,0,0,0,P,B,N,N,02,2,US 9,S,9,,00000009__,121.22,02,,01,04,02,01,01,01,03,01,1320,FE,N,ROUTE 520 / ROBERTSVILLE RD,,,,55,45,26,,,N,,90
2018132818-004073,MONMOUTH,MARLBORO TWP,02/08/2018,TH,1814,01,MARLBORO TWP PD,,0,0,0,0,P,B,N,N,01,2,NJ 79,N,79,,00000079__,5.46,02,,01,04,02,01,06,01,01,,30,FE,S,SCHOOL RD,,,,50,35,26,,,N,,87
2018132818-004131,MONMOUTH,MARLBORO TWP,02/09/2018,FR,1121,01,MARLBORO TWP PD,,0,0,0,0,P,B,N,N,01,2,NJ 79,S,79,,00000079__,5.49,02,,01,04,02,01,01,01,05,01,100,FE,N,SCHOOL RD,,,,45,25,26,,,N,,90
2018132818-004144,MONMOUTH,MARLBORO TWP,02/09/2018,FR,1248,01,MARLBORO TWP PD,,0,0,0,0,P,B,N,N,11,1,US 9,N,9,,00000009__,119.75,02,,01,04,02,01,01,01,02,01,1320,FE,S,UNION HILL RD,,,,55,35,56,,,N,,90
2018132818-004150,MONMOUTH,MARLBORO TWP,02/09/2018,FR,1318,01,MARLBORO TWP PD,,0,2,0,0,I,B,N,N,03,2,ROUTE 520,W,520,,00000520__,2.85,07,,01,04,02,01,01,01,02,01,50,FE,E,US 9,,,,45,55,26,,,N,,90
2018132818-004202,MONMOUTH,MARLBORO TWP,02/10/2018,SA,0157,01,MARLBORO TWP PD,MARLBORO,0,1,0,0,I,B,N,N,11,2,NJ 79,N,79,,00000079__,10.76,02,,01,04,02,01,07,01,05,01,500,FE,S,NOLAN RD,,,,45,25,52,,,N,UTILITY POLE NUMBER: JC91089-MAR MAILBOX FROM 516 ROUTE 79,121
2018132818-004247,MONMOUTH,MARLBORO TWP,02/10/2018,SA,1505,01,MARLBORO TWP PD,,0,1,0,0,I,I,N,N,03,2,MONMOUTH COUNTY 3,N,3,,13000003__,7.82,05,,01,04,02,02,01,02,05,01,,AT,,HARBOR RD / SPRING VALLEY RD,,,,40,35,26,,,N,JCPL TELEPHONE POLE # JC4046MO,90
2018132818-004531,MONMOUTH,MARLBORO TWP,02/14/2018,WE,1920,01,MARLBORO TWP PD,,0,0,0,0,P,B,N,N,01,2,ROUTE 520,E,520,,00000520__,2.84,07,,01,04,02,01,06,01,05,01,10,FE,W,US 9,,,,40,55,,,,N,,124
2018132818-004629,MONMOUTH,MARLBORO TWP,02/14/2018,WE,1529,01,MARLBORO TWP PD,,0,2,0,0,I,B,N,N,11,1,ROUTE 520,E,520,,00000520__,4.83,07,,01,04,02,01,01,01,05,01,528,FE,W,CRINE RD,,,,40,35,52,,,N,DRIVER STRUCK A COUNTY ROAD SIGN AND THEN UTILITY POLE # JC-2099MAR,90
2018132818-004716,MONMOUTH,MARLBORO TWP,02/15/2018,TH,1059,01,MARLBORO TWP PD,,0,0,0,0,P,B,N,N,11,1,NJ 79,,79,,00000079__,,02,,01,06,02,01,01,01,,,,,,,,,,15,,,,,N,TREE LANDSCAPING,65
2018132818-004784,MONMOUTH,MARLBORO TWP,02/15/2018,TH,2100,01,MARLBORO TWP PD,,0,0,0,0,P,B,N,N,12,1,TEXAS ROAD,W,,,,,07,,01,04,02,02,07,02,05,01,100,FE,E,AMBOY ROAD,,,,40,35,26,,,N,,129
2018132818-004789,MONMOUTH,MARLBORO TWP,02/15/2018,TH,2226,01,MARLBORO TWP PD,,0,0,0,0,P,B,N,N,11,1,NJ 18,S,18,,00000018__,29.90,02,,03,04,02,02,05,02,01,01,,,,,,,,55,,60,,,N,,83
2018132818-004856,MONMOUTH,MARLBORO TWP,02/16/2018,FR,1329,01,MARLBORO TWP PD,,0,1,0,0,I,B,N,N,11,1,NJ 18,N,18,,00000018__,26.40,02,,01,04,02,01,01,05,01,,,,,,,,,65,,46,,,N,NJ DOT GUARD RAIL,61
2018132818-004955,MONMOUTH,MARLBORO TWP,02/17/2018,SA,1228,01,MARLBORO TWP PD,,0,0,0,0,P,B,N,N,11,1,ROUTE 520,W,520,,00000520__,6.90,05,,01,04,02,01,01,01,05,01,200,FE,E,OSPREY CT,,,,45,25,,,,N,,88
2018132818-004987,MONMOUTH,MARLBORO TWP,02/17/2018,SA,1651,01,MARLBORO TWP PD,,0,0,0,0,P,I,N,N,03,2,SCHOOL RD E,N,,,13091159__,4.76,07,,03,05,02,01,01,01,,,,AT,,WYNCREST ROAD,,,,35,25,26,,,N,,120
2018132818-005003,MONMOUTH,MARLBORO TWP,02/17/2018,SA,2026,01,MARLBORO TWP PD,,0,0,0,0,P,B,N,N,11,1,NJ 18,N,18,,00000018__,28.60,02,,03,05,02,03,05,03,05,01,,,,,F,CR 3,WB,65,,56,,,N,,125
2018132818-005011,MONMOUTH,MARLBORO TWP,02/17/2018,SA,2111,01,MARLBORO TWP PD,,0,0,0,0,P,B,N,N,01,2,UNION HILL RD,E,,,13261531__,1.10,07,,01,04,02,03,06,03,04,01,100,FE,W,MILLAY ROAD,,,,35,25,26,,,N,,136
2018132818-005012,MONMOUTH,MARLBORO TWP,02/17/2018,SA,2107,01,MARLBORO TWP PD,,0,3,0,0,I,B,N,N,04,2,NJ 79,N,79,,00000079__,5.80,02,,01,04,02,03,06,03,05,01,,,,,,,,50,,26,,,N,MINOR DAMAGE TO 42 MAIN ST. MARLBORO MOTORS MAILBOX,108
2018132818-005019,MONMOUTH,MARLBORO TWP,02/17/2018,SA,2135,01,MARLBORO TWP PD,,0,0,0,0,P,B,N,N,11,1,NJ 18,N,18,,00000018__,27.60,02,,01,04,02,03,05,03,01,,,,,,,,,65,,26,,,N,,120
2018132818-005027,MONMOUTH,MARLBORO TWP,02/17/2018,SA,2305,01,MARLBORO TWP PD,,0,0,0,0,P,B,N,N,11,1,NJ 18,N,18,,00000018__,24.19,02,,01,04,02,03,05,03,05,01,100,FE,S,CR 46 / DUTCH LN,,,,65,45,,,,N,,124
2018132818-005066,MONMOUTH,MARLBORO TWP,02/18/2018,SU,1757,01,MARLBORO TWP PD,,0,0,0,0,P,B,N,N,12,1,MONMOUTH COUNTY 46,W,46,,13000046__,2.60,05,,01,04,02,,01,,05,01,50,FE,E,MOORE RD,,,,45,25,,,,N,,124
2018132818-005167,MONMOUTH,MARLBORO TWP,02/19/2018,MO,1716,01,MARLBORO TWP PD,,0,0,0,0,P,B,N,N,06,2,ROOSEVELT AVENUE,W,,,,,07,,01,04,02,02,01,02,05,01,100,FE,E,NJ 79,,,,25,50,28,,,N,,133
2018132818-005438,MONMOUTH,MARLBORO TWP,02/21/2018,WE,1135,01,MARLBORO TWP PD,,0,0,0,0,P,I,N,N,04,2,NJ 79,S,79,,00000079__,9.72,02,,01,04,02,01,01,01,05,01,,AT,,BEACON HILL RD,,,,50,25,26,,,N,,61
2018132818-005513,MONMOUTH,MARLBORO TWP,02/21/2018,WE,1917,01,MARLBORO TWP PD,,0,0,0,0,P,B,N,N,02,2,US 9,N,9,,00000009__,120.47,02,,01,04,02,01,06,01,05,01,50,FE,N,WILLOW LN,,,,55,25,,,,N,,124
2018132818-005646,MONMOUTH,MARLBORO TWP,02/22/2018,TH,1755,01,MARLBORO TWP PD,,0,0,0,0,P,I,N,N,03,2,NJ 79,N,79,,00000079__,7.82,02,,01,04,01,02,06,02,04,01,,AT,,PLEASANT VALLEY RD,,,,45,40,26,,,N,,128
2018132818-005722,MONMOUTH,MARLBORO TWP,02/28/2018,WE,1101,01,MARLBORO TWP PD,,0,0,0,0,P,B,N,N,01,2,NJ 79,S,79,,00000079__,5.48,02,,01,04,02,02,01,02,05,01,50,FE,N,SCHOOL RD,,,,45,25,26,,,N,,90
2018132818-005775,MONMOUTH,MARLBORO TWP,02/28/2018,WE,1738,01,MARLBORO TWP PD,,0,0,0,0,P,B,N,N,01,2,NJ 79,S,79,,00000079__,4.89,02,,01,04,02,02,06,02,01,01,1320,FE,N,INVERNESS DR / RYAN RD,,,,45,35,26,,,N,,90
2018132818-005815,MONMOUTH,MARLBORO TWP,02/24/2018,SA,0258,01,MARLBORO TWP PD,,0,0,0,0,P,B,Y,N,11,1,ROUTE 520,E,520,,00000520__,4.89,07,,01,04,02,02,06,01,,,200,FE,W,CRINE RD,,,,45,35,52,,,N,POLE #JC2067MAR,122
2018132818-006073,MONMOUTH,MARLBORO TWP,02/26/2018,MO,1634,01,MARLBORO TWP PD,,0,0,0,0,P,B,N,N,02,2,NJ 79,N,79,,00000079__,4.55,02,,01,04,01,01,01,01,04,,500,FE,S,INVERNESS DR / RYAN RD,,,,45,35,26,,,N,,128
2018132818-006169,MONMOUTH,MARLBORO TWP,02/27/2018,TU,1230,01,MARLBORO TWP PD,,0,0,0,0,P,B,N,N,04,2,NJ 79,S,79,,00000079__,5.57,02,,01,04,02,01,01,01,,01,75,FE,S,NJ 4 / VANDERBURG RD,,,,45,45,,,,N,,88
2018132818-006241,MONMOUTH,MARLBORO TWP,02/27/2018,TU,2230,01,MARLBORO TWP PD,,0,0,0,0,P,B,N,N,02,2,ROUTE 520,E,520,,00000520__,2.84,07,,01,04,02,01,06,01,05,,5,FE,W,US 9,,,,45,55,,,,N,,141
2018132818-006317,MONMOUTH,MARLBORO TWP,02/28/2018,WE,1532,01,MARLBORO TWP PD,,0,1,0,0,I,B,N,N,15,2,ROUTE 520,E,520,,00000520__,7.90,05,,01,04,02,01,01,01,05,01,50,FE,W,ORCHARD HILL DRIVE,,,,40,25,39,,,N,,90
2018132818-006467,MONMOUTH,MARLBORO TWP,03/01/2018,TH,1615,01,MARLBORO TWP PD,,0,0,0,0,P,B,Y,N,11,1,MONMOUTH COUNTY 3,S,3,,13000003__,8.68,05,,01,04,02,01,01,01,05,01,1320,FE,N,WOOLEYTOWN RD,,,,40,35,52,,,N,JCPL POLE # JC687MAR,90
2018132818-006481,MONMOUTH,MARLBORO TWP,03/01/2018,TH,1855,01,MARLBORO TWP PD,,0,0,0,0,P,B,N,N,02,2,NJ 79,S,79,,00000079__,4.91,02,,01,04,02,02,07,02,01,01,100,FE,S,STEEPLECHASE DR,,,,50,25,26,,,N,,129
2018132818-006504,MONMOUTH,MARLBORO TWP,03/02/2018,FR,0729,01,MARLBORO TWP PD,,0,0,0,0,P,B,N,N,11,1,WOOLEYTOWN RD,W,,,,,07,,01,04,01,02,01,02,04,01,10,FE,W,CR 3,,,,35,40,69,,,N,STOP SIGN AT WOOLEYTOWN/TENNENT NEEDS TO BE REPLACED,128
2018132818-006529,MONMOUTH,MARLBORO TWP,03/02/2018,FR,1024,01,MARLBORO TWP PD,,0,0,0,0,P,B,N,N,11,1,NJ 18,N,18,,00000018__,25.26,02,,01,04,02,03,01,03,01,01,300,FE,N,NJ 79,,,,65,50,26,,,N,,136
2018132818-006535,MONMOUTH,MARLBORO TWP,03/02/2018,FR,1125,01,MARLBORO TWP PD,,0,0,0,0,P,B,N,N,11,1,NJ 18,S,18,,00000018__,24.23,02,,01,04,02,03,01,03,01,,100,FE,N,CR 46 / DUTCH LN,,,,65,45,46,,,N,,136
2018132818-006590,MONMOUTH,MARLBORO TWP,03/02/2018,FR,1554,01,MARLBORO TWP PD,,0,0,0,0,P,I,N,N,03,3,GREENWOOD ROAD,N,,,,,07,,01,04,02,05,01,08,04,01,,AT,,TEXAS ROAD,,,,40,30,26,,,N,,
2018132818-006592,MONMOUTH,MARLBORO TWP,03/02/2018,FR,1558,01,MARLBORO TWP PD,,0,0,0,0,P,B,N,N,11,1,NJ 18,S,18,,00000018__,24.10,02,,01,04,02,03,04,03,01,,,,,,,,,65,,26,,,N,,70
2018132818-006655,MONMOUTH,MARLBORO TWP,03/02/2018,FR,1945,01,MARLBORO TWP PD,,0,0,0,0,P,B,N,N,15,1,NJ 34,S,34,,00000034__,20.05,02,,01,05,02,03,06,03,05,01,400,FE,S,REIDS HILL RD,,,,45,35,,,,N,,92
2018132818-006665,MONMOUTH,MARLBORO TWP,03/02/2018,FR,2126,01,MARLBORO TWP PD,,0,1,0,0,I,B,N,N,11,1,LAFAYETTE ROAD,W,,,,,07,,01,04,02,04,06,03,04,01,200,FE,E,EAGLE,,,,25,,60,,,N,,113