Year(4)-CountyCode(2)-MunicipalityCode(2)-CaseNumber(9),County Name,Municipality Name,Crash Date,Crash Day of Week,Crash Time,Police Department Code,Police Department,Police Station,Total Killed,Total Injured,Pedestrians Killed,Pedestrians Injured,Severity,Intersection,Alcohol Involved,Hazmat Involved,Crash Type,Total Vehicles,Location,Location Direction,Route,Route Suffix,Std Rte Identifier,MilePost,Road System,Road Character,Road Horizontal Alignment,Road Grade,Road Surface Type,Surface Condition,Light Condition,Environmental Condition,Road Divided By,Temporary Traffic Control Zone,Distance To Cross Street,Unit Of Measurement,Direction From Cross Street,Cross Street Name,Is Ramp,Ramp To/From Route Name,Ramp To/From Route Direction,Posted Speed,Posted Speed Cross Street,First Harmful Event,Latitude,Longitude,Cell Phone In Use Flag,Other Property Damage,Reporting Badge No.
2018132818-006688,MONMOUTH,MARLBORO TWP,03/03/2018,SA,0901,01,MARLBORO TWP PD,,0,0,0,0,P,I,N,N,03,2,NJ 79,N,79,,00000079__,5.58,02,,01,04,02,01,01,01,04,01,,AT,,NJ 4 / VANDERBURG RD,,,,40,35,26,,,N,,136
2018132818-006698,MONMOUTH,MARLBORO TWP,03/03/2018,SA,1145,01,MARLBORO TWP PD,,0,0,0,0,P,B,N,N,08,2,PRIVATE PROPERTY,,,,,,09,,01,04,02,01,01,01,05,01,,,,,,,,,,26,,,N,,70
2018132818-006729,MONMOUTH,MARLBORO TWP,03/03/2018,SA,1712,01,MARLBORO TWP PD,,0,0,0,0,P,B,N,N,02,2,US 9,N,9,,00000009__,120.00,02,,01,04,02,01,01,01,05,01,25,FE,S,UNION HILL RD,,,,55,,26,,,N,,119
2018132818-006741,MONMOUTH,MARLBORO TWP,03/03/2018,SA,2030,01,MARLBORO TWP PD,,0,0,0,0,P,I,N,N,03,2,MOLLY PITCHER RD,E,,,,,07,,01,04,02,01,06,01,04,01,,AT,,RYAN ROAD,,,,35,25,26,,,N,,131
2018132818-006771,MONMOUTH,MARLBORO TWP,03/04/2018,SU,0946,01,MARLBORO TWP PD,,0,0,0,0,P,B,N,N,01,2,CLAYTON ROAD,N,,,,,07,,01,04,02,01,01,01,05,01,15,FE,S,US 9,,,,25,55,26,,,N,,127
2018132818-006810,MONMOUTH,MARLBORO TWP,03/04/2018,SU,1539,01,MARLBORO TWP PD,,0,0,0,0,P,B,N,N,02,2,UNION HILL RD,,,,13261531__,1.55,07,,01,04,02,01,01,01,05,01,50,FE,N,US 9,,,,40,55,26,,,N,TRAFFIC LIGHT POLE ON THE WEST SIDE OF THE INTERSECTION,127
2018132818-006900,MONMOUTH,MARLBORO TWP,03/05/2018,MO,1430,01,MARLBORO TWP PD,,0,0,0,0,P,I,N,N,02,2,ROUTE 520,W,520,,00000520__,9.18,05,,01,04,02,01,01,01,05,01,,AT,,FARM BRIDGE RD,,,,45,25,26,,,N,,90
2018132818-006914,MONMOUTH,MARLBORO TWP,03/05/2018,MO,1617,01,MARLBORO TWP PD,,0,0,0,0,P,B,N,N,06,2,PEGASUS RD,N,,,,,07,,01,04,02,01,01,01,05,01,100,FE,S,HARBOUR RD,,,,25,35,26,,,N,,90
2018132818-006923,MONMOUTH,MARLBORO TWP,03/05/2018,MO,1744,01,MARLBORO TWP PD,,0,0,0,0,P,B,N,N,12,1,TEXAS ROAD,W,,,,,07,,01,04,02,01,03,01,05,01,500,FE,W,FALSON LANE,,,,45,25,24,,,N,,133
2018132818-006947,MONMOUTH,MARLBORO TWP,03/05/2018,MO,2130,01,MARLBORO TWP PD,,0,0,0,0,P,B,N,N,12,1,NJ 79,S,79,,00000079__,7.00,02,,01,04,02,01,05,01,05,01,,,,,,,,50,,24,,,N,,133
2018132818-007003,MONMOUTH,MARLBORO TWP,03/06/2018,TU,0930,01,MARLBORO TWP PD,,0,1,0,0,I,I,N,N,03,2,NJ 79,N,79,,00000079__,10.89,02,,01,04,02,01,01,01,05,01,,AT,,FRENEAU DR,,,,45,25,26,,,N,BUSHES THAT ARE OWNED BY #1 FRENEAU DRIVE.,81
2018132818-007088,MONMOUTH,MARLBORO TWP,03/06/2018,TU,1720,01,MARLBORO TWP PD,,0,0,0,0,P,I,N,N,03,2,MONMOUTH COUNTY 3,S,3,,13000003__,6.34,05,,01,04,02,01,01,01,05,01,,AT,,AMBOY RD,,,,40,35,26,,,N,,90
2018132818-007121,MONMOUTH,MARLBORO TWP,03/07/2018,WE,0726,01,MARLBORO TWP PD,,0,0,0,0,P,B,N,N,11,1,CALDER COURT,E,,,,,07,,01,05,02,04,01,06,05,01,600,FE,S,RT 520,,,,25,45,61,,,N,DAMAGE TO WOODEN POST MAILBOX AT 34 CALDER COURT,111
2018132818-007148,MONMOUTH,MARLBORO TWP,03/07/2018,WE,1326,01,MARLBORO TWP PD,,0,0,0,0,P,B,N,N,11,1,MONMOUTH COUNTY 3,S,3,,13000003__,4.47,05,,01,04,02,03,01,03,05,01,500,FE,N,DARLENE CT,,,,45,25,26,,,N,,58
2018132818-007160,MONMOUTH,MARLBORO TWP,03/07/2018,WE,1523,01,MARLBORO TWP PD,,0,0,0,0,P,B,N,N,11,1,ROUTE 520,E,520,,00000520__,8.14,05,,01,05,02,03,01,03,,,400,FE,E,ORCHARD HILLS RD,,,,45,25,26,,,N,,120
2018132818-007176,MONMOUTH,MARLBORO TWP,03/07/2018,WE,1619,01,MARLBORO TWP PD,,0,1,0,0,I,B,N,N,06,2,NJ 18,S,18,,00000018__,28.40,02,,01,04,02,03,01,03,01,01,,,,,,,,65,,26,,,N,,136
2018132818-007182,MONMOUTH,MARLBORO TWP,03/07/2018,WE,1628,01,MARLBORO TWP PD,,0,0,0,0,P,B,N,N,11,1,MONMOUTH COUNTY 3,S,3,,13000003__,7.80,05,,01,04,02,03,01,03,,,100,FE,S,HARBOR RD / SPRING VALLEY RD,,,,40,40,26,,,N,,120
2018132818-007183,MONMOUTH,MARLBORO TWP,03/07/2018,WE,1622,01,MARLBORO TWP PD,,0,0,0,0,P,B,N,N,11,1,NJ 18,S,18,,00000018__,28.70,02,,01,04,02,03,01,03,01,,,,,,,,,65,,46,,,N,,83
2018132818-007195,MONMOUTH,MARLBORO TWP,03/07/2018,WE,1700,01,MARLBORO TWP PD,,0,0,0,0,P,B,N,N,11,1,MONMOUTH COUNTY 3,S,3,,13000003__,4.19,05,,01,05,02,04,01,03,05,01,1000,FE,S,DARLENE CT,,,,40,25,60,,,N,,131
2018132818-007250,MONMOUTH,MARLBORO TWP,03/07/2018,WE,2032,01,MARLBORO TWP PD,,0,0,0,0,P,B,N,N,11,1,ROUTE 520,W,520,,00000520__,7.67,05,,01,04,02,03,07,03,05,01,100,FE,W,DUGANS LN,,,,50,25,26,,,N,MINOR DAMAGE TO TELEPHONE POLE #91264,129
2018132818-007293,MONMOUTH,MARLBORO TWP,03/08/2018,TH,0827,01,MARLBORO TWP PD,,0,0,0,0,P,B,N,N,15,1,MONMOUTH COUNTY 3,,3,,13000003__,9.93,05,,01,04,02,05,01,01,05,01,100,FE,W,NOLAN RD,,,,40,30,,,,N,CABLE WIRE CAME DOWN.,126
2018132818-007309,MONMOUTH,MARLBORO TWP,03/08/2018,TH,1023,01,MARLBORO TWP PD,,0,0,0,0,P,B,N,N,03,2,UNION HILL RD,,,,13261531__,1.58,07,,01,04,02,02,01,01,05,01,200,FE,E,US 9,,,,40,55,26,,,N,,129
2018132818-007336,MONMOUTH,MARLBORO TWP,03/08/2018,TH,1437,01,MARLBORO TWP PD,,0,0,0,0,P,B,N,N,08,2,STATION ROAD,N,,,,,07,,03,05,02,01,01,01,05,01,300,FE,S,BRIARCLIFF DR,,,,35,25,26,,,N,,111
2018132818-007345,MONMOUTH,MARLBORO TWP,03/08/2018,TH,1632,01,MARLBORO TWP PD,,0,0,0,0,P,B,N,N,06,1,SAMI COURT,,,,,,07,,01,04,02,01,01,01,05,01,50,FE,W,WINDHAM WAY,,,,25,25,26,,,N,,129
2018132818-007359,MONMOUTH,MARLBORO TWP,03/08/2018,TH,1820,01,MARLBORO TWP PD,,0,0,0,0,P,B,N,N,01,2,CLAYTON ROAD,N,,,,,07,,01,04,02,01,03,01,05,01,10,FE,S,UNION HILL ROAD,,,,25,35,26,,,N,,124
2018132818-007405,MONMOUTH,MARLBORO TWP,03/09/2018,FR,0706,01,MARLBORO TWP PD,,0,1,0,0,I,B,N,N,11,1,TEXAS ROAD,E,,,,,07,,01,04,02,04,01,01,05,01,1000,FE,E,WOOLEYTOWN ROAD,,,,45,25,60,,,N,,81
2018132818-007430,MONMOUTH,MARLBORO TWP,03/09/2018,FR,1006,01,MARLBORO TWP PD,,0,0,0,0,P,B,N,N,11,1,MONMOUTH COUNTY 46,E,46,,13000046__,2.34,05,,03,04,02,01,01,01,05,01,250,FE,W,BUCKLEY RD,,,,40,35,61,,,N,MAILBOX AT #44  46  46A  46B AND 46C DUTCH LANE ROAD,81
2018132818-007439,MONMOUTH,MARLBORO TWP,03/09/2018,FR,1117,01,MARLBORO TWP PD,,0,0,0,0,P,I,N,N,04,2,NJ 34,S,34,,00000034__,20.13,02,,01,04,02,01,01,01,05,01,,AT,,REIDS HILL RD,,,,45,35,26,,,N,,90
2018132818-007474,MONMOUTH,MARLBORO TWP,03/09/2018,FR,1719,01,MARLBORO TWP PD,,0,0,0,0,P,B,N,N,01,3,UNION HILL RD,E,,,13261531__,1.14,07,,01,04,02,01,01,01,05,01,1000,FE,W,BRYANT DR,,,,45,25,26,,,N,,
2018132818-007485,MONMOUTH,MARLBORO TWP,03/09/2018,FR,1840,01,MARLBORO TWP PD,,0,0,0,0,P,B,N,N,01,2,NJ 79,S,79,,00000079__,10.32,02,,01,04,02,01,06,01,05,01,15,FE,N,CR 3 / TENNENT RD,,,,45,35,26,,,N,,133
2018132818-007573,MONMOUTH,MARLBORO TWP,03/10/2018,SA,1221,01,MARLBORO TWP PD,,0,0,0,0,P,B,N,N,01,2,ROUTE 520,,520,,00000520__,2.86,07,,01,04,02,01,01,01,05,01,100,FE,E,US 9,,,,45,55,26,,,N,,134
2018132818-007578,MONMOUTH,MARLBORO TWP,03/10/2018,SA,1237,01,MARLBORO TWP PD,,0,1,0,0,I,B,N,N,01,2,US 9,S,9,,00000009__,119.90,02,,01,04,02,01,01,01,02,,528,FE,S,UNION HILL RD,,,,50,35,26,,,N,,97
2018132818-007583,MONMOUTH,MARLBORO TWP,03/10/2018,SA,1309,01,MARLBORO TWP PD,,0,0,0,0,P,B,N,N,02,2,US 9,S,9,,00000009__,120.00,02,,01,04,02,01,01,01,,,10,FE,S,UNION HILL RD,,,,50,35,26,,,N,,97
2018132818-007687,MONMOUTH,MARLBORO TWP,03/11/2018,SU,1434,01,MARLBORO TWP PD,,0,0,0,0,P,B,N,N,01,2,US 9,N,9,,00000009__,121.50,02,,01,04,02,01,01,01,03,01,100,FE,S,TEXAS ROAD,,,,55,40,,,,N,,126
2018132818-007688,MONMOUTH,MARLBORO TWP,03/11/2018,SU,1438,01,MARLBORO TWP PD,,0,0,0,0,P,B,N,N,01,2,US 9,N,9,,00000009__,120.78,02,,01,04,02,01,01,01,02,01,1000,FE,S,ROUTE 520 / ROBERTSVILLE RD,,,,55,45,26,,,N,,58
2018132818-007850,MONMOUTH,MARLBORO TWP,03/12/2018,MO,1910,01,MARLBORO TWP PD,,0,0,0,0,P,I,N,N,03,2,MONMOUTH COUNTY 3,N,3,,13000003__,7.82,05,,01,04,02,01,07,01,05,01,,AT,,HARBOR RD / SPRING VALLEY RD,,,,40,35,26,,,N,,131
2018132818-007854,MONMOUTH,MARLBORO TWP,03/12/2018,MO,1953,01,MARLBORO TWP PD,,0,0,0,0,P,B,N,N,02,2,US 9,N,9,,00000009__,120.88,02,,01,04,02,01,06,01,03,,500,FE,S,ROUTE 520 / ROBERTSVILLE RD,,,,55,35,26,,,N,,141
2018132818-007860,MONMOUTH,MARLBORO TWP,03/12/2018,MO,2053,01,MARLBORO TWP PD,,0,0,0,0,P,B,N,N,12,1,NJ 79,S,79,,00000079__,4.42,02,,01,04,02,01,06,05,05,01,100,FE,N,BUCTHERS LN,,,,50,25,26,,,N,,124
2018132818-007903,MONMOUTH,MARLBORO TWP,03/13/2018,TU,1121,01,MARLBORO TWP PD,,0,0,0,0,P,B,N,N,99,2,US 9,N,9,,00000009__,120.95,02,,01,04,01,02,01,03,01,01,100,FE,S,ROUTE 520 / ROBERTSVILLE RD,,,,55,45,12,,,N,,128
2018132818-007907,MONMOUTH,MARLBORO TWP,03/13/2018,TU,1158,01,MARLBORO TWP PD,,0,0,0,0,P,B,N,N,01,2,US 9,N,9,,00000009__,120.97,02,,01,04,01,02,01,02,01,01,10,FE,S,ROUTE 520 / ROBERTSVILLE RD,,,,55,45,26,,,N,,128
2018132818-007921,MONMOUTH,MARLBORO TWP,03/13/2018,TU,1402,01,MARLBORO TWP PD,,0,0,0,0,P,B,N,N,01,2,US 9,S,9,,00000009__,120.00,02,,01,04,05,02,01,01,04,01,100,FE,S,,F,UNION HILL RD,SB,55,,26,,,N,,128
2018132818-007964,MONMOUTH,MARLBORO TWP,03/13/2018,TU,2202,01,MARLBORO TWP PD,,0,1,0,0,I,B,N,N,12,1,NJ 79,S,79,,00000079__,4.02,02,,01,04,02,01,07,01,05,01,500,FE,S,OLD MILL RD,,,,50,25,24,,,N,,124
2018132818-007994,MONMOUTH,MARLBORO TWP,03/14/2018,WE,0841,01,MARLBORO TWP PD,,0,0,0,0,P,B,N,N,01,2,NJ 18,N,18,,00000018__,28.60,02,,01,04,02,04,01,01,02,01,,,E,,T,CR 3 / TENNENT ROAD,SB,65,,26,,,N,,135
2018132818-00806,MONMOUTH,MARLBORO TWP,01/10/2018,WE,0700,01,MARLBORO TWP PD,,0,0,0,0,P,B,N,N,05,2,TICETOWN RD,,,,13281069__,.60,07,,02,04,02,01,02,01,05,,500,FE,W,GREENWOOD ROAD,,,,35,35,26,,,N,,61
2018132818-008069,MONMOUTH,MARLBORO TWP,03/14/2018,WE,1613,01,MARLBORO TWP PD,,0,2,0,0,I,I,N,N,03,2,MONMOUTH COUNTY 3,N,3,,13000003__,7.82,05,,01,04,02,01,01,01,05,01,,AT,,HARBOR RD / SPRING VALLEY RD,,,,40,35,26,,,N,,90
2018132818-008096,MONMOUTH,MARLBORO TWP,03/14/2018,WE,1924,01,MARLBORO TWP PD,,0,0,0,0,P,B,N,N,01,3,US 9,S,9,,00000009__,119.48,02,,01,04,02,01,07,01,03,01,1320,FE,S,IVY HILL DR,,,,55,25,26,,,N,,129
2018132818-008104,MONMOUTH,MARLBORO TWP,03/14/2018,WE,2126,01,MARLBORO TWP PD,,0,3,0,0,I,I,N,N,03,2,MONMOUTH COUNTY 3,E,3,,13000003__,9.95,05,,01,04,02,01,06,01,,,,AT,N,NOLAN RD,,,,35,25,26,,,N,,83
2018132818-008167,MONMOUTH,MARLBORO TWP,03/15/2018,TH,1207,01,MARLBORO TWP PD,,0,0,0,0,P,B,N,N,08,2,MT LAUREL ROAD,N,,,,,07,,01,04,02,01,01,01,05,01,100,FE,S,TEXAS ROAD,,,,25,40,26,,,N,,81
2018132818-008237,MONMOUTH,MARLBORO TWP,03/15/2018,TH,2125,01,MARLBORO TWP PD,,0,0,0,0,P,B,N,N,12,1,RYAN ROAD,W,,,,,07,,01,04,02,01,05,01,04,01,50,FE,W,MANOR DRIVE,,,,35,25,24,,,N,,113
2018132818-008279,MONMOUTH,MARLBORO TWP,03/16/2018,FR,0657,01,MARLBORO TWP PD,,0,0,0,0,P,I,N,N,12,1,NJ 79,N,79,,00000079__,8.74,02,,01,04,02,01,02,01,05,01,,AT,,FLOWER LN,,,,50,25,24,,,N,,61
2018132818-008330,MONMOUTH,MARLBORO TWP,03/16/2018,FR,1637,01,MARLBORO TWP PD,,0,0,0,0,P,I,N,N,03,2,MONMOUTH COUNTY 3,S,3,,13000003__,7.82,05,,01,04,01,01,01,01,04,01,,AT,,HARBOR RD / SPRING VALLEY RD,,,,40,35,26,,,N,,128
2018132818-008343,MONMOUTH,MARLBORO TWP,03/16/2018,FR,1800,01,MARLBORO TWP PD,,0,0,0,0,P,B,N,N,99,1,460 ROUTE 520,,,,,,09,,01,04,02,01,01,01,,,,,,,,,,,,99,,,N,CABLE LINE BETWEEN POLE JC707MAR AND BT3417MO,125
2018132818-008407,MONMOUTH,MARLBORO TWP,03/17/2018,SA,1123,01,MARLBORO TWP PD,,0,0,0,0,P,B,N,N,01,3,MONMOUTH COUNTY 3,,3,,13000003__,5.83,05,,01,04,02,01,01,01,,01,100,FE,N,UNION HILL RD,,,,35,25,26,,,N,,
2018132818-008489,MONMOUTH,MARLBORO TWP,03/18/2018,SU,0251,01,MARLBORO TWP PD,,0,1,0,0,I,B,N,N,11,1,NJ 18,N,18,,00000018__,27.60,02,,01,04,02,01,05,01,05,01,,,,,,,,65,,,,,N,MILE MARKER 26.7 ON ROUTE 18 NORTH IS DAMAGED,124
2018132818-008491,MONMOUTH,MARLBORO TWP,03/18/2018,SU,0413,01,MARLBORO TWP PD,,0,0,0,0,P,B,N,N,11,1,NJ 18,N,18,,00000018__,25.10,02,,03,06,02,01,07,01,01,01,,,,,T,NJ 79,SB,65,,56,,,N,,125
2018132818-008498,MONMOUTH,MARLBORO TWP,03/18/2018,SU,0932,01,MARLBORO TWP PD,,0,0,0,0,P,B,N,N,11,1,NJ 18,S,18,,00000018__,28.60,02,,01,04,02,01,01,01,01,01,,,S,,,,,65,,26,,,N,,127
2018132818-008567,MONMOUTH,MARLBORO TWP,03/18/2018,SU,2130,01,MARLBORO TWP PD,,0,0,0,0,P,B,N,N,12,1,ROUTE 520,W,520,,00000520__,3.98,07,,01,04,02,01,06,01,04,,50,FE,W,NJ 3 / TENNENT RD,,,,45,40,24,,,N,,141
2018132818-008660,MONMOUTH,MARLBORO TWP,03/19/2018,MO,1512,01,MARLBORO TWP PD,,0,0,0,0,P,I,N,N,01,2,WYNCREST ROAD,N,,,,,07,,01,04,02,01,01,01,05,01,,AT,,ROUTE 520,,,,40,45,26,,,N,,129
2018132818-008664,MONMOUTH,MARLBORO TWP,03/19/2018,MO,1810,01,MARLBORO TWP PD,,0,0,0,0,P,B,N,N,05,2,ROUTE 520,W,520,,00000520__,8.38,05,,01,06,02,01,01,01,05,,50,FE,W,AMSTERDAM CT,,,,50,25,26,,,N,,130
2018132818-008791,MONMOUTH,MARLBORO TWP,03/20/2018,TU,1804,01,MARLBORO TWP PD,,0,0,0,0,P,B,N,N,01,2,UNION HILL RD,E,,,13261531__,1.34,07,,01,04,02,04,01,06,05,01,50,FE,E,BRYANT DR,,,,35,25,26,,,N,,90
2018132818-008848,MONMOUTH,MARLBORO TWP,03/21/2018,WE,2323,01,MARLBORO TWP PD,,0,0,0,0,P,B,N,N,11,1,NJ 18,,18,,00000018__,26.90,02,,01,04,02,03,06,03,01,,,,,,,,,65,,46,,,N,,141
2018132818-008864,MONMOUTH,MARLBORO TWP,03/22/2018,TH,0644,01,MARLBORO TWP PD,,0,0,0,0,P,B,N,N,11,1,MONMOUTH COUNTY 3,,3,,13000003__,9.94,05,,01,04,02,03,06,05,,,50,FE,W,NOLAN RD,,,,35,25,47,,,N,MONMOUTH COUNTY HIGHWAY DEPT./ GUARD RAIL,61
2018132818-008878,MONMOUTH,MARLBORO TWP,03/22/2018,TH,0928,01,MARLBORO TWP PD,,0,0,0,0,P,I,N,N,03,2,NJ 79,S,79,,00000079__,10.32,02,,01,04,01,02,01,01,04,01,,AT,,CR 3 / TENNENT RD,,,,45,35,26,,,N,,128
2018132818-008919,MONMOUTH,MARLBORO TWP,03/22/2018,TH,2102,01,MARLBORO TWP PD,,0,0,0,0,P,B,N,N,12,1,SCHOOL RD E,E,,,13091159__,1.92,07,,02,05,02,02,07,01,05,01,550,FE,W,CR 46,,,,40,40,24,,,N,,131
2018132818-009008,MONMOUTH,MARLBORO TWP,03/23/2018,FR,1443,01,MARLBORO TWP PD,,0,0,0,0,P,B,N,N,01,2,NJ 79,N,79,,00000079__,4.64,02,,01,04,02,01,01,01,05,01,10,FE,N,INVERNESS DR / RYAN RD,,,,50,35,28,,,N,,116
2018132818-009047,MONMOUTH,MARLBORO TWP,03/23/2018,FR,2046,01,MARLBORO TWP PD,,0,3,0,0,I,B,N,N,01,3,US 9,S,9,,00000009__,119.25,02,,01,04,02,01,05,01,02,01,3960,FE,S,UNION HILL RD,,,,55,35,26,,,N,,
2018132818-009083,MONMOUTH,MARLBORO TWP,03/24/2018,SA,1034,01,MARLBORO TWP PD,,0,1,0,0,I,B,N,N,01,2,UNION HILL RD,E,,,13261531__,1.38,07,,01,04,02,01,01,01,05,01,250,FE,E,BRYANT DR,,,,40,25,26,,,N,,70
2018132818-009108,MONMOUTH,MARLBORO TWP,03/24/2018,SA,1404,01,MARLBORO TWP PD,,0,2,0,0,I,I,N,N,04,2,UNION HILL RD,,,,13261531__,,07,,01,04,02,01,01,01,05,01,,AT,,CAMBRIDGE PLAZA,,,,35,15,,,,N,,126
2018132818-009123,MONMOUTH,MARLBORO TWP,03/24/2018,SA,1700,01,MARLBORO TWP PD,,0,0,0,0,P,I,N,N,03,2,MONMOUTH COUNTY 3,,3,,13000003__,7.82,05,,01,04,02,01,01,01,05,01,,AT,,HARBOR RD / SPRING VALLEY RD,,,,40,40,26,,,N,,134
2018132818-009130,MONMOUTH,MARLBORO TWP,03/24/2018,SA,1811,01,MARLBORO TWP PD,,0,0,0,0,P,B,N,N,01,2,NJ 18,S,18,,00000018__,25.00,02,,01,04,02,01,01,01,03,01,,,,,,,,65,,26,,,N,,133
2018132818-009193,MONMOUTH,MARLBORO TWP,03/25/2018,SU,0942,01,MARLBORO TWP PD,,0,0,0,0,P,B,N,N,11,1,ROUTE 520,,520,,00000520__,2.83,07,,01,04,02,00,00,00,05,00,50,FE,W,US 9,,,,40,55,,,,N,FIRE HYDRANT STRUCK AND MISSING.,126
2018132818-009284,MONMOUTH,MARLBORO TWP,03/26/2018,MO,0934,01,MARLBORO TWP PD,,0,0,0,0,P,B,N,N,02,2,NJ 79,N,79,,00000079__,4.66,02,,01,04,02,01,01,01,02,01,100,FE,N,INVERNESS DR / RYAN RD,,,,50,35,,,,N,,88
2018132818-009294,MONMOUTH,MARLBORO TWP,03/26/2018,MO,1200,01,MARLBORO TWP PD,,0,0,0,0,P,I,N,N,01,2,UNION HILL RD,E,,,13261531__,1.54,07,,03,06,02,01,01,01,04,01,,AT,,,F,US 9,NB,40,,26,,,N,,131
2018132818-009340,MONMOUTH,MARLBORO TWP,03/26/2018,MO,1701,01,MARLBORO TWP PD,,0,0,0,0,P,B,N,N,02,2,MONARCH PATH,E,,,,,07,,01,04,02,01,01,01,05,01,500,FE,W,TEXAS RD,,,,25,45,26,,,N,,131
2018132818-009348,MONMOUTH,MARLBORO TWP,03/26/2018,MO,1725,01,MARLBORO TWP PD,,0,0,0,0,P,I,N,N,03,2,GREENWOOD ROAD,W,,,,,07,,01,04,02,01,01,01,05,01,,AT,,TEXAS ROAD,,,,35,40,26,,,N,,124
2018132818-009358,MONMOUTH,MARLBORO TWP,03/26/2018,MO,1902,01,MARLBORO TWP PD,,0,0,0,0,P,I,N,N,02,2,MONMOUTH COUNTY 3,N,3,,13000003__,7.30,05,,01,04,02,01,01,01,05,,,AT,,CRINE RD,,,,40,35,26,,,N,,131
2018132818-009404,MONMOUTH,MARLBORO TWP,03/27/2018,TU,1057,01,MARLBORO TWP PD,,0,0,0,0,P,B,N,N,01,2,MONMOUTH COUNTY 3,,3,,13000003__,8.00,05,,01,04,02,01,01,05,05,,200,FE,E,JADE DRIVE,,,,40,25,26,,,N,,61
2018132818-009576,MONMOUTH,MARLBORO TWP,03/28/2018,WE,2213,01,MARLBORO TWP PD,,0,0,0,0,P,B,N,N,12,2,MONMOUTH COUNTY 3,N,3,,13000003__,7.80,05,,01,04,02,01,06,01,05,,100,FE,S,HARBOR RD / SPRING VALLEY RD,,,,45,25,24,,,N,,109
2018132818-009686,MONMOUTH,MARLBORO TWP,03/29/2018,TH,1828,01,MARLBORO TWP PD,,0,3,0,0,I,B,N,N,01,2,NJ 79,N,79,,00000079__,4.13,02,,01,04,02,01,01,05,05,01,100,FE,N,OLD MILL RD,,,,50,25,,,,N,,124
2018132818-009818,MONMOUTH,MARLBORO TWP,03/30/2018,FR,2016,01,MARLBORO TWP PD,,0,0,0,0,P,B,N,N,01,2,NJ 79,N,79,,00000079__,4.63,02,,01,04,02,02,06,01,,,50,FE,S,INVERNESS DR / RYAN RD,,,,50,35,26,,,N,,141
2018132818-009902,MONMOUTH,MARLBORO TWP,03/31/2018,SA,1343,01,MARLBORO TWP PD,,0,1,0,0,I,B,N,N,99,2,TEXAS ROAD,E,,,,,07,,01,04,02,01,01,01,05,,20,FE,,HAMPTON WAY,,,,45,25,26,,,N,,127
2018132818-009952,MONMOUTH,MARLBORO TWP,03/31/2018,SA,2338,01,MARLBORO TWP PD,,0,0,0,0,P,B,N,N,11,1,NJ 79,N,79,,00000079__,6.56,02,,01,04,02,01,06,01,05,01,100,FE,S,QUINCY ST,,,,50,25,,,,N,DAMAGE TO A SPEED LIMIT SIGN AND A NO LEFT TURN SIGN.,124
2018132818-009966,MONMOUTH,MARLBORO TWP,04/01/2018,SU,0454,01,MARLBORO TWP PD,,0,0,0,0,P,B,N,N,12,1,US 9,N,9,,00000009__,119.91,02,,01,04,02,01,06,01,03,,500,FE,S,UNION HILL RD,,,,55,35,26,,,N,,120
2018132818-009970,MONMOUTH,MARLBORO TWP,04/01/2018,SU,1015,01,MARLBORO TWP PD,,0,0,0,0,P,I,N,N,99,2,ROUTE 520,W,520,,00000520__,5.23,07,,01,04,02,01,01,01,05,01,,AT,W,GORDONS CORNER RD,,,,40,40,26,,,N,,127
2018132818-009973,MONMOUTH,MARLBORO TWP,04/01/2018,SU,1233,01,MARLBORO TWP PD,,0,0,0,0,P,B,N,N,01,2,NJ 34,N,34,,00000034__,20.12,02,,01,04,02,01,01,01,05,01,50,FE,S,REIDS HILL RD,,,,50,30,26,,,N,,61
2018132818-009976,MONMOUTH,MARLBORO TWP,04/01/2018,SU,1325,01,MARLBORO TWP PD,,0,2,0,0,I,B,N,N,01,2,NJ 79,N,79,,00000079__,5.38,02,,01,04,01,01,01,01,01,01,500,FE,S,SCHOOL RD,,,,45,25,26,,,N,,128
2018132818-010022,MONMOUTH,MARLBORO TWP,04/02/2018,MO,0716,01,MARLBORO TWP PD,,0,0,0,0,P,B,N,N,11,1,MONMOUTH COUNTY 3,S,3,,13000003__,5.51,05,,01,04,02,03,01,03,05,01,300,FE,S,CHURCH RD,,,,40,25,60,,,N,,81
2018132818-010030,MONMOUTH,MARLBORO TWP,04/02/2018,MO,0900,01,MARLBORO TWP PD,,0,0,0,0,P,B,N,N,11,1,NJ 18,S,18,,00000018__,24.23,02,,01,04,02,03,01,03,01,,100,FE,N,CR 46 / DUTCH LN,,,,65,35,46,,,N,,97
2018132818-010060,MONMOUTH,MARLBORO TWP,04/02/2018,MO,1724,01,MARLBORO TWP PD,,0,3,0,0,I,B,N,N,03,2,ROUTE 520,E,520,,00000520__,2.74,07,,01,04,02,01,01,01,05,01,528,FE,W,US 9,,,,45,55,,,,N,,126
2018132818-010263,MONMOUTH,MARLBORO TWP,04/04/2018,WE,0944,01,MARLBORO TWP PD,,0,0,0,0,P,I,N,N,01,2,SPRING VALLEY ROAD,W,,,,,07,,01,04,01,02,01,01,04,01,,AT,,TEXAS ROAD,,,,40,35,26,,,N,,128
2018132818-010389,MONMOUTH,MARLBORO TWP,04/05/2018,TH,1154,01,MARLBORO TWP PD,,0,0,0,0,P,I,N,N,08,2,GREENWOOD RD,S,,,,,07,,01,04,02,01,01,01,,,,AT,,TEXAS RD,,,,35,45,26,,,N,,87
2018132818-010503,MONMOUTH,MARLBORO TWP,04/06/2018,FR,1135,01,MARLBORO TWP PD,,0,0,0,0,P,B,N,N,03,2,ROUTE 520,E,520,,00000520__,2.80,07,,01,05,02,01,01,01,05,01,200,FE,W,US 9,,,,45,55,,,,N,,126