Year(4)-CountyCode(2)-MunicipalityCode(2)-CaseNumber(9),County Name,Municipality Name,Crash Date,Crash Day of Week,Crash Time,Police Department Code,Police Department,Police Station,Total Killed,Total Injured,Pedestrians Killed,Pedestrians Injured,Severity,Intersection,Alcohol Involved,Hazmat Involved,Crash Type,Total Vehicles,Location,Location Direction,Route,Route Suffix,Std Rte Identifier,MilePost,Road System,Road Character,Road Horizontal Alignment,Road Grade,Road Surface Type,Surface Condition,Light Condition,Environmental Condition,Road Divided By,Temporary Traffic Control Zone,Distance To Cross Street,Unit Of Measurement,Direction From Cross Street,Cross Street Name,Is Ramp,Ramp To/From Route Name,Ramp To/From Route Direction,Posted Speed,Posted Speed Cross Street,First Harmful Event,Latitude,Longitude,Cell Phone In Use Flag,Other Property Damage,Reporting Badge No.
2018132818-020757,MONMOUTH,MARLBORO TWP,06/24/2018,SU,1105,01,MARLBORO TWP PD,,0,0,0,0,P,B,N,N,01,2,US 9,N,9,,00000009__,120.28,02,,01,04,02,01,01,01,02,01,1500,FE,N,UNION HILL RD,,,,55,35,26,,,N,,116
2018132818-020927,MONMOUTH,MARLBORO TWP,06/25/2018,MO,1801,01,MARLBORO TWP PD,,0,0,0,0,P,B,N,N,01,2,NJ 79,N,79,,00000079__,8.00,02,,01,04,02,01,01,01,05,01,10,FE,N,BLOSSOM AVE,,,,45,25,26,,,N,,102
2018132818-020940,MONMOUTH,MARLBORO TWP,06/25/2018,MO,2021,01,MARLBORO TWP PD,MARLBORO TWP,0,0,0,0,P,B,N,N,02,2,US 9,N,9,,00000009__,120.19,02,,01,04,02,01,01,01,03,,1000,FE,N,UNION HILL RD,,,,55,35,26,,,N,,140
2018132818-021217,MONMOUTH,MARLBORO TWP,06/27/2018,WE,1631,01,MARLBORO TWP PD,,0,0,0,0,P,B,N,N,01,2,NJ 79,S,79,,00000079__,4.64,02,,01,04,02,01,01,01,05,01,25,FE,N,INVERNESS DR / RYAN RD,,,,50,35,26,,,N,,136
2018132818-021236,MONMOUTH,MARLBORO TWP,06/27/2018,WE,2020,01,MARLBORO TWP PD,,0,1,0,0,I,I,N,N,03,4,MONMOUTH COUNTY 3,N,3,,13000003__,5.99,05,,01,04,02,01,03,05,05,01,,AT,,ROUTE 520,,,,40,45,,,,N,,
2018132818-021243,MONMOUTH,MARLBORO TWP,06/27/2018,WE,2230,01,MARLBORO TWP PD,,0,0,0,0,P,B,N,N,02,2,UNION HILL RD,W,,,13261531__,1.13,07,,01,04,02,01,07,05,05,01,50,FE,E,MILLAY ROAD,,,,35,25,,,,N,414 UNION HILL ROAD HAS PROPERTY DAMAGE TO THE FRONT LAWN AND MAILBOX.,124
2018132818-021266,MONMOUTH,MARLBORO TWP,06/28/2018,TH,0545,01,MARLBORO TWP PD,,0,0,0,0,P,B,N,N,12,1,TEXAS ROAD,N,,,,,07,,01,04,02,02,01,02,05,01,50,FE,S,BOULEVARD DE JARDIN,,,,45,15,,,,N,,124
2018132818-021326,MONMOUTH,MARLBORO TWP,06/28/2018,TH,1526,01,MARLBORO TWP PD,,0,0,0,0,P,B,N,N,01,2,NJ 18,N,18,,00000018__,25.10,02,,03,04,02,01,01,01,01,01,,,,,T,NJ 79,SB,65,,26,,,N,,109
2018132818-021340,MONMOUTH,MARLBORO TWP,06/28/2018,TH,1826,01,MARLBORO TWP PD,,0,1,0,0,I,B,N,N,03,2,ROUTE 520,E,520,,00000520__,6.66,07,,01,04,02,01,01,01,05,01,100,FE,W,NJ 79 / MAIN ST,,,,45,50,26,,,N,,125
2018132818-021341,MONMOUTH,MARLBORO TWP,06/28/2018,TH,1835,01,MARLBORO TWP PD,,0,0,0,0,P,B,N,N,02,2,TEXAS ROAD,E,,,,,07,,01,04,02,01,01,01,05,01,15,FE,,MILLPONDS WAY,,,,45,15,26,,,N,,127
2018132818-021344,MONMOUTH,MARLBORO TWP,06/28/2018,TH,1938,01,MARLBORO TWP PD,,0,0,0,0,P,I,N,N,03,2,TICETOWN RD,E,,,13281069__,.60,07,,01,04,02,01,03,01,05,01,,AT,S,GREENWOOD ROAD,,,,35,35,26,,,N,,138
2018132818-021424,MONMOUTH,MARLBORO TWP,06/29/2018,FR,1214,01,MARLBORO TWP PD,,0,1,0,0,I,I,N,N,03,2,ROUTE 520,W,520,,00000520__,3.90,07,,01,04,02,01,01,01,05,01,,AT,,HARTMANN RD,,,,40,25,26,,,N,,90
2018132818-021429,MONMOUTH,MARLBORO TWP,06/29/2018,FR,1235,01,MARLBORO TWP PD,,0,0,0,0,P,B,N,N,11,1,MONMOUTH COUNTY 46,W,46,,13000046__,3.83,05,,01,04,02,01,01,01,05,01,100,FE,W,BOUNDARY RD / CEDAR DR,,,,45,45,26,,,N,,135
2018132818-021430,MONMOUTH,MARLBORO TWP,06/29/2018,FR,1245,01,MARLBORO TWP PD,,0,0,0,0,P,I,N,N,03,2,FALSON LANE,N,,,,,07,,01,04,02,01,01,01,05,01,,AT,,MONTICELLO COURT,,,,25,25,26,,,N,,90
2018132818-021461,MONMOUTH,MARLBORO TWP,06/29/2018,FR,1453,01,MARLBORO TWP PD,,0,0,0,0,P,B,N,N,02,2,NJ 18,S,18,,00000018__,26.60,02,,01,04,02,01,01,01,03,01,,,,,,,,65,,26,,,N,,90
2018132818-021573,MONMOUTH,MARLBORO TWP,06/30/2018,SA,1514,01,MARLBORO TWP PD,,0,1,0,0,I,I,N,N,03,2,NJ 79,N,79,,00000079__,7.82,02,,01,04,02,01,01,01,05,01,,AT,,PLEASANT VALLEY RD,,,,45,35,26,,,N,,90
2018132818-021620,MONMOUTH,MARLBORO TWP,07/01/2018,SU,0002,01,MARLBORO TWP PD,MARLBORO TWP,0,0,0,0,P,B,N,N,01,2,NJ 18,N,18,,00000018__,28.60,02,,01,04,02,01,05,01,01,01,,,,,,,,65,,26,,,N,,140
2018132818-021706,MONMOUTH,MARLBORO TWP,07/01/2018,SU,2000,01,MARLBORO TWP PD,MARLBORO TWP,0,1,0,0,I,B,N,N,01,2,NJ 18,N,18,,00000018__,29.60,02,,01,04,02,01,03,01,01,01,,,N,,,,,65,,26,,,N,,140
2018132818-021712,MONMOUTH,MARLBORO TWP,07/01/2018,SU,2035,01,MARLBORO TWP PD,,0,3,0,0,I,B,N,N,01,3,NJ 18,N,18,,00000018__,27.60,02,,01,04,02,01,05,01,01,01,,,,,,,,65,,26,,,N,,133
2018132818-021721,MONMOUTH,MARLBORO TWP,07/01/2018,SU,2110,01,MARLBORO TWP PD,,0,0,0,0,P,B,N,N,12,1,NJ 79,N,79,,00000079__,6.91,02,,01,04,02,01,04,01,05,01,500,FE,N,ROUTE 520 / NEWMAN SPRINGS RD,,,,50,45,,,,N,,130
2018132818-021728,MONMOUTH,MARLBORO TWP,07/01/2018,SU,2151,01,MARLBORO TWP PD,MARLBORO TWP,0,1,0,0,I,B,N,N,01,2,NJ 18,N,18,,00000018__,26.60,02,,01,04,02,01,05,01,01,01,,,S,,,,,65,,26,,,N,,140
2018132818-021791,MONMOUTH,MARLBORO TWP,07/02/2018,MO,1218,01,MARLBORO TWP PD,,0,0,0,0,P,I,N,N,01,2,ROUTE 520,E,520,,00000520__,7.85,05,,01,06,02,01,01,01,05,01,,AT,,BOUNDRY RD / CONOVER RD,,,,45,35,26,,,N,,65
2018132818-021828,MONMOUTH,MARLBORO TWP,07/02/2018,MO,2127,01,MARLBORO TWP PD,,0,0,0,0,P,B,N,N,02,2,US 9,N,9,,00000009__,120.61,02,,01,04,02,01,06,01,01,02,50,FE,N,BARTRAM RD,,,,55,25,,,,N,,109
2018132818-021919,MONMOUTH,MARLBORO TWP,07/03/2018,TU,1422,01,MARLBORO TWP PD,,0,1,0,0,I,B,N,N,11,1,US 9,N,9,,00000009__,120.46,02,,01,04,02,01,01,01,03,01,5,FE,N,WILLOW LN,,,,55,25,26,,,N,GUARD RAIL BY WILLOW POINT SHOPPING CENTER,127
2018132818-021923,MONMOUTH,MARLBORO TWP,07/03/2018,TU,1445,01,MARLBORO TWP PD,,0,0,0,0,P,B,N,N,01,2,MONMOUTH COUNTY 3,S,3,,13000003__,5.99,05,,01,04,02,01,01,01,05,01,10,FE,N,ROUTE 520,,,,40,45,26,,,Y,,124
2018132818-021931,MONMOUTH,MARLBORO TWP,07/03/2018,TU,1535,01,MARLBORO TWP PD,,0,0,0,0,P,B,N,N,01,2,ROUTE 520,W,520,,00000520__,2.84,07,,01,04,02,01,01,01,05,01,10,FE,E,US 9,,,,40,55,26,,,N,,127
2018132818-021938,MONMOUTH,MARLBORO TWP,07/03/2018,TU,1201,01,MARLBORO TWP PD,,0,0,0,0,P,B,N,N,01,2,US 9,S,9,,00000009__,120.00,02,,01,04,02,01,01,01,03,01,10,FE,N,UNION HILL RD,,,,35,40,26,,,N,,127
2018132818-022014,MONMOUTH,MARLBORO TWP,07/04/2018,WE,1011,01,MARLBORO TWP PD,MARLBORO TWP,0,1,0,0,I,B,N,N,11,1,AMBOY ROAD,E,,,,,07,,02,04,02,01,01,01,05,01,50,FE,E,TEXAS ROAD,,,,25,45,60,,,N,,140
2018132818-022058,MONMOUTH,MARLBORO TWP,07/04/2018,WE,0200,01,MARLBORO TWP PD,,0,1,0,0,I,B,Y,N,10,1,MONMOUTH COUNTY 3,E,3,,13000003__,8.47,05,,03,05,02,01,01,01,05,01,200,FE,E,WOOLEYTOWN RD,,,,40,35,01,,,N,,122
2018132818-022145,MONMOUTH,MARLBORO TWP,07/05/2018,TH,1317,01,MARLBORO TWP PD,MARLBORO TWP,0,0,0,0,P,I,N,N,01,2,NJ 18,S,18,,00000018__,25.10,02,,03,04,02,01,01,01,04,01,,AT,,,T,NJ 79,SB,65,,26,,,N,,140
2018132818-022171,MONMOUTH,MARLBORO TWP,07/05/2018,TH,1606,01,MARLBORO TWP PD,MARLBORO TWP,0,0,0,0,P,I,N,N,03,2,CONOVER ROAD,E,,,,,07,,01,04,02,01,01,01,05,01,,AT,,PLEASANT VALLEY ROAD,,,,45,45,26,,,N,,140
2018132818-022280,MONMOUTH,MARLBORO TWP,07/06/2018,FR,1153,01,MARLBORO TWP PD,,0,0,0,0,P,B,N,N,01,2,WYNCREST ROAD,N,,,,,07,,01,04,02,01,01,01,05,01,25,FE,S,NJ 79,,,,35,50,26,,,N,,136
2018132818-022281,MONMOUTH,MARLBORO TWP,07/06/2018,FR,1157,01,MARLBORO TWP PD,,0,0,0,0,P,B,N,N,01,2,NJ 79,N,79,,00000079__,9.50,02,,01,05,02,01,01,01,04,01,,,,,,,,40,,26,,,N,,138
2018132818-022297,MONMOUTH,MARLBORO TWP,07/06/2018,FR,1507,01,MARLBORO TWP PD,,0,0,0,0,P,B,N,N,01,2,NJ 79,N,79,,00000079__,4.20,02,,01,04,02,01,01,01,05,01,500,FE,N,OLD MILL RD,,,,50,25,26,,,N,,136
2018132818-022322,MONMOUTH,MARLBORO TWP,07/06/2018,FR,1715,01,MARLBORO TWP PD,,0,2,0,0,I,B,N,N,01,2,US 9,N,9,,00000009__,121.50,02,,01,04,02,01,01,01,03,01,250,FE,S,TEXAS ROAD,,,,55,45,26,,,N,,114
2018132818-022376,MONMOUTH,MARLBORO TWP,07/07/2018,SA,0746,01,MARLBORO TWP PD,,0,0,0,0,P,I,N,N,03,2,US 9,S,9,,00000009__,120.97,02,,01,04,02,01,01,01,03,01,,AT,,ROUTE 520 / ROBERTSVILLE RD,,,,50,40,26,,,N,,90
2018132818-022410,MONMOUTH,MARLBORO TWP,07/07/2018,SA,1300,01,MARLBORO TWP PD,,0,0,0,0,P,B,N,N,01,2,UNION HILL RD,W,,,13261531__,1.05,07,,01,04,02,01,01,01,05,01,10,FE,E,LINDSAY DRIVE,,,,35,25,26,,,N,,90
2018132818-022425,MONMOUTH,MARLBORO TWP,07/07/2018,SA,1518,01,MARLBORO TWP PD,,0,0,0,0,P,B,N,N,02,2,MONMOUTH COUNTY 3,S,3,,13000003__,5.99,05,,01,04,02,01,01,01,05,01,20,FE,N,ROUTE 520,,,,40,45,26,,,N,,127
2018132818-022543,MONMOUTH,MARLBORO TWP,07/08/2018,SU,2220,01,MARLBORO TWP PD,,0,0,0,0,P,B,N,N,01,2,NJ 18,N,18,,00000018__,29.82,02,,01,04,02,01,05,01,01,01,500,FE,S,TEXAS RD,,,,65,45,26,,,N,,134
2018132818-022584,MONMOUTH,MARLBORO TWP,07/09/2018,MO,0826,01,MARLBORO TWP PD,,0,0,0,0,P,B,N,N,03,2,ROUTE 520,E,520,,00000520__,6.87,05,,01,04,02,01,01,01,05,01,1000,FE,E,NJ 79 / MAIN ST,,,,45,50,26,,,N,,70
2018132818-022633,MONMOUTH,MARLBORO TWP,07/09/2018,MO,1243,01,MARLBORO TWP PD,,0,0,0,0,P,I,N,N,03,2,MONMOUTH COUNTY 3,W,3,,13000003__,9.95,05,,01,04,02,01,01,01,05,01,,AT,S,NOLAN RD,,,,35,35,26,,,N,,90
2018132818-022662,MONMOUTH,MARLBORO TWP,07/09/2018,MO,1742,01,MARLBORO TWP PD,,0,0,0,0,P,I,N,N,03,2,MONMOUTH COUNTY 3,N,3,,13000003__,7.82,05,,01,04,02,01,01,01,05,01,,AT,,HARBOR RD / SPRING VALLEY RD,,,,40,35,26,,,N,,90
2018132818-022663,MONMOUTH,MARLBORO TWP,07/09/2018,MO,1758,01,MARLBORO TWP PD,,0,0,0,0,P,B,N,N,02,2,NJ 18,N,18,,00000018__,25.30,02,,01,04,02,01,01,01,03,01,,,,,,,,65,,26,,,N,,102
2018132818-022670,MONMOUTH,MARLBORO TWP,07/09/2018,MO,1957,01,MARLBORO TWP PD,MARLBORO,0,1,0,0,I,B,N,N,03,2,UNION HILL RD,E,,,13261531__,1.56,07,,01,04,02,01,01,01,04,01,100,FE,E,US 9,,,,35,55,26,,,N,,121
2018132818-022773,MONMOUTH,MARLBORO TWP,07/10/2018,TU,1420,01,MARLBORO TWP PD,,0,0,0,0,P,B,Y,N,11,1,NJ 79,N,79,,00000079__,10.18,02,,01,04,02,01,01,01,05,01,10,FE,S,CHURCH LN,,,,45,35,60,,,N,DAMAGE TO FRONT LAWN AND LANDSCAPE OF 460 ROUTE 79  PRIVATE RESIDENCE.,90
2018132818-022802,MONMOUTH,MARLBORO TWP,07/10/2018,TU,1823,01,MARLBORO TWP PD,,0,0,0,0,P,B,N,N,03,2,ROUTE 520,W,520,,00000520__,6.70,05,,01,07,02,01,01,01,05,01,100,FE,E,NJ 79 / MAIN ST,,,,45,45,26,,,N,,102
2018132818-022876,MONMOUTH,MARLBORO TWP,07/11/2018,WE,0843,01,MARLBORO TWP PD,,0,1,0,0,I,I,N,N,03,2,NJ 79,N,79,,00000079__,7.82,02,,01,04,02,01,01,01,05,01,,AT,,PLEASANT VALLEY RD,,,,50,40,26,,,N,,61
2018132818-022972,MONMOUTH,MARLBORO TWP,07/11/2018,WE,2215,01,MARLBORO TWP PD,,1,0,1,0,F,B,Y,N,13,1,US 9,S,9,,00000009__,119.25,02,,01,04,02,01,06,01,02,03,,FE,,,,,,50,,22,,,N,,90
2018132818-023161,MONMOUTH,MARLBORO TWP,07/13/2018,FR,1735,01,MARLBORO TWP PD,,0,0,0,0,P,B,Y,N,11,1,US 9,N,9,,00000009__,,02,,01,04,02,01,01,01,03,01,,,,,,,,,,56,,,N,CURB AREA OF 33 EAST CAR WASH  MARLBORO  RT.9,90
2018132818-023169,MONMOUTH,MARLBORO TWP,07/13/2018,FR,1843,01,MARLBORO TWP PD,,0,0,0,0,P,I,N,N,04,2,VANDERBURG RD,W,,,,,07,,01,04,02,01,01,01,05,01,,AT,,NJ 79,,,,35,40,26,,,N,,130
2018132818-023170,MONMOUTH,MARLBORO TWP,07/13/2018,FR,1846,01,MARLBORO TWP PD,,0,1,0,0,I,B,N,N,01,2,CLAYTON ROAD,N,,,,,07,,01,06,02,01,01,01,05,01,,,,,T,UNION HILL ROAD,EB,25,,26,,,N,,133
2018132818-023235,MONMOUTH,MARLBORO TWP,07/14/2018,SA,1134,01,MARLBORO TWP PD,,0,0,0,0,P,I,N,N,05,2,AMBOY ROAD,,,,,,07,,01,04,02,01,01,01,05,01,,AT,,TEXAS ROAD,,,,45,35,26,,,N,,139
2018132818-023294,MONMOUTH,MARLBORO TWP,07/15/2018,SU,2143,01,MARLBORO TWP PD,,0,2,0,0,I,B,N,N,01,2,US 9,N,9,,00000009__,120.88,02,,01,04,02,01,06,01,03,01,500,FE,S,ROUTE 520 / ROBERTSVILLE RD,,,,55,45,26,,,N,,122
2018132818-023454,MONMOUTH,MARLBORO TWP,07/16/2018,MO,1511,01,MARLBORO TWP PD,,0,2,0,0,I,I,N,N,04,2,NJ 79,S,79,,00000079__,6.82,02,,01,04,02,01,01,01,05,01,,AT,,ROUTE 520 / NEWMAN SPRINGS RD,,,,50,45,26,,,N,,136
2018132818-023590,MONMOUTH,MARLBORO TWP,07/17/2018,TU,1345,01,MARLBORO TWP PD,,0,2,0,0,I,B,N,N,01,2,US 9,S,9,,00000009__,119.97,02,,01,04,02,01,01,01,02,01,150,FE,S,UNION HILL RD,,,,55,35,26,,,N,,138
2018132818-023592,MONMOUTH,MARLBORO TWP,07/17/2018,TU,1431,01,MARLBORO TWP PD,,0,0,0,0,P,B,N,N,01,2,US 9,S,9,,00000009__,119.81,02,,01,04,02,01,01,01,02,01,1000,FE,S,UNION HILL RD,,,,55,35,26,,,N,,138
2018132818-023657,MONMOUTH,MARLBORO TWP,07/18/2018,WE,0908,01,MARLBORO TWP PD,,0,0,0,0,P,B,N,N,08,2,HOMESTEAD CIRCLE,S,,,,,07,,01,04,02,01,01,01,05,01,100,FE,,HARNESS LANE,,,,25,25,26,,,N,,90
2018132818-023707,MONMOUTH,MARLBORO TWP,07/18/2018,WE,1451,01,MARLBORO TWP PD,,0,0,0,0,P,B,N,N,01,2,US 9,S,9,,00000009__,120.00,02,,01,06,02,01,01,01,02,01,,,,,T,UNION HILL RD,WB,50,,26,,,N,,90
2018132818-023730,MONMOUTH,MARLBORO TWP,07/18/2018,WE,1814,01,MARLBORO TWP PD,,0,0,0,0,P,B,N,N,11,1,BARTRAM ROAD,W,,,,,07,,01,04,02,01,01,01,05,01,30,FE,E,US 9,,,,25,50,69,,,N,,90
2018132818-023735,MONMOUTH,MARLBORO TWP,07/18/2018,WE,1904,01,MARLBORO TWP PD,,0,0,0,0,P,B,N,N,11,1,TUPELO DR,W,,,,,07,,01,04,02,01,01,01,05,01,20,FE,W,MARIGOLD LN,,,,25,25,56,,,N,BELGIUM BLOCK CURBING AND GRASS ALONG THE CURB BELONGING TO 3 TUPELO DR,102
2018132818-023750,MONMOUTH,MARLBORO TWP,07/18/2018,WE,2141,01,MARLBORO TWP PD,,0,1,0,0,I,B,N,N,12,1,NJ 18,N,18,,00000018__,26.60,02,,01,04,02,01,05,01,01,01,,,,,,,,65,,24,,,N,,83
2018132818-023754,MONMOUTH,MARLBORO TWP,07/18/2018,WE,2213,01,MARLBORO TWP PD,,0,0,0,0,P,B,N,N,11,1,HERBERT ST,W,,,,,07,,01,04,02,01,05,01,05,01,,,,,,,,25,,58,,,N,OUTSIDE WALL OF DETATCHED GARAGE AT 10 HERBERT ST,102
2018132818-023891,MONMOUTH,MARLBORO TWP,07/20/2018,FR,0737,01,MARLBORO TWP PD,,0,0,0,0,P,I,N,N,03,2,NJ 79,S,79,,00000079__,5.47,02,,01,04,02,01,01,01,05,01,,AT,,SCHOOL RD,,,,40,35,26,,,N,,138
2018132818-023960,MONMOUTH,MARLBORO TWP,07/20/2018,FR,1427,01,MARLBORO TWP PD,,0,0,0,0,P,B,N,N,01,2,ROUTE 520,,520,,00000520__,2.84,07,,01,04,02,01,01,01,05,01,20,FE,E,US 9,,,,45,55,26,,,N,,141
2018132818-023991,MONMOUTH,MARLBORO TWP,07/20/2018,FR,1909,01,MARLBORO TWP PD,,0,2,0,0,I,B,N,N,03,2,ROUTE 520,E,520,,00000520__,2.86,07,,01,04,02,01,01,01,05,01,100,FE,E,US 9,,,,45,55,26,,,N,,109
2018132818-024188,MONMOUTH,MARLBORO TWP,07/22/2018,SU,1511,01,MARLBORO TWP PD,,0,2,0,0,I,B,N,N,01,3,MONMOUTH COUNTY 3,S,3,,13000003__,5.98,05,,01,05,02,02,01,02,05,01,50,FE,S,ROUTE 520,,,,40,45,26,,,N,,
2018132818-024206,MONMOUTH,MARLBORO TWP,07/22/2018,SU,2157,01,MARLBORO TWP PD,,0,0,0,0,P,B,N,N,12,1,UNION HILL RD,W,,,13261531__,1.54,07,,03,04,02,02,07,02,05,01,,,,,T,US 9,SB,35,,24,,,N,,137
2018132818-024286,MONMOUTH,MARLBORO TWP,07/23/2018,MO,1621,01,MARLBORO TWP PD,,0,0,0,0,P,B,N,N,01,2,NJ 79,N,79,,00000079__,4.58,02,,01,04,02,01,01,05,05,01,300,FE,S,INVERNESS DR / RYAN RD,,,,50,35,26,,,N,,135
2018132818-024295,MONMOUTH,MARLBORO TWP,07/23/2018,MO,1747,01,MARLBORO TWP PD,,0,0,0,0,P,I,N,N,01,2,ROUTE 520,W,520,,00000520__,3.07,07,,01,04,02,01,01,01,05,01,,AT,,BLUFFS CT,,,,40,25,26,,,N,,139
2018132818-024307,MONMOUTH,MARLBORO TWP,07/23/2018,MO,2043,01,MARLBORO TWP PD,,0,1,0,0,I,B,Y,N,14,1,NJ 79,N,79,,00000079__,7.10,02,,01,06,02,01,05,05,05,01,2640,FE,N,COUNTY ROUTE 520,,,,50,45,21,,,N,,116
2018132818-024386,MONMOUTH,MARLBORO TWP,07/24/2018,TU,1302,01,MARLBORO TWP PD,,0,0,0,0,P,B,N,N,02,2,US 9,N,9,,00000009__,120.19,02,,01,04,02,01,01,01,02,01,1000,FE,N,UNION HILL RD,,,,50,,26,,,N,,139
2018132818-024399,MONMOUTH,MARLBORO TWP,07/24/2018,TU,1439,01,MARLBORO TWP PD,,0,0,0,0,P,B,N,N,05,2,GORDONS CORNER RD,N,,,,,07,,03,04,02,01,01,01,05,01,500,FE,S,WYNCREST RD,,,,40,40,26,,,N,,128
2018132818-024578,MONMOUTH,MARLBORO TWP,07/26/2018,TH,1542,01,MARLBORO TWP PD,,0,0,0,0,P,B,N,N,02,2,US 9,N,9,,00000009__,121.00,02,,01,04,02,01,01,01,05,01,10,FE,S,,T,ROUTE 520,,55,,26,,,N,,127
2018132818-024594,MONMOUTH,MARLBORO TWP,07/26/2018,TH,1824,01,MARLBORO TWP PD,,0,0,0,0,P,B,N,N,01,2,NJ 79,S,79,,00000079__,5.47,02,,01,04,02,01,01,,05,01,15,FE,N,SCHOOL RD,,,,40,25,26,,,N,,109
2018132818-024606,MONMOUTH,MARLBORO TWP,07/26/2018,TH,2114,01,MARLBORO TWP PD,,0,0,0,0,P,B,N,N,12,1,NJ 79,S,79,,00000079__,5.93,02,,01,04,02,01,06,01,05,01,170,FE,N,STEVENSON DR,,,,50,25,24,,,N,,92
2018132818-024656,MONMOUTH,MARLBORO TWP,07/27/2018,FR,0913,01,MARLBORO TWP PD,,0,0,0,0,P,B,N,N,02,2,US 9,N,9,,00000009__,121.50,02,,01,04,02,01,01,01,01,01,150,FE,S,TEXAS RD,,,,50,40,26,,,N,,139
2018132818-024741,MONMOUTH,MARLBORO TWP,07/27/2018,FR,1832,01,MARLBORO TWP PD,,0,0,0,0,P,B,N,N,01,2,NJ 18,S,18,,00000018__,25.20,02,,01,04,02,01,01,01,05,01,,,N,,T,NJ 79,SB,65,,26,,,N,,130
2018132818-024834,MONMOUTH,MARLBORO TWP,07/28/2018,SA,1513,01,MARLBORO TWP PD,,0,1,0,0,I,I,N,N,03,2,MONMOUTH COUNTY 46,N,46,,13000046__,2.37,05,,01,04,02,01,01,01,05,01,,AT,,LECARRE DR,,,,45,25,26,,,N,,139
2018132818-024884,MONMOUTH,MARLBORO TWP,07/29/2018,SU,0242,01,MARLBORO TWP PD,,0,0,0,0,P,B,N,N,11,1,US 9,N,9,,00000009__,119.46,02,,01,04,02,01,06,01,02,01,30,FE,N,CLAYTON RD,,,,55,25,26,,,N,JERSEY LUBE SIGN IN FRONT OF 380 RT 9 N & NJDOT SIGN ON JERSEY LUBE PROPERTY,130
2018132818-024914,MONMOUTH,MARLBORO TWP,07/29/2018,SU,1111,01,MARLBORO TWP PD,,0,0,0,0,P,B,N,N,15,1,CANNONADE DRIVE,W,,,,,07,,01,04,02,01,01,01,05,01,100,FE,W,SECRETARIAT SQUARE,,,,25,25,39,,,N,,90
2018132818-024968,MONMOUTH,MARLBORO TWP,07/29/2018,SU,2045,01,MARLBORO TWP PD,,0,0,0,0,P,B,N,N,01,2,NJ 18,N,18,,00000018__,26.80,02,,01,04,02,01,05,01,01,01,,,,,,,,65,,26,,,N,,129
2018132818-024979,MONMOUTH,MARLBORO TWP,07/29/2018,SU,2204,01,MARLBORO TWP PD,MARLBORO,0,0,0,0,P,B,N,N,01,2,ROUTE 520,W,520,,00000520__,2.84,07,,01,04,02,01,06,01,05,01,20,FE,E,US 9,,,,45,55,26,,,N,,121
2018132818-024984,MONMOUTH,MARLBORO TWP,07/29/2018,SU,2256,01,MARLBORO TWP PD,,0,0,0,0,P,B,N,N,12,1,NJ 79,S,79,,00000079__,7.20,02,,01,04,02,01,05,01,05,01,2000,FE,N,ROUTE 520 / NEWMAN SPRINGS RD,,,,50,45,24,,,N,,113
2018132818-025055,MONMOUTH,MARLBORO TWP,07/30/2018,MO,1737,01,MARLBORO TWP PD,,0,0,0,0,P,B,N,N,11,1,ROUTE 520,E,520,,00000520__,3.09,07,,01,04,02,00,00,00,05,01,1320,FE,E,US 9,,,,45,55,61,,,N,MAILBOX OF 43 ROUTE 520 (JOAN PODSTAWSKI),128
2018132818-025375,MONMOUTH,MARLBORO TWP,08/02/2018,TH,0923,01,MARLBORO TWP PD,,0,0,0,0,P,B,N,N,01,2,ROUTE 520,E,520,,00000520__,6.66,07,,01,04,02,01,01,01,05,01,100,FE,W,NJ 79 / MAIN ST,,,,45,50,26,,,N,,90
2018132818-025424,MONMOUTH,MARLBORO TWP,08/02/2018,TH,1450,01,MARLBORO TWP PD,,0,0,0,0,P,I,N,N,02,2,BURLINGTON DRIVE,N,,,,,07,,01,04,02,01,01,01,05,01,,AT,,CAPE MAY DRIVE,,,,25,25,26,,,N,,70
2018132818-025670,MONMOUTH,MARLBORO TWP,08/04/2018,SA,1208,01,MARLBORO TWP PD,,0,0,0,0,P,B,N,N,01,2,US 9,S,9,,00000009__,119.50,02,,01,04,02,01,01,01,02,01,2640,FE,S,UNION HILL RD,,,,55,35,26,,,N,,141
2018132818-025809,MONMOUTH,MARLBORO TWP,08/05/2018,SU,1623,01,MARLBORO TWP PD,,0,2,0,0,I,B,N,N,01,2,NJ 18,N,18,,00000018__,30.00,02,,01,04,02,01,01,01,01,01,,,,,,,,55,,26,,,N,,127
2018132818-025819,MONMOUTH,MARLBORO TWP,08/05/2018,SU,1712,01,MARLBORO TWP PD,,0,1,0,0,I,I,N,N,03,2,US 9,N,9,,00000009__,120.97,02,,01,04,02,01,01,01,02,01,,AT,,ROUTE 520 / ROBERTSVILLE RD,,,,55,45,26,,,N,,116
2018132818-026125,MONMOUTH,MARLBORO TWP,08/08/2018,WE,1025,01,MARLBORO TWP PD,,0,1,0,0,I,B,N,N,02,3,US 9,N,9,,00000009__,120.25,02,,01,04,02,01,01,01,02,01,1320,FE,N,UNION HILL RD,,,,55,35,26,,,N,,
2018132818-026140,MONMOUTH,MARLBORO TWP,08/08/2018,WE,1225,01,MARLBORO TWP PD,,0,0,0,0,P,B,N,N,01,3,US 9,N,9,,00000009__,120.88,02,,01,04,02,01,01,01,02,01,500,FE,S,ROUTE 520 / ROBERTSVILLE RD,,,,55,45,26,,,N,,
2018132818-026141,MONMOUTH,MARLBORO TWP,08/08/2018,WE,1256,01,MARLBORO TWP PD,,0,1,0,0,I,B,N,N,01,2,US 9,N,9,,00000009__,120.96,02,,01,04,02,01,01,01,02,01,50,FE,S,ROUTE 520 / ROBERTSVILLE RD,,,,55,40,26,,,N,,127