Year(4)-CountyCode(2)-MunicipalityCode(2)-CaseNumber(9),County Name,Municipality Name,Crash Date,Crash Day of Week,Crash Time,Police Department Code,Police Department,Police Station,Total Killed,Total Injured,Pedestrians Killed,Pedestrians Injured,Severity,Intersection,Alcohol Involved,Hazmat Involved,Crash Type,Total Vehicles,Location,Location Direction,Route,Route Suffix,Std Rte Identifier,MilePost,Road System,Road Character,Road Horizontal Alignment,Road Grade,Road Surface Type,Surface Condition,Light Condition,Environmental Condition,Road Divided By,Temporary Traffic Control Zone,Distance To Cross Street,Unit Of Measurement,Direction From Cross Street,Cross Street Name,Is Ramp,Ramp To/From Route Name,Ramp To/From Route Direction,Posted Speed,Posted Speed Cross Street,First Harmful Event,Latitude,Longitude,Cell Phone In Use Flag,Other Property Damage,Reporting Badge No.
2018132818-026172,MONMOUTH,MARLBORO TWP,08/08/2018,WE,1806,01,MARLBORO TWP PD,,0,0,0,0,P,B,N,N,02,2,WYNCREST ROAD,N,,,,,07,,01,05,02,01,01,01,05,01,50,FE,S,SCHOOL ROAD WEST,,,,40,25,26,,,N,,116
2018132818-026173,MONMOUTH,MARLBORO TWP,08/08/2018,WE,1854,01,MARLBORO TWP PD,,0,0,0,0,P,B,N,N,02,2,CONOVER RD,W,,,,,07,,01,05,02,01,01,01,05,01,30,FE,E,NJ 79,,,,50,50,26,,,Y,,92
2018132818-026185,MONMOUTH,MARLBORO TWP,08/08/2018,WE,2200,01,MARLBORO TWP PD,,0,5,0,0,I,B,N,N,11,1,NJ 18,N,18,,00000018__,26.60,02,,01,04,02,02,06,05,01,01,,,,,,,,65,,60,,,N,TREES/GRASS/SHRUBS ALONGSIDE STATE HIGHWAY 18.,90
2018132818-026209,MONMOUTH,MARLBORO TWP,08/09/2018,TH,0912,01,MARLBORO TWP PD,,0,0,0,0,P,B,N,N,01,2,NJ 18,S,18,,00000018__,24.17,02,,01,04,02,01,01,01,01,01,200,FE,S,CR 46 / DUTCH LN,,,,65,45,26,,,N,,70
2018132818-026229,MONMOUTH,MARLBORO TWP,08/09/2018,TH,1304,01,MARLBORO TWP PD,,0,0,0,0,P,B,N,N,01,2,NJ 79,S,79,,00000079__,4.58,02,,01,04,02,01,01,01,05,01,300,FE,S,INVERNESS DR / RYAN RD,,,,50,35,26,,,N,,136
2018132818-026234,MONMOUTH,MARLBORO TWP,08/09/2018,TH,1403,01,MARLBORO TWP PD,,0,0,0,0,P,B,N,N,11,1,TEXAS ROAD,E,,,,,07,,01,04,02,01,01,01,05,01,1500,FE,E,SPRING VALLEY ROAD,,,,45,40,69,,,N,CABLE AND PHONE LINES PULLED DOWN FROM UTILITY POLE #BT2757MO,116
2018132818-026250,MONMOUTH,MARLBORO TWP,08/09/2018,TH,1653,01,MARLBORO TWP PD,,0,0,0,0,P,B,N,N,01,2,MONMOUTH COUNTY 3,N,3,,13000003__,9.34,05,,01,04,02,01,01,01,05,01,400,FE,S,NJ 79,,,,35,50,26,,,N,,92
2018132818-026253,MONMOUTH,MARLBORO TWP,08/09/2018,TH,1712,01,MARLBORO TWP PD,,0,0,0,0,P,B,N,N,11,1,NJ 18,N,18,,00000018__,25.10,02,,03,04,02,01,01,01,05,01,,,,,T,NJ 79,SB,65,,56,,,N,,136
2018132818-026255,MONMOUTH,MARLBORO TWP,08/09/2018,TH,1719,01,MARLBORO TWP PD,,0,2,0,0,I,B,N,N,01,2,US 9,N,9,,00000009__,121.50,02,,01,04,02,01,01,01,03,01,100,FE,S,TEXAS ROAD,,,,55,45,26,,,N,,127
2018132818-026292,MONMOUTH,MARLBORO TWP,08/10/2018,FR,0049,01,MARLBORO TWP PD,MARLBORO,0,0,0,0,P,B,N,N,01,2,NJ 18,N,18,,00000018__,28.60,02,,01,04,02,01,06,01,01,02,,,,,,,,65,,26,,,N,,120
2018132818-026331,MONMOUTH,MARLBORO TWP,08/10/2018,FR,1110,01,MARLBORO TWP PD,,0,0,0,0,P,B,N,N,01,2,18 ROUTE 9,N,,,,,09,,01,04,02,01,01,01,05,01,,,,,,,,,,26,,,N,,124
2018132818-026359,MONMOUTH,MARLBORO TWP,08/10/2018,FR,1413,01,MARLBORO TWP PD,,0,0,0,0,P,B,N,N,02,2,NJ 79,N,79,,00000079__,6.73,02,,01,04,02,01,01,01,04,01,500,FE,S,ROUTE 520 / NEWMAN SPRINGS RD,,,,50,45,26,,,N,,65
2018132818-026362,MONMOUTH,MARLBORO TWP,08/10/2018,FR,1504,01,MARLBORO TWP PD,,0,0,0,0,P,B,N,N,11,1,INVERNESS DRIVE,,,,,,07,,02,04,02,01,01,01,05,01,20,FE,W,PECAN VALLEY DRIVE,,,,25,25,61,,,N,MAILBOX AT #10 INVERNESS DRIVE,90
2018132818-026561,MONMOUTH,MARLBORO TWP,08/12/2018,SU,0848,01,MARLBORO TWP PD,,0,1,0,0,I,B,N,N,11,1,ROUTE 520,W,520,,00000520__,3.60,07,,01,04,02,01,01,01,05,01,50,FE,W,GINESI DR,,,,45,25,52,,,N,JCPL POLE # JC1710MO AND LAWN AREA OF IPPC PROPERTY,90
2018132818-026576,MONMOUTH,MARLBORO TWP,08/12/2018,SU,1227,01,MARLBORO TWP PD,,0,0,0,0,P,B,N,N,01,2,MONMOUTH COUNTY 3,N,3,,13000003__,5.89,05,,01,04,02,01,01,01,05,01,100,FE,N,ANGELIQUE CT,,,,40,25,26,,,N,,90
2018132818-026580,MONMOUTH,MARLBORO TWP,08/12/2018,SU,1307,01,MARLBORO TWP PD,,0,0,0,0,P,B,N,N,01,2,ROUTE 520,E,520,,00000520__,6.70,05,,01,04,02,01,01,01,05,01,80,FE,E,NJ 79 / MAIN ST,,,,40,50,26,,,N,,90
2018132818-026610,MONMOUTH,MARLBORO TWP,08/12/2018,SU,1738,01,MARLBORO TWP PD,,0,4,0,0,I,I,N,N,03,2,PLEASANT VALLEY RD,W,,,,,07,,01,04,02,01,01,01,05,01,,AT,,RIDGE RD,,,,35,25,26,,,N,,90
2018132818-026646,MONMOUTH,MARLBORO TWP,08/13/2018,MO,0737,01,MARLBORO TWP PD,,0,1,0,0,I,B,N,N,11,1,US 9,N,9,,00000009__,120.00,02,,01,06,02,02,01,02,05,01,,,,,T,UNION HILL ROAD,EB,55,,52,,,N,UTILITY POLE LOCATED ON CORNER OF RAMP AND UNION HILL RD WITH NO NUMBER,
2018132818-026652,MONMOUTH,MARLBORO TWP,08/13/2018,MO,0825,01,MARLBORO TWP PD,,0,0,0,0,P,B,Y,N,11,1,SPRING VALLEY ROAD,N,,,,,07,,01,04,02,02,01,02,05,01,500,FE,S,COUNCIL DRIVE,,,,40,25,52,,,N,DAMAGE TO UTILITY POLE JC1788M,116
2018132818-026665,MONMOUTH,MARLBORO TWP,08/13/2018,MO,1244,01,MARLBORO TWP PD,,0,0,0,0,P,B,N,N,15,1,HARBOR RD,W,,,,,07,,01,04,02,02,01,02,05,01,25,FE,W,NJ 79,,,,35,50,39,,,N,LAWN/LANDSCAPING ROCK OF 285 ROUTE 79,128
2018132818-026668,MONMOUTH,MARLBORO TWP,08/13/2018,MO,1324,01,MARLBORO TWP PD,,0,0,0,0,P,B,N,N,02,2,ROUTE 520,E,520,,00000520__,2.93,07,,01,04,02,02,01,02,05,01,500,FE,E,US 9,,,,45,55,26,,,N,,116
2018132818-026689,MONMOUTH,MARLBORO TWP,08/13/2018,MO,1843,01,MARLBORO TWP PD,MARLBORO POLICE,0,0,0,0,P,B,N,N,01,2,US 9,N,9,,00000009__,120.00,02,,03,04,02,01,01,01,01,,,,,,T,UNION HILL ROAD,WB,55,,26,,,N,,109
2018132818-026716,MONMOUTH,MARLBORO TWP,08/14/2018,TU,0656,01,MARLBORO TWP PD,,0,0,0,0,P,I,N,N,02,2,FALSON LANE,N,,,,,07,,01,04,02,01,01,01,05,01,,AT,,TEXAS ROAD,,,,45,35,26,,,N,,65
2018132818-026737,MONMOUTH,MARLBORO TWP,08/14/2018,TU,0949,01,MARLBORO TWP PD,,0,0,0,0,P,B,N,N,01,2,ROUTE 520,W,520,,00000520__,2.84,07,,01,04,02,01,01,01,05,01,10,FE,E,US 9,,,,45,55,26,,,N,,116
2018132818-026876,MONMOUTH,MARLBORO TWP,08/15/2018,WE,0906,01,MARLBORO TWP PD,,0,0,0,0,P,B,N,N,01,2,US 9,S,9,,00000009__,120.00,02,,01,06,02,01,01,01,05,01,,,,,T,UNION HILL ROAD,WB,55,,26,,,N,,90
2018132818-026890,MONMOUTH,MARLBORO TWP,08/15/2018,WE,1124,01,MARLBORO TWP PD,,0,0,0,0,P,B,N,N,06,2,ORIEL WAY,E,,,,,07,,01,04,02,01,01,01,05,02,30,FE,E,BISHOP COURT,,,,25,25,26,,,N,,90
2018132818-027019,MONMOUTH,MARLBORO TWP,08/16/2018,TH,1507,01,MARLBORO TWP PD,,0,0,0,0,P,I,N,N,02,2,NJ 79,S,79,,00000079__,4.93,02,,01,04,02,01,01,01,01,01,,AT,,STEEPLECHASE DR,,,,45,25,26,,,N,,90
2018132818-027034,MONMOUTH,MARLBORO TWP,08/16/2018,TH,1913,01,MARLBORO TWP PD,,0,0,0,0,P,B,N,N,02,2,ROUTE 520,E,520,,00000520__,7.85,05,,01,06,02,01,03,01,05,01,2,FE,W,BOUNDRY RD / CONOVER RD,,,,45,35,26,,,N,,136
2018132818-027038,MONMOUTH,MARLBORO TWP,08/16/2018,TH,1953,01,MARLBORO TWP PD,,0,0,0,0,P,B,N,N,01,2,NJ 79,S,79,,00000079__,10.15,02,,01,04,02,01,01,01,05,01,150,FE,S,CHURCH LN,,,,40,25,26,,,N,,139
2018132818-027113,MONMOUTH,MARLBORO TWP,08/17/2018,FR,1242,01,MARLBORO TWP PD,,0,2,0,0,I,B,N,N,01,2,NJ 79,N,79,,00000079__,4.26,02,,01,04,02,01,01,01,05,01,800,FE,N,OLD MILL RD,,,,50,25,26,,,N,,116
2018132818-027140,MONMOUTH,MARLBORO TWP,08/17/2018,FR,1618,01,MARLBORO TWP PD,,0,0,0,0,P,B,N,N,01,2,NJ 79,N,79,,00000079__,4.62,02,,01,05,02,01,01,01,05,01,100,FE,S,INVERNESS DR / RYAN RD,,,,50,25,26,,,N,,83
2018132818-027157,MONMOUTH,MARLBORO TWP,08/17/2018,FR,1739,01,MARLBORO TWP PD,,0,0,0,0,P,B,N,N,01,2,NJ 79,S,79,,00000079__,4.90,02,,01,04,02,01,01,01,01,01,150,FE,S,STEEPLECHASE DR,,,,50,25,26,,,N,,116
2018132818-027216,MONMOUTH,MARLBORO TWP,08/18/2018,SA,0906,01,MARLBORO TWP PD,,0,0,0,0,P,B,N,N,02,2,SCHOOL RD E,E,,,13091159__,3.46,07,,01,04,02,01,01,01,05,01,10,FE,W,NJ 79,,,,25,45,26,,,N,,128
2018132818-027335,MONMOUTH,MARLBORO TWP,08/19/2018,SU,1406,01,MARLBORO TWP PD,,0,2,0,0,I,B,N,N,01,2,UNION HILL RD,E,,,13261531__,1.33,07,,01,04,02,02,01,02,05,01,20,FE,E,BRYANT DRIVE,,,,35,25,26,,,N,,116
2018132818-027416,MONMOUTH,MARLBORO TWP,08/20/2018,MO,1103,01,MARLBORO TWP PD,,0,1,0,0,I,B,N,N,01,3,ROUTE 520,E,520,,00000520__,6.72,05,,01,04,02,01,01,05,05,01,200,FE,E,NJ 79 / MAIN ST,,,,45,50,26,,,N,,
2018132818-027417,MONMOUTH,MARLBORO TWP,08/20/2018,MO,1116,01,MARLBORO TWP PD,,0,0,0,0,P,I,N,N,03,2,MONMOUTH COUNTY 3,N,3,,13000003__,6.34,05,,01,04,02,01,01,01,05,01,,AT,,AMBOY RD,,,,40,40,26,,,N,,81
2018132818-027448,MONMOUTH,MARLBORO TWP,08/20/2018,MO,1620,01,MARLBORO TWP PD,,0,1,0,0,I,B,N,N,01,2,US 9,S,9,,00000009__,120.93,02,,01,04,02,01,01,01,02,01,200,FE,S,ROUTE 520 / ROBERTSVILLE RD,,,,55,45,26,,,N,,126
2018132818-027592,MONMOUTH,MARLBORO TWP,08/21/2018,TU,1921,01,MARLBORO TWP PD,,0,0,0,0,P,B,N,N,08,2,LOTTA BURKE WAY,,,,,,07,,01,04,02,01,01,01,05,01,,,,,,,,15,,26,,,N,,130
2018132818-027632,MONMOUTH,MARLBORO TWP,08/22/2018,WE,0816,01,MARLBORO TWP PD,,0,0,0,0,P,B,N,N,11,1,2 HUDSON STREET,,,,,,09,,01,04,02,01,01,01,05,01,,,,,,,,,,69,,,N,UTILITY WIRES COMING FROM POLE # JC340MAR,116
2018132818-027704,MONMOUTH,MARLBORO TWP,08/22/2018,WE,1823,01,MARLBORO TWP PD,,0,0,0,0,P,B,N,N,15,1,NJ 18,S,18,,00000018__,27.60,02,,01,04,02,01,01,01,01,01,,,,,,,,65,,39,,,N,,129
2018132818-027727,MONMOUTH,MARLBORO TWP,08/23/2018,TH,0007,01,MARLBORO TWP PD,,0,1,0,1,I,B,N,N,13,1,NJ 18,S,18,,00000018__,28.40,02,,01,04,02,01,06,01,01,02,,,,,,,,65,,22,,,N,,109
2018132818-027789,MONMOUTH,MARLBORO TWP,08/23/2018,TH,1558,01,MARLBORO TWP PD,,0,1,0,0,I,B,N,N,11,1,SCHOOL RD E,N,,,13091159__,3.55,07,,01,04,02,01,01,01,05,01,500,FE,E,NJ 79,,,,35,45,58,,,N,,136
2018132818-027843,MONMOUTH,MARLBORO TWP,08/24/2018,FR,0659,01,MARLBORO TWP PD,,0,1,0,0,I,I,N,N,03,2,MONMOUTH COUNTY 46,W,46,,13000046__,3.85,05,,01,04,02,01,01,01,05,01,,AT,,BOUNDARY RD / CEDAR DR,,,,45,40,26,,,N,280 BOUNDRY RD LAWN DAMAGE,70
2018132818-027893,MONMOUTH,MARLBORO TWP,08/24/2018,FR,1121,01,MARLBORO TWP PD,,0,0,0,0,P,B,N,N,15,1,SPRING VALLEY ROAD,W,,,,,07,,01,04,02,01,01,01,05,01,500,FE,E,COUNCIL DRIVE,,,,35,15,39,,,N,GUIDE WIRE FOR JERSEY CENTRAL POLE NUMBER JC 1787MO.,81
2018132818-028033,MONMOUTH,MARLBORO TWP,08/25/2018,SA,1212,01,MARLBORO TWP PD,,0,0,0,0,P,B,N,N,01,2,UNION HILL RD,E,,,13261531__,2.80,07,,01,05,02,01,01,01,05,01,30,FE,W,CR 3,,,,35,40,26,,,N,,130
2018132818-028141,MONMOUTH,MARLBORO TWP,08/26/2018,SU,0957,01,MARLBORO TWP PD,,0,0,0,0,P,B,N,N,12,1,VANDERBURG ROAD,E,,,,,07,,01,04,02,01,01,01,05,01,150,FE,E,TIMBER LANE,,,,40,25,24,,,N,,81
2018132818-028157,MONMOUTH,MARLBORO TWP,08/26/2018,SU,1135,01,MARLBORO TWP PD,,0,0,0,0,P,B,N,N,02,2,SPRING VALLEY RD,E,,,,,07,,01,04,02,01,01,01,,,10,FE,W,CR 3,,,,35,40,26,,,N,,130
2018132818-028194,MONMOUTH,MARLBORO TWP,08/26/2018,SU,1754,01,MARLBORO TWP PD,,0,0,0,0,P,B,N,N,01,2,NJ 18,N,18,,00000018__,25.80,02,,01,04,02,01,03,05,01,01,,,,,,,,65,,26,,,N,,135
2018132818-028210,MONMOUTH,MARLBORO TWP,08/26/2018,SU,2101,01,MARLBORO TWP PD,,0,2,0,0,I,B,N,N,01,2,NJ 18,S,18,,00000018__,26.20,02,,01,04,02,01,05,01,01,01,,,,,,,,65,,26,,,N,GUARD RAIL,131
2018132818-028258,MONMOUTH,MARLBORO TWP,08/27/2018,MO,0959,01,MARLBORO TWP PD,,0,0,0,0,P,B,N,N,01,2,US 9,N,9,,00000009__,120.97,02,,01,04,02,01,01,01,03,01,20,FE,N,ROUTE 520 / ROBERTSVILLE RD,,,,55,40,26,,,N,,127
2018132818-028267,MONMOUTH,MARLBORO TWP,08/27/2018,MO,1041,01,MARLBORO TWP PD,,0,1,0,0,I,B,N,N,01,2,US 9,S,9,,00000009__,120.00,02,,01,04,02,01,01,01,02,01,,,,,,UNION HILL ROAD,WB,55,,26,,,N,,127
2018132818-028307,MONMOUTH,MARLBORO TWP,08/27/2018,MO,2025,01,MARLBORO TWP PD,,0,0,0,0,P,I,N,N,02,2,ROUTE 520,,520,,00000520__,5.23,07,,01,04,02,01,06,01,05,01,,AT,,GORDONS CORNER RD,,,,45,40,26,,,N,,134
2018132818-028404,MONMOUTH,MARLBORO TWP,08/28/2018,TU,1806,01,MARLBORO TWP PD,,0,0,0,0,P,B,N,N,01,2,NJ 79,S,79,,00000079__,4.64,02,,01,04,02,01,01,01,05,01,25,FE,E,INVERNESS DR / RYAN RD,,,,50,25,26,,,N,,141
2018132818-028442,MONMOUTH,MARLBORO TWP,08/29/2018,WE,0823,01,MARLBORO TWP PD,,0,0,0,0,P,B,N,N,01,2,NJ 18,S,18,,00000018__,25.10,02,,01,04,02,01,01,01,05,01,,,,,T,NJ 79,SB,65,,26,,,N,,135
2018132818-028527,MONMOUTH,MARLBORO TWP,08/29/2018,WE,2109,01,MARLBORO TWP PD,,0,0,0,0,P,B,N,N,12,1,RYAN RD,W,,,,,07,,01,04,02,01,07,01,05,01,150,FE,W,ELISA DR,,,,35,25,24,,,N,,130
2018132818-028563,MONMOUTH,MARLBORO TWP,08/30/2018,TH,0904,01,MARLBORO TWP PD,,0,0,0,0,P,B,N,N,02,2,NJ 79,N,79,,00000079__,6.73,02,,01,04,02,01,01,01,05,01,500,FE,S,ROUTE 520 / NEWMAN SPRINGS RD,,,,50,45,26,,,N,,70
2018132818-028573,MONMOUTH,MARLBORO TWP,08/30/2018,TH,1118,01,MARLBORO TWP PD,,0,0,0,0,P,I,N,N,11,1,MONMOUTH COUNTY 3,S,3,,13000003__,9.15,05,,02,04,02,01,01,01,05,01,,AT,,GREENWOOD RD,,,,35,35,56,,,N,SEE NARRATIVE.,137
2018132818-028843,MONMOUTH,MARLBORO TWP,09/01/2018,SA,1540,01,MARLBORO TWP PD,,0,1,0,0,I,I,N,N,99,1,MONMOUTH COUNTY 46,,46,,13000046__,3.42,05,,01,04,02,09,01,01,05,01,,AT,,SCHOOL RD E,,,,45,35,39,,,N,,126
2018132818-028865,MONMOUTH,MARLBORO TWP,09/01/2018,SA,1944,01,MARLBORO TWP PD,,0,2,0,0,I,B,N,N,07,2,NJ 79,S,79,,00000079__,5.43,02,,01,04,02,01,07,01,05,01,200,FE,S,SCHOOL RD,,,,50,25,26,,,N,,131
2018132818-028903,MONMOUTH,MARLBORO TWP,09/02/2018,SU,0916,01,MARLBORO TWP PD,,0,0,0,0,P,B,N,N,11,1,MONMOUTH COUNTY 3,S,3,,13000003__,8.68,05,,01,04,02,01,01,01,05,01,1320,FE,N,WOOLEYTOWN RD,,,,35,35,52,,,N,POLE JC687MAR,128
2018132818-028904,MONMOUTH,MARLBORO TWP,09/02/2018,SU,0927,01,MARLBORO TWP PD,,0,0,0,0,P,B,N,N,02,2,NJ 79,S,79,,00000079__,4.17,02,,01,06,02,01,01,01,05,01,300,FE,N,OLD MILL RD,,,,50,25,26,,,N,,136
2018132818-028915,MONMOUTH,MARLBORO TWP,09/02/2018,SU,1222,01,MAPLEWOOD PD,MARLBORO POLICE,0,0,0,0,P,B,N,N,01,2,MONMOUTH COUNTY 3,,3,,13000003__,9.10,05,,01,04,02,01,01,01,05,01,250,FE,W,GREENWOOD RD,,,,35,35,26,,,N,,119
2018132818-028930,MONMOUTH,MARLBORO TWP,09/02/2018,SU,1539,01,MARLBORO TWP PD,,0,4,0,0,I,I,N,N,03,2,GREENWOOD RD **,E,,,13281059__,.55,07,,01,04,02,01,01,01,05,01,,AT,,TEXAS RD,,,,45,35,26,,,N,,127
2018132818-029006,MONMOUTH,MARLBORO TWP,09/03/2018,MO,1114,01,MARLBORO TWP PD,,0,0,0,0,P,B,N,N,08,2,280 RT 9 NORTH,,,,,,09,,01,06,02,01,01,01,05,01,,,,,,,,15,,26,,,N,,58
2018132818-029028,MONMOUTH,MARLBORO TWP,09/03/2018,MO,1448,01,MARLBORO TWP PD,,0,3,0,0,I,I,N,N,03,2,GREENWOOD RD **,W,,,13281059__,.55,07,,01,04,02,01,01,01,05,01,,AT,,TEXAS RD,,,,45,35,26,,,N,,137
2018132818-029033,MONMOUTH,MARLBORO TWP,09/03/2018,MO,1626,01,MARLBORO TWP PD,,0,0,0,0,P,B,N,N,01,2,NJ 18,N,18,,00000018__,29.60,02,,01,04,02,01,01,01,01,01,,,,,,,,65,,26,,,N,,127
2018132818-029035,MONMOUTH,MARLBORO TWP,09/03/2018,MO,1652,01,MARLBORO TWP PD,,0,0,0,0,P,B,N,N,01,3,NJ 18,N,18,,00000018__,27.60,02,,01,04,02,01,01,01,01,01,,,,,,,,65,,26,,,N,,
2018132818-029201,MONMOUTH,MARLBORO TWP,09/05/2018,WE,0835,01,MARLBORO TWP PD,,0,1,0,0,I,B,N,N,01,2,MONMOUTH COUNTY 46,W,46,,13000046__,3.52,05,,01,04,02,01,01,01,05,01,25,FE,E,CAITLIN DR,,,,45,25,26,,,N,,128
2018132818-029326,MONMOUTH,MARLBORO TWP,09/06/2018,TH,1331,01,MARLBORO TWP PD,,0,1,0,0,I,B,N,N,01,2,MONMOUTH COUNTY 3,N,3,,13000003__,9.15,05,,01,04,02,01,01,01,05,01,25,FE,S,GREENWOOD RD,,,,35,35,26,,,N,,128
2018132818-029469,MONMOUTH,MARLBORO TWP,09/07/2018,FR,1804,01,MARLBORO TWP PD,,0,0,0,0,P,B,N,N,01,2,US 9,S,9,,00000009__,121.40,02,,01,04,02,01,01,01,03,01,,,,,,,,55,,26,,,N,,90
2018132818-029495,MONMOUTH,MARLBORO TWP,09/08/2018,SA,0221,01,MARLBORO TWP PD,,0,0,0,0,P,B,N,N,11,1,US 9,S,9,,00000009__,119.50,02,,01,04,02,02,06,02,02,01,,,S,,,,,55,,56,,,N,GRASS AND SIGN DAMAGE TO 455 RT 9 SOUTH/MAILBOX DAMAGE TO 425 RT 9 SOUTH,139
2018132818-029614,MONMOUTH,MARLBORO TWP,09/09/2018,SU,1157,01,MARLBORO TWP PD,,0,1,0,0,I,B,N,N,01,2,US 9,S,9,,00000009__,120.00,02,,03,06,02,02,01,02,05,01,,,,,T,UNION HILL ROAD,WB,55,,26,,,N,,122
2018132818-029622,MONMOUTH,MARLBORO TWP,09/09/2018,SU,1708,01,MARLBORO TWP PD,,0,0,0,0,P,I,N,N,11,1,MONMOUTH COUNTY 3,,3,,13000003__,5.81,05,,01,04,02,02,01,02,05,01,,AT,,UNION HILL RD,,,,45,35,50,,,N,DAMAGE TO FENCE AT 395 TENNET ROAD. DAMAGE TO NO STANDING SIGN.,126
2018132818-029748,MONMOUTH,MARLBORO TWP,09/11/2018,TU,0739,01,MARLBORO TWP PD,,0,1,0,0,I,I,N,N,14,1,SCHOOL RD E,N,,,13091159__,4.76,07,,01,05,02,02,01,04,05,01,,AT,,WYNCREST RD,,,,25,35,26,,,N,,116
2018132818-029777,MONMOUTH,MARLBORO TWP,09/11/2018,TU,1215,01,MARLBORO TWP PD,,0,3,0,0,I,B,N,N,01,4,NJ 79,N,79,,00000079__,4.14,02,,01,04,02,02,01,05,05,01,150,FE,N,OLD MILL RD,,,,50,25,26,,,N,SEE NARATIVE,
2018132818-029939,MONMOUTH,MARLBORO TWP,09/12/2018,WE,1903,01,MARLBORO TWP PD,,0,0,0,0,P,B,N,N,01,2,MONMOUTH COUNTY 3,N,3,,13000003__,5.99,05,,01,04,02,02,01,02,05,01,5,FE,S,ROUTE 520,,,,40,45,26,,,N,,83
2018132818-029974,MONMOUTH,MARLBORO TWP,09/13/2018,TH,0728,01,MARLBORO TWP PD,,0,1,0,0,I,B,N,N,02,2,NJ 18,S,18,,00000018__,27.20,02,,01,04,02,02,01,04,03,01,,,,,,,,65,,26,,,N,,137
2018132818-029992,MONMOUTH,MARLBORO TWP,09/13/2018,TH,1037,01,MARLBORO TWP PD,,0,0,0,0,P,B,N,N,11,1,ROUTE 520,W,520,,00000520__,6.69,05,,01,04,02,02,01,05,05,01,60,FE,E,NJ 79 / MAIN ST,,,,40,50,56,,,N,LAWN AND STORE SIGNS AT 460 RT. 520  MARLBORO CENTER.,90
2018132818-029996,MONMOUTH,MARLBORO TWP,09/13/2018,TH,1109,01,MARLBORO TWP PD,,0,0,0,0,P,B,N,N,01,2,TOWNSHIP DRIVE,E,,,,,07,,01,04,02,02,01,05,05,01,15,FE,W,WYNCREST RD,,,,15,35,26,,,N,,90
2018132818-030058,MONMOUTH,MARLBORO TWP,09/13/2018,TH,2336,01,MARLBORO TWP PD,,0,1,0,0,I,B,N,N,04,2,US 9,N,9,,00000009__,120.03,02,,00,00,02,01,06,01,01,,150,FE,N,UNION HILL RD,,,,55,35,26,,,N,,
2018132818-030189,MONMOUTH,MARLBORO TWP,09/15/2018,SA,2319,01,MARLBORO TWP PD,,0,0,0,0,P,B,N,N,11,1,SPRING VALLEY ROAD,W,,,,,07,,01,04,02,01,05,01,05,,1000,FE,N,TEXAS ROAD,,,,40,40,26,,,N,,138
2018132818-030255,MONMOUTH,MARLBORO TWP,09/15/2018,SA,1521,01,MARLBORO TWP PD,,0,0,0,0,P,B,N,N,01,2,MONMOUTH COUNTY 3,,3,,13000003__,6.24,05,,01,04,02,01,01,01,05,01,1320,FE,N,ROUTE 520,,,,40,45,,,,N,,119
2018132818-030367,MONMOUTH,MARLBORO TWP,09/16/2018,SU,1241,01,MARLBORO TWP PD,,0,0,0,0,P,B,N,N,02,2,MONMOUTH COUNTY 3,S,3,,13000003__,6.00,05,,01,04,02,01,01,01,05,,50,FE,N,ROUTE 520,,,,40,45,26,,,N,,130
2018132818-030464,MONMOUTH,MARLBORO TWP,09/17/2018,MO,1634,01,MARLBORO TWP PD,,0,2,0,0,I,B,N,N,11,1,UNION HILL RD,E,,,13261531__,2.30,07,,01,04,02,01,01,01,05,01,150,FE,E,WILLOW LN,,,,35,35,52,,,N,JCPL POLE # JC1404MAR,90
2018132818-030468,MONMOUTH,MARLBORO TWP,09/17/2018,MO,1716,01,MARLBORO TWP PD,,0,1,0,0,I,B,N,N,01,2,ROUTE 520,W,520,,00000520__,3.02,07,,01,04,02,01,01,01,05,01,500,FE,E,KENDUCK DR,,,,40,15,26,,,N,,129
2018132818-030481,MONMOUTH,MARLBORO TWP,09/17/2018,MO,1935,01,MARLBORO TWP PD,,0,0,0,0,P,B,N,N,01,2,ROUTE 520,W,520,,00000520__,3.99,07,,01,04,02,01,06,01,05,01,20,FE,E,NJ 3 / TENNENT RD,,,,45,40,26,,,N,,130
2018132818-030522,MONMOUTH,MARLBORO TWP,09/18/2018,TU,0740,01,MARLBORO TWP PD,,0,0,0,0,P,B,N,N,01,2,ROUTE 520,W,520,,00000520__,5.87,07,,01,04,02,01,01,01,05,01,40,FE,W,WYNCREST RD,,,,45,,26,,,N,,90
2018132818-030552,MONMOUTH,MARLBORO TWP,09/18/2018,TU,1152,01,MARLBORO TWP PD,,0,1,0,0,I,B,N,N,11,1,ROUTE 520,W,520,,00000520__,5.87,07,,01,04,02,02,01,02,05,01,60,FE,W,WYNCREST RD,,,,45,35,60,,,N,,90
2018132818-030570,MONMOUTH,MARLBORO TWP,09/18/2018,TU,1559,01,MARLBORO TWP PD,,0,0,0,0,P,I,N,N,03,2,ROUTE 520,,520,,00000520__,3.90,07,,01,04,02,01,01,01,05,01,,AT,,CAMPUS DRIVE,,,,45,,26,,,N,,126
2018132818-030571,MONMOUTH,MARLBORO TWP,09/18/2018,TU,1609,01,MARLBORO TWP PD,,0,0,0,0,P,I,N,N,03,2,HUDSON ST **,N,,,13281018__,.14,07,,01,04,02,01,01,01,05,01,,AT,,CR 4 I / VANDERBURG RD,,,,25,40,26,,,N,,97