Year(4)-CountyCode(2)-MunicipalityCode(2)-CaseNumber(9),County Name,Municipality Name,Crash Date,Crash Day of Week,Crash Time,Police Department Code,Police Department,Police Station,Total Killed,Total Injured,Pedestrians Killed,Pedestrians Injured,Severity,Intersection,Alcohol Involved,Hazmat Involved,Crash Type,Total Vehicles,Location,Location Direction,Route,Route Suffix,Std Rte Identifier,MilePost,Road System,Road Character,Road Horizontal Alignment,Road Grade,Road Surface Type,Surface Condition,Light Condition,Environmental Condition,Road Divided By,Temporary Traffic Control Zone,Distance To Cross Street,Unit Of Measurement,Direction From Cross Street,Cross Street Name,Is Ramp,Ramp To/From Route Name,Ramp To/From Route Direction,Posted Speed,Posted Speed Cross Street,First Harmful Event,Latitude,Longitude,Cell Phone In Use Flag,Other Property Damage,Reporting Badge No.
2018132818-035009,MONMOUTH,MARLBORO TWP,10/28/2018,SU,1214,01,MARLBORO TWP PD,,0,0,0,0,P,I,N,N,04,2,CHURCH RD **,E,,,13281177__,1.08,07,,01,04,02,01,01,01,05,01,,AT,,GORDONS CORNER RD,,,,40,25,26,,,N,,136
2018132818-035044,MONMOUTH,MARLBORO TWP,10/28/2018,SU,1752,01,MARLBORO TWP PD,,0,1,0,0,I,B,Y,N,11,1,MONMOUTH COUNTY 3,N,3,,13000003__,5.11,05,,01,06,02,01,03,01,05,01,250,FE,N,BAUERS LN,,,,40,25,52,,,N,UTILITY POLE,131
2018132818-035051,MONMOUTH,MARLBORO TWP,10/28/2018,SU,1932,01,MARLBORO TWP PD,,1,0,1,0,F,I,N,N,13,1,TEXAS RD,E,,,13281044__,.40,07,,01,04,02,01,06,01,05,01,,AT,,MILLPONDS WAY,,,,45,15,22,,,N,,116
2018132818-035081,MONMOUTH,MARLBORO TWP,10/29/2018,MO,0759,01,MARLBORO TWP PD,,0,0,0,0,P,B,N,N,99,3,ROUTE 520,W,520,,00000520__,6.69,05,,01,04,02,02,01,01,05,,50,FE,E,NJ 79 / MAIN ST,,,,40,45,26,,,N,,
2018132818-035142,MONMOUTH,MARLBORO TWP,10/29/2018,MO,1721,01,MARLBORO TWP PD,,0,2,0,0,I,I,N,N,03,3,GREENWOOD RD **,W,,,13281059__,.55,07,,01,04,02,01,01,01,05,01,,AT,,TEXAS RD,,,,40,40,26,,,N,,
2018132818-035152,MONMOUTH,MARLBORO TWP,10/29/2018,MO,1912,01,MARLBORO TWP PD,,0,0,0,0,P,B,N,N,02,2,MONMOUTH COUNTY 3,N,3,,13000003__,6.01,05,,01,04,02,01,07,01,05,01,100,FE,N,ROUTE 520,,,,40,45,26,,,N,,129
2018132818-035242,MONMOUTH,MARLBORO TWP,10/30/2018,TU,1512,01,MARLBORO TWP PD,,0,0,0,0,P,B,N,N,11,1,MAYWOOD DR **,N,,,13281061__,.38,07,,01,04,02,01,01,01,05,01,30,FE,N,NEWTON ST,,,,25,25,56,,,N,FRONT LAWN OF #8 MAYWOOD DRIVE,90
2018132818-035245,MONMOUTH,MARLBORO TWP,10/30/2018,TU,1521,01,MARLBORO TWP PD,,0,2,0,0,I,B,N,N,01,2,NJ 79,N,79,,00000079__,9.70,02,,01,04,02,01,01,01,05,01,100,FE,S,BEACON HILL RD,,,,50,35,26,,,N,,70
2018132818-035251,MONMOUTH,MARLBORO TWP,10/30/2018,TU,1626,01,MARLBORO TWP PD,,0,0,0,0,P,B,N,N,01,2,MONMOUTH COUNTY 3,N,3,,13000003__,5.86,05,,01,04,02,01,01,01,05,01,40,FE,S,ANGELIQUE CT,,,,40,25,26,,,N,,90
2018132818-035254,MONMOUTH,MARLBORO TWP,10/30/2018,TU,1742,01,MARLBORO TWP PD,,0,1,0,0,I,I,N,N,04,2,ENCLOSURE DR **,E,,,13281341__,.00,07,,01,04,02,01,03,01,05,01,,AT,,TEXAS RD,,,,40,25,26,,,N,,90
2018132818-035360,MONMOUTH,MARLBORO TWP,10/31/2018,WE,1343,01,MARLBORO TWP PD,,0,0,0,0,P,B,N,N,12,1,NJ 18,N,18,,00000018__,26.60,02,,01,04,02,01,01,01,01,01,,,,,,,,65,,24,,,N,,136
2018132818-035384,MONMOUTH,MARLBORO TWP,10/31/2018,WE,1619,01,MARLBORO TWP PD,,0,0,0,0,P,I,N,N,03,2,NJ 79,S,79,,00000079__,5.58,02,,01,04,02,01,01,01,05,01,,AT,,NJ 4 / VANDERBURG RD,,,,40,25,26,,,N,,136
2018132818-035401,MONMOUTH,MARLBORO TWP,10/31/2018,WE,1915,01,MARLBORO TWP PD,,0,0,0,0,P,B,N,N,12,1,WYNCREST RD,N,,,,,07,,01,04,02,01,06,01,05,01,100,FE,N,TOWNSHIP DRIVE,,,,35,15,24,,,N,,124
2018132818-035416,MONMOUTH,MARLBORO TWP,10/31/2018,WE,2100,01,MARLBORO TWP PD,,0,0,0,0,P,B,N,N,12,1,NJ 79,S,79,,00000079__,6.91,02,,01,05,02,01,07,01,04,01,500,FE,N,ROUTE 520 / NEWMAN SPRINGS RD,,,,55,45,24,,,N,,131
2018132818-035428,MONMOUTH,MARLBORO TWP,10/31/2018,WE,2259,01,MARLBORO TWP PD,,0,0,0,0,P,B,N,N,12,1,NJ 18,N,18,,00000018__,28.75,02,,01,04,02,01,06,01,01,,750,FE,N,CR 3 / TENNENT RD,,,,65,40,24,,,N,,138
2018132818-035432,MONMOUTH,MARLBORO TWP,10/31/2018,WE,2347,01,MARLBORO TWP PD,,0,0,0,0,P,B,N,N,12,1,NJ 79,S,79,,00000079__,6.22,02,,03,06,02,01,07,01,05,01,500,FE,S,GIRARD ST,,,,55,25,24,,,N,,131
2018132818-035462,MONMOUTH,MARLBORO TWP,11/01/2018,TH,0749,01,MARLBORO TWP PD,,0,0,0,0,P,B,N,N,01,2,CONOVER RD **,W,,,13281683__,2.21,07,,01,05,02,01,01,01,05,01,10,FE,E,NJ 79,,,,50,50,26,,,N,,87
2018132818-035512,MONMOUTH,MARLBORO TWP,11/01/2018,TH,1452,01,MARLBORO TWP PD,,0,0,0,0,P,I,N,N,03,2,TEXAS RD,W,,,13281044__,2.30,07,,01,04,02,01,01,01,05,01,,AT,,WOOLEYTOWN RD / FALSON  LN,,,,45,35,26,,,N,,87
2018132818-035523,MONMOUTH,MARLBORO TWP,11/01/2018,TH,1611,01,MARLBORO TWP PD,,0,0,0,0,P,B,N,N,15,1,NJ 18,S,18,,00000018__,25.29,02,,01,04,02,01,01,01,01,01,500,FE,N,NJ 79,,,,65,45,39,,,N,,128
2018132818-035531,MONMOUTH,MARLBORO TWP,11/01/2018,TH,1750,01,MARLBORO TWP PD,,0,0,0,0,P,B,N,N,11,1,NOLAN RD **,,,,13281003__,.00,07,,02,06,02,01,05,01,05,01,750,FE,W,REIDS HILL RD,,,,30,30,60,,,N,,134
2018132818-035540,MONMOUTH,MARLBORO TWP,11/01/2018,TH,1953,01,MARLBORO TWP PD,,0,0,0,0,P,B,N,N,12,1,NJ 79,N,79,,00000079__,7.62,02,,01,06,02,01,07,01,05,01,500,FE,S,WYNCREST RD,,,,50,40,24,,,N,,125
2018132818-035590,MONMOUTH,MARLBORO TWP,11/02/2018,FR,0849,01,MARLBORO TWP PD,,0,0,0,0,P,B,N,N,11,1,CARTER DR **,S,,,13281259__,.00,07,,03,04,02,01,01,01,05,01,300,FE,S,ROUTE 520,,,,25,45,56,,,N,CURB AND FRONT LAWN AREA OF 16 CARTER DRIVE  JCPL STREET LIGHT #544,90
2018132818-035660,MONMOUTH,MARLBORO TWP,11/02/2018,FR,2011,01,MARLBORO TWP PD,,0,0,0,0,P,B,N,N,01,2,HARTMAN RD **,S,,,13281011__,.00,07,,01,04,02,02,06,02,05,01,25,FE,N,ROUTE 520 / ROBERTSVILLE RD,,,,50,45,26,,,N,,133
2018132818-035689,MONMOUTH,MARLBORO TWP,11/03/2018,SA,0400,01,MARLBORO TWP PD,,0,0,0,0,P,B,N,N,11,1,ROUTE 520,W,520,,00000520__,8.13,05,,01,04,02,02,05,02,05,01,1500,FE,E,BOUNDRY RD / CONOVER RD,,,,50,40,26,,,N,POLE # JC75MAR,130
2018132818-035729,MONMOUTH,MARLBORO TWP,11/03/2018,SA,1436,01,MARLBORO TWP PD,,0,4,0,0,I,I,N,N,03,2,VANDERBURG RD **,E,,,13281099__,1.38,05,,01,04,02,01,01,01,05,01,,AT,,BOUNDARY RD,,,,45,40,26,,,N,,90
2018132818-035738,MONMOUTH,MARLBORO TWP,11/03/2018,SA,1627,01,MARLBORO TWP PD,,0,0,0,0,P,B,N,N,01,2,NJ 79,S,79,,00000079__,4.91,02,,01,04,02,01,01,01,01,01,100,FE,S,STEEPLECHASE DR,,,,45,25,26,,,N,,102
2018132818-035750,MONMOUTH,MARLBORO TWP,11/03/2018,SA,1854,01,MARLBORO TWP PD,,0,0,0,0,P,B,N,N,12,1,NJ 79,N,79,,00000079__,4.60,02,,01,05,02,01,07,01,05,01,200,FE,S,INVERNESS DR / RYAN RD,,,,45,25,24,,,N,,102
2018132818-035797,MONMOUTH,MARLBORO TWP,11/04/2018,SU,0946,01,MARLBORO TWP PD,,0,1,0,0,I,I,N,N,03,2,NJ 79,S,79,,00000079__,10.32,02,,01,04,02,01,01,01,05,01,,AT,,CR 3 / TENNENT RD,,,,40,35,26,,,N,,70
2018132818-035801,MONMOUTH,MARLBORO TWP,11/04/2018,SU,1001,01,MARLBORO TWP PD,,0,0,0,0,P,B,N,N,12,1,GORDONS CORNER RD **,,,,,,07,,01,04,02,01,01,01,05,01,25,FE,S,TRUMAN DRIVE,,,,40,25,26,,,N,,126
2018132818-035806,MONMOUTH,MARLBORO TWP,11/04/2018,SU,1106,01,MARLBORO TWP PD,,0,0,0,0,P,B,N,N,06,2,NAVAJO CT **,N,,,13281585__,.00,07,,01,04,02,01,01,01,05,01,500,FE,S,LAREDO DR,,,,25,25,26,,,N,,113
2018132818-035815,MONMOUTH,MARLBORO TWP,11/04/2018,SU,1237,01,MARLBORO TWP PD,,0,1,0,0,I,I,N,N,03,2,NJ 79,N,79,,00000079__,5.58,02,,01,04,02,01,01,01,05,01,,AT,,NJ 4 / VANDERBURG RD,,,,40,35,26,,,N,,70
2018132818-035840,MONMOUTH,MARLBORO TWP,11/04/2018,SU,1732,01,MARLBORO TWP PD,,0,0,0,0,P,B,N,N,01,2,US 9,N,9,,00000009__,120.96,02,,01,04,02,01,06,01,03,01,50,FE,S,ROUTE 520 / ROBERTSVILLE RD,,,,55,45,26,,,N,,126
2018132818-036030,MONMOUTH,MARLBORO TWP,11/06/2018,TU,1309,01,MARLBORO TWP PD,,0,0,0,0,P,B,N,N,02,2,NJ 18,S,18,,00000018__,25.10,02,,01,04,02,02,01,02,01,01,,,,,,,,65,,26,,,N,STATE GUARD RAIL,116
2018132818-036031,MONMOUTH,MARLBORO TWP,11/06/2018,TU,1309,01,MARLBORO TWP PD,,0,0,0,0,P,B,N,N,08,2,1996 RECREATION WAY  NJ,,,,,,09,,01,04,02,02,01,05,,,,,,,,,,15,,26,,,N,,65
2018132818-036043,MONMOUTH,MARLBORO TWP,11/06/2018,TU,1553,01,MARLBORO TWP PD,,0,0,0,0,P,B,N,N,01,2,US 9,S,9,,00000009__,120.00,02,,01,06,02,02,01,02,05,01,,,,,T,UNION HILL ROAD,WB,55,,26,,,N,,116
2018132818-036116,MONMOUTH,MARLBORO TWP,11/07/2018,WE,0843,01,MARLBORO TWP PD,,0,0,0,0,P,B,N,N,11,1,UNION HILL RD,W,,,13261531__,2.43,07,,02,04,02,01,01,01,05,01,50,FE,E,MENZEL LN,,,,35,25,00,,,N,THE MAILBOX AT 450 UNION HILL ROAD BELONGING TO THE ZARNOCK FAMILY WAS DAMAGED.,137
2018132818-036149,MONMOUTH,MARLBORO TWP,11/08/2018,TH,1336,01,MARLBORO TWP PD,,0,0,0,0,P,B,N,N,01,2,MONMOUTH COUNTY 3,N,3,,13000003__,9.19,05,,01,04,02,01,01,01,05,02,200,FE,N,GREENWOOD RD,,,,35,35,26,,,N,,81
2018132818-036166,MONMOUTH,MARLBORO TWP,11/07/2018,WE,1745,01,MARLBORO TWP PD,,0,0,0,0,P,I,N,N,02,2,US 9,W,9,,00000009__,120.97,02,,01,04,02,01,01,01,05,01,,AT,,ROUTE 520 / ROBERTSVILLE RD,,,,40,55,26,,,N,,137
2018132818-036197,MONMOUTH,MARLBORO TWP,11/07/2018,WE,2330,01,MARLBORO TWP PD,,0,0,0,0,P,B,N,N,12,1,NJ 18,N,18,,00000018__,25.80,02,,01,04,02,01,05,01,03,01,,,,,,,,65,,24,,,N,,139
2018132818-036232,MONMOUTH,MARLBORO TWP,11/08/2018,TH,1018,01,MARLBORO TWP PD,,0,0,0,0,P,B,N,N,01,2,US 9,S,9,,00000009__,119.40,02,,01,04,02,01,01,01,01,01,,,,,,,,55,,26,,,N,,135
2018132818-036246,MONMOUTH,MARLBORO TWP,11/08/2018,TH,1147,01,MARLBORO TWP PD,,0,0,0,0,P,B,N,N,12,1,PLEASANT VALLEY RD **,S,,,13181106__,2.79,07,,01,04,02,01,01,01,05,01,500,FE,N,WALNUT DR,,,,40,25,24,,,N,,81
2018132818-036261,MONMOUTH,MARLBORO TWP,11/08/2018,TH,1529,01,MARLBORO TWP PD,,0,1,0,0,I,I,N,N,03,2,KNOB HILL RD **,N,,,13281316__,.17,07,,01,04,02,01,01,01,05,01,,AT,,YORKSHIRE DR,,,,25,25,26,,,N,,81
2018132818-036273,MONMOUTH,MARLBORO TWP,11/08/2018,TH,1648,01,MARLBORO TWP PD,,0,0,0,0,P,B,N,N,12,1,NJ 79,N,79,,00000079__,5.19,02,,01,04,02,01,01,01,01,01,1500,FE,S,SCHOOL RD,,,,55,25,24,,,N,,69
2018132818-036292,MONMOUTH,MARLBORO TWP,11/08/2018,TH,2057,01,MARLBORO TWP PD,,0,0,0,0,P,B,N,N,12,1,ROUTE 520,S,520,,00000520__,5.43,07,,01,04,02,01,07,01,05,01,30,FE,S,TRUMAN DR,,,,45,25,24,,,N,,139
2018132818-036426,MONMOUTH,MARLBORO TWP,11/10/2018,SA,0955,01,MARLBORO TWP PD,,0,0,0,0,P,I,N,N,11,1,MONMOUTH COUNTY 3,,3,,13000003__,7.82,05,,01,04,02,01,01,01,05,01,,AT,,HARBOR RD / SPRING VALLEY RD,,,,35,35,26,,,N,STREET SIGN OF TENNENT/SPRING VALLEY RD AND LAWN OF 203 SPRING VALLEY RD,130
2018132818-036435,MONMOUTH,MARLBORO TWP,11/10/2018,SA,1056,01,MARLBORO TWP PD,,0,0,0,0,P,B,N,N,11,1,NJ 18,S,18,,00000018__,30.00,02,,01,04,02,01,01,01,01,01,,,,,,,,65,,26,,,N,,141
2018132818-036467,MONMOUTH,MARLBORO TWP,11/10/2018,SA,1524,01,MARLBORO TWP PD,,0,0,0,0,P,B,N,N,12,1,NJ 18,S,18,,00000018__,25.10,02,,01,04,02,01,01,01,01,,,,,,,,,65,,26,,,N,,109
2018132818-036502,MONMOUTH,MARLBORO TWP,11/10/2018,SA,2124,01,MARLBORO TWP PD,,0,0,0,0,P,B,N,N,11,1,NJ 18,N,18,,00000018__,29.80,02,,01,04,02,01,06,01,01,01,,,,,,,,65,,46,,,N,,92
2018132818-036519,MONMOUTH,MARLBORO TWP,11/11/2018,SU,0020,01,MARLBORO TWP PD,,0,0,0,0,P,B,N,N,12,1,NJ 18,S,18,,00000018__,25.00,02,,01,04,02,01,07,01,01,01,,,,,,,,65,,24,,,N,,134
2018132818-036532,MONMOUTH,MARLBORO TWP,11/11/2018,SU,0817,01,MARLBORO TWP PD,,0,0,0,0,P,I,N,N,03,2,MONMOUTH COUNTY 3,W,3,,13000003__,9.95,05,,01,04,02,01,01,01,05,01,,AT,,NOLAN RD,,,,40,25,26,,,N,,128
2018132818-036556,MONMOUTH,MARLBORO TWP,11/05/2018,MO,1027,01,MARLBORO TWP PD,,0,0,0,0,P,B,N,N,12,1,NJ 79,N,79,,00000079__,4.68,02,,01,04,02,01,01,01,01,01,200,FE,N,INVERNESS DR / RYAN RD,,,,50,35,24,,,N,,136
2018132818-036596,MONMOUTH,MARLBORO TWP,11/11/2018,SU,1904,01,MARLBORO TWP PD,,0,0,0,0,P,I,N,N,07,2,NJ 79,,79,,00000079__,4.64,02,,01,04,02,01,06,01,01,,,AT,,INVERNESS DR / RYAN RD,,,,50,35,26,,,N,,109
2018132818-036610,MONMOUTH,MARLBORO TWP,11/11/2018,SU,2158,01,MARLBORO TWP PD,,0,0,0,0,P,B,N,N,12,1,NJ 18,N,18,,00000018__,26.80,02,,01,04,02,01,05,01,01,01,,,,,,,,65,,24,,,N,,134
2018132818-036629,MONMOUTH,MARLBORO TWP,11/12/2018,MO,0439,01,MARLBORO TWP PD,,0,1,0,0,I,B,N,N,11,1,NJ 18,S,18,,00000018__,26.20,02,,01,04,02,01,05,01,01,01,,,,,,,,65,,46,,,N,GUARD RAIL IN CENTER MEDIAN WAS BENT FROM IMPACT,134
2018132818-036632,MONMOUTH,MARLBORO TWP,11/12/2018,MO,0439,01,MARLBORO TWP PD,,0,1,0,0,I,B,N,N,12,1,NJ 18,S,18,,00000018__,26.20,02,,01,04,02,01,05,01,01,01,,,,,,,,65,,24,,,N,,131
2018132818-036759,MONMOUTH,MARLBORO TWP,11/13/2018,TU,0849,01,MARLBORO TWP PD,,0,0,0,0,P,B,N,N,05,2,BUCKLEY RD **,S,,,13281184__,1.36,07,,01,04,02,02,01,02,02,01,5,FE,S,DUTCH LN RD,,,,40,30,26,,,N,,90
2018132818-036767,MONMOUTH,MARLBORO TWP,11/13/2018,TU,0942,01,MARLBORO TWP PD,,0,0,0,0,P,B,N,N,15,1,LAREDO DR **,N,,,13281584__,.00,07,,01,04,02,02,01,02,05,01,30,FE,S,PLEASANT VALLEY RD,,,,25,35,39,,,N,,90
2018132818-036809,MONMOUTH,MARLBORO TWP,11/13/2018,TU,1742,01,MARLBORO TWP PD,,0,1,0,0,I,B,N,N,01,2,UNION HILL RD,,,,13261531__,2.79,07,,01,04,02,02,06,05,05,01,100,FE,W,CR 3 / TENNENT RD,,,,35,40,26,,,N,,126
2018132818-036868,MONMOUTH,MARLBORO TWP,11/14/2018,WE,0758,01,MARLBORO TWP PD,,0,0,0,0,P,B,N,N,01,2,MONMOUTH COUNTY 3,N,3,,13000003__,5.99,05,,01,04,02,01,01,01,05,01,15,FE,W,ROUTE 520,,,,40,40,26,,,N,,127
2018132818-036949,MONMOUTH,MARLBORO TWP,11/14/2018,WE,1718,01,MARLBORO TWP PD,,0,1,0,0,I,I,N,N,07,2,ROBERTSVILLE RD,E,,,13261114__,1.35,07,,01,04,02,01,05,01,05,01,,AT,,RYAN RD,,,,35,35,26,,,N,,116
2018132818-037054,MONMOUTH,MARLBORO TWP,11/15/2018,TH,1234,01,MARLBORO TWP PD,,0,0,0,0,P,B,N,N,03,2,ROUTE 520,E,520,,00000520__,2.67,07,,01,04,02,03,01,03,05,01,20,FE,E,SERPENTINE DR,,,,45,25,26,,,N,,87
2018132818-037062,MONMOUTH,MARLBORO TWP,11/15/2018,TH,1310,01,MARLBORO TWP PD,,0,0,0,0,P,B,N,N,11,1,NJ 18,S,18,,00000018__,24.10,02,,01,04,02,03,01,03,01,01,,,,,,,,65,,46,,,N,,136
2018132818-037065,MONMOUTH,MARLBORO TWP,11/15/2018,TH,1323,01,MARLBORO TWP PD,,0,0,0,0,P,B,N,N,11,1,NJ 18,S,18,,00000018__,28.40,02,,01,04,02,03,01,03,01,01,,,,,,,,65,,60,,,N,,
2018132818-037066,MONMOUTH,MARLBORO TWP,11/15/2018,TH,1324,01,MARLBORO TWP PD,,0,0,0,0,P,B,N,N,11,2,NJ 18,S,18,,00000018__,24.10,02,,01,04,02,03,01,03,01,01,,,,,,,,65,,46,,,N,,136
2018132818-037071,MONMOUTH,MARLBORO TWP,11/15/2018,TH,1347,01,MARLBORO TWP PD,,0,0,0,0,P,B,N,N,11,1,WYNCREST RD,S,,,13281118__,1.23,07,,01,06,02,03,01,03,05,01,100,FE,N,KENNEDY DR,,,,35,25,56,,,N,,87
2018132818-037077,MONMOUTH,MARLBORO TWP,11/15/2018,TH,1409,01,MARLBORO TWP PD,,0,0,0,0,P,B,N,N,01,2,UNION HILL RD,E,,,13261531__,2.80,07,,01,05,02,03,01,03,05,01,50,FE,W,CR 3 / TENNENT RD,,,,35,40,26,,,N,,120
2018132818-037085,MONMOUTH,MARLBORO TWP,11/15/2018,TH,1323,01,MARLBORO TWP PD,,0,0,0,0,P,B,N,N,11,1,NJ 18,S,18,,00000018__,28.40,02,,01,04,02,03,01,03,01,01,,,,,,,,65,,60,,,N,,58
2018132818-037093,MONMOUTH,MARLBORO TWP,11/15/2018,TH,1443,01,MARLBORO TWP PD,,0,1,0,0,I,B,N,N,01,2,UNION HILL RD,W,,,13261531__,1.50,07,,01,05,02,03,01,03,05,01,5,FE,E,CLAYTON RD,,,,35,35,26,,,N,,120
2018132818-037104,MONMOUTH,MARLBORO TWP,11/15/2018,TH,1526,01,MARLBORO TWP PD,,0,0,0,0,P,B,N,N,11,1,WYNCREST RD,E,,,13281118__,.00,07,,01,05,02,03,01,03,05,01,300,FE,W,NJ 79,,,,40,50,56,,,N,,136
2018132818-037110,MONMOUTH,MARLBORO TWP,11/15/2018,TH,1552,01,MARLBORO TWP PD,,0,0,0,0,P,B,N,N,01,2,ROUTE 520,W,520,,00000520__,7.81,05,,01,04,02,05,01,03,05,01,200,FE,W,BOUNDRY RD / CONOVER RD,,,,45,50,26,,,N,,124
2018132818-037138,MONMOUTH,MARLBORO TWP,11/15/2018,TH,1832,01,MARLBORO TWP PD,,0,0,0,0,P,B,N,N,11,1,NJ 18,N,18,,00000018__,28.60,02,,01,04,02,05,07,03,05,01,,FE,,,,,,65,,46,,,N,,124
2018132818-037147,MONMOUTH,MARLBORO TWP,11/15/2018,TH,1945,01,MARLBORO TWP PD,,0,0,0,0,P,B,N,N,11,1,NJ 18,S,18,,00000018__,28.60,02,,01,04,02,05,05,06,01,,,,,,,,,65,,26,,,N,,109
2018132818-037148,MONMOUTH,MARLBORO TWP,11/15/2018,TH,1530,01,MARLBORO TWP PD,,0,0,0,0,P,B,N,N,11,1,WITHERSPOON WAY **,W,,,13281699__,.41,07,,01,04,02,03,01,03,05,01,150,FE,E,CLARK PL,,,,25,25,61,,,N,MAILBOX TO 32 WITHERSPOON WAY,138
2018132818-037151,MONMOUTH,MARLBORO TWP,11/15/2018,TH,2035,01,MARLBORO TWP PD,,0,0,0,0,P,B,N,N,99,2,NJ 79,N,79,,00000079__,5.11,02,,01,04,02,03,06,03,01,01,100,FE,S,,,NJ 18,NB,55,,12,,,N,,138
2018132818-037187,MONMOUTH,MARLBORO TWP,11/16/2018,FR,0840,01,MARLBORO TWP PD,,0,1,0,0,I,I,N,N,01,2,ROUTE 520,E,520,,00000520__,3.61,07,,01,04,02,02,01,02,04,01,,AT,,GINESI DR,,,,45,25,26,,,N,,113
2018132818-037195,MONMOUTH,MARLBORO TWP,11/16/2018,FR,1011,01,MARLBORO TWP PD,,0,0,0,0,P,B,N,N,06,2,LONGFELLOW TER **,W,,,13281128__,.12,07,,01,04,02,03,06,03,05,01,200,FE,E,WHITMAN RD,,,,25,25,28,,,N,,113
2018132818-037237,MONMOUTH,MARLBORO TWP,11/16/2018,FR,1441,01,MARLBORO TWP PD,,0,0,0,0,P,B,N,N,06,3,NJ 18,S,18,,00000018__,28.40,02,,01,04,02,01,01,01,01,01,,,,,,,,65,,28,,,N,,
2018132818-037248,MONMOUTH,MARLBORO TWP,11/16/2018,FR,1546,01,MARLBORO TWP PD,,0,0,0,0,P,I,N,N,03,2,BOUNDARY RD,,,,,,07,,01,07,02,01,01,01,05,01,,AT,,VANDERBURG ROAD,,,,45,45,26,,,N,,137
2018132818-037265,MONMOUTH,MARLBORO TWP,11/16/2018,FR,1805,01,MARLBORO TWP PD,,0,0,0,0,P,B,N,N,01,2,US 9,S,9,,00000009__,121.50,02,,01,04,02,01,06,01,03,01,500,FE,S,TEXAS ROAD,,,,55,40,26,,,N,,113
2018132818-037273,MONMOUTH,MARLBORO TWP,11/16/2018,FR,1927,01,MARLBORO TWP PD,,0,0,0,0,P,B,N,N,12,1,PLEASANT VALLEY RD **,W,,,13181106__,4.37,07,,01,04,02,01,06,01,05,01,200,FE,E,NJ 79,,,,40,45,24,,,N,,133
2018132818-037375,MONMOUTH,MARLBORO TWP,11/17/2018,SA,1313,01,MARLBORO TWP PD,,0,0,0,0,P,B,N,N,11,1,HARBOR RD **,W,,,13281007__,.21,07,,01,04,02,01,01,01,05,01,200,FE,W,HILLSIDE TER,,,,35,25,58,,,N,,90
2018132818-037406,MONMOUTH,MARLBORO TWP,11/17/2018,SA,1557,01,MARLBORO TWP PD,,0,0,0,0,P,B,N,N,12,1,RIDGE RD **,E,,,13281197__,.24,07,,01,04,02,01,01,01,05,01,100,FE,W,HIGH ST,,,,25,25,24,,,N,,90
2018132818-037547,MONMOUTH,MARLBORO TWP,11/18/2018,SU,2047,01,MARLBORO TWP PD,,0,0,0,0,P,B,N,N,12,1,MONMOUTH COUNTY 3,N,3,,13000003__,6.61,05,,01,04,02,01,07,01,05,01,30,FE,S,COMMERCIAL CT,,,,40,25,24,,,N,,102
2018132818-037598,MONMOUTH,MARLBORO TWP,11/19/2018,MO,0853,01,MARLBORO TWP PD,,0,0,0,0,P,B,N,N,06,2,STONE LN **,S,,,13281437__,.00,07,,01,05,02,01,00,00,05,01,250,FE,S,WYNCREST DR,,,,25,40,28,,,N,,116
2018132818-037608,MONMOUTH,MARLBORO TWP,11/19/2018,MO,1000,01,MARLBORO TWP PD,,0,0,0,0,P,B,N,N,01,2,ROUTE 520,E,520,,00000520__,6.68,05,,01,04,02,01,01,01,05,01,5,FE,W,NJ 79 / MAIN ST,,,,45,50,26,,,N,,116
2018132818-037661,MONMOUTH,MARLBORO TWP,11/19/2018,MO,1659,01,MARLBORO TWP PD,,0,0,0,0,P,B,N,N,12,1,RYAN RD,W,,,,,07,,01,04,02,01,06,01,05,01,100,FE,E,ELISA DRIVE,,,,35,25,24,,,N,,136
2018132818-037680,MONMOUTH,MARLBORO TWP,11/19/2018,MO,1945,01,MARLBORO TWP PD,,0,0,0,0,P,B,N,N,15,3,US 9,N,9,,00000009__,120.88,02,,01,04,02,01,07,01,02,01,500,FE,S,ROUTE 520 / ROBERTSVILLE RD,,,,55,45,12,,,N,,131
2018132818-037704,MONMOUTH,MARLBORO TWP,11/20/2018,TU,0114,01,MARLBORO TWP PD,,0,0,0,0,P,B,N,N,12,1,BOUNDARY RD,N,,,13091145__,,07,,01,04,02,01,05,01,05,01,300,FE,N,VANDERBURG ROAD,,,,40,40,,,,N,,78
2018132818-037719,MONMOUTH,MARLBORO TWP,11/20/2018,TU,0900,01,MARLBORO TWP PD,,0,0,0,0,P,B,N,N,12,1,NJ 79,N,79,,00000079__,5.34,02,,01,04,02,01,01,01,01,01,700,FE,S,SCHOOL RD,,,,50,25,24,,,N,,116
2018132818-037721,MONMOUTH,MARLBORO TWP,11/20/2018,TU,0908,01,MARLBORO TWP PD,,0,2,0,0,I,B,N,N,01,2,US 9,S,9,,00000009__,120.97,02,,01,04,02,01,01,01,03,01,5,FE,N,ROUTE 520 / ROBERTSVILLE RD,,,,55,45,26,,,N,,116
2018132818-037775,MONMOUTH,MARLBORO TWP,11/20/2018,TU,1608,01,MARLBORO TWP PD,,0,0,0,0,P,I,N,N,07,2,ROBERTSVILLE RD,S,,,13261114__,1.35,07,,01,04,02,01,01,01,05,01,,AT,,RYAN RD,,,,35,35,26,,,N,,136
2018132818-037782,MONMOUTH,MARLBORO TWP,11/20/2018,TU,1710,01,MARLBORO TWP PD,,0,0,0,0,P,B,N,N,12,1,MONMOUTH COUNTY 3,N,3,,13000003__,7.26,05,,01,04,02,01,06,01,05,01,200,FE,S,CRINE RD,,,,40,45,24,,,N,,138