Year(4)-CountyCode(2)-MunicipalityCode(2)-CaseNumber(9),County Name,Municipality Name,Crash Date,Crash Day of Week,Crash Time,Police Department Code,Police Department,Police Station,Total Killed,Total Injured,Pedestrians Killed,Pedestrians Injured,Severity,Intersection,Alcohol Involved,Hazmat Involved,Crash Type,Total Vehicles,Location,Location Direction,Route,Route Suffix,Std Rte Identifier,MilePost,Road System,Road Character,Road Horizontal Alignment,Road Grade,Road Surface Type,Surface Condition,Light Condition,Environmental Condition,Road Divided By,Temporary Traffic Control Zone,Distance To Cross Street,Unit Of Measurement,Direction From Cross Street,Cross Street Name,Is Ramp,Ramp To/From Route Name,Ramp To/From Route Direction,Posted Speed,Posted Speed Cross Street,First Harmful Event,Latitude,Longitude,Cell Phone In Use Flag,Other Property Damage,Reporting Badge No.
2018132818-037785,MONMOUTH,MARLBORO TWP,11/20/2018,TU,1723,01,MARLBORO TWP PD,,0,0,0,0,P,B,N,N,12,1,ROUTE 520,,520,,00000520__,7.17,05,,01,04,02,01,05,01,05,01,700,FE,E,DUNN DR,,,,45,25,24,,,N,,116
2018132818-037805,MONMOUTH,MARLBORO TWP,11/20/2018,TU,2017,01,MARLBORO TWP PD,,0,0,0,0,P,B,N,N,12,1,TEXAS RD,W,,,13281044__,2.44,07,,01,04,02,01,06,01,05,01,50,FE,S,MTN LAUREL RD,,,,45,25,24,,,N,,138
2018132818-037809,MONMOUTH,MARLBORO TWP,11/20/2018,TU,2051,01,MARLBORO TWP PD,,0,0,0,0,P,B,N,N,12,1,CONOVER RD **,N,,,13281683__,.09,07,,01,05,02,01,06,01,05,01,500,FE,N,ROUTE 520,,,,50,,24,,,N,,138
2018132818-037883,MONMOUTH,MARLBORO TWP,11/21/2018,WE,1154,01,MARLBORO TWP PD,,0,0,0,0,P,I,N,N,11,1,HOLLY HILL RD **,,,,13281225__,.21,07,,01,04,02,00,00,00,05,01,,AT,,YELLOWBROOK RD,,,,25,25,59,,,N,A PANEL OF FENCE ON PROPERTY LINE OF 11 HOLLY HILL RD (WASSIM S MERHI),135
2018132818-037909,MONMOUTH,MARLBORO TWP,11/21/2018,WE,1457,01,MARLBORO TWP PD,,0,0,0,0,P,B,N,N,02,2,NJ 79,S,79,,00000079__,4.70,02,,01,04,02,01,01,01,01,01,,,,,,,,50,,26,,,N,,90
2018132818-037941,MONMOUTH,MARLBORO TWP,11/21/2018,WE,2152,01,MARLBORO TWP PD,,0,0,0,0,P,B,N,N,12,1,NJ 79,N,79,,00000079__,10.37,02,,01,04,02,01,06,01,05,01,250,FE,N,CR 3 / TENNENT RD,,,,40,35,24,,,N,,111
2018132818-037997,MONMOUTH,MARLBORO TWP,11/22/2018,TH,2039,01,MARLBORO TWP PD,,0,0,0,0,P,B,N,N,08,2,APACHE TR **,,,,13281586__,.04,07,,01,04,02,01,07,01,05,01,200,FE,S,LAREDO DR,,,,25,25,26,,,N,,139
2018132818-038000,MONMOUTH,MARLBORO TWP,11/22/2018,TH,2240,01,MARLBORO TWP PD,,0,0,0,0,P,I,N,N,03,2,NJ 79,N,79,,00000079__,5.58,02,,01,04,02,01,06,01,05,01,,AT,,NJ 4 / VANDERBURG RD,,,,40,35,26,,,N,,133
2018132818-038175,MONMOUTH,MARLBORO TWP,11/24/2018,SA,1020,01,MARLBORO TWP PD,,0,0,0,0,P,B,N,N,01,2,NJ 18,S,18,,00000018__,28.60,02,,01,04,02,01,01,01,01,01,,,,,,,,65,,26,,,N,,116
2018132818-038188,MONMOUTH,MARLBORO TWP,11/24/2018,SA,1154,01,MARLBORO TWP PD,,0,0,0,0,P,B,N,N,01,2,US 9,S,9,,00000009__,120.53,02,,01,04,02,01,01,01,02,01,75,FE,N,SANDBURG DR,,,,55,25,26,,,N,,116
2018132818-038222,MONMOUTH,MARLBORO TWP,11/24/2018,SA,1731,01,MARLBORO TWP PD,,0,0,0,0,P,B,N,N,02,2,US 9,N,9,,00000009__,121.10,02,,01,04,02,02,07,02,03,01,700,FE,N,ROUTE 520 / ROBERTSVILLE RD,,,,55,45,26,,,N,,116
2018132818-038225,MONMOUTH,MARLBORO TWP,11/24/2018,SA,1846,01,MARLBORO TWP PD,,0,1,0,0,I,B,N,N,01,2,ROUTE 520,,520,,00000520__,5.89,07,,01,04,02,02,05,02,05,01,50,FE,E,WYNCREST RD,,,,45,35,26,,,N,,116
2018132818-038291,MONMOUTH,MARLBORO TWP,11/25/2018,SU,1033,01,MARLBORO TWP PD,,0,0,0,0,P,B,N,N,01,2,NJ 79,S,79,,00000079__,6.85,02,,01,04,02,01,01,01,04,01,150,FE,N,ROUTE 520 / NEWMAN SPRINGS RD,,,,50,45,26,,,N,,116
2018132818-038300,MONMOUTH,MARLBORO TWP,11/25/2018,SU,1238,01,MARLBORO TWP PD,,0,0,0,0,P,B,N,N,01,2,HARBOR RD **,W,,,13281007__,.25,07,,01,04,02,01,01,01,05,01,25,FE,E,HILLSIDE TER,,,,35,25,26,,,N,,120
2018132818-038306,MONMOUTH,MARLBORO TWP,11/25/2018,SU,1300,01,MARLBORO TWP PD,,0,0,0,0,P,B,N,N,01,2,US 9,S,9,,00000009__,120.96,02,,01,04,02,01,01,01,03,,30,FE,S,ROUTE 520 / ROBERTSVILLE RD,,,,55,40,26,,,N,,127
2018132818-038356,MONMOUTH,MARLBORO TWP,11/25/2018,SU,2100,01,MARLBORO TWP PD,,0,0,0,0,P,B,N,N,12,2,US 9,N,9,,00000009__,120.50,02,,01,04,02,01,06,01,02,,150,FE,S,BARTRAM RD,,,,55,25,24,,,N,,118
2018132818-038368,MONMOUTH,MARLBORO TWP,11/26/2018,MO,0133,01,MARLBORO TWP PD,,0,0,0,0,P,B,N,N,12,1,US 9,N,9,,00000009__,120.09,02,,01,04,02,01,07,01,02,01,500,FE,N,UNION HILL RD,,,,55,35,24,,,N,,131
2018132818-038441,MONMOUTH,MARLBORO TWP,11/26/2018,MO,1443,01,MARLBORO TWP PD,,0,0,0,0,P,B,N,N,03,2,ROUTE 520,W,520,,00000520__,2.85,07,,01,04,02,02,01,02,05,01,75,FE,E,US 9,,,,45,55,26,,,N,,137
2018132818-038446,MONMOUTH,MARLBORO TWP,11/26/2018,MO,1502,01,MARLBORO TWP PD,,0,0,0,0,P,B,N,N,11,1,MICHELLE CT **,,,,13281430__,.10,07,,01,04,02,00,01,00,05,01,800,FE,N,JENNIFER CT,,,,25,25,61,,,N,MAILBOX AT 10 MICHELLE COURT WAS HIT AND SEVERELY DAMAGED,135
2018132818-038454,MONMOUTH,MARLBORO TWP,11/26/2018,MO,1813,01,MARLBORO TWP PD,,0,0,0,0,P,I,N,N,02,2,US 9,S,9,,00000009__,120.97,02,,01,04,02,02,06,01,05,01,,AT,,ROUTE 520 / ROBERTSVILLE RD,,,,55,45,26,,,N,,90
2018132818-038458,MONMOUTH,MARLBORO TWP,11/26/2018,MO,1845,01,MARLBORO TWP PD,,0,0,0,0,P,B,N,N,03,2,NJ 79,S,79,,00000079__,4.66,02,,01,04,02,01,06,01,05,01,120,FE,N,INVERNESS DR / RYAN RD,,,,50,40,26,,,N,,90
2018132818-038556,MONMOUTH,MARLBORO TWP,11/27/2018,TU,1657,01,MARLBORO TWP PD,,0,0,0,0,P,B,N,N,01,2,PLEASANT VALLEY RD **,W,,,13181106__,4.37,07,,01,06,02,01,06,01,04,01,10,FE,E,NJ 79,,,,35,50,26,,,N,,113
2018132818-038563,MONMOUTH,MARLBORO TWP,11/27/2018,TU,1754,01,MARLBORO TWP PD,,0,0,0,0,P,B,N,N,08,2,200 D CAMPUS DRIVE,,,,,,09,,01,04,01,01,07,01,05,01,,,,,,,,,,26,,,N,,90
2018132818-038575,MONMOUTH,MARLBORO TWP,11/27/2018,TU,2124,01,MARLBORO TWP PD,,0,0,0,0,P,I,N,N,12,1,SEMINOLE DR **,,,,13281579__,.06,07,,01,04,02,01,06,01,05,01,,AT,,TURQUOISE TRL,,,,25,25,24,,,N,,111
2018132818-038673,MONMOUTH,MARLBORO TWP,11/29/2018,TH,1717,01,MARLBORO TWP PD,,0,0,0,0,P,B,N,N,12,1,PLEASANT VALLEY RD **,E,,,13181106__,2.10,07,,01,04,02,01,05,01,05,01,75,FE,W,MARSELLE TER,,,,40,25,24,,,N,,141
2018132818-038762,MONMOUTH,MARLBORO TWP,11/29/2018,TH,1338,01,MARLBORO TWP PD,,0,0,0,0,P,B,N,N,11,1,TEXAS RD,N,,,13281044__,1.15,07,,01,04,02,01,01,01,05,01,1000,FE,S,SPRING VALLEY RD,,,,40,40,26,,,N,MAILBOX LOCATED AT 523 TEXAS ROAD,120
2018132818-038890,MONMOUTH,MARLBORO TWP,11/30/2018,FR,1630,01,MARLBORO TWP PD,,0,0,0,0,P,B,N,N,02,2,ROUTE 520,W,520,,00000520__,2.90,07,,01,04,02,01,03,01,05,01,300,FE,E,US 9,,,,40,55,26,,,N,,70
2018132818-038899,MONMOUTH,MARLBORO TWP,11/30/2018,FR,1905,01,MARLBORO TWP PD,,0,0,0,0,P,B,N,N,03,2,ROUTE 520,W,520,,00000520__,2.70,07,,01,04,02,01,06,01,05,01,150,FE,E,SERPENTINE DR,,,,35,25,26,,,N,,130
2018132818-038953,MONMOUTH,MARLBORO TWP,12/01/2018,SA,1306,01,MARLBORO TWP PD,,0,0,0,0,P,B,N,N,01,2,NJ 79,S,79,,00000079__,6.22,02,,01,04,02,01,01,01,05,01,10,FE,N,GIRARD ST / NEWTON ST,,,,50,25,26,,,N,,90
2018132818-038983,MONMOUTH,MARLBORO TWP,12/02/2018,SU,0427,01,MARLBORO TWP PD,,0,0,0,0,P,B,N,N,11,1,NJ 18,N,18,,00000018__,24.90,02,,01,04,02,02,04,02,03,01,,,,,,,,65,,26,,,N,,130
2018132818-039037,MONMOUTH,MARLBORO TWP,12/03/2018,MO,0656,01,MARLBORO TWP PD,,0,0,0,0,P,B,N,N,05,2,ROUTE 520,W,520,,00000520__,6.37,07,,01,07,02,01,02,01,05,01,300,FE,E,MITCHELL CT,,,,45,25,26,,,N,,65
2018132818-039085,MONMOUTH,MARLBORO TWP,12/03/2018,MO,1619,01,MARLBORO TWP PD,,0,0,0,0,P,B,N,N,12,1,MILLAY RD **,N,,,13281120__,.51,07,,01,04,02,01,03,01,05,,,FE,S,,,,,25,,24,,,N,,109
2018132818-039097,MONMOUTH,MARLBORO TWP,12/03/2018,MO,1955,01,MARLBORO TWP PD,,0,0,0,0,P,B,N,N,12,1,ROBERTSVILLE RD,,,,13261114__,.86,07,,01,04,02,01,07,01,05,01,75,FE,N,TOPANEMUS RD,,,,35,35,24,,,N,,134
2018132818-039138,MONMOUTH,MARLBORO TWP,12/04/2018,TU,0814,01,MARLBORO TWP PD,,0,0,0,0,P,B,N,N,01,3,UNION HILL RD,E,,,13261531__,2.81,07,,01,04,02,01,01,01,05,01,15,FE,W,CR 3 / TENNENT RD,,,,35,40,26,,,N,,
2018132818-039146,MONMOUTH,MARLBORO TWP,12/04/2018,TU,1054,01,MARLBORO TWP PD,,0,1,0,1,I,B,N,N,06,2,ROUTE 520,E,520,,00000520__,4.66,07,,03,06,02,01,01,01,,01,50,FE,E,EMERALD DR,,,,45,25,28,,,N,,
2018132818-039168,MONMOUTH,MARLBORO TWP,12/04/2018,TU,1459,01,MARLBORO TWP PD,,0,0,0,0,P,B,N,N,01,2,ROBERTSVILLE RD,S,,,13261114__,1.13,07,,01,04,02,01,01,01,05,01,20,FE,N,PALOMINO WAY,,,,35,25,26,,,N,,141
2018132818-039186,MONMOUTH,MARLBORO TWP,12/04/2018,TU,1801,01,MARLBORO TWP PD,,0,0,0,0,P,B,N,N,02,2,MONMOUTH COUNTY 3,S,3,,13000003__,6.00,05,,01,04,02,01,06,01,05,01,75,FE,N,ROUTE 520,,,,40,45,26,,,N,,141
2018132818-039263,MONMOUTH,MARLBORO TWP,12/05/2018,WE,1258,01,MARLBORO TWP PD,,0,0,0,0,P,B,N,N,01,2,NJ 34,S,34,,00000034__,20.14,02,,01,04,02,01,01,01,05,01,50,FE,N,REIDS HILL RD,,,,50,30,26,,,N,,90
2018132818-039279,MONMOUTH,MARLBORO TWP,12/05/2018,WE,1601,01,MARLBORO TWP PD,,0,0,0,0,P,B,N,N,15,1,NJ 18,N,18,,00000018__,28.60,02,,01,04,02,01,01,01,01,01,,,,,,,,65,,39,,,N,,90
2018132818-039301,MONMOUTH,MARLBORO TWP,12/05/2018,WE,1917,01,MARLBORO TWP PD,,0,0,0,0,P,B,N,N,01,2,NJ 79,S,79,,00000079__,3.91,02,,01,05,02,01,05,01,05,01,1056,FE,S,OLD MILL RD,,,,50,25,26,,,N,,83
2018132818-039406,MONMOUTH,MARLBORO TWP,12/06/2018,TH,1648,01,MARLBORO TWP PD,,0,0,0,0,P,B,N,N,01,2,NJ 79,S,79,,00000079__,5.00,02,,01,04,02,01,06,01,05,01,200,FE,S,STEEPLE CHASE DR,,,,45,15,26,,,N,,70
2018132818-039453,MONMOUTH,MARLBORO TWP,12/07/2018,FR,0209,01,MARLBORO TWP PD,,0,0,0,0,P,B,N,N,12,1,NJ 18,S,18,,00000018__,24.40,02,,01,04,02,01,05,01,03,01,,,,,,,,65,,24,,,N,,139
2018132818-039454,MONMOUTH,MARLBORO TWP,12/07/2018,FR,0253,01,MARLBORO TWP PD,,0,0,0,0,P,B,N,N,11,1,NJ 18,N,18,,00000018__,23.40,02,,01,04,02,01,05,01,03,01,,,,,,,,65,,54,,,N,DAMAGE TO THE REFLECTOR POLES IN BETWEEN MILE MARKERS 23.4 AND 23.6,139
2018132818-039462,MONMOUTH,MARLBORO TWP,12/07/2018,FR,0757,01,MARLBORO TWP PD,,0,0,0,0,P,I,N,N,07,2,NJ 79,N,79,,00000079__,6.58,02,,01,04,02,01,01,01,05,01,,AT,,QUINCY ST,,,,50,25,26,,,N,,136
2018132818-039502,MONMOUTH,MARLBORO TWP,12/07/2018,FR,1630,01,MARLBORO TWP PD,,0,0,0,0,P,B,N,N,11,1,NJ 79,S,79,,00000079__,6.90,02,,01,04,02,01,03,01,04,01,150,FE,N,COUNTY ROUTE 520,,,,50,45,56,,,N,,116
2018132818-039652,MONMOUTH,MARLBORO TWP,12/08/2018,SA,1809,01,MARLBORO TWP PD,,0,0,0,0,P,B,N,N,01,2,US 9,N,9,,00000009__,119.80,02,,03,06,02,01,05,01,,,,,S,,T,UNION HILL ROAD,WB,55,,26,,,N,,118
2018132818-039738,MONMOUTH,MARLBORO TWP,12/09/2018,SU,1456,01,MARLBORO TWP PD,,0,0,0,0,P,B,N,N,11,1,LONGFELLOW TER **,W,,,13281128__,.50,07,,01,05,02,01,01,01,,01,15,FE,W,US 9,,,,25,55,26,,,N,,120
2018132818-039807,MONMOUTH,MARLBORO TWP,12/10/2018,MO,0656,01,MARLBORO TWP PD,,0,1,0,0,I,B,N,N,10,1,PLEASANT VALLEY RD **,E,,,13181106__,3.75,07,,01,04,02,01,01,01,05,01,35,FE,E,GEORGETOWN DR,,,,35,25,60,,,N,,90
2018132818-039825,MONMOUTH,MARLBORO TWP,12/10/2018,MO,0930,01,MARLBORO TWP PD,,0,0,0,0,P,B,N,N,11,1,393 RT 79 MORGANVILLE,,,,,,09,,01,04,02,01,01,01,05,01,,,,,,,,,,26,,,N,JCPL UTILITY POLE 4095,70
2018132818-039963,MONMOUTH,MARLBORO TWP,12/11/2018,TU,1335,01,MARLBORO TWP PD,,0,0,0,0,P,B,N,N,01,2,US 9,S,9,,00000009__,121.00,02,,01,04,02,01,01,01,02,01,,,,,,,,55,,26,,,N,,90
2018132818-039976,MONMOUTH,MARLBORO TWP,12/11/2018,TU,1436,01,MARLBORO TWP PD,,0,1,0,0,I,B,N,N,01,2,MONMOUTH COUNTY 3,S,3,,13000003__,9.65,05,,01,04,02,01,01,01,05,01,20,FE,S,UNION AVE,,,,40,,26,,,N,,90
2018132818-039990,MONMOUTH,MARLBORO TWP,12/11/2018,TU,1526,01,MARLBORO TWP PD,,0,0,0,0,P,B,N,N,11,1,US 9,S,9,,00000009__,120.80,02,,01,04,02,01,01,01,02,01,,,,,,,,55,,56,,,N,,90
2018132818-040004,MONMOUTH,MARLBORO TWP,12/11/2018,TU,1642,01,MARLBORO TWP PD,,0,1,0,0,I,B,N,N,01,2,NJ 18,N,18,,00000018__,25.10,02,,01,04,02,01,06,01,01,01,,,,,,,,65,,26,,,N,,90
2018132818-040007,MONMOUTH,MARLBORO TWP,12/11/2018,TU,1651,01,MARLBORO TWP PD,,0,0,0,0,P,B,N,N,01,3,NJ 18,N,18,,00000018__,25.10,02,,01,04,02,01,03,01,01,01,,,,,,,,65,,26,,,N,,
2018132818-040013,MONMOUTH,MARLBORO TWP,12/11/2018,TU,1724,01,MARLBORO TWP PD,,0,0,0,0,P,I,N,N,03,2,ROUTE 520,E,520,,00000520__,6.78,05,,01,04,02,01,06,01,05,,,AT,,MEGILO DR,,,,50,,26,,,N,,97
2018132818-040085,MONMOUTH,MARLBORO TWP,12/12/2018,WE,1137,01,MARLBORO TWP PD,,0,0,0,0,P,B,N,N,01,2,NJ 79,S,79,,00000079__,4.09,02,,01,04,02,01,01,01,05,01,100,FE,S,OLD MILL RD,,,,50,25,26,,,N,,120
2018132818-040190,MONMOUTH,MARLBORO TWP,12/13/2018,TH,1353,01,MARLBORO TWP PD,,0,1,0,0,I,B,N,N,15,1,UNION HILL RD,,,,13261531__,2.31,07,,01,04,02,01,01,01,05,01,2640,FE,W,CR 3 / TENNENT RD,,,,35,40,12,,,N,,116
2018132818-040204,MONMOUTH,MARLBORO TWP,12/13/2018,TH,1500,01,MARLBORO TWP PD,,0,0,0,0,P,B,N,N,01,2,MONMOUTH COUNTY 3,S,3,,13000003__,6.02,05,,01,04,02,01,01,01,05,01,150,FE,N,ROUTE 520,,,,40,45,26,,,N,,116
2018132818-040208,MONMOUTH,MARLBORO TWP,12/13/2018,TH,1522,01,MARLBORO TWP PD,,0,0,0,0,P,B,N,N,03,2,95 NORTH MAIN STREET,,,,,,08,,01,04,02,01,01,01,05,01,,,,,,,,,,26,,,N,,116
2018132818-040217,MONMOUTH,MARLBORO TWP,12/13/2018,TH,1651,01,MARLBORO TWP PD,,0,0,0,0,P,B,N,N,01,2,NJ 79,N,79,,00000079__,4.14,02,,01,06,02,01,04,01,05,01,2640,FE,S,INVERNESS DR / RYAN RD,,,,50,35,26,,,N,,116
2018132818-040242,MONMOUTH,MARLBORO TWP,12/13/2018,TH,1956,01,MARLBORO TWP PD,,0,0,0,0,P,B,N,N,01,2,US 9,S,9,,00000009__,119.26,02,,01,04,02,01,06,01,01,01,50,FE,N,MANALAPAN TOWNSHIP LINE,,,,55,,26,,,N,,126
2018132818-040284,MONMOUTH,MARLBORO TWP,12/14/2018,FR,1008,01,MARLBORO TWP PD,,0,0,0,0,P,B,N,N,01,2,NJ 79,S,79,,00000079__,4.64,02,,01,04,02,01,01,01,05,01,5,FE,N,INVERNESS DR / RYAN RD,,,,50,25,26,,,N,,90
2018132818-040336,MONMOUTH,MARLBORO TWP,12/14/2018,FR,1543,01,MARLBORO TWP PD,,0,0,0,0,P,B,N,N,11,1,NOLAN RD **,N,,,13281003__,.53,07,,02,06,02,01,01,01,05,01,200,FE,N,DOVER CT,,,,35,25,54,,,N,STREET SIGN AND SUPPORT POLE FOR JCPL # JC3316MO,90
2018132818-040344,MONMOUTH,MARLBORO TWP,12/14/2018,FR,1651,01,MARLBORO TWP PD,,0,0,0,0,P,B,N,N,11,1,NJ 34,N,34,,00000034__,19.90,02,,01,04,02,01,07,01,05,01,,,,,,,,50,,69,,,N,,90
2018132818-040405,MONMOUTH,MARLBORO TWP,12/15/2018,SA,1134,01,MARLBORO TWP PD,,0,0,0,0,P,B,N,N,01,2,MONMOUTH COUNTY 3,S,3,,13000003__,6.01,05,,01,04,02,02,01,02,05,01,100,FE,N,ROUTE 520,,,,40,45,26,,,N,,90
2018132818-040439,MONMOUTH,MARLBORO TWP,12/15/2018,SA,1521,01,MARLBORO TWP PD,,0,1,0,0,I,B,N,N,11,1,NJ 18,S,18,,00000018__,27.20,02,,01,04,02,02,01,05,01,01,,,,,,,,65,,54,,,N,2 - STATE DOT STREET SIGNS,90
2018132818-040456,MONMOUTH,MARLBORO TWP,12/15/2018,SA,1822,01,MARLBORO TWP PD,,0,1,0,0,I,B,N,N,03,2,NJ 79,S,79,,00000079__,6.81,02,,01,04,02,01,06,01,05,01,50,FE,S,ROUTE 520 / NEWMAN SPRINGS RD,,,,50,40,26,,,N,,90
2018132818-040492,MONMOUTH,MARLBORO TWP,12/16/2018,SU,0426,01,MARLBORO TWP PD,,0,0,0,0,P,B,N,N,06,2,CHURCH RD **,S,,,13281177__,.77,07,,01,04,02,02,07,02,05,01,120,FE,N,OTTAWA RD N,,,,25,25,26,,,N,,140
2018132818-040508,MONMOUTH,MARLBORO TWP,12/16/2018,SU,1206,01,MARLBORO TWP PD,,0,0,0,0,P,B,N,N,11,1,INVERNESS DR **,N,,,13281628__,.03,07,,01,04,02,00,00,00,05,01,5,FE,S,INVERNESS DRIVER,,,,25,25,50,,,N,SIGN: INVERNESS DRIVE SIGN: STOP SIGN,136
2018132818-040540,MONMOUTH,MARLBORO TWP,12/16/2018,SU,2020,01,MARLBORO TWP PD,,0,0,0,0,P,B,N,N,11,1,NJ 79,S,79,,00000079__,10.31,02,,01,04,02,02,07,02,05,01,75,FE,S,CR 3 / TENNENT RD,,,,45,35,56,,,N,,129
2018132818-040587,MONMOUTH,MARLBORO TWP,12/17/2018,MO,1450,01,MARLBORO TWP PD,,0,0,0,0,P,B,N,N,01,2,MONMOUTH COUNTY 3,,3,,13000003__,5.99,05,,01,04,02,01,01,01,05,01,10,FE,S,ROUTE 520,,,,45,45,26,,,N,,116
2018132818-040599,MONMOUTH,MARLBORO TWP,12/17/2018,MO,1656,01,MARLBORO TWP PD,,0,1,0,0,I,B,N,N,01,2,US 9,N,9,,00000009__,120.90,02,,01,04,02,01,04,01,02,01,350,FE,S,ROUTE 520 / ROBERTSVILLE RD,,,,55,45,26,,,N,,116
2018132818-040600,MONMOUTH,MARLBORO TWP,12/17/2018,MO,1706,01,MARLBORO TWP PD,,0,0,0,0,P,B,N,N,01,2,US 9,N,9,,00000009__,120.88,02,,01,04,02,01,07,01,03,01,500,FE,S,ROUTE 520 / ROBERTSVILLE RD,,,,55,40,26,,,N,,127
2018132818-040675,MONMOUTH,MARLBORO TWP,12/18/2018,TU,0850,01,MARLBORO TWP PD,,0,2,0,0,I,I,N,N,03,2,MONMOUTH COUNTY 3,N,3,,13000003__,5.57,05,,01,04,02,01,01,01,05,01,,AT,,CHURCH RD,,,,40,25,26,,,N,,129
2018132818-040679,MONMOUTH,MARLBORO TWP,12/18/2018,TU,0929,01,MARLBORO TWP PD,,0,0,0,0,P,I,N,N,03,2,TEXAS RD,,,,13281044__,.44,07,,01,04,02,01,01,01,05,01,,AT,,MILLPONDS WAY,,,,40,25,26,,,N,,81
2018132818-040716,MONMOUTH,MARLBORO TWP,12/18/2018,TU,1557,01,MARLBORO TWP PD,,0,0,0,0,P,B,N,N,01,2,US 9,N,9,,00000009__,120.16,02,,01,04,02,01,01,01,02,01,1584,FE,S,WILLOW LN,,,,55,25,26,,,N,,83
2018132818-040730,MONMOUTH,MARLBORO TWP,12/18/2018,TU,1740,01,MARLBORO TWP PD,,0,0,0,0,P,B,N,N,01,2,NJ 79,S,79,,00000079__,4.95,02,,01,04,02,01,05,01,01,01,100,FE,N,STEEPLECHASE DR,,,,50,25,26,,,N,,116
2018132818-040731,MONMOUTH,MARLBORO TWP,12/18/2018,TU,1752,01,MARLBORO TWP PD,,0,0,0,0,P,B,N,N,06,2,BARN SWALLOW BLVD **,,,,13281641__,.12,07,,01,04,02,01,05,01,05,01,150,FE,W,SPARROW WAY,,,,25,25,26,,,N,,116
2018132818-040769,MONMOUTH,MARLBORO TWP,12/19/2018,WE,0626,01,MARLBORO TWP PD,,0,3,0,0,I,I,N,N,03,2,NJ 79,S,79,,00000079__,10.18,02,,01,04,02,01,06,01,05,01,,AT,,CHURCH LN,,,,45,25,26,,,N,,81
2018132818-040830,MONMOUTH,MARLBORO TWP,12/19/2018,WE,1646,01,MARLBORO TWP PD,,0,0,0,0,P,B,N,N,12,1,WYNCREST RD,E,,,13281118__,.00,07,,01,04,02,01,03,01,05,01,,,E,NINA TERRACE,,,,40,25,24,,,N,,90
2018132818-040907,MONMOUTH,MARLBORO TWP,12/20/2018,TH,1228,01,MARLBORO TWP PD,,0,0,0,0,P,B,N,N,01,2,MONMOUTH COUNTY 3,S,3,,13000003__,6.05,05,,01,05,02,01,01,05,05,01,300,FE,N,ROUTE 520,,,,40,45,26,,,N,,137
2018132818-040912,MONMOUTH,MARLBORO TWP,12/20/2018,TH,1311,01,MARLBORO TWP PD,,0,0,0,0,P,I,N,N,01,2,CAMPUS DR,S,,,,,07,,01,06,02,02,01,02,02,01,,AT,,ROUTE 520,,,,15,45,26,,,N,,113
2018132818-040939,MONMOUTH,MARLBORO TWP,12/20/2018,TH,1648,01,MARLBORO TWP PD,,0,0,0,0,P,B,N,N,12,1,ROUTE 520,W,520,,00000520__,7.35,05,,01,04,02,01,06,01,05,01,2640,FE,W,BOUNDRY RD / CONOVER RD,,,,45,35,24,,,N,,90
2018132818-040940,MONMOUTH,MARLBORO TWP,12/20/2018,TH,1656,01,MARLBORO TWP PD,,0,0,0,0,P,B,N,N,02,2,NJ 79,S,79,,00000079__,4.94,02,,01,04,02,02,06,02,01,01,50,FE,N,STEEPLECHASE DR,,,,50,25,26,,,N,,135
2018132818-040943,MONMOUTH,MARLBORO TWP,12/20/2018,TH,1708,01,MARLBORO TWP PD,,0,0,0,0,P,B,N,N,01,2,MONMOUTH COUNTY 3,S,3,,13000003__,9.75,05,,01,04,02,02,06,02,05,01,10,FE,E,BALDWIN AVE,,,,40,25,26,,,N,,90
2018132818-040945,MONMOUTH,MARLBORO TWP,12/20/2018,TH,1726,01,MARLBORO TWP PD,,0,0,0,0,P,I,N,N,02,2,US 9,S,9,,00000009__,120.97,02,,01,04,02,02,06,02,05,01,,AT,,ROUTE 520 / ROBERTSVILLE RD,,,,45,55,26,,,N,,126
2018132818-040954,MONMOUTH,MARLBORO TWP,12/20/2018,TH,2001,01,MARLBORO TWP PD,,0,0,0,0,P,I,N,N,03,2,US 9,S,9,,00000009__,120.31,02,,01,04,02,02,07,02,02,01,,AT,,LONGFELLOW TER,,,,55,25,26,,,N,,131
2018132818-041029,MONMOUTH,MARLBORO TWP,12/21/2018,FR,1227,01,MARLBORO TWP PD,,0,0,0,0,P,B,N,N,11,1,NJ 18,N,18,,00000018__,27.00,02,,01,04,02,02,01,02,03,01,,,,,,,,65,,26,,,N,,137
2018132818-041045,MONMOUTH,MARLBORO TWP,12/21/2018,FR,1505,01,MARLBORO TWP PD,,0,0,0,0,P,I,N,N,02,2,VANDERBURG RD **,,,,13281099__,1.38,05,,01,04,02,02,01,05,05,01,,AT,,BOUNDARY RD,,,,35,45,26,,,N,,116
2018132818-041133,MONMOUTH,MARLBORO TWP,12/22/2018,SA,0037,01,MARLBORO TWP PD,,0,1,0,0,I,B,N,N,11,1,NJ 18,S,18,,00000018__,28.60,02,,01,04,02,01,06,01,01,01,1000,FE,N,,T,ROUTE 520,WB,65,,46,,,N,,138
2018132818-041167,MONMOUTH,MARLBORO TWP,12/22/2018,SA,1240,01,MARLBORO TWP PD,,0,1,0,0,I,B,N,N,01,3,NJ 79,S,79,,00000079__,4.73,02,,01,04,02,01,01,01,01,01,500,FE,N,INVERNESS DR / RYAN RD,,,,50,35,26,,,N,,128