Year(4)-CountyCode(2)-MunicipalityCode(2)-CaseNumber(9),County Name,Municipality Name,Crash Date,Crash Day of Week,Crash Time,Police Department Code,Police Department,Police Station,Total Killed,Total Injured,Pedestrians Killed,Pedestrians Injured,Severity,Intersection,Alcohol Involved,Hazmat Involved,Crash Type,Total Vehicles,Location,Location Direction,Route,Route Suffix,Std Rte Identifier,MilePost,Road System,Road Character,Road Horizontal Alignment,Road Grade,Road Surface Type,Surface Condition,Light Condition,Environmental Condition,Road Divided By,Temporary Traffic Control Zone,Distance To Cross Street,Unit Of Measurement,Direction From Cross Street,Cross Street Name,Is Ramp,Ramp To/From Route Name,Ramp To/From Route Direction,Posted Speed,Posted Speed Cross Street,First Harmful Event,Latitude,Longitude,Cell Phone In Use Flag,Other Property Damage,Reporting Badge No.
20181330E050-2018-00724A,MONMOUTH,ABERDEEN TWP,04/10/2018,TU,,02,NEW JERSEY STATE POLICE,HOLMDEL - SQUAD,0,0,0,0,P,B,N,N,12,1,GARDEN STATE PARKWAY,S,444,,00000444__,119.40,03,,01,04,02,01,04,01,01,01,,,,,,,,65,,24,40.424800,74.220420,N,,6496
20181330E050-2018-00792A,MONMOUTH,ABERDEEN TWP,05/03/2018,TH,0129,02,NEW JERSEY STATE POLICE,HOLMDEL - SQUAD,0,0,0,0,P,B,N,N,12,1,GARDEN STATE PARKWAY,S,444,,00000444__,118.90,03,,01,04,02,01,04,01,01,01,,,,,,,,65,,24,40.420710,74.212590,N,,7411
20181330E050-2018-00860A,MONMOUTH,ABERDEEN TWP,05/14/2018,MO,1723,02,NEW JERSEY STATE POLICE,HOLMDEL - SQUAD,0,0,0,0,P,B,N,N,02,2,GARDEN STATE PARKWAY,S,444,,00000444__,120.50,03,,01,04,02,01,01,01,01,01,,,,,,,,65,,26,40.430050,74.244620,N,,7369
20181330E050-2018-00877A,MONMOUTH,ABERDEEN TWP,05/16/2018,WE,1658,02,NEW JERSEY STATE POLICE,HOLMDEL - SQUAD,0,0,0,0,P,B,N,N,01,2,GARDEN STATE PARKWAY,S,444,,00000444__,119.80,03,,01,04,02,02,01,02,01,01,,,,,,,,65,,26,40.428290,74.232170,N,,7639
20181330E050-2018-00950A,MONMOUTH,ABERDEEN TWP,05/25/2018,FR,1109,02,NEW JERSEY STATE POLICE,HOLMDEL - SQUAD,0,0,0,0,P,B,N,N,01,3,GARDEN STATE PARKWAY,S,444,,00000444__,120.00,03,,01,04,02,01,01,01,01,01,,,,,,,,65,,26,40.428310,74.230620,N,,7199
20181330E050-2018-00951A,MONMOUTH,ABERDEEN TWP,05/25/2018,FR,1245,02,NEW JERSEY STATE POLICE,HOLMDEL - SQUAD,0,0,0,0,P,B,N,N,01,2,GARDEN STATE PARKWAY,S,444,,00000444__,119.70,03,,01,04,02,01,01,01,01,01,,,,,,,,65,,26,40.429670,74.243210,N,,7660
20181330E050-2018-00952A,MONMOUTH,ABERDEEN TWP,05/25/2018,FR,1112,02,NEW JERSEY STATE POLICE,HOLMDEL - SQUAD,0,0,0,0,P,B,N,N,01,2,GARDEN STATE PARKWAY,S,444,,00000444__,120.00,03,,01,04,02,01,01,01,01,01,,,,,,,,65,,26,40.428310,74.230620,N,,7199
20181330E050-2018-00991A,MONMOUTH,ABERDEEN TWP,05/27/2018,SU,1600,02,NEW JERSEY STATE POLICE,HOLMDEL - SQUAD,0,0,0,0,P,B,N,N,11,1,GARDEN STATE PARKWAY,N,444,,00000444__,120.70,03,,01,04,02,02,01,02,01,01,,,,,,,,65,,46,40.431040,74.244980,N,NJTA Guardrail,7453
20181330E050-2018-01018A,MONMOUTH,ABERDEEN TWP,05/30/2018,WE,1528,02,NEW JERSEY STATE POLICE,HOLMDEL - SQUAD,0,1,0,0,I,B,N,N,06,2,GARDEN STATE PARKWAY,S,444,,00000444__,120.00,03,,01,04,02,01,01,01,01,01,,,,,,,,65,,28,40.428310,74.230620,N,,6411
20181330E050-2018-01026A,MONMOUTH,ABERDEEN TWP,05/30/2018,WE,0433,02,NEW JERSEY STATE POLICE,HOLMDEL - SQUAD,0,0,0,0,P,B,N,N,11,1,GARDEN STATE PARKWAY,S,444,,00000444__,119.70,03,,01,04,02,01,03,01,01,01,,,,,,,,65,,46,40.428080,74.229800,N,GUARDRAIL,6725
20181330E050-2018-01082A,MONMOUTH,ABERDEEN TWP,06/08/2018,FR,1509,02,NEW JERSEY STATE POLICE,HOLMDEL - SQUAD,0,0,0,0,P,B,N,N,11,1,GARDEN STATE PARKWAY,N,444,,00000444__,120.70,03,,01,04,02,01,01,01,01,01,,,,,,,,65,,46,40.431840,74.246570,N,NJTA - Metal Guardrail.,7411
20181330E050-2018-01085A,MONMOUTH,ABERDEEN TWP,06/08/2018,FR,1641,02,NEW JERSEY STATE POLICE,HOLMDEL - SQUAD,0,1,0,0,I,B,N,N,10,1,GARDEN STATE PARKWAY,S,444,,00000444__,120.30,03,,02,04,02,01,01,01,01,01,,,,,,,,65,,01,40.429060,74.241100,N,,7361
20181330E050-2018-01086A,MONMOUTH,ABERDEEN TWP,06/08/2018,FR,1740,02,NEW JERSEY STATE POLICE,HOLMDEL - SQUAD,0,1,0,0,I,B,N,N,11,1,GARDEN STATE PARKWAY,N,444,,00000444__,119.00,03,,01,04,02,01,01,01,01,01,,,,,,,,65,,56,40.422000,74.214180,N,,7578
20181330E050-2018-01123A,MONMOUTH,ABERDEEN TWP,06/12/2018,TU,1137,02,NEW JERSEY STATE POLICE,HOLMDEL - SQUAD,0,0,0,0,P,B,N,N,11,1,GARDEN STATE PARKWAY,N,444,,00000444__,119.80,03,,01,04,02,01,01,01,01,01,,,,,,,,65,,46,40.428240,74.231670,N,NJTA GUIDERAIL,7576
20181330E050-2018-01155A,MONMOUTH,ABERDEEN TWP,06/16/2018,SA,0215,02,NEW JERSEY STATE POLICE,HOLMDEL - SQUAD,0,1,0,0,I,B,N,N,02,2,GARDEN STATE PARKWAY,N,444,,00000444__,119.90,03,,01,04,02,01,06,01,01,01,,,,,,,,65,,26,40.428870,74.230200,N,Approximately 15 feet of guardrail damage in both left and right shoulder.,7470
20181330E050-2018-01157A,MONMOUTH,ABERDEEN TWP,06/16/2018,SA,1257,02,NEW JERSEY STATE POLICE,HOLMDEL - SQUAD,0,1,0,0,I,B,N,N,11,1,GARDEN STATE PARKWAY,N,444,,00000444__,119.10,03,,01,04,02,01,01,01,01,01,,,,,,,,65,,46,40.423570,74.217030,N,NJTA GUARDRAIL,7332
20181330E050-2018-01165A,MONMOUTH,ABERDEEN TWP,06/17/2018,SU,1115,02,NEW JERSEY STATE POLICE,HOLMDEL - SQUAD,0,0,0,0,P,B,N,N,11,1,GARDEN STATE PARKWAY,S,444,,00000444__,120.40,03,,01,04,02,01,01,01,01,01,,,,,,,,65,,69,40.429480,74.242910,N,,7576
20181330E050-2018-01176A,MONMOUTH,ABERDEEN TWP,06/01/2018,FR,0118,02,NEW JERSEY STATE POLICE,HOLMDEL - SQUAD,0,0,0,0,P,B,N,N,12,1,GARDEN STATE PARKWAY,S,444,,00000444__,119.90,03,,01,04,02,02,06,02,01,01,,,,,,,,65,,24,40.428350,74.233550,N,,7448
20181330E050-2018-01179A,MONMOUTH,ABERDEEN TWP,06/11/2018,MO,1553,02,NEW JERSEY STATE POLICE,HOLMDEL - SQUAD,0,1,0,0,I,B,N,N,11,2,GARDEN STATE PARKWAY,N,444,,00000444__,120.70,03,,01,04,02,01,01,01,01,01,,,,,,,,65,,54,40.431040,74.244980,N,NJTA delineator posts  NJTA metal guardrail,7361
20181330E050-2018-01193A,MONMOUTH,ABERDEEN TWP,06/20/2018,WE,0945,02,NEW JERSEY STATE POLICE,HOLMDEL - SQUAD,0,0,0,0,P,B,N,N,01,2,GARDEN STATE PARKWAY,S,444,,00000444__,119.00,03,,01,04,02,01,01,01,01,01,,,,,,,,65,,26,40.421480,74.214190,N,,7332
20181330E050-2018-01239A,MONMOUTH,ABERDEEN TWP,06/25/2018,MO,1658,02,NEW JERSEY STATE POLICE,HOLMDEL - SQUAD,0,0,0,0,P,B,N,N,11,1,GARDEN STATE PARKWAY,N,444,,00000444__,120.10,03,,01,04,02,01,01,01,01,01,,,,,,,,65,,46,40.429100,74.234000,N,NJTA Guardrail,7380
20181330E050-2018-01312A,MONMOUTH,ABERDEEN TWP,07/01/2018,SU,1304,02,NEW JERSEY STATE POLICE,HOLMDEL - SQUAD,0,0,0,0,P,B,N,N,01,2,GARDEN STATE PARKWAY,N,444,,00000444__,119.10,03,,01,04,02,01,01,01,01,01,,,,,,,,65,,26,40.423550,74.217360,N,,7361
20181330E050-2018-01350A,MONMOUTH,ABERDEEN TWP,07/03/2018,TU,1152,02,NEW JERSEY STATE POLICE,HOLMDEL - SQUAD,0,0,0,0,P,B,N,N,02,2,GARDEN STATE PARKWAY,S,444,,00000444__,119.60,03,,01,04,02,01,01,01,01,01,,,,,,,,65,,26,40.427690,74.227980,N,,7129
20181330E050-2018-01380A,MONMOUTH,ABERDEEN TWP,07/07/2018,SA,1320,02,NEW JERSEY STATE POLICE,HOLMDEL - SQUAD,0,0,0,0,P,B,N,N,02,2,GARDEN STATE PARKWAY,S,444,,00000444__,120.00,03,,01,04,02,01,01,01,01,01,,,,,,,,65,,26,40.428460,74.235450,N,,7411
20181330E050-2018-01412A,MONMOUTH,ABERDEEN TWP,07/13/2018,FR,1042,02,NEW JERSEY STATE POLICE,HOLMDEL - SQUAD,0,0,0,0,P,B,N,N,11,1,GARDEN STATE PARKWAY,S,444,,00000444__,118.90,03,,01,04,02,01,01,01,01,01,,,,,,,,65,,46,40.386550,74.177130,N,,7576
20181330E050-2018-01413A,MONMOUTH,ABERDEEN TWP,07/13/2018,FR,1231,02,NEW JERSEY STATE POLICE,HOLMDEL - SQUAD,0,0,0,0,P,B,N,N,11,1,GARDEN STATE PARKWAY,N,444,,00000444__,119.50,03,,01,04,02,01,01,01,01,01,,,,,,,,65,,46,40.427030,74.223120,N,,7576
20181330E050-2018-01420A,MONMOUTH,ABERDEEN TWP,07/14/2018,SA,1037,02,NEW JERSEY STATE POLICE,HOLMDEL - SQUAD,0,0,0,0,P,B,N,N,01,2,GARDEN STATE PARKWAY,S,444,,00000444__,119.40,03,,01,04,02,01,01,01,01,01,,,,,,,,65,,26,40.426390,74.224610,N,,7332
20181330E050-2018-01452A,MONMOUTH,ABERDEEN TWP,07/15/2018,SU,1541,02,NEW JERSEY STATE POLICE,HOLMDEL - SQUAD,0,2,0,0,I,B,N,N,11,1,GARDEN STATE PARKWAY,N,444,,00000444__,119.80,03,,01,04,02,01,01,01,01,01,,,,,,,,65,,60,40.428730,74.228300,N,,7134
20181330E050-2018-01495A,MONMOUTH,ABERDEEN TWP,07/19/2018,TH,1629,02,NEW JERSEY STATE POLICE,HOLMDEL - SQUAD,0,0,0,0,P,B,N,N,02,2,GARDEN STATE PARKWAY,S,444,,00000444__,119.80,03,,01,04,02,01,01,01,01,01,,,,,,,,65,,26,40.428240,74.231670,N,,7578
20181330E050-2018-01500A,MONMOUTH,ABERDEEN TWP,07/20/2018,FR,1254,02,NEW JERSEY STATE POLICE,HOLMDEL - SQUAD,0,0,0,0,P,B,N,N,01,3,GARDEN STATE PARKWAY,S,444,,00000444__,120.40,03,,01,04,02,01,01,01,03,01,,,,,,,,65,,26,40.428840,74.238160,N,,7382
20181330E050-2018-01507A,MONMOUTH,ABERDEEN TWP,07/19/2018,TH,1602,02,NEW JERSEY STATE POLICE,HOLMDEL - SQUAD,0,0,0,0,P,B,N,N,02,2,GARDEN STATE PARKWAY,S,444,,00000444__,118.80,03,,01,04,02,01,01,01,01,01,,,,,,,,65,,26,40.347980,74.552140,N,,7332
20181330E050-2018-01560A,MONMOUTH,ABERDEEN TWP,07/26/2018,TH,0701,02,NEW JERSEY STATE POLICE,HOLMDEL - SQUAD,0,0,0,0,P,B,N,N,01,2,GARDEN STATE PARKWAY,N,444,,00000444__,118.90,03,,01,04,02,02,01,01,01,01,,,,,,,,65,,26,40.421900,74.214350,N,,7382
20181330E050-2018-01573A,MONMOUTH,ABERDEEN TWP,07/28/2018,SA,1100,02,NEW JERSEY STATE POLICE,HOLMDEL - SQUAD,0,1,0,0,I,B,N,N,01,4,GARDEN STATE PARKWAY,S,444,,00000444__,120.00,03,,01,04,02,01,01,01,01,01,,,,,,,,65,,26,40.428310,74.230620,N,,7804
20181330E050-2018-01588A,MONMOUTH,ABERDEEN TWP,07/29/2018,SU,1337,02,NEW JERSEY STATE POLICE,HOLMDEL - SQUAD,0,0,0,0,P,B,N,N,01,2,GARDEN STATE PARKWAY,S,444,,00000444__,120.50,03,,01,04,02,01,01,01,01,01,,,,,,,,65,,26,40.429060,74.240020,N,,7129
20181330E050-2018-01589A,MONMOUTH,ABERDEEN TWP,07/29/2018,SU,1405,02,NEW JERSEY STATE POLICE,HOLMDEL - SQUAD,0,0,0,0,P,B,N,N,01,3,GARDEN STATE PARKWAY,S,444,,00000444__,119.10,03,,01,04,02,01,01,01,03,01,,,,,,,,65,,26,40.424220,74.219690,N,,7129
20181330E050-2018-01649A,MONMOUTH,ABERDEEN TWP,08/03/2018,FR,1733,02,NEW JERSEY STATE POLICE,HOLMDEL - SQUAD,0,1,0,0,I,B,N,N,02,2,GARDEN STATE PARKWAY,N,444,,00000444__,120.40,03,,01,04,02,01,01,01,01,01,,,,,,,,65,,26,40.416850,74.203750,N,GUARDRAIL,7578
20181330E050-2018-01683A,MONMOUTH,ABERDEEN TWP,08/07/2018,TU,2133,02,NEW JERSEY STATE POLICE,HOLMDEL - SQUAD,0,0,0,0,P,B,N,N,01,2,GARDEN STATE PARKWAY,N,444,,00000444__,120.00,03,,01,04,02,02,06,02,01,01,,,,,,,,65,,26,40.428980,74.232100,N,,7439
20181330E050-2018-01708A,MONMOUTH,ABERDEEN TWP,08/09/2018,TH,2058,02,NEW JERSEY STATE POLICE,HOLMDEL - SQUAD,0,0,0,0,P,B,N,N,02,2,GARDEN STATE PARKWAY,N,444,,00000444__,119.50,03,,01,04,02,01,05,01,01,02,,,,,,,,65,,26,40.426920,74.223320,N,,7578
20181330E050-2018-01714A,MONMOUTH,ABERDEEN TWP,08/10/2018,FR,1242,02,NEW JERSEY STATE POLICE,HOLMDEL - SQUAD,0,0,0,0,P,B,N,N,02,4,GARDEN STATE PARKWAY,S,444,,00000444__,120.70,03,,01,04,02,01,01,01,01,01,,,,,,,,65,,26,40.386550,74.177130,N,,7661
20181330E050-2018-01737A,MONMOUTH,ABERDEEN TWP,08/13/2018,MO,0931,02,NEW JERSEY STATE POLICE,HOLMDEL - SQUAD,0,0,0,0,P,B,N,N,11,1,GARDEN STATE PARKWAY,S,444,,00000444__,120.20,03,,01,04,02,02,01,02,01,01,,,,,,,,65,,46,40.428790,74.239320,N,NJTA GUARDRAIL,7382
20181330E050-2018-01836A,MONMOUTH,ABERDEEN TWP,08/23/2018,TH,1843,02,NEW JERSEY STATE POLICE,HOLMDEL - SQUAD,0,0,0,0,P,B,N,N,02,2,GARDEN STATE PARKWAY,S,444,,00000444__,118.90,03,,01,04,02,01,01,01,01,01,,,,,,,,65,,26,40.422490,74.216650,N,,7739
20181330E050-2018-01838A,MONMOUTH,ABERDEEN TWP,08/24/2018,FR,1117,02,NEW JERSEY STATE POLICE,HOLMDEL - SQUAD,0,0,0,0,P,B,N,N,01,2,GARDEN STATE PARKWAY,S,444,,00000444__,119.00,03,,01,04,02,01,01,01,01,01,,,,,,,,65,,26,40.421480,74.214190,N,,7369
20181330E050-2018-01840A,MONMOUTH,ABERDEEN TWP,08/24/2018,FR,1136,02,NEW JERSEY STATE POLICE,HOLMDEL - SQUAD,0,0,0,0,P,B,N,N,01,2,GARDEN STATE PARKWAY,S,444,,00000444__,120.10,03,,01,04,02,01,01,01,01,01,,,,,,,,65,,26,40.428440,74.232490,N,,7369
20181330E050-2018-01849A,MONMOUTH,ABERDEEN TWP,08/25/2018,SA,1025,02,NEW JERSEY STATE POLICE,HOLMDEL - SQUAD,0,1,0,0,I,B,N,N,01,2,GARDEN STATE PARKWAY,S,444,,00000444__,120.00,03,,01,04,02,01,01,01,01,01,,,,,,,,65,,26,40.428230,74.231390,N,,7369
20181330E050-2018-01857A,MONMOUTH,ABERDEEN TWP,08/25/2018,SA,1446,02,NEW JERSEY STATE POLICE,HOLMDEL - SQUAD,0,0,0,0,P,B,N,N,01,2,GARDEN STATE PARKWAY,S,444,,00000444__,120.20,03,,01,04,02,01,01,01,01,01,,,,,,,,65,,26,40.235480,74.365870,N,,6978
20181330E050-2018-01887A,MONMOUTH,ABERDEEN TWP,08/29/2018,WE,0755,02,NEW JERSEY STATE POLICE,HOLMDEL - SQUAD,0,0,0,0,P,B,N,N,01,2,GARDEN STATE PARKWAY,N,444,,00000444__,119.20,03,,01,04,02,01,01,01,01,01,,,,,,,,65,,26,40.424380,74.218880,N,,7804
20181330E050-2018-02000A,MONMOUTH,ABERDEEN TWP,09/11/2018,TU,0909,02,NEW JERSEY STATE POLICE,HOLMDEL - SQUAD,0,0,0,0,P,B,N,N,11,1,GARDEN STATE PARKWAY,S,444,,00000444__,119.20,03,,02,05,03,02,01,05,01,01,,,,,,,,65,,46,40.433200,74.199600,N,NJTA GUIDERAIL,6411
20181330E050-2018-02132A,MONMOUTH,ABERDEEN TWP,09/26/2018,WE,0711,02,NEW JERSEY STATE POLICE,HOLMDEL - SQUAD,0,0,0,0,P,B,N,N,01,2,GARDEN STATE PARKWAY,N,444,,00000444__,119.10,03,,01,04,02,02,01,02,01,01,,,,,,,,65,,26,40.425200,74.220370,N,,7361
20181330E050-2018-02144A,MONMOUTH,ABERDEEN TWP,09/28/2018,FR,,02,NEW JERSEY STATE POLICE,HOLMDEL - SQUAD,0,0,0,0,P,B,N,N,12,1,GARDEN STATE PARKWAY,S,444,,00000444__,119.00,03,,01,04,02,02,06,02,01,01,,,,,,,,65,,24,40.423700,74.218400,N,,7332
20181330E050-2018-02345A,MONMOUTH,ABERDEEN TWP,10/23/2018,TU,0712,02,NEW JERSEY STATE POLICE,HOLMDEL - SQUAD,0,0,0,0,P,B,N,N,12,1,GARDEN STATE PARKWAY,S,444,,00000444__,120.00,03,,01,04,02,01,01,01,01,01,,,,,,,,65,,24,40.386550,74.177140,N,,7448
20181330E050-2018-02365A,MONMOUTH,ABERDEEN TWP,10/25/2018,TH,1815,02,NEW JERSEY STATE POLICE,HOLMDEL - SQUAD,0,0,0,0,P,B,N,N,01,2,GARDEN STATE PARKWAY,S,444,,00000444__,120.00,03,,03,04,02,01,01,01,01,01,,,,,,,,65,,26,40.432180,74.251250,N,,7570
20181330E050-2018-02432A,MONMOUTH,ABERDEEN TWP,11/01/2018,TH,1828,02,NEW JERSEY STATE POLICE,HOLMDEL - SQUAD,0,0,0,0,P,B,N,N,01,2,GARDEN STATE PARKWAY,S,444,,00000444__,119.00,03,,01,04,02,01,06,01,01,01,,,,,,,,65,,26,40.420310,74.205780,N,,7578
20181330E050-2018-02450A,MONMOUTH,ABERDEEN TWP,11/03/2018,SA,2339,02,NEW JERSEY STATE POLICE,HOLMDEL - SQUAD,0,0,0,0,P,B,N,N,02,2,GARDEN STATE PARKWAY,S,444,,00000444__,119.70,03,,01,04,02,01,06,01,01,01,,,,,,,,65,,26,40.428070,74.228780,N,,7361
20181330E050-2018-02507A,MONMOUTH,ABERDEEN TWP,11/09/2018,FR,0843,02,NEW JERSEY STATE POLICE,HOLMDEL - SQUAD,0,0,0,0,P,B,N,N,15,1,GARDEN STATE PARKWAY,N,444,,00000444__,119.50,03,,01,04,02,01,01,01,01,01,,,,,,,,65,,30,40.426920,74.223320,N,,7453
20181330E050-2018-02521A,MONMOUTH,ABERDEEN TWP,11/11/2018,SU,1554,02,NEW JERSEY STATE POLICE,HOLMDEL - SQUAD,0,0,0,0,P,B,N,N,11,1,GARDEN STATE PARKWAY,N,444,,00000444__,120.00,03,,01,04,02,01,01,01,01,01,,,,,,,,65,,46,40.428850,74.232120,N,Guardrail,5372
20181330E050-2018-02544A,MONMOUTH,ABERDEEN TWP,11/13/2018,TU,2239,02,NEW JERSEY STATE POLICE,HOLMDEL - SQUAD,0,1,0,0,I,B,N,N,11,1,GARDEN STATE PARKWAY,S,444,,00000444__,120.10,03,,01,04,02,01,07,01,01,01,,,,,,,,65,,46,40.386550,74.177130,N,GUARDRAIL DAMAGE MP 120.1
NJ TURNPIKE AUTHORITY PO BOX 5042  WOODBRIDGE NJ,7501
20181330E050-2018-02548A,MONMOUTH,ABERDEEN TWP,11/14/2018,WE,1057,02,NEW JERSEY STATE POLICE,HOLMDEL - SQUAD,0,0,0,0,P,B,N,N,12,1,GARDEN STATE PARKWAY,S,444,,00000444__,119.10,03,,01,04,02,01,01,01,01,01,,,,,,,,65,,24,40.424220,74.219690,N,,7471
20181330E050-2018-02604A,MONMOUTH,ABERDEEN TWP,11/20/2018,TU,0641,02,NEW JERSEY STATE POLICE,HOLMDEL - SQUAD,0,0,0,0,P,B,N,N,01,2,GARDEN STATE PARKWAY,N,444,,00000444__,119.80,03,,01,04,02,02,01,02,01,01,,,,,,,,65,,26,40.428600,74.228420,N,,7411
20181330E050-2018-02645A,MONMOUTH,ABERDEEN TWP,11/24/2018,SA,2154,02,NEW JERSEY STATE POLICE,HOLMDEL - SQUAD,0,0,0,0,P,B,N,N,02,2,GARDEN STATE PARKWAY,S,444,,00000444__,120.60,03,,01,04,02,02,06,02,01,01,,,,,,,,65,,26,40.430810,74.246290,N,,7639
20181330E050-2018-02681A,MONMOUTH,ABERDEEN TWP,11/27/2018,TU,0815,02,NEW JERSEY STATE POLICE,HOLMDEL - SQUAD,0,0,0,0,P,B,N,N,01,2,GARDEN STATE PARKWAY,N,444,,00000444__,120.30,03,,01,04,02,01,01,01,01,01,,,,,,,,65,,26,40.429490,74.237740,N,,7845
20181330E050-2018-02740A,MONMOUTH,ABERDEEN TWP,11/19/2018,MO,1122,02,NEW JERSEY STATE POLICE,HOLMDEL - SQUAD,0,0,0,0,P,B,N,N,02,2,GARDEN STATE PARKWAY,N,444,,00000444__,120.80,03,,01,04,02,01,01,01,01,02,,,,,,,,45,,26,40.174310,74.187310,N,,7448
20181330E050-2018-02765A,MONMOUTH,ABERDEEN TWP,12/07/2018,FR,1942,02,NEW JERSEY STATE POLICE,HOLMDEL - SQUAD,0,0,0,0,P,B,N,N,01,2,GARDEN STATE PARKWAY,S,444,,00000444__,119.10,03,,01,04,02,01,07,01,01,01,,,,,,,,65,,26,40.251510,74.251250,N,,7362
20181330E050-2018-02886A,MONMOUTH,ABERDEEN TWP,12/21/2018,FR,0626,02,NEW JERSEY STATE POLICE,HOLMDEL - SQUAD,0,0,0,0,P,B,N,N,11,1,GARDEN STATE PARKWAY,N,444,,00000444__,119.40,03,,01,04,02,02,02,02,01,01,,,,,,,,65,,46,40.426520,74.222250,N,GUARDRAIL,7794
20181330E050-2018-02887A,MONMOUTH,ABERDEEN TWP,12/22/2018,SA,0349,02,NEW JERSEY STATE POLICE,HOLMDEL - SQUAD,0,0,0,0,P,B,N,N,12,1,GARDEN STATE PARKWAY,S,444,,00000444__,119.00,03,,01,04,02,01,06,01,01,01,,,,,,,,65,,24,40.422700,74.215510,N,,7639
20181330I-2018-000224,MONMOUTH,ABERDEEN TWP,01/05/2018,FR,1302,01,ABERDEEN TWP PD,,0,0,0,0,P,B,N,N,01,2,MONMOUTH COUNTY 3,W,3,,13000003__,11.27,05,,01,04,02,03,01,01,05,01,60,FE,E,IVYHILL DR,,,,35,25,26,,,N,,74
20181330I-2018-000290,MONMOUTH,ABERDEEN TWP,01/07/2018,SU,1337,01,ABERDEEN TWP PD,,0,0,0,0,P,B,N,N,02,2,NJ 34,N,34,,00000034__,21.29,02,,01,04,02,01,01,01,05,01,150,FE,S,CR 3 / LLOYD RD,,,,40,35,26,,,N,,74
20181330I-2018-000317,MONMOUTH,ABERDEEN TWP,01/08/2018,MO,1019,01,ABERDEEN TWP PD,,0,0,0,0,P,B,N,N,02,2,NJ 35,N,35,,00000035__,44.91,02,,01,05,02,01,01,01,01,01,528,FE,N,CR 6A / CLIFFWOOD AVE,,,,50,25,26,,,N,,74
20181330I-2018-000326,MONMOUTH,ABERDEEN TWP,01/08/2018,MO,1450,01,ABERDEEN TWP PD,,0,1,0,1,I,I,N,N,13,1,FIFTH ST,N,,,,,07,,01,04,02,01,01,05,05,01,,AT,,ATLANTIC AVENUE,,,,35,25,22,,,N,,74
20181330I-2018-000363,MONMOUTH,ABERDEEN TWP,01/09/2018,TU,0903,01,ABERDEEN TWP PD,,0,0,0,0,P,B,N,N,02,2,MONMOUTH COUNTY 3,E,3,,13000003__,11.53,05,,01,04,02,02,01,01,04,01,30,FE,W,CHURCH ST,,,,35,35,26,,,N,,75
20181330I-2018-000393,MONMOUTH,ABERDEEN TWP,01/09/2018,TU,1613,01,ABERDEEN TWP PD,,0,0,0,0,P,I,N,N,05,2,MATAWAN AVE,S,,,13291256__,,07,,03,04,02,04,01,01,04,01,,AT,S,DOGWOOD CT,,,,40,25,26,,,N,,81
20181330I-2018-000408,MONMOUTH,ABERDEEN TWP,01/09/2018,TU,1956,01,ABERDEEN TWP PD,,0,0,0,0,P,B,N,N,06,2,DREXEL LN **,N,,,13301127__,,07,,01,04,02,01,06,01,05,01,,,,,,,,25,,28,,,N,,81
20181330I-2018-000600,MONMOUTH,ABERDEEN TWP,01/13/2018,SA,1523,01,ABERDEEN TWP PD,,0,1,0,0,I,I,N,N,07,2,NJ 34,N,34,,00000034__,21.32,02,,01,04,02,01,01,01,05,01,,AT,W,CR 3 / LLOYD RD,,,,40,35,26,,,N,,84
20181330I-2018-000615,MONMOUTH,ABERDEEN TWP,01/14/2018,SU,0053,01,ABERDEEN TWP PD,,0,0,0,0,P,B,N,N,08,2,CLIFFWOOD AVE **,,,,13301162__,.34,07,,01,04,02,01,07,01,05,01,50,FE,W,BEVERLY DR,,,,25,25,26,,,N,,78
20181330I-2018-000644,MONMOUTH,ABERDEEN TWP,01/14/2018,SU,1616,01,ABERDEEN TWP PD,,0,0,0,0,P,I,N,N,03,2,MONMOUTH COUNTY 3,E,3,,13000003__,11.54,05,,01,04,02,01,03,01,05,01,,AT,,CHURCH ST,,,,40,40,26,,,N,,74
20181330I-2018-000734,MONMOUTH,ABERDEEN TWP,01/16/2018,TU,1723,01,ABERDEEN TWP PD,,0,0,0,0,P,B,N,N,06,2,EDGEVIEW RD **,,,,13301152__,,07,,01,04,02,01,03,01,05,01,,,,,,,,25,,26,,,N,,78
20181330I-2018-000758,MONMOUTH,ABERDEEN TWP,01/17/2018,WE,0836,01,ABERDEEN TWP PD,,0,0,0,0,P,I,N,N,03,2,MONMOUTH COUNTY 6A I,E,6,1,13000006A1,,05,,01,05,02,03,01,03,05,01,,AT,,GLASSWORKS BOULEVARD,,,,35,,26,,,N,,60