Year(4)-CountyCode(2)-MunicipalityCode(2)-CaseNumber(9),County Name,Municipality Name,Crash Date,Crash Day of Week,Crash Time,Police Department Code,Police Department,Police Station,Total Killed,Total Injured,Pedestrians Killed,Pedestrians Injured,Severity,Intersection,Alcohol Involved,Hazmat Involved,Crash Type,Total Vehicles,Location,Location Direction,Route,Route Suffix,Std Rte Identifier,MilePost,Road System,Road Character,Road Horizontal Alignment,Road Grade,Road Surface Type,Surface Condition,Light Condition,Environmental Condition,Road Divided By,Temporary Traffic Control Zone,Distance To Cross Street,Unit Of Measurement,Direction From Cross Street,Cross Street Name,Is Ramp,Ramp To/From Route Name,Ramp To/From Route Direction,Posted Speed,Posted Speed Cross Street,First Harmful Event,Latitude,Longitude,Cell Phone In Use Flag,Other Property Damage,Reporting Badge No.
20181330I-2018-007305,MONMOUTH,ABERDEEN TWP,06/05/2018,TU,1905,01,ABERDEEN TWP PD,,0,0,0,0,P,B,N,N,06,2,35 ATLANTIC AVENUE,,,,,,09,,01,04,02,01,01,01,05,01,,,,,,,,15,,28,,,N,,81
20181330I-2018-007334,MONMOUTH,ABERDEEN TWP,06/06/2018,WE,1842,01,ABERDEEN TWP PD,,0,1,0,0,I,I,N,N,03,2,MONMOUTH COUNTY 6A I,,6,1,13000006A1,1.32,05,,01,04,02,01,01,01,05,01,,AT,N,MATAWAN AVE / PENDEL LN,,,,30,25,26,,,N,,79
20181330I-2018-007372,MONMOUTH,ABERDEEN TWP,06/07/2018,TH,1737,01,ABERDEEN TWP PD,ABERDEEN TOWNS?,0,0,0,0,P,B,N,N,01,2,MONMOUTH COUNTY 3,S,3,,13000003__,11.55,05,,01,04,02,01,01,01,04,01,50,FE,N,CHURCH ST,,,,40,40,26,,,N,,86
20181330I-2018-007407,MONMOUTH,ABERDEEN TWP,06/08/2018,FR,1139,01,ABERDEEN TWP PD,,0,0,0,0,P,B,N,N,03,2,ATLANTIC AVE **,N,,,13301080__,.69,07,,01,04,02,01,01,01,05,01,120,FE,S,SECOND ST,,,,25,25,26,,,N,,74
20181330I-2018-007528,MONMOUTH,ABERDEEN TWP,06/11/2018,MO,1007,01,ABERDEEN TWP PD,,0,0,0,0,P,B,N,N,11,1,MONMOUTH COUNTY 6A I,,6,1,13000006A1,,05,,00,04,02,01,01,01,04,01,65,FE,W,SOUTH AMBOY AVE,,,,25,25,52,,,N,NJ DOT YIELD SIGN JCP&L POLE# JC162ABT,87
20181330I-2018-007551,MONMOUTH,ABERDEEN TWP,06/11/2018,MO,1643,01,ABERDEEN TWP PD,,0,1,0,0,I,B,N,N,14,1,IDLEWILD LN **,,,,13301035__,,07,,01,04,02,01,01,01,05,01,,,S,IRIS WAY,,,,,,28,,,N,,90
20181330I-2018-007598,MONMOUTH,ABERDEEN TWP,06/12/2018,TU,0949,01,ABERDEEN TWP PD,,0,0,0,0,P,I,N,N,08,2,INGRAM CIR **,S,,,13301053__,.00,07,,03,06,02,01,01,01,05,01,,AT,N,IVY WAY,,,,25,25,28,,,N,,88
20181330I-2018-007619,MONMOUTH,ABERDEEN TWP,06/12/2018,TU,2034,01,ABERDEEN TWP PD,,0,0,0,0,P,B,N,N,01,2,CLIFFWOOD AVE **,W,,,13301162__,.00,07,,01,04,02,01,03,01,04,01,15,FE,W,NJ 35,,,,25,,26,,,N,,90
20181330I-2018-007704,MONMOUTH,ABERDEEN TWP,06/14/2018,TH,1305,01,ABERDEEN TWP PD,,0,0,0,0,P,B,N,N,02,2,MONMOUTH COUNTY 6A I,W,6,1,13000006A1,,05,,01,04,02,01,01,01,04,01,80,FE,W,SWEETBRIAR STREET,,,,25,25,26,,,N,,87
20181330I-2018-007723,MONMOUTH,ABERDEEN TWP,06/14/2018,TH,2116,01,ABERDEEN TWP PD,,0,1,0,0,I,B,N,N,01,3,NJ 35,N,35,,00000035__,44.66,02,,01,04,02,01,04,01,01,01,15,FE,W,CR 6 / AMBOY AVE,,,,50,36,26,,,N,,
20181330I-2018-007725,MONMOUTH,ABERDEEN TWP,06/14/2018,TH,2151,01,ABERDEEN TWP PD,,0,3,0,0,I,I,N,N,01,3,NJ 35,N,35,,00000035__,45.18,02,,01,04,02,01,06,01,01,01,,AT,,COUNTY RD,,,,50,25,26,,,N,,
20181330I-2018-007810,MONMOUTH,ABERDEEN TWP,06/16/2018,SA,2134,01,ABERDEEN TWP PD,,0,2,0,0,I,I,Y,N,05,2,MONMOUTH COUNTY 3,W,3,,13000003__,12.35,05,,01,04,02,01,06,01,04,01,,AT,W,LINE RD / NUTMEG RD,,,,40,25,26,,,N,,81
20181330I-2018-007832,MONMOUTH,ABERDEEN TWP,06/17/2018,SU,1249,01,ABERDEEN TWP PD,,0,0,0,0,P,B,N,N,03,2,CLIFFWOOD AVE **,E,,,13301162__,.04,07,,01,04,02,01,01,01,05,01,90,FE,W,SWEETBRIAR ST,,,,25,25,26,,,N,,74
20181330I-2018-007840,MONMOUTH,ABERDEEN TWP,06/17/2018,SU,1919,01,ABERDEEN TWP PD,ABERDEEN TOWNS?,0,0,0,0,P,I,N,N,06,2,GULDEN ST **,E,,,13301155__,.00,07,,01,04,01,01,01,01,05,01,,AT,E,PROSPECT AVE,,,,25,25,26,,,N,,86
20181330I-2018-007864,MONMOUTH,ABERDEEN TWP,06/18/2018,MO,1430,01,ABERDEEN TWP PD,,0,0,0,0,P,B,N,N,08,2,FERNDALE PL **,,,,13301154__,.00,07,,00,04,02,01,01,01,05,01,1500,FE,N,PROSPECT AVE,,,,25,25,28,,,N,,89
20181330I-2018-007951,MONMOUTH,ABERDEEN TWP,06/20/2018,WE,0735,01,ABERDEEN TWP PD,,0,0,0,0,P,B,N,N,01,2,CLIFFWOOD AVE **,W,,,13301162__,.00,07,,01,04,02,01,01,01,04,01,25,FE,E,NJ 35,,,,25,50,26,,,N,,90
20181330I-2018-008128,MONMOUTH,ABERDEEN TWP,06/24/2018,SU,1855,01,ABERDEEN TWP PD,,0,0,0,0,P,I,N,N,12,1,MONMOUTH COUNTY 3,W,3,,13000003__,11.26,05,,01,04,02,01,01,01,04,01,,AT,S,IVYHILL DR,,,,35,,24,,,N,,78
20181330I-2018-008265,MONMOUTH,ABERDEEN TWP,06/27/2018,WE,1544,01,ABERDEEN TWP PD,,0,0,0,0,P,B,N,N,01,3,MONMOUTH COUNTY 3,W,3,,13000003__,10.66,05,,01,04,02,01,01,01,04,01,25,FE,W,OXFORD LN,,,,35,,26,,,N,,60
20181330I-2018-008303,MONMOUTH,ABERDEEN TWP,06/28/2018,TH,0840,01,ABERDEEN TWP PD,,0,0,0,0,P,B,N,N,01,2,CHURCH ST,S,,,13301307__,.01,07,,01,04,02,02,01,01,04,01,40,FE,N,CR 3 / LLOYD RD,,,,35,35,26,,,N,,75
20181330I-2018-008309,MONMOUTH,ABERDEEN TWP,06/28/2018,TH,0936,01,ABERDEEN TWP PD,,0,0,0,0,P,I,N,N,03,2,MONMOUTH COUNTY 6A I,E,6,1,13000006A1,1.32,05,,01,04,02,02,01,05,04,01,,AT,N,MATAWAN AVE / PENDEL LN,,,,30,40,26,,,N,,90
20181330I-2018-008344,MONMOUTH,ABERDEEN TWP,06/29/2018,FR,0512,01,ABERDEEN TWP PD,,0,2,0,0,I,I,N,N,03,2,NJ 35,N,35,,00000035__,44.81,02,,01,04,02,02,01,01,01,01,,AT,W,CR 6A / CLIFFWOOD AVE,,,,50,30,,,,N,,63
20181330I-2018-008365,MONMOUTH,ABERDEEN TWP,06/29/2018,FR,1253,01,ABERDEEN TWP PD,,0,2,0,0,I,I,N,N,01,3,MONMOUTH COUNTY 6A I,E,6,1,13000006A1,.30,05,,01,04,02,01,01,01,04,01,,AT,N,COUNTY RD,,,,35,25,26,,,N,,90
20181330I-2018-008407,MONMOUTH,ABERDEEN TWP,06/30/2018,SA,1016,01,ABERDEEN TWP PD,,0,2,0,0,I,B,N,N,01,2,NJ 35,S,35,,00000035__,44.66,02,,00,04,02,01,01,01,01,01,25,FE,N,CR 6 / AMBOY AVE,,,,50,35,26,,,N,,75
20181330I-2018-008456,MONMOUTH,ABERDEEN TWP,07/01/2018,SU,1435,01,ABERDEEN TWP PD,ABERDEEN TOWNS?,0,1,0,0,I,B,N,N,01,3,MONMOUTH COUNTY 6 I,W,6,1,130000061_,.00,05,,01,05,01,01,01,01,04,01,15,FE,W,NJ 35,,,,35,50,26,,,N,,86
20181330I-2018-008560,MONMOUTH,ABERDEEN TWP,07/03/2018,TU,2355,01,ABERDEEN TWP PD,,0,0,0,0,P,B,N,N,01,2,CLIFFWOOD AVE **,W,,,13301162__,.02,07,,01,04,02,01,06,01,04,01,100,FE,E,NJ 35,,,,25,50,26,,,N,,78
20181330I-2018-008704,MONMOUTH,ABERDEEN TWP,07/07/2018,SA,0313,01,ABERDEEN TWP PD,,0,1,0,0,I,B,N,N,06,2,WEST PROSPECT **,N,,,13301349__,,07,,01,04,02,01,07,01,04,01,50,FE,S,NETHERWOOD DR,,,,25,,28,,,N,"MUNICIPAL SIGN """"NO PARKING HERE TO CORNER""""",85
20181330I-2018-008705,MONMOUTH,ABERDEEN TWP,07/07/2018,SA,0323,01,ABERDEEN TWP PD,,0,1,0,0,I,B,N,N,11,1,NJ 35,S,35,,00000035__,44.68,02,,03,04,02,01,06,01,01,01,100,FE,N,CR 6 / AMBOY AVE,,,,50,35,56,,,N,,77
20181330I-2018-008781,MONMOUTH,ABERDEEN TWP,07/09/2018,MO,1729,01,ABERDEEN TWP PD,,0,0,0,0,P,I,N,N,01,2,MONMOUTH COUNTY 3,S,3,,13000003__,12.62,05,,01,04,02,01,01,01,05,01,,AT,,,F,GARDEN STATE PARKWAY,SB,35,,26,,,N,,87
20181330I-2018-008850,MONMOUTH,ABERDEEN TWP,07/11/2018,WE,1734,01,ABERDEEN TWP PD,,0,1,0,0,I,I,N,N,14,1,ROUTE 516,S,516,,00000516__,8.88,05,,01,04,02,01,01,01,05,01,,AT,,CROSS AVE,,,,35,25,21,,,N,,87
20181330I-2018-008851,MONMOUTH,ABERDEEN TWP,07/11/2018,WE,1735,01,ABERDEEN TWP PD,,0,0,0,0,P,B,N,N,06,2,DARWIN WAY **,E,,,13301126__,.01,07,,01,04,02,01,01,01,05,01,30,FE,E,CHURCH ST,,,,25,40,28,,,N,,71
20181330I-2018-008880,MONMOUTH,ABERDEEN TWP,07/12/2018,TH,1805,01,ABERDEEN TWP PD,,0,2,0,0,I,I,N,N,03,2,MATAWAN AVE,N,,,13291256__,1.15,07,,01,04,02,01,01,01,05,01,,AT,,GROVE ST / W PROSPECT,,,,40,25,26,,,N,DAMAGE TO FENCE AND TREE LOCATED 520 MATAWAN AVENUE. STREET AND STOP SIGN-PROPE?,89
20181330I-2018-008909,MONMOUTH,ABERDEEN TWP,07/13/2018,FR,0336,01,ABERDEEN TWP PD,,0,1,0,0,I,B,N,N,11,1,MONMOUTH COUNTY 3,S,3,,13000003__,11.00,05,,01,05,05,01,06,01,05,01,550,FE,S,REIDS HILL RD,,,,35,25,60,,,Y,,70
20181330I-2018-009118,MONMOUTH,ABERDEEN TWP,07/17/2018,TU,0942,01,ABERDEEN TWP PD,ABERDEEN POLICE,0,1,0,0,I,I,N,N,12,1,MONMOUTH COUNTY 3,E,3,,13000003__,11.94,05,,01,04,02,01,01,01,04,01,,AT,,ANDOVER LN,,,,35,25,24,,,N,,805
20181330I-2018-009198,MONMOUTH,ABERDEEN TWP,07/19/2018,TH,1505,01,ABERDEEN TWP PD,,0,0,0,0,P,B,N,N,02,2,NJ 34,N,34,,00000034__,20.60,02,,01,05,02,01,01,01,04,01,,,,,,,,45,,27,,,N,,60
20181330I-2018-009246,MONMOUTH,ABERDEEN TWP,07/20/2018,FR,1715,01,ABERDEEN TWP PD,,0,0,0,0,P,I,N,N,12,1,LINE RD,,,,13181304__,.00,07,,01,04,02,01,01,01,05,01,,AT,,VAN BRAKLE RD,,,,30,25,24,,,N,,81
20181330I-2018-009352,MONMOUTH,ABERDEEN TWP,07/23/2018,MO,1707,01,ABERDEEN TWP PD,,0,0,0,0,P,B,N,N,02,2,NJ 34,S,34,,00000034__,21.20,02,,01,04,02,02,01,05,05,01,50,FE,N,VAN BRACKLE RD,,,,40,25,26,,,N,,81
20181330I-2018-009449,MONMOUTH,ABERDEEN TWP,07/25/2018,WE,2119,01,ABERDEEN TWP PD,,0,0,0,0,P,I,N,N,11,1,NJ 34,N,34,,00000034__,20.70,02,,01,04,02,02,05,01,04,01,,AT,,WELLINGTON PL,,,,45,25,52,,,N,,78
20181330I-2018-009554,MONMOUTH,ABERDEEN TWP,07/28/2018,SA,1414,01,ABERDEEN TWP PD,,0,0,0,0,P,B,N,N,08,2,35 ATLANTIC AVENUE,S,,,,,08,,01,04,02,01,01,01,05,01,,,,,,,,15,,26,,,N,,60
20181330I-2018-009773,MONMOUTH,ABERDEEN TWP,08/02/2018,TH,1916,01,ABERDEEN TWP PD,,0,0,0,0,P,B,N,N,06,2,35 ATLANTIC AVENUE,,,,,,09,,01,04,02,01,01,01,05,01,,,,,,,,10,,28,,,N,,71
20181330I-2018-009805,MONMOUTH,ABERDEEN TWP,08/03/2018,FR,1917,01,ABERDEEN TWP PD,,0,0,0,0,P,I,Y,N,11,1,NJ 35,S,35,,00000035__,44.81,02,,01,04,02,01,01,01,01,01,,AT,W,CR 6A / CLIFFWOOD AVE,,,,50,30,41,,,N,DAMAGE IMPACT ATTENUATOR (CRASH CUSHION) LOCATED AT HIGHWAY 35 SOUTH AND CLIFFW?,71
20181330I-2018-009868,MONMOUTH,ABERDEEN TWP,08/05/2018,SU,1131,01,ABERDEEN TWP PD,,0,0,0,0,P,B,N,N,01,2,MATAWAN AVE,N,,,13291256__,1.63,07,,01,04,02,01,01,01,04,01,10,FE,S,CR 6A I / CLIFFWOOD AVE,,,,40,30,26,,,N,,75
20181330I-2018-009915,MONMOUTH,ABERDEEN TWP,08/06/2018,MO,0929,01,ABERDEEN TWP PD,,0,0,0,0,P,I,N,N,01,2,NJ 35,N,35,,00000035__,45.18,02,,00,04,02,01,01,01,01,01,,AT,,COUNTY RD,,,,50,25,26,,,N,,91
20181330I-2018-009972,MONMOUTH,ABERDEEN TWP,08/07/2018,TU,1322,01,ABERDEEN TWP PD,,0,0,0,0,P,B,N,N,03,2,MONMOUTH COUNTY 3,E,3,,13000003__,10.66,05,,00,04,02,01,01,01,04,01,10,FE,E,OXFORD LN,,,,35,25,26,,,N,,91
20181330I-2018-009984,MONMOUTH,ABERDEEN TWP,08/07/2018,TU,2131,01,ABERDEEN TWP PD,,0,0,0,0,P,I,N,N,03,2,NJ 34,,34,,00000034__,21.82,02,,01,04,02,02,07,02,04,01,,AT,,MILL RD,,,,40,25,26,,,N,,89
20181330I-2018-010079,MONMOUTH,ABERDEEN TWP,08/10/2018,FR,1404,01,ABERDEEN TWP PD,,0,0,0,0,P,B,N,N,01,2,NJ 35,S,35,,00000035__,44.82,02,,01,06,02,01,01,01,01,01,75,FE,N,CR 6A / CLIFFWOOD AVE,,,,50,25,26,,,N,,59
20181330I-2018-010148,MONMOUTH,ABERDEEN TWP,08/12/2018,SU,1437,01,ABERDEEN TWP PD,,0,0,0,0,P,I,N,N,06,2,WOODMERE DR **,S,,,13301145__,.00,07,,01,04,02,01,01,01,05,01,,AT,,SUNSET WAY,,,,25,25,28,,,N,FENCE AND LANDSCAPING ON THE PROPERTY OF 1025 WOODMERE DRIVE CLIFFWOOD BEACH  N?,59
20181330I-2018-010361,MONMOUTH,ABERDEEN TWP,08/16/2018,TH,1715,01,ABERDEEN TWP PD,,0,0,0,0,P,I,N,N,01,2,NJ 34,E,34,,00000034__,21.19,02,,03,04,02,01,01,01,05,01,,AT,,VAN BRACKLE RD,,,,45,25,26,,,N,,81
20181330I-2018-010394,MONMOUTH,ABERDEEN TWP,08/17/2018,FR,1242,01,ABERDEEN TWP PD,,0,0,0,0,P,B,N,N,03,2,323 ROUTE 35 HIGHWAY SOUTH,,,,,,09,,01,04,02,01,01,01,05,01,,,,,,,,10,,26,,,N,,70
20181330I-2018-010420,MONMOUTH,ABERDEEN TWP,08/17/2018,FR,2035,01,ABERDEEN TWP PD,ABERDEEN PD,0,0,0,0,P,B,N,N,03,2,NJ 34,N,34,,00000034__,21.81,02,,01,04,02,01,06,01,04,01,50,FE,S,MILL RD,,,,40,25,26,,,N,,805
20181330I-2018-010484,MONMOUTH,ABERDEEN TWP,08/19/2018,SU,0119,01,ABERDEEN TWP PD,,0,0,0,0,P,B,Y,N,11,1,ROUTE 516,W,516,,00000516__,8.55,05,,02,04,02,01,06,01,05,01,25,FE,W,CLIFFVIEW RD,,,,35,25,56,,,N,STRUCK A UTILITY POLE. POLE # VZ360,78
20181330I-2018-010576,MONMOUTH,ABERDEEN TWP,08/21/2018,TU,0918,01,ABERDEEN TWP PD,,0,0,0,0,P,B,N,N,01,2,NJ 35,,35,,00000035__,45.20,02,,01,04,02,01,01,01,01,01,100,FE,N,COUNTY RD,,,,50,25,26,,,N,,46
20181330I-2018-010583,MONMOUTH,ABERDEEN TWP,08/21/2018,TU,1449,01,ABERDEEN TWP PD,,0,0,0,0,P,B,N,N,02,4,NJ 34,N,34,,00000034__,21.33,02,,01,04,02,01,01,01,04,01,30,FE,N,CR 3 / LLOYD RD,,,,40,35,26,,,N,,
20181330I-2018-010589,MONMOUTH,ABERDEEN TWP,08/21/2018,TU,1650,01,ABERDEEN TWP PD,,0,0,0,0,P,B,N,N,01,2,CHURCH ST,W,,,13301307__,.01,07,,01,04,02,01,01,01,04,01,50,FE,E,CR 3 / LLOYD RD,,,,40,40,26,,,N,,81
20181330I-2018-010644,MONMOUTH,ABERDEEN TWP,08/23/2018,TH,1252,01,ABERDEEN TWP PD,,0,1,0,0,I,B,N,N,99,2,NJ 34,S,34,,00000034__,20.50,02,,01,06,02,01,01,01,04,01,50,FE,S,WHISPERING WAY,,,,45,25,26,,,N,,91
20181330I-2018-010688,MONMOUTH,ABERDEEN TWP,08/24/2018,FR,1054,01,ABERDEEN TWP PD,,0,0,0,0,P,B,N,N,02,2,NJ 34,S,34,,00000034__,21.20,02,,01,04,02,01,01,01,04,,30,FE,N,VAN BRACKLE RD,,,,45,,26,,,N,,91
20181330I-2018-010725,MONMOUTH,ABERDEEN TWP,08/25/2018,SA,0114,01,ABERDEEN TWP PD,,0,0,0,0,P,B,N,N,06,2,VAN BRACKLE RD,W,,,13301255__,.56,07,,02,04,02,01,06,01,05,01,150,FE,W,JUNE PL,,,,25,25,26,,,N,IMPACTING VEHICLE CAUSED PARKED MV TO DAMAGE FRONT LAWN  WOODEN GARDEN BOX  AND?,81
20181330I-2018-010734,MONMOUTH,ABERDEEN TWP,08/25/2018,SA,1221,01,ABERDEEN TWP PD,,0,0,0,0,P,B,N,N,01,2,NJ 34,N,34,,00000034__,21.81,02,,01,04,02,01,01,01,05,01,30,FE,S,MILL RD,,,,40,25,26,,,N,,49
20181330I-2018-010805,MONMOUTH,ABERDEEN TWP,08/26/2018,SU,2106,01,ABERDEEN TWP PD,,0,0,0,0,P,B,N,N,01,2,NJ 35,N,35,,00000035__,44.28,02,,01,04,02,01,06,01,01,01,1000,FE,S,PROSPECT AVE,,,,50,25,26,,,N,,78
20181330I-2018-010897,MONMOUTH,ABERDEEN TWP,08/28/2018,TU,1833,01,ABERDEEN TWP PD,,0,0,0,0,P,B,N,N,06,2,INCLINE PLACE,N,,,,,07,,01,05,02,01,01,01,05,01,,,,,,,,25,,26,,,N,,78
20181330I-2018-010901,MONMOUTH,ABERDEEN TWP,08/28/2018,TU,2305,01,ABERDEEN TWP PD,,0,0,0,0,P,I,N,N,01,2,NJ 34,S,34,,00000034__,21.32,02,,01,04,02,01,06,01,04,01,,AT,W,CR 3 / LLOYD RD,,,,40,35,26,,,N,,78
20181330I-2018-010973,MONMOUTH,ABERDEEN TWP,08/30/2018,TH,0224,01,ABERDEEN TWP PD,,0,0,0,0,P,I,N,N,06,2,PROSPECT AVENUE,N,,,,,07,,01,04,02,01,06,01,04,01,,AT,,MELROSE WAY,,,,25,25,28,,,N,,89
20181330I-2018-011140,MONMOUTH,ABERDEEN TWP,09/01/2018,SA,1108,01,ABERDEEN TWP PD,,0,0,0,0,P,I,N,N,03,2,NJ 35,N,35,,00000035__,44.66,02,,00,04,02,01,01,01,01,01,,AT,,CR 6 / AMBOY AVE,,,,50,35,26,,,N,,75
20181330I-2018-011149,MONMOUTH,ABERDEEN TWP,09/01/2018,SA,1230,01,ABERDEEN TWP PD,,0,0,0,0,P,B,N,N,11,1,MONMOUTH COUNTY 3,W,3,,13000003__,11.39,05,,00,04,02,01,01,01,04,01,200,FE,W,CAMPBELL CT,,,,35,25,56,,,N,,75
20181330I-2018-011160,MONMOUTH,ABERDEEN TWP,09/01/2018,SA,1652,01,ABERDEEN TWP PD,,0,0,0,0,P,B,N,N,08,2,WAYSIDE DR **,,,,13301176__,,07,,01,04,02,01,01,01,05,01,500,FE,,BROOKSIDE AVE,,,,25,25,26,,,N,,81
20181330I-2018-011330,MONMOUTH,ABERDEEN TWP,09/04/2018,TU,2050,01,ABERDEEN TWP PD,,0,0,0,0,P,I,N,N,11,1,MONMOUTH COUNTY 3,N,3,,13000003__,12.22,05,,03,04,02,01,06,01,04,01,,AT,,NORTHLAND LN,,,,35,25,56,,,N,DAMAGE TO LANDSCAPING AND THE FENCE IN FRONT OF 670 LLOYD RD.,78
20181330I-2018-011360,MONMOUTH,ABERDEEN TWP,09/05/2018,WE,1154,01,ABERDEEN TWP PD,,0,0,0,0,P,B,N,N,06,2,ATLANTIC AVE **,,,,13301080__,,07,,01,04,02,01,01,01,05,01,,,,,,,,,,28,,,N,,81
20181330I-2018-011362,MONMOUTH,ABERDEEN TWP,09/05/2018,WE,1239,01,ABERDEEN TWP PD,,0,1,0,0,I,B,N,N,02,2,NJ 35,N,35,,00000035__,44.57,02,,01,04,02,01,01,01,01,01,500,FE,S,CR 6 / AMBOY AVE,,,,50,35,26,,,N,,81
20181330I-2018-011513,MONMOUTH,ABERDEEN TWP,09/08/2018,SA,1100,01,ABERDEEN TWP PD,,0,0,0,0,P,B,N,N,01,2,NJ 34,N,34,,00000034__,21.80,02,,01,04,02,02,01,05,04,01,80,FE,S,MILL RD,,,,40,25,26,,,N,,91
20181330I-2018-011529,MONMOUTH,ABERDEEN TWP,09/08/2018,SA,2133,01,ABERDEEN TWP PD,,0,2,0,0,I,I,N,N,03,2,SHORE CONCOURSE **,E,,,13301160__,.14,07,,01,04,02,01,07,01,04,01,,AT,S,SHADYNOOK,,,,25,25,26,,,N,,85
20181330I-2018-011551,MONMOUTH,ABERDEEN TWP,09/09/2018,SU,0857,01,ABERDEEN TWP PD,,0,0,0,0,P,I,N,N,07,2,MONMOUTH COUNTY 6A I,W,6,1,13000006A1,.92,05,,01,04,02,02,01,02,04,01,,AT,,LOCUST ST / MEINZER ST,,,,30,,26,,,N,,91
20181330I-2018-011643,MONMOUTH,ABERDEEN TWP,09/12/2018,WE,1524,01,ABERDEEN TWP PD,,0,0,0,0,P,B,N,N,01,2,ROUTE 516,E,516,,00000516__,8.92,05,,01,04,02,02,01,02,05,01,20,FE,E,OAK SHADE AVE,,,,35,25,26,,,N,,59
20181330I-2018-011713,MONMOUTH,ABERDEEN TWP,09/14/2018,FR,0724,01,ABERDEEN TWP PD,,0,0,0,0,P,B,N,N,08,2,MATAWAN AVE,N,,,13291256__,1.04,07,,01,04,02,02,01,02,04,01,600,FE,W,GROVE ST / W PROSPECT,,,,40,25,26,,,N,,91
20181330I-2018-011788,MONMOUTH,ABERDEEN TWP,09/15/2018,SA,1744,01,ABERDEEN TWP PD,,0,0,0,0,P,B,N,N,02,2,NJ 34,S,34,,00000034__,21.50,02,,01,04,02,01,01,01,04,01,600,FE,S,CAMBRIDGE DR,,,,40,25,26,,,N,,89
20181330I-2018-011789,MONMOUTH,ABERDEEN TWP,09/15/2018,SA,1757,01,ABERDEEN TWP PD,,0,0,0,0,P,B,N,N,06,2,WEST PROSPECT **,W,,,13301349__,,07,,01,04,02,01,01,01,05,01,20,FE,W,WELSTEAD WAY,,,,25,25,28,,,N,,63
20181330I-2018-011852,MONMOUTH,ABERDEEN TWP,09/17/2018,MO,0715,01,ABERDEEN TWP PD,,0,0,0,0,P,I,N,N,03,2,ATLANTIC AVE **,N,,,13301080__,.88,07,,00,04,02,01,01,01,04,01,,AT,,FIFTH ST,,,,30,25,26,,,N,,91
20181330I-2018-011883,MONMOUTH,ABERDEEN TWP,09/18/2018,TU,1221,01,ABERDEEN TWP PD,,0,0,0,0,P,I,N,N,02,2,NJ 34,S,34,,00000034__,21.65,02,,01,04,02,02,01,02,04,01,,AT,,OXFORD LN,,,,45,25,26,,,N,,70
20181330I-2018-011890,MONMOUTH,ABERDEEN TWP,09/18/2018,TU,1410,01,ABERDEEN TWP PD,,0,1,0,1,I,B,N,N,13,1,NJ 34,N,34,,00000034__,21.60,02,,01,04,02,02,01,02,04,01,5,FE,N,CAMBRIDGE DRIVE,,,,40,25,26,,,N,,70
20181330I-2018-011906,MONMOUTH,ABERDEEN TWP,09/19/2018,WE,0532,01,ABERDEEN TWP PD,,0,2,0,0,I,I,N,N,03,2,CHURCH ST,E,,,13301307__,.27,07,,01,06,02,01,02,04,05,01,,AT,,ATLANTIC AVE,,,,40,25,26,,,N,,66
20181330I-2018-011942,MONMOUTH,ABERDEEN TWP,09/20/2018,TH,1254,01,ABERDEEN TWP PD,,0,1,0,0,I,I,N,N,14,1,CHURCH ST,E,,,13301307__,.27,07,,01,04,02,01,01,01,05,01,,AT,,ATLANTIC AVE,,,,40,25,26,,,N,,70
20181330I-2018-011948,MONMOUTH,ABERDEEN TWP,09/20/2018,TH,1520,01,ABERDEEN TWP PD,,0,0,0,0,P,B,N,N,11,1,CLIFFWOOD AVE **,N,,,13301162__,.00,07,,01,04,02,01,01,01,05,01,10,FE,W,,F,NJ 35,NB,50,,,,,N,YIELD SIGN-VICTIM STATE OF NEW JERSEY DEPT OF TRANSPORTATION,67
20181330I-2018-011950,MONMOUTH,ABERDEEN TWP,09/20/2018,TH,1543,01,ABERDEEN TWP PD,,0,0,0,0,P,I,N,N,03,2,NJ 34,N,34,,00000034__,21.19,02,,01,05,02,01,02,01,04,01,,AT,W,VAN BRACKLE RD,,,,45,25,26,,,N,,59
20181330I-2018-012008,MONMOUTH,ABERDEEN TWP,09/22/2018,SA,0919,01,ABERDEEN TWP PD,,0,0,0,0,P,B,N,N,02,2,NJ 34,N,34,,00000034__,21.23,02,,00,05,02,01,01,01,04,01,450,FE,S,CR 3 / LLOYD RD,,,,40,35,26,,,N,,75
20181330I-2018-012018,MONMOUTH,ABERDEEN TWP,09/22/2018,SA,1759,01,ABERDEEN TWP PD,,0,1,0,0,I,B,N,N,01,3,NJ 34,N,34,,00000034__,21.32,02,,01,05,02,01,01,01,05,01,10,FE,S,CR 3 / LLOYD RD,,,,45,35,26,,,N,,
20181330I-2018-012035,MONMOUTH,ABERDEEN TWP,09/23/2018,SU,1022,01,ABERDEEN TWP PD,,0,0,0,0,P,B,N,N,02,2,MONMOUTH COUNTY 3,E,3,,13000003__,11.42,05,,00,04,02,02,01,02,04,01,45,FE,W,CAMPBELL CT,,,,40,25,26,,,N,,75
20181330I-2018-012042,MONMOUTH,ABERDEEN TWP,09/23/2018,SU,1452,01,ABERDEEN TWP PD,,0,2,0,0,I,I,N,N,07,3,NJ 34,N,34,,00000034__,21.89,02,,00,04,02,02,01,05,04,01,,AT,,SO ATLANTIC AVE,,,,40,25,26,,,N,,
20181330I-2018-012203,MONMOUTH,ABERDEEN TWP,09/27/2018,TH,0546,01,ABERDEEN TWP PD,,0,1,0,0,I,I,N,N,03,2,MONMOUTH COUNTY 6A I,W,6,1,13000006A1,.92,05,,01,04,02,01,06,05,05,01,,AT,W,LOCUST ST / MEINZER ST,,,,30,25,26,,,N,,66
20181330I-2018-012212,MONMOUTH,ABERDEEN TWP,09/27/2018,TH,1241,01,ABERDEEN TWP PD,,0,1,0,0,I,I,N,N,05,2,CAMBRIDGE DR **,W,,,13301024__,.22,07,,01,07,02,01,01,01,05,01,,AT,N,COURTLAND LN,,,,25,25,26,,,N,DAMAGE TO THE FRONT LAWN OF 48 CAMBRIDGE DRIVE,87
20181330I-2018-012220,MONMOUTH,ABERDEEN TWP,09/27/2018,TH,1633,01,ABERDEEN TWP PD,ABERDEEN TOWNS?,0,1,0,0,I,I,N,N,01,3,NJ 34,N,34,,00000034__,20.91,02,,01,04,01,01,01,01,04,01,,AT,N,WYNDHAM RD,,,,45,25,26,,,N,,86