Year(4)-CountyCode(2)-MunicipalityCode(2)-CaseNumber(9),County Name,Municipality Name,Crash Date,Crash Day of Week,Crash Time,Police Department Code,Police Department,Police Station,Total Killed,Total Injured,Pedestrians Killed,Pedestrians Injured,Severity,Intersection,Alcohol Involved,Hazmat Involved,Crash Type,Total Vehicles,Location,Location Direction,Route,Route Suffix,Std Rte Identifier,MilePost,Road System,Road Character,Road Horizontal Alignment,Road Grade,Road Surface Type,Surface Condition,Light Condition,Environmental Condition,Road Divided By,Temporary Traffic Control Zone,Distance To Cross Street,Unit Of Measurement,Direction From Cross Street,Cross Street Name,Is Ramp,Ramp To/From Route Name,Ramp To/From Route Direction,Posted Speed,Posted Speed Cross Street,First Harmful Event,Latitude,Longitude,Cell Phone In Use Flag,Other Property Damage,Reporting Badge No.
2018133118BC05190,MONMOUTH,MIDDLETOWN TWP,09/14/2018,FR,1044,99,BROOKDALE COLLEGE PD,,0,0,0,0,P,B,N,N,03,2,PARKING LOT #4,,,,,,06,,01,04,02,02,01,01,05,,,,,,,,,15,,26,,,N,,56166
2018133118BC05297,MONMOUTH,MIDDLETOWN TWP,09/18/2018,TU,2044,99,BROOKDALE COLLEGE PD,,0,3,0,0,I,I,N,N,03,2,CAMPUS DRIVE,S,,,,,06,,01,04,02,02,06,05,05,01,,AT,,ACADEMIC DRIVE,,,,25,,26,,,N,,56155
2018133118BC05324,MONMOUTH,MIDDLETOWN TWP,09/19/2018,WE,1727,99,BROOKDALE COLLEGE PD,,0,0,0,0,P,B,N,N,06,1,PARKING LOT #5,,,,,,06,,01,04,02,01,01,01,,,,,,,,,,15,,26,,,N,,56148
2018133118BC05345,MONMOUTH,MIDDLETOWN TWP,09/20/2018,TH,1138,99,BROOKDALE COLLEGE PD,,0,0,0,0,P,I,N,N,01,2,ARENA DR,,,,,,06,,01,04,02,01,01,01,04,01,,AT,,CAMPUS DR,,,,25,25,26,,,N,,56153
2018133118MT00155,MONMOUTH,MIDDLETOWN TWP,01/02/2018,TU,1447,01,MIDDLETOWN PD,,0,0,0,0,P,I,N,N,01,2,KINGS HWY,W,,,13312101__,.85,07,,01,04,02,01,01,01,05,01,,AT,,NORMANDY ROAD,,,,35,35,26,,,N,,31281
2018133118MT00267,MONMOUTH,MIDDLETOWN TWP,01/03/2018,WE,1418,01,MIDDLETOWN PD,,0,0,0,0,P,B,N,N,03,2,HALF MILE RD,S,,,13312110__,.28,07,,01,04,02,01,01,01,05,03,5,FE,S,BRUCE ROAD,,,,35,25,26,,,N,,31212
2018133118MT00295,MONMOUTH,MIDDLETOWN TWP,01/03/2018,WE,1712,01,MIDDLETOWN PD,,0,2,0,0,I,B,N,N,01,2,KINGS HWY,E,,,13312101__,.13,07,,01,04,02,01,05,01,05,01,20,FE,W,SPRUCE ROAD,,,,35,25,26,,,N,,31317
2018133118MT00324,MONMOUTH,MIDDLETOWN TWP,01/03/2018,WE,2113,01,MIDDLETOWN PD,,0,0,0,0,P,B,N,N,08,2,HALF MILE RD,,,,13312110__,.00,07,,01,04,02,01,06,01,05,01,10,FE,N,ROUTE 520,,,,35,40,26,,,N,,31360
2018133118MT00369,MONMOUTH,MIDDLETOWN TWP,01/04/2018,TH,0854,01,MIDDLETOWN PD,,0,0,0,0,P,I,N,N,03,2,ROUTE 516,E,516,,00000516__,14.94,05,,01,04,02,03,01,03,04,01,,AT,,HARMONY RD,,,,35,35,26,,,N,100 CHERRY TREE FARM ROAD FRONT LAWN,31281
2018133118MT00385,MONMOUTH,MIDDLETOWN TWP,01/04/2018,TH,1158,01,MIDDLETOWN PD,,0,1,0,0,I,I,N,N,03,2,NJ 35,S,35,,00000035__,35.71,02,,01,05,02,03,01,03,01,01,,AT,,CHAPEL HILL RD / OAK HILL RD,,,,50,35,26,,,N,,31278
2018133118MT00401,MONMOUTH,MIDDLETOWN TWP,01/04/2018,TH,1534,01,MIDDLETOWN PD,,0,0,0,0,P,B,N,N,11,1,MONMOUTH COUNTY 8 A,S,8,A,13000008A_,2.92,05,,01,05,02,03,01,03,05,01,20,FE,N,OSBORNE AVE,,,,35,25,56,,,N,SUPPORT CABLE TO UTILITY POLE AND PLASTIC CURBING BELONGING TO 32 OSBORNE,31276
2018133118MT00407,MONMOUTH,MIDDLETOWN TWP,01/04/2018,TH,1533,01,MIDDLETOWN PD,,0,0,0,0,P,B,N,N,11,1,MONMOUTH COUNTY 50,S,50,,13000050__,7.72,05,,01,04,02,03,01,03,05,01,500,FE,S,KENWOOD DR,,,,35,25,52,,,N,VERIZON UTILITY POLE,31314
2018133118MT00441,MONMOUTH,MIDDLETOWN TWP,01/04/2018,TH,2121,01,MIDDLETOWN PD,,0,0,0,0,P,B,N,N,03,2,HARMONY ROAD,S,,,,,07,,01,04,02,03,06,03,05,01,5,FE,E,PEARL STREET,,,,35,25,26,,,N,,31341
2018133118MT00483,MONMOUTH,MIDDLETOWN TWP,01/05/2018,FR,1006,01,MIDDLETOWN PD,,0,0,0,0,P,B,N,N,01,2,ROUTE 516,W,516,,00000516__,14.32,05,,01,04,02,05,01,01,02,01,15,FE,W,NJ 35,,,,35,50,26,,,N,,31281
2018133118MT00513,MONMOUTH,MIDDLETOWN TWP,01/05/2018,FR,1450,01,MIDDLETOWN PD,,0,0,0,0,P,B,N,N,11,1,RED HILL RD,E,,,13312106__,,07,,02,04,02,03,01,01,05,01,500,FE,W,POTTER PL,,,,35,25,52,,,N,UTILITY POLE JC1467MDT WAS STRUCK,31339
2018133118MT00571,MONMOUTH,MIDDLETOWN TWP,01/06/2018,SA,0030,01,MIDDLETOWN PD,,0,0,0,0,P,B,N,N,11,1,MONMOUTH COUNTY 12 A,E,12,A,13000012A_,3.87,05,,03,06,02,03,06,01,05,01,900,FE,W,DEEP HOLLOW RD,,,,35,25,62,40.380960,74.029740,N,FIRE HYDRANT ON THE LAWN OF 820 NAVESINK RIVER RD.,31273
2018133118MT00588,MONMOUTH,MIDDLETOWN TWP,01/06/2018,SA,0825,01,MIDDLETOWN PD,,0,1,0,0,I,B,N,N,11,1,NJ 36,S,36,,00000036__,,02,,01,06,02,04,01,01,01,01,40,FE,E,,T,CR 8A,SB,50,,58,,,N,BUILDING AT 38 SEARS AVE. WAS DAMAGED.,31282
2018133118MT00602,MONMOUTH,MIDDLETOWN TWP,01/06/2018,SA,1013,01,MIDDLETOWN PD,,0,2,0,0,I,B,N,N,01,2,NJ 35,N,35,,00000035__,36.08,02,,01,04,02,05,01,01,01,01,25,FE,S,CRESTVIEW DR,,,,50,25,26,,,N,,31331
2018133118MT00607,MONMOUTH,MIDDLETOWN TWP,01/06/2018,SA,1142,01,MIDDLETOWN PD,,0,0,0,0,P,B,N,N,11,1,MONMOUTH COUNTY 52,N,52,,13000052__,1.95,05,,03,04,02,02,01,01,05,01,150,FE,S,CRAWFORDS CORNER EVERETT / MIDDLETO,,,,40,40,56,,,N,,31339
2018133118MT00610,MONMOUTH,MIDDLETOWN TWP,01/06/2018,SA,1153,01,MIDDLETOWN PD,,0,1,0,0,I,B,N,N,01,2,NJ 35,S,35,,00000035__,36.34,02,,01,05,02,02,01,01,01,01,150,FE,N,APPLE FARM RD,,,,50,25,26,,,N,,31327
2018133118MT00621,MONMOUTH,MIDDLETOWN TWP,01/06/2018,SA,1332,01,MIDDLETOWN PD,,0,0,0,0,P,B,N,N,03,2,ROUTE 520,E,520,,00000520__,13.83,05,,01,04,02,02,01,01,05,01,150,FE,W,ROSE ST,,,,35,25,26,,,N,,31280
2018133118MT00628,MONMOUTH,MIDDLETOWN TWP,01/06/2018,SA,1603,01,MIDDLETOWN PD,,0,0,0,0,P,B,N,N,11,1,FISH HAWK DR,S,,,,,07,,01,05,02,04,01,01,05,01,200,FE,N,GULL RD,,,,25,25,52,,,N,UTILITY POLE #BT6572MDT,31373
2018133118MT00632,MONMOUTH,MIDDLETOWN TWP,01/06/2018,SA,1810,01,MIDDLETOWN PD,,0,1,0,0,I,B,N,N,01,2,NJ 36,N,36,,00000036__,16.26,02,,01,04,02,01,06,01,01,01,50,FE,S,HOSFORD AVE / THOMPSON AVE,,,,50,35,26,,,N,,31288
2018133118MT00749,MONMOUTH,MIDDLETOWN TWP,01/24/2018,WE,2223,01,MIDDLETOWN PD,,0,1,0,0,I,B,N,N,02,2,NJ 36,N,36,,00000036__,20.18,02,,01,04,02,01,01,01,01,01,50,FE,S,HENRY PL,,,,50,25,26,,,N,,31355
2018133118MT00789,MONMOUTH,MIDDLETOWN TWP,01/08/2018,MO,1121,01,MIDDLETOWN PD,,0,1,0,1,I,I,N,N,13,1,NJ 35,N,35,,00000035__,36.69,02,,01,06,02,03,01,01,01,01,,AT,,KANES LN,,,,50,25,22,,,N,,31286
2018133118MT00837,MONMOUTH,MIDDLETOWN TWP,01/08/2018,MO,1607,01,MIDDLETOWN PD,,0,0,0,0,P,B,N,N,04,2,MONMOUTH COUNTY 8 A,N,8,A,13000008A_,2.93,05,,01,04,02,02,01,02,05,01,50,FE,N,OSBORNE AVE,,,,35,25,26,,,N,,31326
2018133118MT00855,MONMOUTH,MIDDLETOWN TWP,01/08/2018,MO,1826,01,MIDDLETOWN PD,,0,0,0,0,P,B,N,N,06,2,147 CHERRY TREE FARM RD,,,,,,09,,01,04,02,02,06,02,05,01,,,,(QUICK CHEK PARKING LOT),,,,15,,28,,,N,,31354
2018133118MT00918,MONMOUTH,MIDDLETOWN TWP,01/09/2018,TU,0715,01,MIDDLETOWN PD,,0,1,0,0,I,B,N,N,11,1,HOLLAND RD,,,,13312108__,1.09,07,,01,04,02,03,01,01,05,01,2640,FE,E,CR 52,,,,35,40,58,40.390770,74.145990,N,,31348
2018133118MT00972,MONMOUTH,MIDDLETOWN TWP,01/09/2018,TU,1331,01,MIDDLETOWN PD,,0,0,0,0,P,B,N,N,15,2,500 SR 35,S,,,,,09,,01,04,02,05,01,01,05,01,,,,PARKING LOT,,,,,,39,,,N,,31286
2018133118MT00974,MONMOUTH,MIDDLETOWN TWP,01/09/2018,TU,1406,01,MIDDLETOWN PD,,0,0,0,0,P,I,N,N,03,2,NJ 36,S,36,,00000036__,16.59,02,,01,04,02,01,01,01,01,01,,AT,,APPLETON AVE,,,,50,25,26,,,N,,31269
2018133118MT00982,MONMOUTH,MIDDLETOWN TWP,01/09/2018,TU,1433,01,MIDDLETOWN PD,,0,1,0,0,I,I,N,N,06,2,HUDSON AVE,E,,,,,07,,01,04,02,02,01,01,05,01,,AT,,PINE ST,,,,25,25,28,,,N,PAINT TRANSFER ONTO WOODEN FENCE AND SEWAGE CAP DESTRUCTION 197 HUDSON AVE.,31311
2018133118MT01010,MONMOUTH,MIDDLETOWN TWP,01/09/2018,TU,1714,01,MIDDLETOWN PD,,0,1,0,0,I,I,N,N,01,2,TINDALL RD,N,,,13312100__,.37,07,,01,04,02,02,06,01,05,01,,AT,,KNAPP CIRCLE,,,,35,25,26,,,N,,31340
2018133118MT01025,MONMOUTH,MIDDLETOWN TWP,01/09/2018,TU,1853,01,MIDDLETOWN PD,,0,0,0,0,P,B,N,N,15,1,MONMOUTH COUNTY 50,,50,,13000050__,5.35,05,,01,04,02,05,06,01,05,01,75,FE,S,MCCUTCHEON CT,,,,40,25,39,,,N,,31336
2018133118MT01078,MONMOUTH,MIDDLETOWN TWP,01/10/2018,WE,0200,01,MIDDLETOWN PD,MIDDLETOWN,0,0,0,0,P,B,N,N,11,1,WILSON AVE,N,,,13312105__,,07,,01,04,02,04,06,01,05,01,35,FE,S,PULSCH AVE,,,,35,25,52,40.426430,74.102650,N,UTILITY POLE (17MT35709),31334
2018133118MT01088,MONMOUTH,MIDDLETOWN TWP,01/10/2018,WE,0700,01,MIDDLETOWN PD,,0,0,0,0,P,B,N,N,05,2,VERMONT AVE,,,,,,07,,01,04,02,01,03,01,05,01,15,FE,N,MAIN ST,,,,25,30,26,40.425830,74.110140,N,,31366
2018133118MT01091,MONMOUTH,MIDDLETOWN TWP,01/10/2018,WE,0731,01,MIDDLETOWN PD,,0,0,0,0,P,I,N,N,02,2,MONMOUTH COUNTY 12,N,12,,13000012__,3.00,05,,01,04,02,01,01,01,05,01,,AT,,FOUR WINDS DR,,,,40,25,26,40.366460,74.130550,N,,31346
2018133118MT01109,MONMOUTH,MIDDLETOWN TWP,01/10/2018,WE,1027,01,MIDDLETOWN PD,,0,0,0,0,P,B,N,N,01,2,NJ 35,N,35,,00000035__,35.82,02,,01,07,02,01,01,01,01,01,600,FE,N,CHAPEL HILL RD / OAK HILL RD,,,,50,35,26,,,N,,
2018133118MT01121,MONMOUTH,MIDDLETOWN TWP,01/10/2018,WE,1115,01,MIDDLETOWN PD,,0,2,0,0,I,B,N,N,01,3,NJ 35,N,35,,00000035__,36.32,02,,01,06,02,01,01,01,01,01,75,FE,N,APPLE FARM RD,,,,50,25,26,40.381100,74.092440,N,,
2018133118MT01140,MONMOUTH,MIDDLETOWN TWP,01/10/2018,WE,1402,01,MIDDLETOWN PD,,0,0,0,0,P,I,N,N,02,2,NJ 35,N,35,,00000035__,35.71,02,,01,04,02,01,01,01,05,01,,AT,,,T,CHAPEL HILL ROAD,WB,35,,26,,,N,,31281
2018133118MT01166,MONMOUTH,MIDDLETOWN TWP,01/10/2018,WE,1744,01,MIDDLETOWN PD,,0,1,0,0,I,B,N,N,01,2,NJ 35,N,35,,00000035__,35.56,02,,01,04,02,01,06,01,01,01,500,FE,S,COOPER RD,,,,50,35,26,,,N,,31342
2018133118MT01181,MONMOUTH,MIDDLETOWN TWP,01/20/2018,SA,1429,01,MIDDLETOWN PD,,0,0,0,0,P,B,N,N,11,1,1389 STATE HWY 35,N,,,,,09,,01,04,02,01,01,01,01,01,,,,WEIGHT WATCHERS PARKING LOT,,,,,,69,,,N,"WEIGHT WATCHERS"""" SIGN ON BUILDING",31342
2018133118MT01274,MONMOUTH,MIDDLETOWN TWP,01/11/2018,TH,1155,01,MIDDLETOWN PD,,0,0,0,0,P,B,N,N,01,2,ROUTE 516,E,516,,00000516__,16.04,05,,01,04,02,01,01,01,05,01,25,FE,W,CR 50 / NEW MONMOUTH RD / TINDALL R,,,,35,35,26,,,N,,31281
2018133118MT01297,MONMOUTH,MIDDLETOWN TWP,01/11/2018,TH,1405,01,MIDDLETOWN PD,,0,0,0,0,P,B,N,N,06,3,VERMONT AVENUE,,,,,,07,,01,04,02,05,01,01,05,01,500,FE,E,MAIN STREET,,,,25,35,26,,,N,,31339
2018133118MT01305,MONMOUTH,MIDDLETOWN TWP,01/11/2018,TH,1447,01,MIDDLETOWN PD,,0,0,0,0,P,B,N,N,02,2,MONMOUTH COUNTY 12 A,W,12,A,13000012A_,.56,05,,01,05,02,02,01,01,05,01,75,FE,N,NJ 35,,,,35,50,26,40.360510,74.078450,N,,31323
2018133118MT01332,MONMOUTH,MIDDLETOWN TWP,01/11/2018,TH,1658,01,MIDDLETOWN PD,,0,0,0,0,P,B,N,N,02,2,NJ 36,S,36,,00000036__,15.57,02,,01,04,02,01,06,01,05,01,20,FE,N,FAIRFIELD AVE,,,,50,25,26,,,N,,31373
2018133118MT01353,MONMOUTH,MIDDLETOWN TWP,01/11/2018,TH,1931,01,MIDDLETOWN PD,,0,0,0,0,P,B,N,N,02,2,DANEMAR DR,N,,,,,07,,01,04,02,02,07,01,05,01,15,FE,S,NED CT,,,,25,25,26,,,N,,31240
2018133118MT01419,MONMOUTH,MIDDLETOWN TWP,01/12/2018,FR,0932,01,MIDDLETOWN PD,,0,0,0,0,P,B,N,N,03,2,KINGS HWY,S,,,13312101__,.13,07,,01,04,02,02,01,02,02,01,25,FE,N,SPRUCE DRIVE,,,,,25,26,,,N,,31281
2018133118MT01426,MONMOUTH,MIDDLETOWN TWP,01/12/2018,FR,1015,01,MIDDLETOWN PD,,0,0,0,0,P,B,N,N,11,1,MONMOUTH COUNTY 50,S,50,,13000050__,5.07,05,,01,04,02,00,00,00,05,01,200,FE,S,DAMM HOLLOW RD / OAK HILL RD,,,,40,40,61,,,N,MAILBOX DAMAGED #1199 MIDDLETOWN LINCROFT ROAD MIDDLETOWN NJ 07748,31317
2018133118MT01427,MONMOUTH,MIDDLETOWN TWP,01/12/2018,FR,1047,01,MIDDLETOWN PD,,0,0,0,0,P,B,N,N,01,3,NJ 35,S,35,,00000035__,39.43,02,,01,04,02,02,01,02,01,01,25,FE,N,ROUTE 516 / CHERRY TREE FARM RD,,,,50,35,26,,,N,,31311
2018133118MT01449,MONMOUTH,MIDDLETOWN TWP,01/12/2018,FR,1346,01,MIDDLETOWN PD,,0,0,0,0,P,B,N,N,01,2,NJ 35,S,35,,00000035__,37.10,02,,03,04,02,02,01,02,02,01,,,,,T,TWIN BROOKS AVENUE,SB,50,,26,,,N,,31281
2018133118MT01489,MONMOUTH,MIDDLETOWN TWP,01/12/2018,FR,1737,01,MIDDLETOWN PD,,0,0,0,0,P,B,N,N,01,2,NJ 35,N,35,,00000035__,39.16,02,,01,04,02,02,06,02,01,01,20,FE,N,CHERRY TREE LN / OLD COUNTRY RD,,,,50,25,26,,,N,,31360
2018133118MT01510,MONMOUTH,MIDDLETOWN TWP,01/12/2018,FR,1602,01,MIDDLETOWN PD,,0,0,0,0,P,I,Y,N,11,1,ROUTE 520,E,520,,00000520__,14.10,05,,01,04,02,02,07,02,05,01,,AT,,SPRING GARDEN RD,,,,40,25,56,,,N,TELEPHONE POLE #BT60068MDT,31293
2018133118MT01566,MONMOUTH,MIDDLETOWN TWP,01/13/2018,SA,0826,01,MIDDLETOWN PD,,0,1,0,0,I,I,N,N,03,2,KINGS HWY,S,,,13312101__,.89,07,,01,04,02,02,01,05,05,01,,AT,,SLEEPY HOLLOW ROAD,,,,40,40,26,,,N,,31333
2018133118MT01591,MONMOUTH,MIDDLETOWN TWP,01/13/2018,SA,1353,01,MIDDLETOWN PD,,0,0,0,0,P,I,N,N,07,2,WILSON AVE,S,,,13312105__,.65,07,,01,04,02,01,01,01,05,01,,AT,,COLLINSON DR,,,,35,25,26,,,N,,31311
2018133118MT01630,MONMOUTH,MIDDLETOWN TWP,01/13/2018,SA,1844,01,MIDDLETOWN PD,,0,0,0,0,P,I,N,N,03,2,W FRONT ST,,,,13312109__,3.22,07,,01,04,02,01,07,01,05,01,,AT,,ALBERT ST,,,,35,25,26,,,N,,31336
2018133118MT01635,MONMOUTH,MIDDLETOWN TWP,01/13/2018,SA,1857,01,MIDDLETOWN PD,,0,1,0,0,I,B,N,N,01,2,NJ 36,S,36,,00000036__,20.42,02,,01,04,02,01,06,01,01,01,15,FE,W,CR 7 / MAIN ST / PALMER AVE,,,,50,25,26,,,N,,31353
2018133118MT01676,MONMOUTH,MIDDLETOWN TWP,01/14/2018,SU,0147,01,MIDDLETOWN PD,,0,0,0,0,P,B,N,N,02,2,W FRONT ST,S,,,13312109__,2.83,07,,01,04,02,01,07,01,05,01,50,FE,E,BRUCE STREET,,,,35,25,26,,,N,,31252
2018133118MT01690,MONMOUTH,MIDDLETOWN TWP,01/14/2018,SU,0823,01,MIDDLETOWN PD,1,0,0,0,0,P,B,N,N,11,1,LOCH ARBOR WAY,S,,,,,09,,01,04,01,01,01,01,05,01,200,FE,S,NUTSWAMP ROAD,,,,,35,69,,,N,1 LOCH ARBOR WAY  TRAFFIC GATE BROKEN,31276
2018133118MT01844,MONMOUTH,MIDDLETOWN TWP,01/15/2018,MO,1056,01,MIDDLETOWN PD,,0,0,0,0,P,B,N,N,02,2,NJ 35,S,35,,00000035__,36.82,02,,01,06,02,01,01,01,01,01,150,FE,N,WOODLAND DR,,,,50,25,26,40.388030,74.099210,N,,31346
2018133118MT01853,MONMOUTH,MIDDLETOWN TWP,01/15/2018,MO,1144,01,MIDDLETOWN PD,,0,0,0,0,P,B,N,N,01,2,NJ 35,N,35,,00000035__,38.60,02,,01,04,02,01,01,01,01,01,500,FE,S,HARMONY RD / KINGS HWY,,,,50,35,26,40.401700,74.120260,N,,31346
2018133118MT01879,MONMOUTH,MIDDLETOWN TWP,01/15/2018,MO,1524,01,MIDDLETOWN PD,,0,0,0,0,P,B,N,N,02,2,NJ 35,N,35,,00000035__,37.32,02,,03,04,02,01,01,01,02,01,50,FE,S,KINGS HWY WEST / TINDALL RD,,,,50,40,26,40.393620,74.102140,N,,31346
2018133118MT01968,MONMOUTH,MIDDLETOWN TWP,01/16/2018,TU,0924,01,MIDDLETOWN PD,,0,0,0,0,P,B,N,N,01,2,MONMOUTH COUNTY 12,S,12,,13000012__,.00,05,,01,04,02,01,01,01,05,01,10,FE,N,CR 10 / W FRONT ST,,,,40,40,26,,,N,,31331
2018133118MT02028,MONMOUTH,MIDDLETOWN TWP,01/16/2018,TU,1606,01,MIDDLETOWN PD,,0,3,0,0,I,I,N,N,03,2,NJ 36,S,36,,00000036__,12.88,02,,01,04,02,01,01,01,05,01,,AT,E,CR 8 / LINDEN AVE,,,,50,35,26,,,N,,31373
2018133118MT02066,MONMOUTH,MIDDLETOWN TWP,01/16/2018,TU,2211,01,MIDDLETOWN PD,,0,1,0,0,I,B,N,N,11,1,MONMOUTH COUNTY 52,N,52,,13000052__,1.49,05,,01,04,02,01,05,01,05,01,500,FE,S,AMERICAN WAY / WHITE OAK RIDGE RD,,,,40,25,52,,,N,VERIZON UTILITY POLE #BT4L089MDT,31364
2018133118MT02107,MONMOUTH,MIDDLETOWN TWP,01/17/2018,WE,1009,01,MIDDLETOWN PD,,0,0,0,0,P,B,N,N,11,1,RENIER COURT,S,,,,,07,,01,04,02,03,01,03,05,01,100,FE,N,ROUTE 516,,,,25,40,52,,,N,SPLINTERING TO UTILITY POLE JC3MDT,31341
2018133118MT02127,MONMOUTH,MIDDLETOWN TWP,01/17/2018,WE,1424,01,MIDDLETOWN PD,,0,0,0,0,P,B,N,N,01,2,ROUTE 520,W,520,,00000520__,,05,,01,04,02,02,01,05,05,01,200,FE,E,CAMPUS DRIVE,,,,35,35,26,,,N,,31332
2018133118MT02152,MONMOUTH,MIDDLETOWN TWP,01/17/2018,WE,1729,01,MIDDLETOWN PD,,0,0,0,0,P,B,N,N,03,2,ROUTE 520,W,520,,00000520__,15.26,05,,01,04,02,01,06,01,03,01,25,FE,E,SCHULZ DR,,,,40,25,26,,,N,,31353
2018133118MT02168,MONMOUTH,MIDDLETOWN TWP,01/17/2018,WE,2053,01,MIDDLETOWN PD,,0,0,0,0,P,B,N,N,04,2,ROUTE 520,E,520,,00000520__,14.22,05,,01,04,02,01,05,01,05,01,150,FE,E,HILLTOP CIR,,,,50,25,26,,,N,,31325
2018133118MT02206,MONMOUTH,MIDDLETOWN TWP,01/18/2018,TH,0522,01,MIDDLETOWN PD,,0,0,0,0,P,B,N,N,11,1,MONMOUTH COUNTY 52,,52,,13000052__,3.01,05,,02,05,02,01,06,01,05,01,100,FE,S,GALLOPING HILL RD,,,,40,25,56,40.389960,74.145850,N,GUARDERAIL,31348
2018133118MT02232,MONMOUTH,MIDDLETOWN TWP,01/17/2018,WE,0800,01,MIDDLETOWN PD,,0,0,0,0,P,I,N,N,11,1,SYCAMORE AVE,,,,,,07,,01,04,02,00,01,00,05,01,,AT,,MORNINGSIDE AVE,,,,25,25,59,,,N,FENCE ON THE PROPERTY OF 184 MORNINGSIDE AVE. LORI WEIMER (OWNER) 732-320-0717,31269
2018133118MT02257,MONMOUTH,MIDDLETOWN TWP,01/18/2018,TH,1310,01,MIDDLETOWN PD,,0,0,0,0,P,B,N,N,01,2,NJ 35,N,35,,00000035__,39.43,02,,01,04,02,01,01,01,01,01,10,FE,S,ROUTE 516 / CHERRY TREE FARM RD,,,,50,40,26,,,N,,31341
2018133118MT02272,MONMOUTH,MIDDLETOWN TWP,01/18/2018,TH,1511,01,MIDDLETOWN PD,,0,0,0,0,P,B,N,N,01,2,OAK HILL RD,,,,,,07,,01,04,02,01,01,01,05,01,150,FE,E,IVY HILL RD,,,,35,25,26,,,N,,31336
2018133118MT02301,MONMOUTH,MIDDLETOWN TWP,01/18/2018,TH,1846,01,MIDDLETOWN PD,,0,0,0,0,P,B,N,N,12,1,MONMOUTH COUNTY 12 A,N,12,A,13000012A_,1.80,05,,01,04,02,01,06,01,05,01,100,FE,N,LUFFFBURROW LN,,,,40,35,24,40.367550,74.063350,N,,31369
2018133118MT02395,MONMOUTH,MIDDLETOWN TWP,01/19/2018,FR,1253,01,MIDDLETOWN PD,,0,0,0,0,P,I,N,N,02,2,MONMOUTH COUNTY 7 I,,7,1,130000071_,1.68,05,,01,04,02,01,01,05,05,01,,AT,,VERDUN PL,,,,35,25,26,40.414780,74.136380,N,,31259
2018133118MT02524,MONMOUTH,MIDDLETOWN TWP,01/20/2018,SA,1256,01,MIDDLETOWN PD,,0,0,0,0,P,B,N,N,01,2,NJ 35,N,35,,00000035__,37.09,02,,01,04,02,01,01,01,03,01,35,FE,S,TWIN BROOKS RD,,,,50,25,26,40.391650,74.098010,N,,31323
2018133118MT02548,MONMOUTH,MIDDLETOWN TWP,01/20/2018,SA,1539,01,MIDDLETOWN PD,,0,3,0,0,I,I,N,N,01,3,NJ 35,N,35,,00000035__,36.79,02,,01,06,02,01,01,01,01,01,,AT,S,WOODLAND DR,,,,50,25,26,40.387250,74.096480,N,,
2018133118MT02766,MONMOUTH,MIDDLETOWN TWP,01/22/2018,MO,1106,01,MIDDLETOWN PD,,0,0,0,0,P,B,N,N,06,2,315 HIGHWAY 35,N,,,,,09,,01,04,02,01,01,01,03,01,,,S,COOPER REHABILITATION PARK LOT,,,,,,28,,,N,,31281
2018133118MT02800,MONMOUTH,MIDDLETOWN TWP,01/22/2018,MO,1610,01,MIDDLETOWN PD,,0,0,0,0,P,I,N,N,05,2,ROUTE 516,E,516,,00000516__,,05,,01,04,02,01,01,01,05,01,,AT,,CLUBHOUSE DRIVE,,,,35,25,26,,,N,,31354
2018133118MT02875,MONMOUTH,MIDDLETOWN TWP,01/23/2018,TU,0643,01,MIDDLETOWN PD,,0,0,0,0,P,B,N,N,11,1,HALF MILE RD,W,,,13312110__,.00,07,,01,04,02,02,02,02,05,01,30,FE,W,ROUTE 520,,,,,40,50,40.336680,74.096740,N,,31356
2018133118MT02903,MONMOUTH,MIDDLETOWN TWP,01/23/2018,TU,1044,01,MIDDLETOWN PD,,0,0,0,0,P,B,N,N,01,2,NJ 35,N,35,,00000035__,37.98,02,,01,04,02,02,01,02,05,01,100,FE,,,F,CR 50 /NEW MONMOUTH ROAD,NB,50,,26,,,N,,31341
2018133118MT02910,MONMOUTH,MIDDLETOWN TWP,01/23/2018,TU,1143,01,MIDDLETOWN PD,,0,0,0,0,P,I,N,N,01,2,TWIN BROOKS AVENUE,W,,,,,07,,01,04,02,02,01,02,04,01,,AT,,NJ 35,,,,25,50,26,,,N,,31281
2018133118MT02913,MONMOUTH,MIDDLETOWN TWP,01/23/2018,TU,1209,01,MIDDLETOWN PD,,0,0,0,0,P,I,N,N,03,2,NJ 35,S,35,,00000035__,35.71,02,,01,06,02,02,01,02,01,01,,AT,,CHAPEL HILL RD / OAK HILL RD,,,,50,35,26,40.373210,74.087660,N,,31278
2018133118MT02918,MONMOUTH,MIDDLETOWN TWP,01/23/2018,TU,1322,01,MIDDLETOWN PD,,0,1,0,0,I,I,N,N,03,2,MONMOUTH COUNTY 52,N,52,,13000052__,2.56,05,,01,04,02,02,01,02,05,01,,AT,S,GARDEN STATE PARKWAY,,,,35,35,26,,,N,,31332
2018133118MT02967,MONMOUTH,MIDDLETOWN TWP,01/23/2018,TU,2047,01,MIDDLETOWN PD,,0,0,0,0,P,I,N,N,02,2,NJ 36,S,36,,00000036__,16.83,02,,01,04,02,01,06,01,01,01,,AT,,BROADWAY,,,,50,25,26,,,N,,31354
2018133118MT03039,MONMOUTH,MIDDLETOWN TWP,01/24/2018,WE,1144,01,MIDDLETOWN PD,,0,1,0,0,I,I,N,N,07,2,MONMOUTH COUNTY 8 A,N,8,A,13000008A_,2.98,05,,02,04,02,01,01,01,05,01,,AT,,CR 8 B / MONMOUTH AVE,,,,35,35,26,40.398140,74.021620,N,,31278
2018133118MT03110,MONMOUTH,MIDDLETOWN TWP,01/24/2018,WE,2132,01,MIDDLETOWN PD,,0,0,0,0,P,B,N,N,11,1,LEFFERTS CT,S,,,,,07,,01,04,02,01,03,01,05,01,100,FE,S,CR 12,,,,25,40,69,,,N,2 LEFFERTS CT,31357