Year(4)-CountyCode(2)-MunicipalityCode(2)-CaseNumber(9),County Name,Municipality Name,Crash Date,Crash Day of Week,Crash Time,Police Department Code,Police Department,Police Station,Total Killed,Total Injured,Pedestrians Killed,Pedestrians Injured,Severity,Intersection,Alcohol Involved,Hazmat Involved,Crash Type,Total Vehicles,Location,Location Direction,Route,Route Suffix,Std Rte Identifier,MilePost,Road System,Road Character,Road Horizontal Alignment,Road Grade,Road Surface Type,Surface Condition,Light Condition,Environmental Condition,Road Divided By,Temporary Traffic Control Zone,Distance To Cross Street,Unit Of Measurement,Direction From Cross Street,Cross Street Name,Is Ramp,Ramp To/From Route Name,Ramp To/From Route Direction,Posted Speed,Posted Speed Cross Street,First Harmful Event,Latitude,Longitude,Cell Phone In Use Flag,Other Property Damage,Reporting Badge No.
2018133118MT03164,MONMOUTH,MIDDLETOWN TWP,01/25/2018,TH,1023,01,MIDDLETOWN PD,,0,0,0,0,P,I,N,N,01,2,NJ 35,N,35,,00000035__,37.33,02,,01,06,02,01,01,01,02,01,,AT,,KINGS HWY WEST / TINDALL RD,,,,50,35,26,,,N,,31281
2018133118MT03306,MONMOUTH,MIDDLETOWN TWP,01/26/2018,FR,0709,01,MIDDLETOWN PD,,0,1,0,0,I,B,N,N,01,2,NJ 36,N,36,,00000036__,17.78,02,,01,04,02,01,01,01,01,01,50,FE,S,EAST RD,,,,50,40,26,,,N,,31347
2018133118MT03308,MONMOUTH,MIDDLETOWN TWP,01/26/2018,FR,0752,01,MIDDLETOWN PD,,0,0,0,0,P,B,N,N,15,1,VIRGINIA AVE,,,,,,07,,01,04,02,01,01,01,05,02,10,FE,W,GEORGIA AVE,,,,25,25,39,,,N,,31317
2018133118MT03356,MONMOUTH,MIDDLETOWN TWP,01/26/2018,FR,1329,01,MIDDLETOWN PD,,0,1,0,0,I,I,N,N,07,2,KINGS HWY,W,,,13312101__,1.05,07,,01,04,02,01,01,01,05,01,,AT,,NAVAHO WAY,,,,35,25,26,,,N,,31341
2018133118MT03357,MONMOUTH,MIDDLETOWN TWP,01/26/2018,FR,1400,01,MIDDLETOWN PD,,0,0,0,0,P,B,N,N,06,2,300 LEONARDVILE RD,,,,,,09,,01,04,02,01,01,01,05,01,,,,(BAYVIEW ELEM SCHOOL PARKING LOT),,,,15,,26,,,N,,31269
2018133118MT03358,MONMOUTH,MIDDLETOWN TWP,01/26/2018,FR,1437,01,MIDDLETOWN PD,,0,0,0,0,P,B,N,N,03,2,OAK HILL ROAD,E,,,,,07,,01,04,02,01,01,01,05,01,25,FE,W,NJ 35,,,,35,50,26,,,N,,31341
2018133118MT03368,MONMOUTH,MIDDLETOWN TWP,01/26/2018,FR,1623,01,MIDDLETOWN PD,,0,0,0,0,P,B,N,N,01,2,NJ 35,N,35,,00000035__,35.71,02,,01,04,02,01,01,01,05,01,50,FE,E,,T,CHAPEL HILL ROAD,WB,50,,26,,,N,,31325
2018133118MT03379,MONMOUTH,MIDDLETOWN TWP,01/26/2018,FR,1727,01,MIDDLETOWN PD,,0,1,0,0,I,B,N,N,03,2,CENTER AVENUE,E,,,,,07,,01,04,02,01,04,01,05,01,75,FE,E,CEDAR AVENUE,,,,35,25,26,,,N,,31351
2018133118MT03381,MONMOUTH,MIDDLETOWN TWP,01/26/2018,FR,1741,01,MIDDLETOWN PD,,0,2,0,0,I,B,N,N,01,4,NJ 35,N,35,,00000035__,34.66,02,,01,04,02,01,05,01,01,01,200,FE,S,CR 12 A / NAVISINK RIVER RD,,,,50,40,26,,,N,,31325
2018133118MT03440,MONMOUTH,MIDDLETOWN TWP,01/27/2018,SA,0714,01,MIDDLETOWN PD,,0,1,0,0,I,B,N,N,10,1,NJ 36,E,36,,00000036__,14.22,02,,02,04,02,04,02,01,03,01,300,FE,E,LAKESIDE DR,,,,50,25,58,40.402290,74.027250,N,NJ DOT ONE WAY SIGN,31368
2018133118MT03441,MONMOUTH,MIDDLETOWN TWP,01/27/2018,SA,0722,01,MIDDLETOWN PD,,0,0,0,0,P,B,N,N,11,1,KINGS HWY,E,,,13312101__,2.17,07,,01,04,02,04,01,01,05,01,150,FE,S,SARAH LN,,,,35,25,60,40.396570,74.060350,N,,31366
2018133118MT03447,MONMOUTH,MIDDLETOWN TWP,01/27/2018,SA,0844,01,MIDDLETOWN PD,,0,0,0,0,P,B,N,N,11,1,NJ 36,E,36,,00000036__,,02,,01,06,02,04,01,05,03,01,50,FE,N,BIRCH ST,,,,50,25,58,,,N,,31314
2018133118MT03615,MONMOUTH,MIDDLETOWN TWP,01/28/2018,SU,1744,01,MIDDLETOWN PD,,0,0,0,0,P,B,N,N,01,2,ROUTE 516,,516,,00000516__,17.16,05,,01,04,02,02,06,02,05,01,20,FE,E,KELLEY CT / SUMMIT AVE,,,,35,25,26,,,N,,31360
2018133118MT03687,MONMOUTH,MIDDLETOWN TWP,01/29/2018,MO,0946,01,MIDDLETOWN PD,,0,1,0,0,I,B,N,N,01,2,ROUTE 520,W,520,,00000520__,13.57,05,,01,04,02,01,01,01,05,01,10,FE,E,NJ 54 / PHALANX RD,,,,40,40,26,,,N,,31331
2018133118MT03688,MONMOUTH,MIDDLETOWN TWP,01/29/2018,MO,0950,01,MIDDLETOWN PD,,0,2,0,0,I,B,N,N,01,4,NJ 35,N,35,,00000035__,38.68,02,,01,04,02,01,01,05,01,01,50,FE,S,HARMONY RD / KINGS HWY,,,,50,35,26,40.402660,74.124540,N,,
2018133118MT03716,MONMOUTH,MIDDLETOWN TWP,01/29/2018,MO,1423,01,MIDDLETOWN PD,,0,0,0,0,P,B,N,N,03,2,MONMOUTH COUNTY 50,S,50,,13000050__,7.12,05,,01,04,02,01,01,01,05,01,200,FE,N,NJ 35,,,,35,50,26,,,N,,31379
2018133118MT03795,MONMOUTH,MIDDLETOWN TWP,01/30/2018,TU,0632,01,MIDDLETOWN PD,,0,1,0,0,I,B,N,N,11,1,CHAPEL HILL RD,W,,,,,07,,01,04,02,05,02,03,05,01,800,FE,E,TILTON RD,,,,35,25,52,40.385560,74.072320,N,UTILITY POLE # VZ41492,31303
2018133118MT03796,MONMOUTH,MIDDLETOWN TWP,01/30/2018,TU,0642,01,MIDDLETOWN PD,,0,0,0,0,P,B,N,N,11,1,BROWNS DOCK RD,,,,,,07,,01,04,02,04,01,03,05,01,250,FE,S,COOPER RD,,,,40,30,60,,,N,,31355
2018133118MT03797,MONMOUTH,MIDDLETOWN TWP,01/30/2018,TU,2258,01,MIDDLETOWN PD,,0,0,0,0,P,B,N,N,11,1,NJ 36,E,36,,00000036__,13.83,02,,02,06,02,03,02,03,03,01,300,FE,W,ALLYSON LN,,,,50,25,52,,,N,UTILITY POLE # BT 5364 MDT,31307
2018133118MT03801,MONMOUTH,MIDDLETOWN TWP,01/30/2018,TU,0721,01,MIDDLETOWN PD,,0,0,0,0,P,B,N,N,11,1,HARMONY RD,N,,,,,07,,02,04,02,03,01,03,04,01,50,FE,N,MURPHY RD,,,,35,35,56,40.416120,74.122280,N,,31362
2018133118MT03804,MONMOUTH,MIDDLETOWN TWP,01/30/2018,TU,0737,01,MIDDLETOWN PD,,0,0,0,0,P,B,N,N,01,2,HALF MILE RD,N,,,13312110__,.53,07,,01,04,02,03,01,03,04,01,10,FE,S,WEST FRONT STREET,,,,40,40,26,,,N,,31331
2018133118MT03805,MONMOUTH,MIDDLETOWN TWP,01/30/2018,TU,0750,01,MIDDLETOWN PD,,0,0,0,0,P,B,N,N,15,1,BROADWAY,E,,,,,07,,01,04,02,02,01,03,05,05,300,FE,E,MAIN STREET,,,,25,35,39,,,N,,31339
2018133118MT03810,MONMOUTH,MIDDLETOWN TWP,01/30/2018,TU,0843,01,MIDDLETOWN PD,,0,0,0,0,P,B,N,N,04,2,HURLEYS LANE,S,,,,,07,,01,04,02,03,01,03,05,01,10,FE,N,ROUTE 520,,,,25,40,26,,,N,,31331
2018133118MT03839,MONMOUTH,MIDDLETOWN TWP,01/30/2018,TU,1146,01,MIDDLETOWN PD,,0,0,0,0,P,B,N,N,02,2,NJ 35,N,35,,00000035__,37.21,02,,01,04,02,01,01,01,05,01,50,FE,S,KINGS HWY EAST,,,,50,40,26,40.392490,74.099520,N,,31346
2018133118MT03862,MONMOUTH,MIDDLETOWN TWP,01/30/2018,TU,1422,01,MIDDLETOWN PD,,0,0,0,0,P,B,N,N,02,2,ROUTE 520,W,520,,00000520__,13.57,05,,01,04,02,02,01,03,04,01,15,FE,E,NJ 54 / PHALANX RD,,,,40,35,26,,,N,,31331
2018133118MT03872,MONMOUTH,MIDDLETOWN TWP,01/30/2018,TU,1526,01,MIDDLETOWN PD,,0,0,0,0,P,B,N,N,01,2,ROUTE 520,W,520,,00000520__,,05,,01,04,02,02,01,01,05,01,10,FE,E,CAMPUS DR,,,,40,25,26,,,N,,31379
2018133118MT03887,MONMOUTH,MIDDLETOWN TWP,01/30/2018,TU,1759,01,MIDDLETOWN PD,,0,0,0,0,P,B,N,N,06,2,SWARTZEL DR,E,,,,,07,,01,04,02,01,03,01,05,01,15,FE,N,TINDALL RD,,,,25,40,28,,,N,,31357
2018133118MT03894,MONMOUTH,MIDDLETOWN TWP,01/30/2018,TU,2222,01,MIDDLETOWN PD,,0,0,0,0,P,B,N,N,01,2,NJ 35,S,35,,00000035__,37.22,02,,03,04,02,01,06,01,05,01,,,,,T,KINGS HIGHWAY,EB,50,,26,,,N,,31372
2018133118MT03954,MONMOUTH,MIDDLETOWN TWP,01/31/2018,WE,0835,01,MIDDLETOWN PD,,0,1,0,0,I,I,N,N,03,2,NJ 36,E,36,,00000036__,18.01,02,,01,04,02,01,01,01,05,01,,AT,,MAIN ST,,,,50,35,26,,,N,,31314
2018133118MT03961,MONMOUTH,MIDDLETOWN TWP,01/31/2018,WE,0907,01,MIDDLETOWN PD,,0,0,0,0,P,B,N,N,06,2,IVY HILL RD,E,,,,,07,,01,06,02,01,01,01,05,01,125,FE,E,MAYFLOWER DR,,,,25,25,28,40.371060,74.104260,N,,31278
2018133118MT03978,MONMOUTH,MIDDLETOWN TWP,01/31/2018,WE,1048,01,MIDDLETOWN PD,,0,0,0,0,P,B,N,N,01,2,ROUTE 520,E,520,,00000520__,13.87,05,,01,04,02,01,01,01,05,01,45,FE,W,HURLEYS LN,,,,35,25,26,,,N,,31332
2018133118MT03982,MONMOUTH,MIDDLETOWN TWP,01/31/2018,WE,1133,01,MIDDLETOWN PD,,0,0,0,0,P,B,N,N,02,2,MONMOUTH COUNTY 12 A,W,12,A,13000012A_,.49,05,,01,04,02,01,01,01,05,01,10,FE,S,E LINCOLN CIR,,,,35,25,26,,,N,,31378
2018133118MT04147,MONMOUTH,MIDDLETOWN TWP,02/01/2018,TH,1747,01,MIDDLETOWN PD,,0,0,0,0,P,I,N,N,03,2,HARMONY ROAD,S,,,,,07,,01,04,02,01,06,01,05,01,,AT,,MAIN STREET,,,,35,35,26,,,N,,31354
2018133118MT04375,MONMOUTH,MIDDLETOWN TWP,02/03/2018,SA,1100,01,MIDDLETOWN PD,,0,0,0,0,P,B,N,N,08,2,NJ 35,N,35,,00000035__,35.14,02,,01,05,02,01,01,01,05,01,,,S,,T,PINE ST,EB,50,,26,40.365690,74.082990,N,,31376
2018133118MT04581,MONMOUTH,MIDDLETOWN TWP,02/05/2018,MO,0641,01,MIDDLETOWN PD,,0,0,0,0,P,B,N,N,11,1,MONMOUTH COUNTY 50,S,50,,13000050__,4.37,05,,02,07,02,04,02,01,05,01,150,FE,E,CARNEGIE CT,,,,40,25,60,40.361740,74.123580,N,TREE IN FRONT OF 942 MIDDLETOWN LINCROFT RD,31367
2018133118MT04583,MONMOUTH,MIDDLETOWN TWP,02/05/2018,MO,0651,01,MIDDLETOWN PD,,0,0,0,0,P,B,N,N,11,1,NJ 36,N,36,,00000036__,12.63,02,,01,04,02,04,01,01,03,01,200,FE,N,WATER WITCH AVE,,,,45,35,69,40.402580,73.996300,N,SIGN FOR SAND HOOK BEACH,31358
2018133118MT04585,MONMOUTH,MIDDLETOWN TWP,02/18/2018,SU,2230,01,MIDDLETOWN PD,,0,0,0,0,P,B,N,N,06,3,NJ 35,S,35,,00000035__,38.19,02,,01,04,02,01,01,01,02,01,2640,FE,S,HARMONY RD / KINGS HWY,,,,50,35,26,,,N,MINOR DAMAGE TO FRONT OF BUILDING BY GARAGE DOOR.,31355
2018133118MT04592,MONMOUTH,MIDDLETOWN TWP,02/05/2018,MO,0738,01,MIDDLETOWN PD,,0,0,0,0,P,B,N,N,01,2,ROUTE 516,E,516,,00000516__,15.93,05,,01,04,02,02,01,01,05,01,1320,FE,E,WILSON AVE,,,,40,40,26,,,N,,31333
2018133118MT04594,MONMOUTH,MIDDLETOWN TWP,02/05/2018,MO,0742,01,MIDDLETOWN PD,,0,0,0,0,P,B,N,N,10,1,MONMOUTH AVE,E,,,,,07,,01,06,02,04,01,01,05,01,1000,FE,W,BROWNS DOCK RD,,,,35,35,58,,,N,,31286
2018133118MT04600,MONMOUTH,MIDDLETOWN TWP,02/05/2018,MO,0815,01,MIDDLETOWN PD,,0,0,0,0,P,B,N,N,01,2,W FRONT ST,W,,,13312109__,2.85,07,,01,04,02,02,01,01,05,01,150,FE,E,BRUCE RD,,,,35,25,26,,,N,,31332
2018133118MT04612,MONMOUTH,MIDDLETOWN TWP,02/05/2018,MO,1014,01,MIDDLETOWN PD,,0,0,0,0,P,B,N,N,11,1,10 HARBOR WAY,W,,,,,06,,01,04,02,01,01,01,05,01,1000,FE,E,MAIN ST  BELFORD,,,,,35,69,,,N,FERRY TERMINAL BUILDING (CORNER PILLAR) AND TRAFFIC SIGN,31286
2018133118MT04630,MONMOUTH,MIDDLETOWN TWP,02/05/2018,MO,1211,01,MIDDLETOWN PD,,0,0,0,0,P,I,N,N,01,2,RED HILL RD,N,,,13312106__,1.77,07,,01,05,02,01,01,01,04,01,,AT,,HOLLAND ROAD,,,,35,35,26,,,N,,31281
2018133118MT04654,MONMOUTH,MIDDLETOWN TWP,02/05/2018,MO,1426,01,MIDDLETOWN PD,,0,0,0,0,P,B,N,N,01,2,63 TINDALL ROAD,,,,,,09,,01,04,02,01,01,01,05,01,,,,MIDDLETOWN HS NORTH PARKING LOT,,,,,,26,,,N,,31317
2018133118MT04661,MONMOUTH,MIDDLETOWN TWP,02/05/2018,MO,1451,01,MIDDLETOWN PD,,0,0,0,0,P,B,N,N,01,2,ROUTE 520,E,520,,00000520__,15.04,05,,01,04,02,01,01,01,02,01,50,FE,W,HALF MILE RUN,,,,40,40,26,,,N,,31332
2018133118MT04672,MONMOUTH,MIDDLETOWN TWP,02/05/2018,MO,1740,01,MIDDLETOWN PD,,0,0,0,0,P,I,N,N,03,2,MONMOUTH COUNTY 52,E,52,,13000052__,2.80,05,,01,04,02,01,06,01,05,01,,AT,,CR 12 / DWIGHT RD / RED HILL RD,,,,40,40,26,,,N,,31336
2018133118MT04674,MONMOUTH,MIDDLETOWN TWP,02/05/2018,MO,1838,01,MIDDLETOWN PD,,0,0,0,0,P,I,N,N,03,2,BROWNS DOCK RD,,,,,,07,,01,04,02,01,07,01,05,01,,AT,,MONMOOUTH AVENUE,,,,35,40,26,,,N,,31351
2018133118MT04728,MONMOUTH,MIDDLETOWN TWP,02/06/2018,TU,0738,01,MIDDLETOWN PD,,0,1,0,0,I,B,N,N,01,2,NJ 35,S,35,,00000035__,36.08,02,,01,04,02,01,01,01,01,01,20,FE,S,CRESTVIEW DR,,,,50,25,26,40.378420,74.090400,N,,31377
2018133118MT04756,MONMOUTH,MIDDLETOWN TWP,02/06/2018,TU,1246,01,MIDDLETOWN PD,,0,0,0,0,P,B,N,N,01,2,ROUTE 520,W,520,,00000520__,13.88,05,,01,04,02,01,01,01,05,01,10,FE,E,HURLEYS LN,,,,35,25,26,,,N,,31276
2018133118MT04783,MONMOUTH,MIDDLETOWN TWP,02/06/2018,TU,1631,01,MIDDLETOWN PD,,0,0,0,0,P,B,N,N,11,1,34 LEONARDVILLE RD,,,,,,09,,01,04,02,01,01,01,05,01,,,,PARKING LOT OF GOOD SHEPHERD,,,,,,69,,,N,GUTTER OF 34 LEONARDVILLE ROAD,31354
2018133118MT04789,MONMOUTH,MIDDLETOWN TWP,02/06/2018,TU,1730,01,MIDDLETOWN PD,,0,0,0,0,P,B,N,N,02,2,MONMOUTH COUNTY 50,N,50,,13000050__,7.10,05,,01,04,02,01,03,01,05,01,100,FE,N,NJ 35,,,,35,50,26,,,N,,31360
2018133118MT04794,MONMOUTH,MIDDLETOWN TWP,02/06/2018,TU,1823,01,MIDDLETOWN PD,,0,0,0,0,P,B,N,N,02,2,10 HARBOR WAY (LOT),N,,,,,09,,01,04,02,01,06,01,05,01,,,,BELFORD FERRY LOT,,,,,,26,,,N,,31374
2018133118MT04853,MONMOUTH,MIDDLETOWN TWP,02/07/2018,WE,0957,01,MIDDLETOWN PD,,0,0,0,0,P,B,N,N,11,1,W FRONT ST,E,,,13312109__,1.58,07,,02,05,02,04,01,06,04,01,50,FE,W,LEEDSVILLE DRIVE,,,,40,25,52,,,N,UTILITY POLE BT119MDT,31331
2018133118MT04854,MONMOUTH,MIDDLETOWN TWP,02/07/2018,WE,0951,01,MIDDLETOWN PD,,0,0,0,0,P,B,N,N,06,2,MANOR PKWY,S,,,,,07,,02,06,02,04,01,06,05,01,400,FE,N,SHELBERN DR,,,,25,25,28,,,N,,31280
2018133118MT04856,MONMOUTH,MIDDLETOWN TWP,02/07/2018,WE,1009,01,MIDDLETOWN PD,,0,0,0,0,P,B,N,N,11,1,PORT MONMOUTH RD,E,,,13312102__,1.57,07,,02,05,02,04,01,07,05,02,1584,FE,W,OLD PORT MONMOUTH RD,,,,35,25,46,40.435920,74.086400,N,GUIDE RAIL CONNECTED TO MONMOUTH COUNTY BRIDGE DENTED.,31376
2018133118MT04911,MONMOUTH,MIDDLETOWN TWP,02/07/2018,WE,1618,01,MIDDLETOWN PD,,0,1,0,0,I,B,Y,N,11,1,805 NEWMAN SPRINGS RD,,,,,,06,,01,04,02,02,06,02,05,01,,,,THOMPSON COUNTY PARK,,,,35,,53,,,N,4 LIGHT STANDARDS  PROPERTY DAMAGE TBD BY MONMOUTH COUNTY PARKS SYSTEM,31310
2018133118MT05036,MONMOUTH,MIDDLETOWN TWP,02/08/2018,TH,1448,01,MIDDLETOWN PD,,0,0,0,0,P,B,N,N,01,3,ROUTE 516,E,516,,00000516__,15.57,05,,01,04,02,01,01,01,05,01,10,FE,N,ACORN DR,,,,35,15,26,40.413830,74.111580,N,,
2018133118MT05072,MONMOUTH,MIDDLETOWN TWP,02/08/2018,TH,1822,01,MIDDLETOWN PD,,0,0,0,0,P,I,N,N,12,1,HARMONY ROAD,N,,,,,07,,01,04,02,01,06,01,05,01,,AT,E,OLD COUNTRY ROAD,,,,35,35,24,,,N,,31372
2018133118MT05077,MONMOUTH,MIDDLETOWN TWP,02/08/2018,TH,1853,01,MIDDLETOWN PD,,0,0,0,0,P,B,N,N,01,2,NJ 35,S,35,,00000035__,38.70,02,,01,04,02,01,06,01,01,01,75,FE,N,HARMONY RD / KINGS HWY,,,,50,40,26,,,N,,31372
2018133118MT05109,MONMOUTH,MIDDLETOWN TWP,02/26/2018,MO,2222,01,MIDDLETOWN PD,,0,1,0,0,I,B,Y,N,11,1,729 NEWMAN SPRING RD,,,,,,09,,01,04,99,99,05,01,05,01,,,,LINCROFT GRADE SCHOOL PROPERTY,,,,,,60,,,N,DAMAGE TO FIELD AND TREE BEHIND LINCROFT GRADE SCHOOL,31355
2018133118MT05390,MONMOUTH,MIDDLETOWN TWP,02/11/2018,SU,1214,01,MIDDLETOWN PD,,0,0,0,0,P,B,N,N,06,2,RAILROAD AVENUE,E,,,,,07,,01,04,02,02,06,02,05,01,500,FE,W,MAIN STREET,,,,25,35,28,,,N,,31321
2018133118MT05551,MONMOUTH,MIDDLETOWN TWP,02/12/2018,MO,1424,01,MIDDLETOWN PD,,0,1,0,0,I,B,N,N,01,2,NJ 35,S,35,,00000035__,37.99,02,,01,04,02,02,01,01,05,01,50,FE,N,CR 50 / NEW MONMOUTH RD,,,,50,35,26,40.398700,74.114120,N,,31346
2018133118MT05713,MONMOUTH,MIDDLETOWN TWP,02/13/2018,TU,1630,01,MIDDLETOWN PD,,0,0,0,0,P,B,N,N,01,2,ROUTE 516,S,516,,00000516__,,05,,02,04,02,01,01,01,05,01,25,FE,N,TAYLOR LN,,,,40,25,26,,,N,,31373
2018133118MT05742,MONMOUTH,MIDDLETOWN TWP,02/13/2018,TU,2042,01,MIDDLETOWN PD,,0,0,0,0,P,B,N,N,02,2,NJ 35,N,35,,00000035__,39.39,02,,01,04,02,01,06,01,01,01,200,FE,S,ROUTE 516 / CHERRY TREE FARM RD,,,,50,35,26,,,N,,31342
2018133118MT05803,MONMOUTH,MIDDLETOWN TWP,02/14/2018,WE,0858,01,MIDDLETOWN PD,,0,0,0,0,P,B,N,N,01,2,NJ 35,S,35,,00000035__,37.99,02,,01,04,02,01,01,01,01,01,50,FE,N,CR 50 / NEW MONMOUTH RD,,,,50,35,26,,,N,,31341
2018133118MT05827,MONMOUTH,MIDDLETOWN TWP,02/14/2018,WE,1230,01,MIDDLETOWN PD,,0,0,0,0,P,B,N,N,01,3,W FRONT ST,W,,,13312109__,2.57,07,,01,05,02,01,01,01,05,01,10,FE,E,PAGE DRIVE,,,,40,25,26,,,N,,
2018133118MT05833,MONMOUTH,MIDDLETOWN TWP,02/14/2018,WE,1329,01,MIDDLETOWN PD,,0,0,0,0,P,I,N,N,01,2,MONMOUTH COUNTY 12,E,12,,13000012__,2.44,05,,01,05,02,01,01,01,05,01,,AT,,CR 50 / MIDDLETOWN-LINCROFT RD,,,,25,40,26,,,N,,31286
2018133118MT05837,MONMOUTH,MIDDLETOWN TWP,02/14/2018,WE,1422,01,MIDDLETOWN PD,,0,0,0,0,P,B,N,N,02,2,HARMONY ROAD,S,,,,,07,,01,04,02,01,01,01,05,01,100,FE,N,NJ 35,,,,40,50,26,,,N,,31341
2018133118MT05980,MONMOUTH,MIDDLETOWN TWP,02/15/2018,TH,1617,01,MIDDLETOWN PD,,0,0,0,0,P,B,N,N,02,2,HALF MILE RD,,,,13312110__,.01,07,,01,04,02,01,01,01,05,01,50,FE,N,ROUTE 520,,,,40,40,26,,,N,,31353
2018133118MT06015,MONMOUTH,MIDDLETOWN TWP,02/15/2018,TH,2013,01,MIDDLETOWN PD,,0,0,0,0,P,B,N,N,01,2,NJ 35,N,35,,00000035__,34.70,02,,01,04,02,01,06,01,01,01,10,FE,S,CR 12 A / NAVISINK RIVER RD,,,,50,35,26,,,N,,31353
2018133118MT06041,MONMOUTH,MIDDLETOWN TWP,02/16/2018,FR,0148,01,MIDDLETOWN PD,,0,1,0,0,I,B,Y,N,01,2,HALF MILE RD,S,,,13312110__,.00,07,,01,04,02,02,07,02,05,01,200,FE,S,ROUTE 520,,,,35,40,26,40.336680,74.096740,N,,31368
2018133118MT06212,MONMOUTH,MIDDLETOWN TWP,02/17/2018,SA,1211,01,MIDDLETOWN PD,,0,4,0,0,I,B,N,N,01,2,MONMOUTH COUNTY 12 A,E,12,A,13000012A_,2.76,05,,01,06,02,01,01,05,05,01,10,FE,S,MCCLEES RD,,,,40,35,26,40.376720,74.044170,N,,31376
2018133118MT06264,MONMOUTH,MIDDLETOWN TWP,02/17/2018,SA,2030,01,MIDDLETOWN PD,,0,1,0,0,I,B,N,N,04,2,MONMOUTH COUNTY 12,S,12,,13000012__,.14,05,,01,04,02,03,06,03,05,01,500,FE,S,SHADOW LAKE DR,,,,25,25,26,,,N,,31364
2018133118MT06499,MONMOUTH,MIDDLETOWN TWP,02/19/2018,MO,1713,01,MIDDLETOWN PD,,0,2,0,0,I,B,N,N,01,2,NJ 36,S,36,,00000036__,18.76,02,,01,04,02,02,06,02,01,01,50,FE,N,WILSON AVE,,,,50,35,26,,,N,,31354
2018133118MT06524,MONMOUTH,MIDDLETOWN TWP,02/19/2018,MO,2146,01,MIDDLETOWN PD,,0,0,0,0,P,B,N,N,12,1,NJ 35,N,35,,00000035__,38.18,02,,01,04,02,01,06,01,01,01,1056,FE,N,CR 50 / NEW MONMOUTH RD,,,,50,35,24,,,N,,31360
2018133118MT06549,MONMOUTH,MIDDLETOWN TWP,02/20/2018,TU,0800,01,MIDDLETOWN PD,,0,0,0,0,P,B,Y,N,06,2,MAIN ST,E,,,13312103__,,07,,01,04,02,02,01,01,05,01,30,FE,E,SUNSET PLACE,,,,35,25,26,,,N,,31252
2018133118MT06592,MONMOUTH,MIDDLETOWN TWP,02/20/2018,TU,1443,01,MIDDLETOWN PD,,0,0,0,0,P,B,N,N,01,2,NJ 36,S,36,,00000036__,13.14,02,,01,04,02,01,01,01,05,01,50,FE,,,F,CR 8,SB,50,,26,,,N,,31341
2018133118MT06638,MONMOUTH,MIDDLETOWN TWP,02/20/2018,TU,1804,01,MIDDLETOWN PD,,0,0,0,0,P,B,N,N,12,1,NJ 36,S,36,,00000036__,13.25,02,,01,04,02,01,05,01,03,01,50,FE,W,BUTTERMILK RIDGE RD,,,,50,25,24,,,N,,31351
2018133118MT06696,MONMOUTH,MIDDLETOWN TWP,02/21/2018,WE,0743,01,MIDDLETOWN PD,,0,0,0,0,P,B,N,N,01,2,MONMOUTH COUNTY 50,S,50,,13000050__,6.31,05,,01,04,02,02,01,01,05,01,200,FE,N,HOLLAND RD,,,,35,25,26,,,N,,31370
2018133118MT06699,MONMOUTH,MIDDLETOWN TWP,02/21/2018,WE,0756,01,MIDDLETOWN PD,,0,1,0,0,I,I,N,N,03,2,KINGS HWY,E,,,13312101__,1.08,07,,01,04,02,02,01,05,05,01,,AT,,RED HILL ROAD,,,,35,30,26,40.394820,74.122450,N,,31376
2018133118MT06703,MONMOUTH,MIDDLETOWN TWP,02/21/2018,WE,0845,01,MIDDLETOWN PD,,0,0,0,0,P,B,N,N,01,2,W FRONT ST,W,,,13312109__,2.97,07,,01,04,02,01,01,02,04,01,25,FE,E,DOW AVENUE,,,,40,25,26,,,N,,31331
2018133118MT06744,MONMOUTH,MIDDLETOWN TWP,02/21/2018,WE,1153,01,MIDDLETOWN PD,,0,1,0,0,I,B,N,N,01,2,NJ 35,N,35,,00000035__,36.78,02,,01,05,02,01,01,01,01,01,50,FE,S,WOODLAND DR,,,,50,25,26,,,N,,31281
2018133118MT06775,MONMOUTH,MIDDLETOWN TWP,02/21/2018,WE,1543,01,MIDDLETOWN PD,,0,2,0,0,I,I,N,N,03,2,NJ 35,N,35,,00000035__,36.31,02,,01,08,02,01,01,01,01,01,,AT,S,APPLE FARM RD,,,,50,25,26,,,N,,31373
2018133118MT06787,MONMOUTH,MIDDLETOWN TWP,02/21/2018,WE,1657,01,MIDDLETOWN PD,,0,0,0,0,P,B,N,N,01,2,ROUTE 520,W,520,,00000520__,15.26,05,,01,04,02,01,01,01,02,01,25,FE,E,SCHULZ DR,,,,40,25,26,40.336730,74.091490,N,,31371
2018133118MT06942,MONMOUTH,MIDDLETOWN TWP,02/22/2018,TH,1655,01,MIDDLETOWN PD,,0,0,0,0,P,B,N,N,11,1,MONMOUTH COUNTY 7 I,N,7,1,130000071_,1.35,05,,01,04,02,02,01,02,05,01,2640,FE,N,MAIN ST / MIDDLE AVE,,,,35,35,52,,,N,JCP&L POLE # JC1757MDT  LANDSCAPE TO 698 PALMER AVE,31357
2018133118MT06972,MONMOUTH,MIDDLETOWN TWP,02/22/2018,TH,2218,01,MIDDLETOWN PD,,0,0,0,0,P,B,N,N,06,2,BROOKSIDE DRIVE,,,,,,07,,01,04,02,01,06,01,05,01,50,FE,N,PARK AVENUE,,,,25,35,28,,,N,,31375
2018133118MT07007,MONMOUTH,MIDDLETOWN TWP,02/23/2018,FR,0542,01,MIDDLETOWN PD,,0,1,0,0,I,B,N,N,01,2,NJ 35,S,35,,00000035__,35.70,02,,01,04,02,01,06,01,01,01,50,FE,S,CHAPEL HILL RD / OAK HILL RD,,,,50,35,26,40.373220,74.087510,N,,31379
2018133118MT07101,MONMOUTH,MIDDLETOWN TWP,02/23/2018,FR,2206,01,MIDDLETOWN PD,,0,1,0,0,I,B,N,N,11,1,ROUTE 520,W,520,,00000520__,13.48,05,,01,04,99,02,06,02,05,01,500,FE,W,NJ 54 / PHALANX RD,,,,40,40,59,,,N,DAMAGE TO CHAIN LINK FENCE AND GRASS TO BALL FIELDS AT THOMPSON PARK,31293