Year(4)-CountyCode(2)-MunicipalityCode(2)-CaseNumber(9),County Name,Municipality Name,Crash Date,Crash Day of Week,Crash Time,Police Department Code,Police Department,Police Station,Total Killed,Total Injured,Pedestrians Killed,Pedestrians Injured,Severity,Intersection,Alcohol Involved,Hazmat Involved,Crash Type,Total Vehicles,Location,Location Direction,Route,Route Suffix,Std Rte Identifier,MilePost,Road System,Road Character,Road Horizontal Alignment,Road Grade,Road Surface Type,Surface Condition,Light Condition,Environmental Condition,Road Divided By,Temporary Traffic Control Zone,Distance To Cross Street,Unit Of Measurement,Direction From Cross Street,Cross Street Name,Is Ramp,Ramp To/From Route Name,Ramp To/From Route Direction,Posted Speed,Posted Speed Cross Street,First Harmful Event,Latitude,Longitude,Cell Phone In Use Flag,Other Property Damage,Reporting Badge No.
2018133118MT07170,MONMOUTH,MIDDLETOWN TWP,02/24/2018,SA,0658,01,MIDDLETOWN PD,,0,0,0,0,P,B,N,N,01,2,NJ 35,N,35,,00000035__,37.98,02,,03,04,02,02,01,01,03,01,,,S,,F,CR 50,NB,50,,26,,,N,,31370
2018133118MT07238,MONMOUTH,MIDDLETOWN TWP,02/24/2018,SA,2102,01,MIDDLETOWN PD,,0,0,0,0,P,B,Y,N,01,2,NJ 35,S,35,,00000035__,37.22,02,,01,04,02,02,06,02,01,01,200,FE,,KINGS HWY EAST,,,,50,35,26,,,N,,31340
2018133118MT07239,MONMOUTH,MIDDLETOWN TWP,02/24/2018,SA,2118,01,MIDDLETOWN PD,,0,0,0,0,P,B,N,N,05,2,W FRONT ST,,,,13312109__,1.86,07,,01,06,02,02,06,01,05,01,10,FE,E,NORMANDY RD,,,,40,50,26,,,N,,31293
2018133118MT07249,MONMOUTH,MIDDLETOWN TWP,02/24/2018,SA,2306,01,MIDDLETOWN PD,,0,0,0,0,P,I,N,N,03,3,NJ 36,W,36,,00000036__,15.39,02,,01,04,02,02,06,02,05,01,,AT,,ROUTE 516 / LEONARDVILLE RD,,,,50,35,26,,,N,GRASS ON PROPERTY OF JULIAN'S BAIT AND TACKLE,
2018133118MT07285,MONMOUTH,MIDDLETOWN TWP,02/25/2018,SU,0908,01,MIDDLETOWN PD,,0,1,0,0,I,I,N,N,03,2,NJ 35,S,35,,00000035__,36.08,02,,01,04,02,02,01,02,01,01,,AT,,CRESTVIEW DR,,,,50,25,26,40.378080,74.090660,N,,31321
2018133118MT07290,MONMOUTH,MIDDLETOWN TWP,02/25/2018,SU,1034,01,MIDDLETOWN PD,,0,0,0,0,P,B,N,N,01,2,MONMOUTH COUNTY 50,N,50,,13000050__,3.74,05,,02,05,02,06,01,02,05,01,1000,FE,N,SUNNYSIDE RD,,,,40,35,26,,,N,,31314
2018133118MT07297,MONMOUTH,MIDDLETOWN TWP,02/25/2018,SU,1257,01,MIDDLETOWN PD,,0,0,0,0,P,B,N,N,02,2,ROUTE 520,E,520,,00000520__,15.35,05,,01,04,02,02,01,05,02,01,500,FE,E,SCHULZ DR,,,,45,25,26,,,N,,31314
2018133118MT07362,MONMOUTH,MIDDLETOWN TWP,02/26/2018,MO,0340,01,MIDDLETOWN PD,MIDDLETOWN,0,0,0,0,P,B,N,N,11,1,HARMONY ROAD,S,,,,,07,,02,04,02,01,06,01,05,01,10,FE,N,STEPHANIE ROAD,,,,35,25,46,,,N,GUIDE RAIL,31334
2018133118MT07517,MONMOUTH,MIDDLETOWN TWP,02/27/2018,TU,0830,01,MIDDLETOWN PD,,0,0,0,0,P,I,N,N,01,2,MONMOUTH COUNTY 52,W,52,,13000052__,2.56,05,,01,05,02,01,01,01,05,01,,AT,,GARDEN STATE PARKWAY,,,,35,,19,,,N,,31286
2018133118MT07568,MONMOUTH,MIDDLETOWN TWP,02/27/2018,TU,1121,01,MIDDLETOWN PD,,0,1,0,0,I,I,N,N,07,2,MONMOUTH COUNTY 50,S,50,,13000050__,5.11,05,,01,05,02,01,01,01,05,01,,AT,,DAMM HOLLOW RD / OAK HILL RD,,,,40,35,26,,,N,,31286
2018133118MT07602,MONMOUTH,MIDDLETOWN TWP,02/27/2018,TU,1637,01,MIDDLETOWN PD,,0,0,0,0,P,B,N,N,01,3,ROUTE 520,E,520,,00000520__,15.05,05,,01,04,02,01,01,01,02,01,10,FE,W,HALF MILE RUN,,,,40,35,26,,,N,,
2018133118MT07624,MONMOUTH,MIDDLETOWN TWP,02/27/2018,TU,1716,01,MIDDLETOWN PD,,0,0,0,0,P,B,N,N,12,1,MONMOUTH AVE,W,,,,,07,,01,04,02,01,01,01,05,01,600,FE,E,PORTLAND ROAD,,,,40,40,24,,,N,,31354
2018133118MT07629,MONMOUTH,MIDDLETOWN TWP,02/27/2018,TU,1738,01,MIDDLETOWN PD,,0,0,0,0,P,B,N,N,01,2,NJ 35,S,35,,00000035__,37.98,02,,03,04,02,01,01,01,05,01,,,,,T,CR 50,NB,50,,26,,,N,,31343
2018133118MT07746,MONMOUTH,MIDDLETOWN TWP,02/28/2018,WE,1431,01,MIDDLETOWN PD,,0,0,0,0,P,B,N,N,01,2,ROUTE 516,W,516,,00000516__,16.15,05,,01,04,02,01,01,01,05,01,25,FE,W,CHURCH ST,,,,35,25,,,,N,,31309
2018133118MT07750,MONMOUTH,MIDDLETOWN TWP,02/28/2018,WE,1506,01,MIDDLETOWN PD,,0,0,0,0,P,B,N,N,11,1,626 STATE ROUTE 35,N,,,,,09,,01,04,02,01,01,01,05,01,,,,(PUBLIC STORAGE PARKING LOT),,,,,,69,,,N,DENTED OVERHANG ATTATCHED TO 626 STATE RTE 35  PUBLIC STORAGE,31341
2018133118MT07782,MONMOUTH,MIDDLETOWN TWP,02/28/2018,WE,1829,01,MIDDLETOWN PD,,0,0,0,0,P,B,N,N,03,2,ROUTE 520,W,520,,00000520__,14.27,05,,01,04,02,01,06,01,05,01,100,FE,W,JUMPING BROOK RD,,,,40,25,26,,,N,,31293
2018133118MT07797,MONMOUTH,MIDDLETOWN TWP,02/28/2018,WE,2016,01,MIDDLETOWN PD,,0,0,0,0,P,B,N,N,02,2,NJ 36,E,36,,00000036__,16.27,02,,01,04,02,01,06,01,01,01,10,FE,E,HOSFORD AVE / THOMPSON AVE,,,,50,35,26,40.433940,74.118180,N,,31369
2018133118MT07801,MONMOUTH,MIDDLETOWN TWP,02/28/2018,WE,2043,01,MIDDLETOWN PD,,0,0,0,0,P,B,N,N,11,1,ARLENE DR,S,,,,,07,,02,04,02,01,05,01,05,01,150,FE,S,DAVID COURT,,,,25,25,56,,,N,MAILBOX IN FRONT YARD OF #23 ARLENE DRIVE & UTILITY/VERIZON POLE #BT5460MDT,31325
2018133118MT07802,MONMOUTH,MIDDLETOWN TWP,02/28/2018,WE,2050,01,MIDDLETOWN PD,,0,0,0,0,P,B,N,N,01,2,WILSON AVE,,,,13312105__,.00,07,,01,04,02,01,06,01,05,01,30,FE,S,NJ 36,,,,35,50,26,,,N,,31360
2018133118MT07892,MONMOUTH,MIDDLETOWN TWP,03/01/2018,TH,1329,01,MIDDLETOWN PD,,0,0,0,0,P,B,N,N,08,2,MONMOUTH COUNTY 50,,50,,13000050__,1.81,05,,01,04,02,01,01,01,05,01,200,FE,N,OAK ST,,,,40,25,26,,,N,,31332
2018133118MT07934,MONMOUTH,MIDDLETOWN TWP,03/01/2018,TH,1917,01,MIDDLETOWN PD,,0,1,0,0,I,I,N,N,03,2,MAIN ST,W,,,13312103__,,07,,01,04,02,02,03,02,05,01,,AT,,BELFORD FERRY TERMINAL ENTRENCE,,,,25,25,26,,,N,,31374
2018133118MT08046,MONMOUTH,MIDDLETOWN TWP,03/02/2018,FR,1529,01,MIDDLETOWN PD,,0,0,0,0,P,B,N,N,01,2,NJ 35,S,35,,00000035__,37.98,02,,01,04,02,03,01,03,01,01,15,FE,N,CR 50 / NEW MONMOUTH RD,,,,50,35,26,,,N,,31331
2018133118MT08067,MONMOUTH,MIDDLETOWN TWP,03/02/2018,FR,1711,01,MIDDLETOWN PD,,0,0,0,0,P,B,N,N,05,2,KINGS HWY,E,,,13312101__,2.38,07,,01,04,02,03,06,03,05,01,100,FE,W,ROEBLING CT,,,,40,25,26,,,N,BRICK WALL ON THE PROPERTY OF 720 KINGS HIGHWAY EAST,31372
2018133118MT08075,MONMOUTH,MIDDLETOWN TWP,03/02/2018,FR,1742,01,MIDDLETOWN PD,,0,0,0,0,P,B,N,N,01,2,HURLEYS LN,S,,,,,07,,01,04,02,03,06,03,05,01,5,FE,S,ROUTE 520,,,,25,40,26,40.331940,74.119110,N,,31371
2018133118MT08117,MONMOUTH,MIDDLETOWN TWP,03/02/2018,FR,2116,01,MIDDLETOWN PD,,0,0,0,0,P,B,N,N,11,1,HARTSHORNE RD,W,,,,,07,,02,04,02,05,05,03,05,01,50,FE,W,WASHINGTON LANE,,,,35,25,60,,,N,,31372
2018133118MT08180,MONMOUTH,MIDDLETOWN TWP,03/03/2018,SA,1026,01,MIDDLETOWN PD,,0,1,0,0,I,B,N,N,03,2,MONMOUTH COUNTY 12 A,E,12,A,13000012A_,1.20,05,,01,04,02,01,01,01,05,01,10,FE,N,BLOSSUM COVE RD,,,,35,15,26,40.365770,74.069550,N,,31346
2018133118MT08209,MONMOUTH,MIDDLETOWN TWP,03/03/2018,SA,1504,01,MIDDLETOWN PD,,0,0,0,0,P,B,N,N,15,1,65 LEONARDVILLE RD,W,,,,,09,,01,04,02,01,01,01,05,01,10,FE,E,LEONARDILLE RD,,,,,40,39,,,N,VERIZON FIOS WIRE,31330
2018133118MT08451,MONMOUTH,MIDDLETOWN TWP,03/05/2018,MO,1249,01,MIDDLETOWN PD,,0,0,0,0,P,B,N,N,01,2,NJ 35,N,35,,00000035__,37.98,02,,03,04,02,01,01,01,05,01,25,FE,N,,F,CR 50,NB,50,,26,40.399650,74.115400,N,,31278
2018133118MT08477,MONMOUTH,MIDDLETOWN TWP,03/05/2018,MO,1609,01,MIDDLETOWN PD,,0,1,0,0,I,B,N,N,01,2,MONMOUTH COUNTY 52,N,52,,13000052__,,05,,01,04,02,01,01,01,05,01,10,FE,S,AT&T DR,,,,40,25,26,,,N,,31293
2018133118MT08559,MONMOUTH,MIDDLETOWN TWP,03/06/2018,TU,0850,01,MIDDLETOWN PD,,0,0,0,0,P,I,N,N,03,2,W FRONT ST,E,,,13312109__,2.58,07,,01,04,02,01,01,01,05,01,,AT,E,HARBOR GREEN CIRCLE,,,,35,25,26,,,N,,31377
2018133118MT08566,MONMOUTH,MIDDLETOWN TWP,03/06/2018,TU,0931,01,MIDDLETOWN PD,,0,1,0,0,I,I,N,N,03,2,MONMOUTH COUNTY 12,W,12,,13000052__,4.19,05,,01,04,02,01,01,01,04,01,,AT,N,CR 52 / RED HILL RD,,,,40,40,26,,,N,,31377
2018133118MT08639,MONMOUTH,MIDDLETOWN TWP,03/06/2018,TU,1907,01,MIDDLETOWN PD,,0,1,0,0,I,B,N,N,03,2,MONMOUTH COUNTY 50,N,50,,13000050__,7.10,05,,01,04,02,01,06,01,05,01,100,FE,N,NJ 35,,,,35,50,26,,,N,,31360
2018133118MT08743,MONMOUTH,MIDDLETOWN TWP,03/07/2018,WE,1626,01,MIDDLETOWN PD,,0,0,0,0,P,B,N,N,11,1,TINDALL RD,W,,,13312100__,.37,07,,01,04,02,03,01,03,05,01,100,FE,E,GILLRIDGE PARKWAY,,,,40,25,69,,,N,RETAINING WALL,31343
2018133118MT08834,MONMOUTH,MIDDLETOWN TWP,03/08/2018,TH,0921,01,MIDDLETOWN PD,,0,1,0,0,I,B,N,N,01,2,MONMOUTH COUNTY 50,S,50,,13000050__,4.13,05,,01,04,02,02,01,05,05,01,15,FE,E,ALLAIRE AVE,,,,40,25,26,,,N,,31280
2018133118MT08851,MONMOUTH,MIDDLETOWN TWP,03/08/2018,TH,1111,01,MIDDLETOWN PD,,0,0,0,0,P,B,N,N,04,2,52 KANES LANE,W,,,,,09,,01,04,02,02,01,05,05,01,,,,MIDDLETOWN TWP. D.P.W. LOT,,,,,,26,,,N,,31327
2018133118MT09033,MONMOUTH,MIDDLETOWN TWP,03/09/2018,FR,1522,01,MIDDLETOWN PD,,0,1,0,0,I,I,N,N,02,2,NJ 36,S,36,,00000036__,12.88,02,,02,04,02,01,01,01,05,01,,AT,,CR 8 / LINDEN AVE,,,,50,35,26,,,N,,31321
2018133118MT09125,MONMOUTH,MIDDLETOWN TWP,03/10/2018,SA,0946,01,MIDDLETOWN PD,,0,0,0,0,P,B,N,N,01,2,MONMOUTH COUNTY 50,S,50,,13000050__,7.40,05,,01,04,02,01,01,01,05,01,200,FE,N,LAWRENCE CIR,,,,35,25,26,,,N,,31341
2018133118MT09147,MONMOUTH,MIDDLETOWN TWP,03/10/2018,SA,1440,01,MIDDLETOWN PD,,0,0,0,0,P,I,N,N,03,2,MERION DR,,,,,,07,,01,04,02,01,01,05,05,01,,AT,,TURNBERRY DR,,,,25,25,26,,,N,,31332
2018133118MT09188,MONMOUTH,MIDDLETOWN TWP,03/10/2018,SA,2251,01,MIDDLETOWN PD,,0,1,0,0,I,B,N,N,02,2,NJ 35,N,35,,00000035__,37.23,02,,01,06,02,01,01,01,02,01,75,FE,N,KINGS HWY EAST,,,,50,35,26,,,N,,31325
2018133118MT09221,MONMOUTH,MIDDLETOWN TWP,03/11/2018,SU,1013,01,MIDDLETOWN PD,,0,1,0,0,I,I,N,N,03,2,ROUTE 516,W,516,,00000516__,15.13,05,,03,04,02,01,01,01,05,01,,AT,,CLARIDGE DR,,,,40,25,26,,,N,,31311
2018133118MT09233,MONMOUTH,MIDDLETOWN TWP,03/11/2018,SU,1231,01,MIDDLETOWN PD,,0,0,0,0,P,B,N,N,01,2,GARDEN STATE PARKWAY,N,444,,00000444__,110.14,03,,01,04,02,01,01,01,05,01,,,,,T,ROUTE 520,EB,65,,26,,,N,,31332
2018133118MT09248,MONMOUTH,MIDDLETOWN TWP,03/11/2018,SU,1624,01,MIDDLETOWN PD,,0,0,0,0,P,B,N,N,08,2,VILLAGE LN,,,,,,07,,01,04,02,01,01,01,05,01,100,FE,S,CHERRY TREE LN,,,,25,25,28,,,N,,31353
2018133118MT09377,MONMOUTH,MIDDLETOWN TWP,03/12/2018,MO,1301,01,MIDDLETOWN PD,,0,0,0,0,P,B,N,N,02,2,NJ 36,N,36,,00000036__,15.39,02,,03,04,02,01,01,01,05,01,,,,,T,ROUTE 516,WB,50,,26,,,N,,31286
2018133118MT09437,MONMOUTH,MIDDLETOWN TWP,03/12/2018,MO,2058,01,MIDDLETOWN PD,MIDDLETOWN,0,0,0,0,P,B,N,N,11,1,CHURCH ST,,,,,,07,,01,04,02,02,05,02,05,01,,,,,,,,25,,69,,,N,WHITE FENCE BELONGING TO 469 CHURCH ST.,31376
2018133118MT09490,MONMOUTH,MIDDLETOWN TWP,03/13/2018,TU,1033,01,MIDDLETOWN PD,,0,0,0,0,P,B,N,N,06,2,HOSFORD AVE,N,,,13312098__,1.11,07,,01,05,02,02,01,02,05,01,1000,FE,S,ROUTE 516,,,,35,40,28,,,N,,31286
2018133118MT09589,MONMOUTH,MIDDLETOWN TWP,03/14/2018,WE,0810,01,MIDDLETOWN PD,,0,1,0,0,I,I,N,N,04,2,ROUTE 520,W,520,,00000520__,12.03,05,,01,04,02,01,01,01,05,01,,AT,,CR 52 / EVERETT RD,,,,40,35,26,40.337970,74.139690,N,,31278
2018133118MT09597,MONMOUTH,MIDDLETOWN TWP,03/16/2018,FR,0629,01,MIDDLETOWN PD,,0,0,0,0,P,I,N,N,03,2,NJ 35,N,35,,00000035__,37.22,02,,02,05,02,01,01,01,02,01,,AT,,KINGS HWY EAST,,,,50,35,26,,,N,,31271
2018133118MT09608,MONMOUTH,MIDDLETOWN TWP,03/14/2018,WE,1153,01,MIDDLETOWN PD,,0,1,0,0,I,B,N,N,11,1,MONMOUTH COUNTY 12,N,12,,13000012__,.80,05,,01,04,02,01,01,01,05,01,250,FE,S,LOCH ARBOR DR,,,,40,25,50,,,N,TELEPHONE POLE JC3604MDT  35 MPH CURVE SIGN,31286
2018133118MT09646,MONMOUTH,MIDDLETOWN TWP,03/14/2018,WE,1642,01,MIDDLETOWN PD,,0,0,0,0,P,B,N,N,02,2,ROUTE 516,W,516,,00000516__,,05,,01,04,02,01,01,01,05,01,50,FE,W,CLUBHOUSE DR,,,,40,25,26,,,N,,31360
2018133118MT09663,MONMOUTH,MIDDLETOWN TWP,03/14/2018,WE,1825,01,MIDDLETOWN PD,,0,0,0,0,P,B,N,N,02,2,NJ 36,N,36,,00000036__,15.39,02,,01,04,02,01,01,01,01,01,250,FE,S,ROUTE 516 / LEONARDVILLE RD,,,,50,40,26,,,N,,31374
2018133118MT09695,MONMOUTH,MIDDLETOWN TWP,03/14/2018,WE,2132,01,MIDDLETOWN PD,,0,0,0,0,P,I,N,N,07,2,NJ 36,N,36,,00000036__,18.01,02,,01,04,02,01,06,01,01,01,,AT,,MAIN ST,,,,50,35,26,,,N,,31374
2018133118MT09765,MONMOUTH,MIDDLETOWN TWP,03/15/2018,TH,1124,01,MIDDLETOWN PD,,0,0,0,0,P,B,N,N,11,1,MAIN ST,N,,,13312103__,,07,,02,04,02,01,01,01,05,01,20,FE,N,HUNTER'S POINTE,,,,35,25,56,,,N,SEVERAL SECTIONS OF FENCE SURROUNDING 2 HUNTER'S POINTE WERE DESTROYED.,31311
2018133118MT09767,MONMOUTH,MIDDLETOWN TWP,03/15/2018,TH,1157,01,MIDDLETOWN PD,,0,0,0,0,P,I,N,N,03,2,MONMOUTH COUNTY 8 A,,8,A,13000008A_,2.58,05,,01,04,02,01,01,01,05,01,,AT,,LOCUST PT RD,,,,35,25,26,,,N,,31317
2018133118MT09831,MONMOUTH,MIDDLETOWN TWP,03/15/2018,TH,1805,01,MIDDLETOWN PD,,0,0,0,0,P,I,N,N,03,2,MAIN ST,E,,,13312103__,,07,,01,04,02,01,01,01,05,01,,AT,,HARMONY ROAD,,,,35,35,26,,,N,,31354
2018133118MT09899,MONMOUTH,MIDDLETOWN TWP,03/16/2018,FR,1026,01,MIDDLETOWN PD,,0,1,0,0,I,I,N,N,03,2,NJ 35,S,35,,00000035__,36.31,02,,01,08,02,01,01,01,01,03,,AT,,APPLE FARM RD,,,,50,35,26,40.381100,74.092440,N,MINOR DAMAGE TO CONCRETE BARRIER,31346
2018133118MT09905,MONMOUTH,MIDDLETOWN TWP,03/16/2018,FR,1102,01,MIDDLETOWN PD,,0,0,0,0,P,B,N,N,02,2,NJ 35,S,35,,00000035__,37.19,02,,01,04,02,01,01,01,03,01,500,FE,N,TWIN BROOKS RD,,,,50,25,26,,,N,,31330
2018133118MT09948,MONMOUTH,MIDDLETOWN TWP,03/16/2018,FR,1508,01,MIDDLETOWN PD,,0,0,0,0,P,B,N,N,01,3,ROUTE 520,E,520,,00000520__,13.71,05,,01,04,02,01,01,01,05,01,75,FE,E,CR 50 / MIDDLETOWN-LINCROFT RD / SW,,,,35,35,26,,,N,,
2018133118MT09964,MONMOUTH,MIDDLETOWN TWP,03/16/2018,FR,1632,01,MIDDLETOWN PD,,0,0,0,0,P,I,N,N,01,2,HARMONY ROAD,N,,,,,07,,01,04,02,01,01,01,05,01,,AT,,OVERTON ROAD,,,,35,25,26,,,N,,31259
2018133118MT09976,MONMOUTH,MIDDLETOWN TWP,03/16/2018,FR,1740,01,MIDDLETOWN PD,,0,0,0,0,P,I,N,N,03,2,MAIN ST,S,,,13312103__,.02,07,,01,04,02,01,01,01,05,01,,AT,,BRAY AVENUE,,,,35,35,26,40.427630,74.105240,N,,31305
2018133118MT09978,MONMOUTH,MIDDLETOWN TWP,03/16/2018,FR,1804,01,MIDDLETOWN PD,,0,0,0,0,P,B,N,N,02,2,ROUTE 516,N,516,,00000516__,15.69,05,,01,04,02,01,03,01,05,01,50,FE,E,WILSON AVE,,,,25,30,26,,,N,,31357
2018133118MT09981,MONMOUTH,MIDDLETOWN TWP,03/16/2018,FR,1831,01,MIDDLETOWN PD,,0,0,0,0,P,B,N,N,06,2,300 HALF MILE RD,S,,,,,09,,01,04,02,01,01,01,05,01,100,FE,N,NEWMAN SPRINGS ROAD,,,,,40,28,,,N,,31373
2018133118MT10132,MONMOUTH,MIDDLETOWN TWP,03/17/2018,SA,2113,01,MIDDLETOWN PD,,0,0,0,0,P,B,N,N,06,2,MONMOUTH AVE,E,,,,,07,,01,04,02,01,03,01,05,01,30,FE,W,BREVENT AVE,,,,25,25,28,,,N,,31357
2018133118MT10324,MONMOUTH,MIDDLETOWN TWP,03/19/2018,MO,1555,01,MIDDLETOWN PD,,0,0,0,0,P,B,N,N,01,2,NJ 35,N,35,,00000035__,37.71,02,,01,04,02,01,01,01,01,01,10,FE,N,ROSEWOOD TERR,,,,50,25,26,,,N,,31377
2018133118MT10473,MONMOUTH,MIDDLETOWN TWP,03/20/2018,TU,1459,01,MIDDLETOWN PD,,0,0,0,0,P,B,N,N,03,2,ROUTE 516,W,516,,00000516__,,05,,01,04,02,01,01,01,05,01,500,FE,W,ROUTE 516,,,,35,35,26,,,N,,31311
2018133118MT10475,MONMOUTH,MIDDLETOWN TWP,03/20/2018,TU,1506,01,MIDDLETOWN PD,,0,0,0,0,P,B,N,N,02,2,NJ 35,N,35,,00000035__,37.22,02,,02,04,02,01,01,01,02,01,10,FE,S,KINGS HWY EAST,,,,50,40,26,,,N,,31341
2018133118MT10493,MONMOUTH,MIDDLETOWN TWP,03/20/2018,TU,1752,01,MIDDLETOWN PD,,0,0,0,0,P,B,N,N,03,2,HALF MILE RD,S,,,13312110__,.05,07,,01,04,02,04,01,07,05,01,250,FE,N,ROUTE 520,,,,35,40,26,,,N,,31325
2018133118MT10496,MONMOUTH,MIDDLETOWN TWP,03/20/2018,TU,1822,01,MIDDLETOWN PD,,0,0,0,0,P,B,N,N,11,1,KINGS HWY,,,,13312101__,2.70,07,,01,04,02,05,03,06,05,01,50,FE,W,PORTLAND ROAD,,,,40,35,52,,,N,UNMARKED UTILITY POLE AND IN-GROUND ACCESS PIPE AT KING HWY E AND PORTLAND RD,31351
2018133118MT10502,MONMOUTH,MIDDLETOWN TWP,03/20/2018,TU,1956,01,MIDDLETOWN PD,,0,2,0,0,I,B,N,N,03,2,TINDALL RD,,,,13312100__,.88,07,,01,04,02,02,06,01,05,01,50,FE,S,TRUEX PLACE,,,,40,25,26,,,N,,31351
2018133118MT10503,MONMOUTH,MIDDLETOWN TWP,03/20/2018,TU,2020,01,MIDDLETOWN PD,,0,1,0,0,I,I,N,N,01,2,NJ 35,E,35,,00000035__,39.43,02,,02,04,02,02,05,05,05,01,,AT,,,T,ROUTE 516,EB,50,,26,,,N,,31325
2018133118MT10552,MONMOUTH,MIDDLETOWN TWP,03/21/2018,WE,1430,01,MIDDLETOWN PD,,0,1,0,0,I,I,N,N,03,2,ROUTE 520,W,520,,00000520__,13.70,05,,01,04,02,05,01,07,05,01,,AT,,CR 50 / MIDDLETOWN-LINCROFT RD / SW,,,,35,35,26,,,N,,31281
2018133118MT10568,MONMOUTH,MIDDLETOWN TWP,03/21/2018,WE,1721,01,MIDDLETOWN PD,,0,0,0,0,P,B,N,N,11,1,KINGS HWY,E,,,13312101__,1.64,07,,01,04,02,03,01,03,05,01,500,FE,E,CHAPEL HILL ROAD,,,,40,35,56,,,N,UTILITY POLE #40796MDT,31342
2018133118MT10570,MONMOUTH,MIDDLETOWN TWP,03/21/2018,WE,1746,01,MIDDLETOWN PD,,0,0,0,0,P,B,N,N,11,1,MONMOUTH COUNTY 50,N,50,,13000050__,1.53,05,,01,04,02,03,03,03,05,01,30,FE,S,MASTERSON RD,,,,35,25,54,,,N,SPEED LIMIT SIGN,31373
2018133118MT10571,MONMOUTH,MIDDLETOWN TWP,03/21/2018,WE,1755,01,MIDDLETOWN PD,,0,0,0,0,P,B,N,N,11,1,MONMOUTH COUNTY 50,S,50,,13000050__,4.33,05,,01,04,02,05,03,03,05,01,50,FE,S,CARNEGIE CT,,,,40,25,52,,,N,POLE NUMBER JC5280MDT WAS CRACKED IN HALF.,31343
2018133118MT10594,MONMOUTH,MIDDLETOWN TWP,03/21/2018,WE,2243,01,MIDDLETOWN PD,,0,0,0,0,P,B,N,N,06,2,MONMOUTH COUNTY 50,S,50,,13000050__,1.16,05,,03,06,02,03,06,03,05,01,20,FE,S,HIGH POINT RD,,,,35,25,26,,,N,,31373
2018133118MT10597,MONMOUTH,MIDDLETOWN TWP,03/21/2018,WE,2305,01,MIDDLETOWN PD,,0,0,0,0,P,B,N,N,01,2,ROUTE 520,W,520,,00000520__,14.30,05,,01,04,02,03,06,03,05,01,30,FE,E,JUMPING BROOK RD,,,,40,25,26,,,N,,31373
2018133118MT10774,MONMOUTH,MIDDLETOWN TWP,03/22/2018,TH,1813,01,MIDDLETOWN PD,,0,0,0,0,P,B,N,N,02,2,NJ 35,S,35,,00000035__,38.70,02,,01,04,02,01,01,01,05,01,50,FE,N,HARMONY RD / KINGS HWY,,,,50,40,26,,,N,,31372
2018133118MT10784,MONMOUTH,MIDDLETOWN TWP,03/22/2018,TH,1934,01,MIDDLETOWN PD,,0,0,0,0,P,B,Y,N,11,1,NJ 35,N,35,,00000035__,35.12,02,,01,04,02,02,06,01,01,01,100,FE,S,PINE ST,,,,50,35,56,,,N,CONCRETE BARRIER STATE HIGHWAY 35 NO. ACROSS FROM #225 HIGHWAY 35,31372
2018133118MT10893,MONMOUTH,MIDDLETOWN TWP,03/23/2018,FR,1313,01,MIDDLETOWN PD,,0,0,0,0,P,B,N,N,06,2,MONMOUTH COUNTY 36,W,36,,13000036__,.34,05,,01,04,02,01,01,01,,01,50,FE,E,CEDAR AVE,,,,25,25,28,,,N,,31311
2018133118MT10929,MONMOUTH,MIDDLETOWN TWP,03/23/2018,FR,1643,01,MIDDLETOWN PD,,0,0,0,0,P,I,N,N,03,2,MERCER AVE,N,,,,,07,,01,04,02,02,01,01,05,01,,AT,,ORCHARD PL,,,,25,25,26,40.425230,74.115810,N,,31369
2018133118MT10941,MONMOUTH,MIDDLETOWN TWP,03/23/2018,FR,1732,01,MIDDLETOWN PD,,0,0,0,0,P,I,N,N,07,2,ROUTE 520,E,520,,00000520__,13.57,05,,01,04,02,01,01,01,05,01,,AT,,NJ 54 / PHALANX RD,,,,35,40,26,,,N,,31353
2018133118MT10949,MONMOUTH,MIDDLETOWN TWP,03/23/2018,FR,1832,01,MIDDLETOWN PD,,0,0,0,0,P,B,N,N,01,2,NJ 35,N,35,,00000035__,37.11,02,,01,04,02,01,01,01,02,01,50,FE,N,TWIN BROOKS RD,,,,50,25,26,,,N,,31360
2018133118MT10956,MONMOUTH,MIDDLETOWN TWP,03/23/2018,FR,1926,01,MIDDLETOWN PD,,0,0,0,0,P,B,N,N,08,2,MONMOUTH COUNTY 8 B,W,8,B,13000008B_,.05,05,,01,04,02,01,06,01,05,01,500,FE,W,HARTSHORNE RD,,,,35,25,26,,,N,,31354
2018133118MT11036,MONMOUTH,MIDDLETOWN TWP,03/24/2018,SA,1237,01,MIDDLETOWN PD,,0,0,0,0,P,B,N,N,12,1,ROUTE 520,E,520,,00000520__,14.58,05,,03,04,02,02,01,01,02,01,200,FE,E,MANOR PARKWAY,,,,40,25,24,,,N,,31321
2018133118MT11061,MONMOUTH,MIDDLETOWN TWP,03/24/2018,SA,1516,01,MIDDLETOWN PD,,0,0,0,0,P,B,N,N,02,2,NJ 35,N,35,,00000035__,37.23,02,,01,04,02,01,01,01,05,01,30,FE,N,KINGS HWY EAST,,,,50,40,26,,,N,DAMAGE TO GRASS & BUSHES AT 863 HWY 35 (BP GAS STATION),31333
2018133118MT11121,MONMOUTH,MIDDLETOWN TWP,03/24/2018,SA,2352,01,MIDDLETOWN PD,,0,1,0,0,I,B,Y,N,06,3,EAST ROAD,S,,,,,07,,01,04,02,01,07,01,04,01,200,FE,N,LINDA STREET,,,,35,25,28,,,N,,
2018133118MT11133,MONMOUTH,MIDDLETOWN TWP,03/25/2018,SU,0153,01,MIDDLETOWN PD,,0,0,0,0,P,I,N,N,01,2,MONMOUTH COUNTY 12 A,W,12,A,13000012A_,.55,05,,01,04,02,01,06,01,05,01,,AT,W,NJ 35,,,,40,50,26,,,N,,31345
2018133118MT11194,MONMOUTH,MIDDLETOWN TWP,03/25/2018,SU,1804,01,MIDDLETOWN PD,,0,0,0,0,P,I,N,N,03,2,KINGS HWY,E,,,13312101__,1.15,07,,01,04,02,01,01,01,05,01,,AT,,WOODGATE ROAD,,,,35,25,26,,,N,,31353