Year(4)-CountyCode(2)-MunicipalityCode(2)-CaseNumber(9),County Name,Municipality Name,Crash Date,Crash Day of Week,Crash Time,Police Department Code,Police Department,Police Station,Total Killed,Total Injured,Pedestrians Killed,Pedestrians Injured,Severity,Intersection,Alcohol Involved,Hazmat Involved,Crash Type,Total Vehicles,Location,Location Direction,Route,Route Suffix,Std Rte Identifier,MilePost,Road System,Road Character,Road Horizontal Alignment,Road Grade,Road Surface Type,Surface Condition,Light Condition,Environmental Condition,Road Divided By,Temporary Traffic Control Zone,Distance To Cross Street,Unit Of Measurement,Direction From Cross Street,Cross Street Name,Is Ramp,Ramp To/From Route Name,Ramp To/From Route Direction,Posted Speed,Posted Speed Cross Street,First Harmful Event,Latitude,Longitude,Cell Phone In Use Flag,Other Property Damage,Reporting Badge No.
2018133118MT14592,MONMOUTH,MIDDLETOWN TWP,04/19/2018,TH,1644,01,MIDDLETOWN PD,,0,1,0,0,I,B,N,N,01,2,W FRONT ST,S,,,13312109__,3.21,07,,01,04,02,02,02,02,05,01,10,FE,E,WHITMAN DRIVE,,,,35,25,26,,,N,,31357
2018133118MT14682,MONMOUTH,MIDDLETOWN TWP,04/20/2018,FR,1043,01,MIDDLETOWN PD,,0,0,0,0,P,B,N,N,01,2,MONMOUTH COUNTY 50,E,50,,13000050__,7.08,05,,01,05,02,01,01,01,02,01,,,,NJ 35,,,,35,50,26,,,N,,31286
2018133118MT14688,MONMOUTH,MIDDLETOWN TWP,04/20/2018,FR,1123,01,MIDDLETOWN PD,,0,0,0,0,P,B,N,N,02,2,NJ 35,N,35,,00000035__,36.07,02,,01,04,02,01,01,01,01,02,75,FE,S,CRESTVIEW DR,,,,50,25,26,,,N,,31377
2018133118MT14725,MONMOUTH,MIDDLETOWN TWP,04/20/2018,FR,1614,01,MIDDLETOWN PD,,0,0,0,0,P,B,N,N,04,2,CHAPEL HILL RD,W,,,,,07,,01,04,02,01,01,01,05,01,200,FE,W,DANEMAR DRIVE,,,,40,25,26,,,N,,31340
2018133118MT14736,MONMOUTH,MIDDLETOWN TWP,04/20/2018,FR,1654,01,MIDDLETOWN PD,,0,1,0,0,I,B,N,N,01,4,MONMOUTH COUNTY 52,,52,,13000052__,4.16,05,,01,04,02,01,01,01,05,01,125,FE,S,AT&T DRIVE,,,,40,25,26,,,Y,,
2018133118MT14914,MONMOUTH,MIDDLETOWN TWP,04/21/2018,SA,1827,01,MIDDLETOWN PD,,0,0,0,0,P,B,N,N,12,1,NJ 35,S,35,,00000035__,36.77,02,,01,05,02,01,01,01,05,01,100,FE,S,WOODLAND DR,,,,50,25,24,,,N,,31325
2018133118MT15121,MONMOUTH,MIDDLETOWN TWP,04/23/2018,MO,1101,01,MIDDLETOWN PD,,0,0,0,0,P,B,N,N,01,2,ROUTE 520,W,520,,00000520__,13.55,05,,01,04,02,01,01,01,04,01,100,FE,W,NJ 54 / PHALANX RD,,,,40,35,26,,,N,,31331
2018133118MT15209,MONMOUTH,MIDDLETOWN TWP,04/23/2018,MO,2001,01,MIDDLETOWN PD,,0,0,0,0,P,I,N,N,07,2,MONMOUTH COUNTY 52,S,52,,13000052__,2.80,05,,01,04,02,01,06,01,04,01,,AT,N,CR 12 / DWIGHT RD / RED HILL RD,,,,40,40,26,40.375010,74.143290,N,,31371
2018133118MT15215,MONMOUTH,MIDDLETOWN TWP,04/23/2018,MO,2046,01,MIDDLETOWN PD,,0,0,0,0,P,B,N,N,11,1,ROMA CT,S,,,,,07,,02,04,02,01,07,01,05,01,40,FE,N,ROUTE 520,,,,25,40,69,40.326120,74.131900,N,STORM DRAIN IN FRONT OF 2 ROMA CT.,31376
2018133118MT15338,MONMOUTH,MIDDLETOWN TWP,04/24/2018,TU,1606,01,MIDDLETOWN PD,,0,0,0,0,P,B,N,N,01,2,ROUTE 520,W,520,,00000520__,15.00,05,,01,04,02,01,01,01,02,01,10,FE,E,PHOENIX DRI,,,,40,25,26,40.336130,74.104560,N,,31371
2018133118MT15373,MONMOUTH,MIDDLETOWN TWP,04/24/2018,TU,2017,01,MIDDLETOWN PD,,0,0,0,0,P,B,N,N,02,2,EAST RD,S,,,,,07,,01,06,02,01,07,01,05,01,100,FE,S,HIGHVIEW CIRCLE,,,,40,25,26,,,N,,31379
2018133118MT15458,MONMOUTH,MIDDLETOWN TWP,04/25/2018,WE,1150,01,MIDDLETOWN PD,,0,0,0,0,P,B,N,N,01,2,HARMONY ROAD,W,,,,,07,,01,04,02,02,01,02,05,01,40,FE,W,KINKADE DRIVE,,,,35,25,26,,,N,,31377
2018133118MT15471,MONMOUTH,MIDDLETOWN TWP,04/25/2018,WE,1309,01,MIDDLETOWN PD,,0,1,0,0,I,B,N,N,01,2,NJ 36,N,36,,00000036__,14.46,02,,03,05,02,02,01,02,02,01,30,FE,S,MC 8A/VALLEY DRIVE,,,,50,40,26,,,N,,31333
2018133118MT15581,MONMOUTH,MIDDLETOWN TWP,04/26/2018,TH,0637,01,MIDDLETOWN PD,,0,1,0,0,I,B,N,N,11,1,MONMOUTH COUNTY 12 A,W,12,A,13000012A_,2.39,05,,02,05,02,02,01,01,05,01,5280,FE,S,BROWNS DOCK RD,,,,40,25,52,,,N,,31345
2018133118MT15586,MONMOUTH,MIDDLETOWN TWP,04/26/2018,TH,0819,01,MIDDLETOWN PD,,0,1,0,0,I,B,N,N,01,3,W FRONT ST,W,,,13312109__,2.82,07,,01,04,02,01,01,01,05,01,100,FE,E,BRUCE RD.,,,,35,25,26,,,N,,
2018133118MT15635,MONMOUTH,MIDDLETOWN TWP,04/26/2018,TH,1451,01,MIDDLETOWN PD,,0,1,0,0,I,I,N,N,02,2,MAIN ST,N,,,13312103__,.00,07,,01,04,02,01,01,01,05,01,,AT,N,NJ 36,,,,35,50,26,,,N,,31269
2018133118MT15742,MONMOUTH,MIDDLETOWN TWP,04/27/2018,FR,0911,01,MIDDLETOWN PD,,0,0,0,0,P,I,N,N,03,2,WILSON AVE,N,,,13312105__,.41,07,,01,04,02,02,01,02,05,01,,AT,,LOCUST TERRACE,,,,35,25,26,,,N,,31330
2018133118MT15784,MONMOUTH,MIDDLETOWN TWP,04/27/2018,FR,1358,01,MIDDLETOWN PD,,0,0,0,0,P,B,N,N,01,2,NJ 35,S,35,,00000035__,36.31,02,,01,05,02,02,01,05,01,01,20,FE,N,APPLE FARM RD,,,,30,25,26,40.381050,74.092540,N,,31346
2018133118MT15796,MONMOUTH,MIDDLETOWN TWP,04/27/2018,FR,1552,01,MIDDLETOWN PD,,0,0,0,0,P,B,N,N,99,3,NJ 35,S,35,,00000035__,36.34,02,,01,04,02,01,01,05,01,01,150,FE,N,APPLE FARM RD,,,,50,25,30,,,N,,
2018133118MT15918,MONMOUTH,MIDDLETOWN TWP,04/28/2018,SA,1004,01,MIDDLETOWN PD,,0,2,0,0,I,B,N,N,01,2,HALF MILE RD,S,,,13312110__,.00,07,,01,04,02,01,01,01,04,01,75,FE,N,CR 520/NEWMAN SPRINGS ROAD,,,,40,40,26,,,N,,31331
2018133118MT15944,MONMOUTH,MIDDLETOWN TWP,04/28/2018,SA,1456,01,MIDDLETOWN PD,,0,0,0,0,P,B,N,N,01,2,ROUTE 516,E,516,,00000516__,14.83,05,,01,04,02,01,01,01,05,01,20,FE,W,STEPHANIE PL,,,,40,25,26,,,N,,31240
2018133118MT15967,MONMOUTH,MIDDLETOWN TWP,04/28/2018,SA,1808,01,MIDDLETOWN PD,,0,0,0,0,P,B,N,N,01,2,NJ 35,S,35,,00000035__,37.10,02,,01,04,02,01,01,01,01,01,,,,,T,TWIN BROOKS AVE,SB,50,,26,,,N,,31342
2018133118MT16000,MONMOUTH,MIDDLETOWN TWP,04/29/2018,SU,0006,01,MIDDLETOWN PD,,0,0,0,0,P,B,Y,N,06,3,CAMPBELL AVE,N,,,,,07,,01,04,02,02,05,02,05,01,75,FE,N,WILSON AVE,,,,25,30,26,40.427990,74.101540,N,,
2018133118MT16036,MONMOUTH,MIDDLETOWN TWP,04/29/2018,SU,1236,01,MIDDLETOWN PD,,0,0,0,0,P,B,N,N,12,1,NJ 35,,35,,00000035__,35.54,02,,01,04,02,01,01,05,01,01,600,FE,S,COOPER RD,,,,50,25,24,,,N,,31259
2018133118MT16047,MONMOUTH,MIDDLETOWN TWP,04/29/2018,SU,1642,01,MIDDLETOWN PD,,0,4,0,0,I,B,N,N,01,3,NJ 35,N,35,,00000035__,38.56,02,,01,06,02,01,01,01,01,01,700,FE,S,HARMONY RD / KINGS HWY,,,,50,35,26,,,N,,
2018133118MT16131,MONMOUTH,MIDDLETOWN TWP,04/30/2018,MO,0812,01,MIDDLETOWN PD,MIDDLETOWN PD,0,0,0,0,P,B,N,N,02,2,GARDEN STATE PARKWAY,N,444,,00000444__,110.14,03,,01,04,02,01,01,01,05,01,,,,ROUTE 520 / NEWMAN SPRINGS RD,,,,65,40,26,,,N,,31375
2018133118MT16150,MONMOUTH,MIDDLETOWN TWP,04/30/2018,MO,0827,01,MIDDLETOWN PD,,0,0,0,0,P,B,N,N,11,1,ROUTE 520,,520,,00000520__,14.11,05,,01,04,02,01,01,01,05,01,75,FE,W,DOGWOOD LN,,,,40,25,56,,,N,MINOR COSMETIC DAMAGE TO UTILITY POLE # JC355MDT,31332
2018133118MT16179,MONMOUTH,MIDDLETOWN TWP,04/30/2018,MO,1316,01,MIDDLETOWN PD,,0,0,0,0,P,I,N,N,03,2,MONMOUTH COUNTY 8 A,S,8,A,13000008A_,2.99,05,,01,04,02,01,01,01,05,01,,AT,,MONMOUTH AVE / OAKDALE RUN,,,,35,35,26,,,N,,31314
2018133118MT16206,MONMOUTH,MIDDLETOWN TWP,04/30/2018,MO,1635,01,MIDDLETOWN PD,,0,0,0,0,P,B,N,N,06,2,1 KINGS HIGHWAY,,,,,,08,,01,04,02,01,01,01,05,01,,,,,,,,,,28,,,N,,31374
2018133118MT16228,MONMOUTH,MIDDLETOWN TWP,04/30/2018,MO,2355,01,MIDDLETOWN PD,,0,0,0,0,P,B,N,N,01,2,NJ 35,S,35,,00000035__,37.22,02,,01,04,02,01,06,01,01,01,15,FE,N,KINGS HWY EAST,,,,50,35,26,,,N,,31340
2018133118MT16255,MONMOUTH,MIDDLETOWN TWP,05/01/2018,TU,0307,01,MIDDLETOWN PD,MIDDLETOWN,0,0,0,0,P,B,N,N,11,1,PORT MONMOUTH RD,N,,,13312102__,1.22,07,,03,05,02,01,05,01,05,01,1500,FE,S,OLD PORT MONMOUTH ROAD,,,,35,25,48,,,N,,31334
2018133118MT16263,MONMOUTH,MIDDLETOWN TWP,05/01/2018,TU,0818,01,MIDDLETOWN PD,,0,0,0,0,P,B,N,N,01,2,MONMOUTH COUNTY 50,N,50,,13000050__,1.85,05,,01,04,02,01,01,01,05,01,10,FE,S,ROUTE 520 / NEWMAN SPRINGS RD,,,,35,35,26,,,N,,31332
2018133118MT16310,MONMOUTH,MIDDLETOWN TWP,05/01/2018,TU,1258,01,MIDDLETOWN PD,,0,0,0,0,P,I,N,N,07,2,MONMOUTH COUNTY 12 A,N,12,A,13000012A_,4.40,05,,01,04,02,01,01,01,05,01,,AT,,CR 8 A / LOCUST POINT RD,,,,35,35,26,,,N,,31321
2018133118MT16351,MONMOUTH,MIDDLETOWN TWP,05/02/2018,WE,1802,01,MIDDLETOWN PD,,0,0,0,0,P,B,N,N,02,2,NJ 35,N,35,,00000035__,37.93,02,,01,04,02,01,01,01,02,01,250,FE,S,CR 50 / NEW MONMOUTH RD,,,,50,35,26,,,N,,31374
2018133118MT16371,MONMOUTH,MIDDLETOWN TWP,05/01/2018,TU,2122,01,MIDDLETOWN PD,,0,1,0,0,I,I,N,N,01,2,NJ 36,S,36,,00000036__,13.14,02,,01,04,02,01,06,01,05,01,,AT,,,F,CR 8B,,50,,26,40.423780,74.099500,N,,31353
2018133118MT16427,MONMOUTH,MIDDLETOWN TWP,05/02/2018,WE,0954,01,MIDDLETOWN PD,,0,1,0,0,I,B,N,N,01,2,NJ 35,S,35,,00000035__,38.65,02,,01,04,02,01,01,01,02,01,200,FE,S,HARMONY RD / KINGS HWY,,,,50,35,26,,,N,,31286
2018133118MT16472,MONMOUTH,MIDDLETOWN TWP,05/02/2018,WE,1430,01,MIDDLETOWN PD,,0,1,0,0,I,B,N,N,11,1,MONMOUTH COUNTY 52,N,52,,13000052__,.43,05,,01,04,02,01,01,01,05,01,500,FE,S,WEST FRONT ST,,,,40,40,56,,,N,,31339
2018133118MT16477,MONMOUTH,MIDDLETOWN TWP,05/02/2018,WE,1501,01,MIDDLETOWN PD,,0,0,0,0,P,B,N,N,01,3,NJ 36,N,36,,00000036__,13.89,02,,01,05,02,01,01,04,03,01,20,FE,N,ALLYSON LN,,,,50,25,26,40.406430,74.022780,N,,
2018133118MT16480,MONMOUTH,MIDDLETOWN TWP,05/02/2018,WE,1530,01,MIDDLETOWN PD,,0,0,0,0,P,B,N,N,06,2,CEDAR AVE,E,,,,,07,,01,04,02,01,00,01,05,01,200,FE,W,BRAY AVE,,,,25,25,28,,,N,,31364
2018133118MT16501,MONMOUTH,MIDDLETOWN TWP,05/02/2018,WE,1820,01,MIDDLETOWN PD,,0,0,0,0,P,I,N,N,03,2,KINGS HWY,W,,,13312101__,3.24,07,,01,04,01,01,01,01,05,01,,AT,,MAIN STREET (PORT MONMOUTH),,,,35,35,26,,,N,,31343
2018133118MT16527,MONMOUTH,MIDDLETOWN TWP,05/02/2018,WE,2150,01,MIDDLETOWN PD,,0,0,0,0,P,B,N,N,02,2,NJ 35,N,35,,00000035__,35.59,02,,01,06,02,01,06,01,01,02,300,FE,S,COOPER RD,,,,50,25,26,,,N,,31374
2018133118MT16636,MONMOUTH,MIDDLETOWN TWP,05/03/2018,TH,1425,01,MIDDLETOWN PD,,0,0,0,0,P,B,N,N,03,2,SWARTZEL DRIVE,E,,,,,07,,01,04,02,01,01,01,05,01,250,FE,S,TINDALL ROAD,,,,35,40,26,,,N,,31327
2018133118MT16652,MONMOUTH,MIDDLETOWN TWP,05/03/2018,TH,1518,01,MIDDLETOWN PD,,0,0,0,0,P,I,N,N,07,2,EAST ROAD,S,,,,,07,,01,06,02,01,01,01,05,01,,AT,,PARK AVE,,,,40,40,26,40.404340,74.085790,N,,31327
2018133118MT16773,MONMOUTH,MIDDLETOWN TWP,05/04/2018,FR,0917,01,MIDDLETOWN PD,,0,0,0,0,P,B,N,N,08,2,2011 SR 35 N,N,,,,,09,,01,04,02,01,01,01,05,01,,,,STARBUCKS PARKING LOT,,,,,,26,,,N,,31321
2018133118MT16822,MONMOUTH,MIDDLETOWN TWP,05/04/2018,FR,2332,01,MIDDLETOWN PD,,0,0,0,0,P,B,N,N,07,2,HALF MILE RD,S,,,13312110__,.00,07,,01,04,02,01,01,01,05,01,200,FE,N,CR 520/NEWMAN SPRINGS RD,,,,35,40,26,,,N,,31293
2018133118MT16827,MONMOUTH,MIDDLETOWN TWP,05/04/2018,FR,1648,01,MIDDLETOWN PD,,0,0,0,0,P,B,N,N,01,2,ROUTE 516,W,516,,00000516__,15.64,05,,01,04,02,01,01,01,05,01,200,FE,S,WILSON AVE,,,,50,35,26,,,N,,31326
2018133118MT16831,MONMOUTH,MIDDLETOWN TWP,05/04/2018,FR,1738,01,MIDDLETOWN PD,,0,0,0,0,P,B,N,N,01,3,ROUTE 516,W,516,,00000516__,15.86,05,,01,04,02,01,01,01,05,01,20,FE,E,CHALDWICH CT,,,,35,25,26,,,N,,
2018133118MT16836,MONMOUTH,MIDDLETOWN TWP,05/04/2018,FR,1819,01,MIDDLETOWN PD,,0,0,0,0,P,B,N,N,06,2,10 HARBOR WAY,,,,,,06,,01,04,02,01,01,01,05,01,,,N,BELFORD FERRY PARKING LOT,,,,25,,28,,,N,,31326
2018133118MT16868,MONMOUTH,MIDDLETOWN TWP,05/04/2018,FR,2300,01,MIDDLETOWN PD,,0,0,0,0,P,I,Y,N,11,1,NJ 36,N,36,,00000036__,20.36,02,,01,04,02,01,06,01,05,01,,AT,,EUCLID AVE,,,,50,25,56,,,N,STATE TRAFFIC SIGN-NOTATING WHICH LANE ENTERS HIGHWAY,31364
2018133118MT16913,MONMOUTH,MIDDLETOWN TWP,05/05/2018,SA,0839,01,MIDDLETOWN PD,,0,0,0,0,P,B,N,N,01,2,ROUTE 516,W,516,,00000516__,16.94,05,,01,05,02,01,01,01,05,01,50,FE,E,EAST RD,,,,40,35,26,,,N,,31311
2018133118MT16962,MONMOUTH,MIDDLETOWN TWP,05/05/2018,SA,2040,01,MIDDLETOWN PD,,0,0,0,0,P,B,N,N,01,2,KINGS HWY,N,,,13312101__,1.66,07,,01,04,02,01,06,01,05,01,30,FE,,NJ 35,,,,35,50,26,,,N,,31310
2018133118MT17012,MONMOUTH,MIDDLETOWN TWP,05/06/2018,SU,0307,01,MIDDLETOWN PD,,0,0,0,0,P,B,N,N,15,1,FAIRFIELD AV,,,,,,07,,01,04,02,01,05,01,05,01,50,FE,W,GARFIELD AV,,,,25,25,39,,,N,UTILITY TRAILER = NJ#TDP37P-2007 VEN NTTRL PVT TRAILER,31361
2018133118MT17038,MONMOUTH,MIDDLETOWN TWP,05/06/2018,SU,1422,01,MIDDLETOWN PD,,0,0,0,0,P,B,N,N,11,1,840 STATE RTE 36,E,,,,,09,,01,04,02,01,01,01,05,01,,,,LEONARDO MOTEL PARKING LOT,,,,,,69,,,N,CRACKED WOODEN EAVE ABOVE APARTMENT 9 AT 840 SR 36 (LEONARDO MOTEL),31341
2018133118MT17066,MONMOUTH,MIDDLETOWN TWP,05/06/2018,SU,2012,01,MIDDLETOWN PD,,0,1,0,0,I,B,N,N,11,1,MCCLEES RD,N,,,,,07,,01,04,02,01,03,01,05,01,2000,FE,S,BOWNE ROAD,,,,40,35,60,,,N,,31325
2018133118MT17187,MONMOUTH,MIDDLETOWN TWP,05/07/2018,MO,1919,01,MIDDLETOWN PD,,0,0,0,0,P,I,N,N,03,2,NJ 35,N,35,,00000035__,39.43,02,,01,04,02,01,03,01,01,01,,AT,,ROUTE 516 / CHERRY TREE FARM RD,,,,50,40,26,,,N,,31376
2018133118MT17266,MONMOUTH,MIDDLETOWN TWP,05/08/2018,TU,0941,01,MIDDLETOWN PD,,0,0,0,0,P,B,N,N,08,2,MONMOUTH COUNTY 52,N,52,,13000052__,4.16,05,,01,04,02,01,01,01,05,01,50,FE,S,SATINWOOD ROAD,,,,45,25,26,,,N,,31286
2018133118MT17268,MONMOUTH,MIDDLETOWN TWP,05/08/2018,TU,1030,01,MIDDLETOWN PD,,0,0,0,0,P,B,N,N,08,2,61 HUBBARD AVE,,,,,,09,,01,04,05,01,01,01,05,01,,,,HUBBARD AVE,,,,,30,28,,,N,SPARE TIER ON TRAILER OF V1,31339
2018133118MT17282,MONMOUTH,MIDDLETOWN TWP,05/08/2018,TU,1226,01,MIDDLETOWN PD,,0,0,0,0,P,B,N,N,02,2,ROUTE 520,E,520,,00000520__,15.33,05,,01,04,02,01,01,01,02,01,1500,FE,E,HALF MILE RUN,,,,40,35,26,,,N,,31286
2018133118MT17304,MONMOUTH,MIDDLETOWN TWP,05/08/2018,TU,1627,01,MIDDLETOWN PD,,0,0,0,0,P,B,N,N,01,2,NJ 35,S,35,,00000035__,36.80,02,,01,04,02,01,01,01,01,01,75,FE,N,WOODLAND DR,,,,50,25,26,,,N,,31310
2018133118MT17395,MONMOUTH,MIDDLETOWN TWP,05/09/2018,WE,0827,01,MIDDLETOWN PD,,0,0,0,0,P,I,N,N,03,2,MONMOUTH COUNTY 50,N,50,,13000050__,5.11,05,,01,04,02,01,01,01,05,01,,AT,,DAMM HOLLOW RD / OAK HILL RD,,,,35,35,26,,,N,,31276
2018133118MT17401,MONMOUTH,MIDDLETOWN TWP,05/09/2018,WE,0816,01,MIDDLETOWN PD,,0,1,0,0,I,B,N,N,04,2,CHAPEL HILL RD,E,,,,,07,,01,06,02,01,01,01,04,01,150,FE,E,NJ 35,,,,35,50,26,,,N,,31286
2018133118MT17460,MONMOUTH,MIDDLETOWN TWP,05/09/2018,WE,1458,01,MIDDLETOWN PD,1331,0,0,0,0,P,B,N,N,06,2,ALEXANDER DRIVE,E,,,,,07,,01,04,02,01,01,01,05,01,75,FE,W,CR 12/HUBBARD AVE,,,,25,35,28,40.354970,74.087260,N,,31276
2018133118MT17480,MONMOUTH,MIDDLETOWN TWP,05/09/2018,WE,1639,01,MIDDLETOWN PD,,0,0,0,0,P,B,N,N,01,2,W FRONT ST,W,,,13312109__,3.21,07,,01,04,02,01,01,01,05,01,50,FE,E,WHITMAN DRIVE,,,,40,25,26,,,N,,31325
2018133118MT17495,MONMOUTH,MIDDLETOWN TWP,05/09/2018,WE,1843,01,MIDDLETOWN PD,,0,0,0,0,P,B,N,N,01,2,W FRONT ST,,,,13312109__,2.97,07,,01,04,02,01,01,01,04,01,20,FE,W,DOW AVENUE,,,,40,25,26,,,N,,31293
2018133118MT17504,MONMOUTH,MIDDLETOWN TWP,05/09/2018,WE,2007,01,MIDDLETOWN PD,,0,1,0,0,I,B,N,N,03,2,KNOLLWOOD DR,,,,,,07,,01,04,02,01,03,01,05,01,1056,FE,N,KINGS HWY EAST,,,,25,35,26,,,N,,31351
2018133118MT17550,MONMOUTH,MIDDLETOWN TWP,05/10/2018,TH,0726,01,MIDDLETOWN PD,,0,0,0,0,P,B,N,N,08,2,863 STATE HIGHWAY 35,,,,,,09,,01,04,02,01,01,01,02,01,,,,(BP GAS STATION LOT),,,,,,26,,,N,,31281
2018133118MT17553,MONMOUTH,MIDDLETOWN TWP,05/10/2018,TH,0746,01,MIDDLETOWN PD,,0,0,0,0,P,I,N,N,01,2,NJ 35,S,35,,00000035__,36.20,02,,01,04,02,01,01,05,01,01,,AT,,MCGUIRES GROVE,,,,50,25,26,,,N,,31333
2018133118MT17718,MONMOUTH,MIDDLETOWN TWP,05/11/2018,FR,0120,01,MIDDLETOWN PD,,0,1,0,0,I,B,N,N,11,1,ROUTE 516,E,516,,00000516__,15.38,05,,01,04,02,01,06,01,05,01,100,FE,E,MORFORD RD,,,,40,25,56,,,N,RESIDENCE 86 CHERRY TREE FRAM RD. AND UTILITY POLE # JC 61,31281
2018133118MT17727,MONMOUTH,MIDDLETOWN TWP,05/11/2018,FR,0704,01,MIDDLETOWN PD,,0,0,0,0,P,B,N,N,01,2,NJ 36,W,36,,00000036__,20.38,02,,01,04,02,01,01,01,01,01,100,FE,E,EUCLID AVE,,,,50,35,26,,,N,,31361
2018133118MT17736,MONMOUTH,MIDDLETOWN TWP,05/11/2018,FR,0906,01,MIDDLETOWN PD,,0,0,0,0,P,B,N,N,02,2,ROUTE 520,,520,,00000520__,15.05,05,,01,04,02,01,01,01,02,01,10,FE,W,HALF MILE RUN,,,,35,35,26,,,N,,31339
2018133118MT17746,MONMOUTH,MIDDLETOWN TWP,05/11/2018,FR,1014,01,MIDDLETOWN PD,,0,1,0,0,I,B,N,N,01,3,MAIN ST,N,,,13312103__,.00,07,,01,04,02,01,01,01,05,01,15,FE,S,NJ 36,,,,35,50,26,,,N,,
2018133118MT17766,MONMOUTH,MIDDLETOWN TWP,05/11/2018,FR,1252,01,MIDDLETOWN PD,,0,0,0,0,P,I,N,N,01,2,NJ 35,S,35,,00000035__,37.10,02,,01,04,02,01,01,01,05,01,,AT,,,T,TWINBROOKS DR,NB,50,,26,40.391650,74.098010,N,,31346
2018133118MT17801,MONMOUTH,MIDDLETOWN TWP,05/11/2018,FR,1624,01,MIDDLETOWN PD,,0,0,0,0,P,B,N,N,11,1,SUNSET PLACE,W,,,,,07,,01,04,02,01,01,01,05,01,25,FE,S,SANDERS DRIVE,,,,25,25,69,,,N,UTILITY POLE # JC8081MDT,31364
2018133118MT17802,MONMOUTH,MIDDLETOWN TWP,05/11/2018,FR,1629,01,MIDDLETOWN PD,,0,0,0,0,P,I,N,N,03,2,ROUTE 520,E,520,,00000520__,14.68,05,,01,04,02,01,01,01,05,01,,AT,,PARK VIEW TER W,,,,40,25,26,,,N,,31372
2018133118MT17895,MONMOUTH,MIDDLETOWN TWP,05/12/2018,SA,0912,01,MIDDLETOWN PD,,0,0,0,0,P,B,N,N,03,2,THOMPSON AVE,S,,,13312104__,.00,07,,01,04,02,01,01,01,05,01,20,FE,S,,F,NJ 36,NB,35,,26,,,N,,31282
2018133118MT17910,MONMOUTH,MIDDLETOWN TWP,05/12/2018,SA,1218,01,MIDDLETOWN PD,,0,0,0,0,P,B,N,N,01,2,NJ 35,N,35,,00000035__,39.57,02,,01,04,02,02,01,05,01,01,50,FE,S,CR 7 / PALMER AVE,,,,50,35,26,40.411050,74.136240,N,,31346
2018133118MT17952,MONMOUTH,MIDDLETOWN TWP,05/12/2018,SA,1926,01,MIDDLETOWN PD,,0,0,0,0,P,B,N,N,11,1,NJ 35,S,35,,00000035__,35.71,02,,01,04,02,02,03,02,01,01,20,FE,S,CHAPEL HILL RD / OAK HILL RD,,,,50,35,48,,,N,,31342
2018133118MT18042,MONMOUTH,MIDDLETOWN TWP,05/13/2018,SU,1540,01,MIDDLETOWN PD,,0,0,0,0,P,B,N,N,11,1,NJ 36,W,36,,00000036__,19.98,02,,01,04,02,02,01,02,01,01,200,FE,W,REGENCY PARK WAY,,,,50,25,52,40.434690,74.126480,N,UTILITY POLE JC1250,31376
2018133118MT18048,MONMOUTH,MIDDLETOWN TWP,05/12/2018,SA,1800,01,MIDDLETOWN PD,,0,0,0,0,P,B,N,N,11,1,KINGS HWY,E,,,13312101__,1.15,07,,01,06,02,02,01,02,05,01,175,FE,W,WOODGATE,,,,35,25,52,,,N,UTILITY POLE #BT40800 MDT,31310
2018133118MT18059,MONMOUTH,MIDDLETOWN TWP,05/13/2018,SU,2024,01,MIDDLETOWN PD,,0,0,0,0,P,I,N,N,03,2,EAST ROAD,N,,,,,07,,01,04,02,01,01,01,05,01,,AT,,PARK AVENUE,,,,40,25,26,,,N,,31342
2018133118MT18068,MONMOUTH,MIDDLETOWN TWP,05/13/2018,SU,2043,01,MIDDLETOWN PD,,0,0,0,0,P,I,N,N,03,2,NJ 35,S,35,,00000035__,35.14,02,,01,04,02,01,06,05,01,01,,AT,,PINE ST,,,,50,25,26,,,N,,31310
2018133118MT18103,MONMOUTH,MIDDLETOWN TWP,05/14/2018,MO,0252,01,MIDDLETOWN PD,,0,2,0,0,I,B,N,N,04,2,MONMOUTH COUNTY 8 B,,8,B,13000008B_,.09,05,,03,04,02,02,05,02,05,01,500,FE,N,CR 8 A / LOCUST AVE / OAKDALE RUN /,,,,35,35,26,,,N,,31355
2018133118MT18106,MONMOUTH,MIDDLETOWN TWP,05/14/2018,MO,0534,01,MIDDLETOWN PD,,0,0,0,0,P,B,N,N,11,1,NJ 35,N,35,,00000035__,39.52,02,,02,04,02,02,02,05,01,01,300,FE,S,CR 7 / PALMER AVE,,,,50,40,48,40.412010,74.134940,N,BARRIER MEDIAN HAD PAINT TRANSFER ON IT.,31362
2018133118MT18110,MONMOUTH,MIDDLETOWN TWP,05/14/2018,MO,0611,01,MIDDLETOWN PD,,0,0,0,0,P,I,N,N,03,2,NJ 35,S,35,,00000035__,39.16,02,,01,04,02,02,02,01,05,01,,AT,,,T,CHERRY TREE FARM RD,EB,50,,26,,,N,BARRIER MEDIAN HAS PAINT TRANSFER FROM VEHICLE 2,31355
2018133118MT18124,MONMOUTH,MIDDLETOWN TWP,05/14/2018,MO,0818,01,MIDDLETOWN PD,,0,0,0,0,P,B,N,N,01,2,ROUTE 520,E,520,,00000520__,15.04,05,,01,04,02,02,01,05,02,01,50,FE,W,HALF MILE RUN,,,,40,35,26,,,N,,31321
2018133118MT18167,MONMOUTH,MIDDLETOWN TWP,05/14/2018,MO,1520,01,MIDDLETOWN PD,,0,0,0,0,P,B,N,N,01,2,EAST ROAD,N,,,,,07,,01,04,02,01,01,01,05,01,5,FE,S,SWARTZEL DRIVE,,,,40,25,26,,,N,DAMAGED FRONT LAWN OF 613 EAST ROAD,31341
2018133118MT18193,MONMOUTH,MIDDLETOWN TWP,05/14/2018,MO,1818,01,MIDDLETOWN PD,,0,3,0,0,I,B,N,N,11,2,ROUTE 520,E,520,,00000520__,15.03,05,,01,04,02,01,01,01,02,01,100,FE,W,HALF MILE RUN,,,,45,35,26,,,N,CURBED MEDIAN  LIGHT POLE ON OFF RAMP #L48A2 AND MULTIPLE TREES,31374