Year(4)-CountyCode(2)-MunicipalityCode(2)-CaseNumber(9),County Name,Municipality Name,Crash Date,Crash Day of Week,Crash Time,Police Department Code,Police Department,Police Station,Total Killed,Total Injured,Pedestrians Killed,Pedestrians Injured,Severity,Intersection,Alcohol Involved,Hazmat Involved,Crash Type,Total Vehicles,Location,Location Direction,Route,Route Suffix,Std Rte Identifier,MilePost,Road System,Road Character,Road Horizontal Alignment,Road Grade,Road Surface Type,Surface Condition,Light Condition,Environmental Condition,Road Divided By,Temporary Traffic Control Zone,Distance To Cross Street,Unit Of Measurement,Direction From Cross Street,Cross Street Name,Is Ramp,Ramp To/From Route Name,Ramp To/From Route Direction,Posted Speed,Posted Speed Cross Street,First Harmful Event,Latitude,Longitude,Cell Phone In Use Flag,Other Property Damage,Reporting Badge No.
2018133118MT18311,MONMOUTH,MIDDLETOWN TWP,05/15/2018,TU,1422,01,MIDDLETOWN PD,,0,0,0,0,P,B,N,N,01,2,63 TINDALL RD,S,,,,,08,,01,04,02,01,01,01,05,01,10,FE,N,,,,,,,26,,,N,,31377
2018133118MT18331,MONMOUTH,MIDDLETOWN TWP,05/15/2018,TU,1651,01,MIDDLETOWN PD,,0,0,0,0,P,B,N,N,01,2,ROUTE 520,E,520,,00000520__,15.04,05,,01,04,02,01,01,01,02,01,30,FE,W,HALF MILE RUN,,,,40,30,26,,,N,,31293
2018133118MT18409,MONMOUTH,MIDDLETOWN TWP,05/16/2018,WE,0915,01,MIDDLETOWN PD,,0,0,0,0,P,B,N,N,03,2,MONMOUTH COUNTY 12,N,12,,13000012__,2.40,05,,01,06,02,02,01,02,05,,200,FE,S,CR 50 / MIDDLETOWN-LINCROFT RD,,,,35,40,26,,,N,,31280
2018133118MT18415,MONMOUTH,MIDDLETOWN TWP,05/16/2018,WE,0954,01,MIDDLETOWN PD,,0,0,0,0,P,I,N,N,01,2,MONMOUTH COUNTY 7 I,N,7,1,130000071_,1.59,05,,01,04,02,02,01,02,05,01,,AT,,THOMPSON AVE,,,,35,35,26,,,N,,31330
2018133118MT18433,MONMOUTH,MIDDLETOWN TWP,05/16/2018,WE,1322,01,MIDDLETOWN PD,,0,2,0,0,I,I,N,N,07,2,MONMOUTH COUNTY 50,N,50,,13000050__,5.11,05,,01,06,02,02,01,02,05,01,,AT,,DAMM HOLLOW RD / OAK HILL RD,,,,40,35,26,,,N,,31280
2018133118MT18452,MONMOUTH,MIDDLETOWN TWP,05/16/2018,WE,1902,01,MIDDLETOWN PD,,0,0,0,0,P,B,N,N,02,2,ROUTE 520,E,520,,00000520__,15.03,05,,01,04,02,02,01,02,05,01,100,FE,S,HALF MILE RUN,,,,40,40,26,,,N,,31372
2018133118MT18458,MONMOUTH,MIDDLETOWN TWP,05/16/2018,WE,1803,01,MIDDLETOWN PD,,0,0,0,0,P,B,N,N,01,2,W FRONT ST,W,,,13312109__,2.74,07,,01,04,02,02,01,02,05,01,50,FE,E,HALF MILE ROAD,,,,35,35,26,,,N,,31343
2018133118MT18459,MONMOUTH,MIDDLETOWN TWP,05/16/2018,WE,1717,01,MIDDLETOWN PD,,0,0,0,0,P,B,N,N,01,2,MONMOUTH COUNTY 50,N,50,,13000050__,7.07,05,,01,04,02,02,01,02,05,01,30,FE,S,NJ 35,,,,40,50,26,,,N,,31342
2018133118MT18468,MONMOUTH,MIDDLETOWN TWP,05/16/2018,WE,1851,01,MIDDLETOWN PD,,0,0,0,0,P,B,N,N,01,2,NJ 35,S,35,,00000035__,35.15,02,,01,04,02,02,01,02,01,01,50,FE,N,PINE ST,,,,50,35,26,,,N,,31342
2018133118MT18474,MONMOUTH,MIDDLETOWN TWP,05/16/2018,WE,1954,01,MIDDLETOWN PD,,0,0,0,0,P,R,N,N,01,2,OAK HILL RD,N,,,,,07,,01,04,02,02,06,02,05,01,10,FE,S,NORMANDY RD,,,,35,40,26,,,N,,31342
2018133118MT18573,MONMOUTH,MIDDLETOWN TWP,05/17/2018,TH,0656,01,MIDDLETOWN PD,,1,0,0,0,F,I,N,N,11,1,NJ 36,W,36,,00000036__,20.02,02,,01,04,02,02,01,02,01,01,,AT,,REGENCY PARK WAY,,,,50,,56,,,N,MILE MARKER 20 POST SIGN AND UTILITY POLE #JC 2281-MDT,31271
2018133118MT18579,MONMOUTH,MIDDLETOWN TWP,05/17/2018,TH,1346,01,MIDDLETOWN PD,,0,0,0,0,P,I,N,N,01,2,THOMPSON AVE,S,,,13312104__,.00,07,,01,04,02,02,01,02,05,05,,AT,,NJ 36,,,,25,50,26,40.434190,74.117570,N,,31259
2018133118MT18581,MONMOUTH,MIDDLETOWN TWP,05/17/2018,TH,1402,01,MIDDLETOWN PD,,0,0,0,0,P,B,N,N,01,2,NJ 36,W,36,,00000036__,18.26,02,,01,04,02,02,01,05,01,05,1320,FE,N,MAIN ST,,,,50,35,26,40.430070,74.109200,N,,31346
2018133118MT18596,MONMOUTH,MIDDLETOWN TWP,05/17/2018,TH,1547,01,MIDDLETOWN PD,,0,1,0,0,I,B,N,N,01,2,NJ 35,S,35,,00000035__,35.15,02,,01,04,02,01,01,01,01,01,50,FE,N,PINE ST,,,,50,25,26,,,N,,31331
2018133118MT18677,MONMOUTH,MIDDLETOWN TWP,05/18/2018,FR,0756,01,MIDDLETOWN PD,,0,0,0,0,P,B,N,N,06,2,MONMOUTH COUNTY 50,,50,,13000050__,,05,,01,04,02,01,01,05,05,01,25,FE,S,WALLING AVE,,,,35,25,28,,,N,,31317
2018133118MT18691,MONMOUTH,MIDDLETOWN TWP,05/18/2018,FR,1107,01,MIDDLETOWN PD,,0,0,0,0,P,B,N,N,11,1,ROUTE 516,W,516,,00000516__,17.41,05,,01,04,02,01,01,01,05,01,100,FE,W,12TH ST,,,,40,25,52,,,N,TWO UTILITY POLES. PROPERTY DAMAGE TO 447 LEONARDVILLE RD.,31311
2018133118MT18705,MONMOUTH,MIDDLETOWN TWP,05/18/2018,FR,1334,01,MIDDLETOWN PD,,0,0,0,0,P,B,N,N,08,2,WALLING AVE,,,,,,07,,01,04,02,01,01,05,05,01,500,FE,E,CR 50/CHURCH ST.,,,,25,35,26,,,N,,31317
2018133118MT18747,MONMOUTH,MIDDLETOWN TWP,05/18/2018,FR,1818,01,MIDDLETOWN PD,,0,0,0,0,P,B,N,N,02,2,ROUTE 516,E,516,,00000516__,17.40,05,,01,04,02,02,01,05,05,01,20,FE,W,MONMOUTH ST,,,,40,35,26,,,N,,31360
2018133118MT18757,MONMOUTH,MIDDLETOWN TWP,05/18/2018,FR,1903,01,MIDDLETOWN PD,,0,1,0,0,I,B,Y,N,11,1,PORT MONMOUTH RD,E,,,13312102__,1.22,07,,01,04,02,01,01,01,05,02,500,FE,E,PORT MONMOUTH ROAD EAST,,,,35,35,46,,,N,SOME WHERE BETWEEN 6-8 CRASH ABSORBING SAND FILLED BARRELS DESTROYED,31326
2018133118MT18816,MONMOUTH,MIDDLETOWN TWP,05/19/2018,SA,0236,01,MIDDLETOWN PD,1331,0,0,0,0,P,B,N,N,06,4,CENTER AVE,W,,,,,07,,03,04,02,02,06,02,05,01,50,FE,E,BREVENT AVE,,,,30,25,28,40.418530,74.054340,N,,
2018133118MT18835,MONMOUTH,MIDDLETOWN TWP,05/19/2018,SA,1203,01,MIDDLETOWN PD,,0,0,0,0,P,B,N,N,01,2,ROUTE 516,W,516,,00000516__,14.97,05,,01,04,02,02,01,02,05,01,150,FE,E,HARMONY RD,,,,40,40,26,,,N,DAMAGE TO REAR OF TRAILER (TPW23U) TOWED BY V1,31341
2018133118MT18853,MONMOUTH,MIDDLETOWN TWP,05/19/2018,SA,1252,01,MIDDLETOWN PD,,0,0,0,0,P,B,N,N,01,2,NJ 35,N,35,,00000035__,38.63,02,,01,04,02,02,01,02,01,01,300,FE,S,HARMONY RD / KINGS HWY,,,,50,35,26,,,N,,31317
2018133118MT18870,MONMOUTH,MIDDLETOWN TWP,05/19/2018,SA,1548,01,MIDDLETOWN PD,,0,0,0,0,P,B,N,N,01,2,MONMOUTH COUNTY 50,N,50,,13000050__,3.87,05,,01,04,02,02,01,02,05,01,15,FE,N,FOUR WINDS DR,,,,40,25,26,,,N,,31336
2018133118MT18900,MONMOUTH,MIDDLETOWN TWP,05/19/2018,SA,1849,01,MIDDLETOWN PD,,0,1,0,0,I,B,N,N,11,1,OAK HILL RD,,,,,,07,,01,05,02,02,01,02,05,01,200,FE,E,IVY HILL RD,,,,35,25,60,,,N,,31336
2018133118MT18904,MONMOUTH,MIDDLETOWN TWP,05/19/2018,SA,1856,01,MIDDLETOWN PD,,0,3,0,0,I,B,N,N,01,2,ROUTE 520,W,520,,00000520__,14.84,05,,01,04,02,02,01,02,02,01,20,FE,E,,F,GARDEN STATE PARKWAY,SB,40,,26,,,N,,31293
2018133118MT19004,MONMOUTH,MIDDLETOWN TWP,05/20/2018,SU,1145,01,MIDDLETOWN PD,,0,0,0,0,P,I,N,N,01,2,ROUTE 516,,516,,00000516__,14.83,05,,01,04,02,01,01,01,05,01,,AT,,STEPHANIE PL,,,,40,25,,,,N,,31309
2018133118MT19040,MONMOUTH,MIDDLETOWN TWP,05/20/2018,SU,1720,01,MIDDLETOWN PD,,0,0,0,0,P,B,Y,N,11,1,SUNNYSIDE RD,,,,,,07,,01,04,02,01,01,01,05,01,100,FE,E,STRATHMORE ROAD,,,,35,25,61,,,N,MAILBOX AT 205 SUNNYSIDE ROAD,31353
2018133118MT19052,MONMOUTH,MIDDLETOWN TWP,05/20/2018,SU,2223,01,MIDDLETOWN PD,,0,0,0,0,P,B,N,N,01,2,ROUTE 520,W,520,,00000520__,13.71,05,,01,04,02,01,01,01,05,01,40,FE,E,CR 50 / MIDDLETOWN-LINCROFT RD / SW,,,,30,40,26,,,N,,31293
2018133118MT19108,MONMOUTH,MIDDLETOWN TWP,05/21/2018,MO,0655,01,MIDDLETOWN PD,,0,0,0,0,P,I,N,N,03,2,NJ 35,N,35,,00000035__,39.43,02,,01,04,02,01,01,01,05,01,,AT,S,ROUTE 516 / CHERRY TREE FARM RD,,,,50,40,26,,,N,LAWN OF QUICK CHECK,31366
2018133118MT19162,MONMOUTH,MIDDLETOWN TWP,05/21/2018,MO,1245,01,MIDDLETOWN PD,,0,0,0,0,P,B,N,N,02,2,471 STATE HWY 35,N,,,,,09,,01,04,02,01,01,01,05,01,150,FE,,CHAPEL HILL RD,,,,25,25,26,,,N,,31290
2018133118MT19169,MONMOUTH,MIDDLETOWN TWP,05/21/2018,MO,1329,01,MIDDLETOWN PD,,0,0,0,0,P,B,N,N,03,2,MONMOUTH COUNTY 12 A,E,12,A,13000012A_,.55,05,,01,04,02,01,01,01,05,01,10,FE,S,,F,NJ 35,SB,35,,26,,,N,,31240
2018133118MT19180,MONMOUTH,MIDDLETOWN TWP,05/21/2018,MO,1519,01,MIDDLETOWN PD,,0,0,0,0,P,B,N,N,01,2,MONMOUTH COUNTY 12,S,12,,13000012__,.13,05,,01,04,02,01,01,01,05,01,20,FE,N,CARPENTER ST,,,,35,25,26,,,N,,31240
2018133118MT19182,MONMOUTH,MIDDLETOWN TWP,05/21/2018,MO,1533,01,MIDDLETOWN PD,,0,0,0,0,P,B,N,N,01,2,NJ 36,E,36,,00000036__,13.81,02,,01,04,02,01,01,01,03,01,50,FE,W,DANIELLE CT,,,,40,25,26,,,N,,31282
2018133118MT19315,MONMOUTH,MIDDLETOWN TWP,05/22/2018,TU,1356,01,MIDDLETOWN PD,,0,0,0,0,P,B,N,N,01,3,NJ 35,S,35,,00000035__,36.31,02,,01,04,02,02,01,02,01,02,1000,FE,,APPLE FARM RD,,,,50,25,26,,,N,,31339
2018133118MT19329,MONMOUTH,MIDDLETOWN TWP,05/22/2018,TU,1735,01,MIDDLETOWN PD,,0,0,0,0,P,B,N,N,01,2,NJ 35,N,35,,00000035__,34.61,02,,01,04,02,02,01,02,01,01,500,FE,S,CR 12 A / NAVISINK RIVER RD,,,,50,35,26,,,N,,31342
2018133118MT19341,MONMOUTH,MIDDLETOWN TWP,05/22/2018,TU,2101,01,MIDDLETOWN PD,,0,0,0,0,P,I,N,N,03,2,MONMOUTH COUNTY 8 A,W,8,A,13000008A_,2.98,05,,01,04,02,01,06,01,05,01,,AT,S,CR 8 B / MONMOUTH AVE,,,,35,35,26,,,N,,31379
2018133118MT19393,MONMOUTH,MIDDLETOWN TWP,05/23/2018,WE,0732,01,MIDDLETOWN PD,,0,0,0,0,P,I,N,N,11,1,NJ 36,E,36,,00000036__,18.21,02,,01,04,02,01,01,01,01,01,,AT,,CHURCH ST,,,,50,25,69,,,N,KNOCKED OVER STOP SIGN AT STATE HWY 36 & CHURCH ST,31273
2018133118MT19399,MONMOUTH,MIDDLETOWN TWP,05/23/2018,WE,0832,01,MIDDLETOWN PD,,0,0,0,0,P,B,N,N,06,2,WOODLAND DR,N,,,,,07,,01,04,02,02,01,01,05,01,150,FE,N,DEVON RD,,,,25,25,28,,,N,,31286
2018133118MT19413,MONMOUTH,MIDDLETOWN TWP,05/23/2018,WE,1031,01,MIDDLETOWN PD,1331,0,0,0,0,P,B,N,N,01,2,MONMOUTH COUNTY 12,N,12,,13000012__,.46,05,,01,06,02,01,01,01,05,01,50,FE,S,ALEXANDER DR,,,,35,25,26,40.355370,74.087090,N,,31276
2018133118MT19459,MONMOUTH,MIDDLETOWN TWP,05/23/2018,WE,1658,01,MIDDLETOWN PD,,0,0,0,0,P,B,N,N,06,2,GROVE STREET,W,,,,,07,,01,04,02,01,01,01,05,01,100,FE,W,MARKET STREET,,,,25,25,28,,,N,,31325
2018133118MT19492,MONMOUTH,MIDDLETOWN TWP,05/23/2018,WE,2140,01,MIDDLETOWN PD,,0,0,0,0,P,I,N,N,06,2,BRIAN WAY,,,,,,07,,01,04,02,01,06,01,05,01,,AT,,GILLRIDGE PARKWAY,,,,25,25,28,,,N,,31360
2018133118MT19536,MONMOUTH,MIDDLETOWN TWP,05/24/2018,TH,0848,01,MIDDLETOWN PD,,0,1,0,0,I,I,N,N,03,2,MONMOUTH COUNTY 8 B,W,8,B,13000008B_,.00,05,,01,04,02,01,01,01,05,01,,AT,,CR 8 A / LOCUST AVE / OAKDALE RUN /,,,,35,25,26,40.398140,74.021620,N,,31323
2018133118MT19567,MONMOUTH,MIDDLETOWN TWP,05/24/2018,TH,1250,01,MIDDLETOWN PD,,0,1,0,0,I,I,N,N,99,1,MONMOUTH COUNTY 8 A,E,8,A,13000008A_,2.58,05,,01,04,02,01,01,01,05,01,,AT,,LOCUST PT RD,,,,35,35,11,,,N,,31323
2018133118MT19591,MONMOUTH,MIDDLETOWN TWP,05/24/2018,TH,1505,01,MIDDLETOWN PD,,0,1,0,0,I,B,N,N,01,3,MONMOUTH COUNTY 52,S,52,,13000052__,2.03,05,,01,04,02,01,01,01,05,01,250,FE,N,CRAWFORDS CORNER EVERETT / MIDDLETO,,,,40,40,26,,,N,,
2018133118MT19607,MONMOUTH,MIDDLETOWN TWP,05/24/2018,TH,1641,01,MIDDLETOWN PD,,0,2,0,0,I,B,N,N,06,2,DANEMAR DR,N,,,,,07,,01,04,02,01,01,01,05,01,100,FE,S,NED CT,,,,25,25,28,,,N,,31336
2018133118MT19657,MONMOUTH,MIDDLETOWN TWP,05/25/2018,FR,0642,01,MIDDLETOWN PD,,0,0,0,0,P,B,N,N,01,3,MONMOUTH COUNTY 50,S,50,,13000050__,1.85,05,,01,04,01,01,06,01,05,01,10,FE,N,ROUTE 520 / NEWMAN SPRINGS RD,,,,40,35,26,,,N,,
2018133118MT19659,MONMOUTH,MIDDLETOWN TWP,05/25/2018,FR,0552,01,MIDDLETOWN PD,,0,0,0,0,P,I,N,N,02,2,NJ 35,S,35,,00000035__,35.28,02,,01,04,02,01,01,01,01,01,,AT,,CHESTNUT ST,,,,50,25,26,,,N,,31281
2018133118MT19670,MONMOUTH,MIDDLETOWN TWP,05/25/2018,FR,0908,01,MIDDLETOWN PD,,0,0,0,0,P,B,N,N,12,1,W FRONT ST,W,,,13312109__,3.12,07,,01,04,02,01,01,01,04,01,15,FE,W,DAVIS LANE,,,,35,25,24,,,N,,31331
2018133118MT19685,MONMOUTH,MIDDLETOWN TWP,05/25/2018,FR,1001,01,MIDDLETOWN PD,,0,1,0,0,I,B,N,N,01,3,ROUTE 520,E,520,,00000520__,13.57,05,,01,04,02,01,01,01,04,01,25,FE,E,NJ 54 / PHALANX RD,,,,40,35,26,,,N,,
2018133118MT19701,MONMOUTH,MIDDLETOWN TWP,05/25/2018,FR,1230,01,MIDDLETOWN PD,,0,0,0,0,P,B,N,N,06,2,FLORENCE AVE,W,,,,,07,,01,04,02,01,01,01,05,01,,,E,OCEAN BLVD,,,,25,25,28,,,N,,31290
2018133118MT19721,MONMOUTH,MIDDLETOWN TWP,05/25/2018,FR,1454,01,MIDDLETOWN PD,,0,0,0,0,P,I,N,N,01,2,NJ 35,S,35,,00000035__,37.98,02,,01,04,02,01,01,01,01,01,,AT,,CR 50 / NEW MONMOUTH RD,,,,50,40,26,,,N,,31330
2018133118MT19750,MONMOUTH,MIDDLETOWN TWP,05/25/2018,FR,1835,01,MIDDLETOWN PD,,0,0,0,0,P,B,N,N,02,2,W FRONT ST,W,,,13312109__,1.51,07,,01,04,02,01,01,01,05,01,150,FE,W,SILVERBROOK PLACE,,,,40,25,26,,,N,,31305
2018133118MT19853,MONMOUTH,MIDDLETOWN TWP,05/26/2018,SA,1100,01,MIDDLETOWN PD,,0,0,0,0,P,I,N,N,01,2,MONMOUTH COUNTY 8 A,N,8,A,13000008A_,2.58,05,,03,04,02,01,01,01,04,01,,AT,,LOCUST PT RD,,,,35,35,26,,,N,,31290
2018133118MT19886,MONMOUTH,MIDDLETOWN TWP,05/26/2018,SA,1441,01,MIDDLETOWN PD,,0,0,0,0,P,B,N,N,01,2,NJ 35,N,35,,00000035__,37.98,02,,01,04,02,01,01,01,01,01,10,FE,,,F,CR 50/NEW MONMOUTH RD,,50,,26,40.399650,74.115400,N,,31346
2018133118MT19923,MONMOUTH,MIDDLETOWN TWP,05/26/2018,SA,1828,01,MIDDLETOWN PD,,0,0,0,0,P,B,N,N,01,2,NJ 36,W,36,,00000036__,19.72,02,,01,04,02,02,01,02,01,01,15,FE,W,CR 36 / THOMPSON AVE,,,,50,35,26,,,N,,31372
2018133118MT19948,MONMOUTH,MIDDLETOWN TWP,05/26/2018,SA,1905,01,MIDDLETOWN PD,,0,0,0,0,P,B,Y,N,11,1,MONMOUTH COUNTY 12 A,W,12,A,13000012A_,4.23,05,,01,05,02,02,01,02,05,01,1000,FE,E,DEEP HOLLOW RD,,,,40,25,60,,,N,,31364
2018133118MT19974,MONMOUTH,MIDDLETOWN TWP,05/26/2018,SA,2129,01,MIDDLETOWN PD,,0,0,0,0,P,B,Y,N,01,2,MONMOUTH COUNTY 8 A,E,8,A,13000008A_,2.13,05,,03,05,02,02,07,05,05,01,75,FE,E,CR 12A / NAVESINK RIVER RD,,,,35,40,26,40.383080,74.015510,N,,31376
2018133118MT19990,MONMOUTH,MIDDLETOWN TWP,05/26/2018,SA,2320,01,MIDDLETOWN PD,,0,0,0,0,P,B,N,N,02,2,NJ 36,S,36,,00000036__,18.66,02,,01,04,02,01,06,01,01,01,500,FE,S,WILSON AVE,,,,50,35,26,40.425840,74.103220,N,,31307
2018133118MT20193,MONMOUTH,MIDDLETOWN TWP,05/28/2018,MO,1525,01,MIDDLETOWN PD,,0,0,0,0,P,B,N,N,01,2,ROUTE 516,E,516,,00000516__,15.36,05,,01,04,02,01,01,01,05,01,20,FE,E,MORFORD RD,,,,40,25,26,,,N,,31377
2018133118MT20199,MONMOUTH,MIDDLETOWN TWP,05/28/2018,MO,1700,01,MIDDLETOWN PD,,0,0,0,0,P,I,N,N,01,2,BRIGHTON AVE,W,,,,,07,,01,04,02,01,01,01,05,01,,AT,E,OAK HILL ROAD,,,,35,25,26,,,N,,31340
2018133118MT20332,MONMOUTH,MIDDLETOWN TWP,05/29/2018,TU,1435,01,MIDDLETOWN PD,,0,0,0,0,P,B,N,N,01,2,PINE STREET,E,,,,,07,,01,04,02,01,01,01,05,01,5,FE,W,STATESIR PLACE,,,,25,25,26,,,N,,31341
2018133118MT20350,MONMOUTH,MIDDLETOWN TWP,05/30/2018,WE,1637,01,MIDDLETOWN PD,,0,0,0,0,P,B,N,N,01,2,MONMOUTH COUNTY 52,N,52,,13000052__,2.80,05,,03,06,02,01,01,01,05,01,10,FE,S,,T,CR12/RED HILL RD,NB,35,,26,,,N,,31293
2018133118MT20448,MONMOUTH,MIDDLETOWN TWP,05/30/2018,WE,1104,01,MIDDLETOWN PD,,0,1,0,0,I,B,N,N,01,2,W FRONT ST,E,,,13312109__,2.70,07,,01,04,02,02,01,01,04,01,15,FE,W,ALEXA PLACE,,,,40,25,26,,,N,,31331
2018133118MT20475,MONMOUTH,MIDDLETOWN TWP,05/30/2018,WE,1405,01,MIDDLETOWN PD,,0,2,0,0,I,B,N,N,04,2,MONMOUTH COUNTY 52,E,52,,13000052__,2.89,05,,03,06,02,01,01,05,05,01,500,FE,E,CR 12 / DWIGHT RD / RED HILL RD,,,,35,40,26,,,N,,31280
2018133118MT20651,MONMOUTH,MIDDLETOWN TWP,05/31/2018,TH,1522,01,MIDDLETOWN PD,,0,0,0,0,P,B,N,N,01,3,NJ 35,S,35,,00000035__,36.80,02,,01,06,02,01,01,01,01,01,50,FE,N,WOODLAND DR,,,,50,25,26,40.387400,74.097370,N,,
2018133118MT20820,MONMOUTH,MIDDLETOWN TWP,06/01/2018,FR,1537,01,MIDDLETOWN PD,,0,0,0,0,P,B,N,N,12,1,NJ 36,S,36,,00000036__,17.24,02,,01,04,02,01,01,01,01,01,50,FE,E,12TH ST,,,,50,25,24,,,N,,31341
2018133118MT20821,MONMOUTH,MIDDLETOWN TWP,06/01/2018,FR,1535,01,MIDDLETOWN PD,,0,0,0,0,P,B,N,N,06,2,UNITY COURT,S,,,,,07,,01,04,02,01,01,01,05,01,50,FE,S,GILLVILLE LANE,,,,25,25,28,,,N,,31377
2018133118MT20827,MONMOUTH,MIDDLETOWN TWP,06/01/2018,FR,1609,01,MIDDLETOWN PD,,0,0,0,0,P,I,N,N,03,2,NJ 35,E,35,,00000035__,35.71,02,,01,06,02,01,01,01,05,01,,AT,E,,T,OAK HILL ROAD,SB,35,,26,,,N,,31325
2018133118MT20834,MONMOUTH,MIDDLETOWN TWP,06/01/2018,FR,1700,01,MIDDLETOWN PD,,0,0,0,0,P,B,N,N,06,2,100 MURPHY RD,,,,,,09,,01,04,02,01,01,01,,,,,,HARMONY ELEM SCHOOL PARKING LOT,,,,,,28,40.417230,74.121340,N,,31369
2018133118MT20840,MONMOUTH,MIDDLETOWN TWP,06/01/2018,FR,1751,01,MIDDLETOWN PD,,0,0,0,0,P,B,N,N,15,2,NJ 35,N,35,,00000035__,36.35,02,,01,05,02,01,01,01,01,01,200,FE,N,APPLE FARM RD,,,,50,25,28,,,N,,31340
2018133118MT20841,MONMOUTH,MIDDLETOWN TWP,06/01/2018,FR,1816,01,MIDDLETOWN PD,,0,0,0,0,P,B,N,N,01,2,MONMOUTH COUNTY 12,E,12,,13000012__,.85,05,,01,04,02,01,01,01,05,01,25,FE,S,LOCH ARBOR DR,,,,40,15,26,,,N,,31364
2018133118MT20877,MONMOUTH,MIDDLETOWN TWP,06/01/2018,FR,2357,01,MIDDLETOWN PD,,0,0,0,0,P,B,N,N,01,2,WILSON AVE,E,,,13312105__,.90,07,,01,04,02,01,06,01,04,01,25,FE,E,CR 516/CHERRY TREE FARM RD,,,,40,40,26,,,N,,31340
2018133118MT20929,MONMOUTH,MIDDLETOWN TWP,06/02/2018,SA,1020,01,MIDDLETOWN PD,,0,0,0,0,P,B,N,N,01,2,ROUTE 516,W,516,,00000516__,16.05,05,,01,04,02,01,01,01,05,01,50,FE,E,CR 50 / NEW MONMOUTH RD / TINDALL R,,,,35,40,26,,,N,,31341
2018133118MT20930,MONMOUTH,MIDDLETOWN TWP,06/02/2018,SA,1033,01,MIDDLETOWN PD,,0,0,0,0,P,B,N,N,06,2,MORRIS WAY,,,,,,07,,01,04,02,01,01,01,05,01,75,FE,E,CHURCH ST.,,,,25,35,28,,,N,,31317
2018133118MT20945,MONMOUTH,MIDDLETOWN TWP,06/02/2018,SA,1207,01,MIDDLETOWN PD,,0,0,0,0,P,B,N,N,01,2,MONMOUTH COUNTY 50,N,50,,13000050__,7.08,05,,01,04,02,01,01,01,05,01,30,FE,S,,F,NJ 35,SB,35,,26,,,N,,31377
2018133118MT20959,MONMOUTH,MIDDLETOWN TWP,06/02/2018,SA,1353,01,MIDDLETOWN PD,,0,0,0,0,P,B,N,N,06,2,22 CHURCH ST,,,,,,08,,01,04,02,01,01,01,05,01,,,,(TRAIN STATION PARKING LOT),,,,,,28,,,N,,31377
2018133118MT20961,MONMOUTH,MIDDLETOWN TWP,06/02/2018,SA,1402,01,MIDDLETOWN PD,,0,0,0,0,P,B,N,N,01,2,MAIN ST,N,,,,,07,,01,04,02,01,01,01,05,01,5,FE,W,RAVATT ROAD,,,,35,25,26,,,N,,31341
2018133118MT20966,MONMOUTH,MIDDLETOWN TWP,06/02/2018,SA,1429,01,MIDDLETOWN PD,MTPD,0,0,0,0,P,I,N,N,03,2,ROUTE 516,W,516,,00000516__,18.40,05,,01,04,02,01,01,01,05,01,,AT,,HOSFORD AVE,,,,35,35,26,40.414530,74.059300,N,,31276
2018133118MT21066,MONMOUTH,MIDDLETOWN TWP,08/17/2018,FR,1034,01,MIDDLETOWN PD,,0,0,0,0,P,B,N,N,01,2,NJ 35,N,35,,00000035__,36.12,02,,01,05,02,01,01,01,01,01,1000,FE,S,APPLE FARM RD,,,,50,25,26,,,N,,31286
2018133118MT21069,MONMOUTH,MIDDLETOWN TWP,06/03/2018,SU,0900,01,MIDDLETOWN PD,,0,0,0,0,P,B,N,N,08,2,ROUTE 520,E,520,,00000520__,14.37,05,,01,04,02,01,01,01,02,01,100,FE,E,ORCHARD HILL DR,,,,40,25,26,,,N,,31321
2018133118MT21094,MONMOUTH,MIDDLETOWN TWP,06/03/2018,SU,1619,01,MIDDLETOWN PD,,0,0,0,0,P,B,N,N,03,2,MAIN ST,W,,,,,07,,01,04,02,01,01,01,05,01,10,FE,,GEARY DRIVE,,,,35,25,26,,,N,,31294
2018133118MT21115,MONMOUTH,MIDDLETOWN TWP,06/03/2018,SU,1753,01,MIDDLETOWN PD,,0,0,0,0,P,B,N,N,01,2,NJ 35,N,35,,00000035__,37.63,02,,01,04,02,01,01,05,01,01,400,FE,S,ROSEWOOD TERR,,,,50,25,26,,,N,,31360
2018133118MT21127,MONMOUTH,MIDDLETOWN TWP,06/03/2018,SU,2007,01,MIDDLETOWN PD,,0,0,0,0,P,B,N,N,05,2,OAK HILL RD,E,,,,,07,,01,05,02,01,01,05,04,01,35,FE,E,CR 50/MIDDLETOWN LINCROFT RD,,,,35,40,26,,,N,,31340
2018133118MT21218,MONMOUTH,MIDDLETOWN TWP,06/04/2018,MO,1631,01,MIDDLETOWN PD,,0,2,0,0,I,I,N,N,03,2,ROUTE 520,E,520,,00000520__,14.68,05,,01,04,02,01,01,01,03,01,,AT,,PARK VIEW TER W,,,,40,25,26,,,N,,31331
2018133118MT21306,MONMOUTH,MIDDLETOWN TWP,06/05/2018,TU,0841,01,MIDDLETOWN PD,,0,0,0,0,P,I,N,N,02,2,ROUTE 520,E,520,,00000520__,15.05,05,,01,04,02,01,01,01,05,01,,AT,,HALF MILE RUN,,,,40,35,26,,,N,,31286
2018133118MT21326,MONMOUTH,MIDDLETOWN TWP,06/12/2018,TU,1525,01,MIDDLETOWN PD,,0,0,0,0,P,B,N,N,01,2,PORT MONMOUTH RD,,,,13312102__,3.13,07,,01,04,02,01,01,01,05,01,10,FE,S,IRVING PL,,,,35,25,26,,,N,,31309
2018133118MT21341,MONMOUTH,MIDDLETOWN TWP,06/05/2018,TU,1345,01,MIDDLETOWN PD,,0,1,0,0,I,I,N,N,01,2,MONMOUTH COUNTY 52,E,52,,13000052__,2.80,05,,03,05,02,01,01,01,02,01,,AT,,CR 12 / DWIGHT RD / RED HILL RD,,,,40,40,26,,,N,CURB ON RAMP FROM RED HILL RD TO DWIGHT RD,31280