Year(4)-CountyCode(2)-MunicipalityCode(2)-CaseNumber(9),County Name,Municipality Name,Crash Date,Crash Day of Week,Crash Time,Police Department Code,Police Department,Police Station,Total Killed,Total Injured,Pedestrians Killed,Pedestrians Injured,Severity,Intersection,Alcohol Involved,Hazmat Involved,Crash Type,Total Vehicles,Location,Location Direction,Route,Route Suffix,Std Rte Identifier,MilePost,Road System,Road Character,Road Horizontal Alignment,Road Grade,Road Surface Type,Surface Condition,Light Condition,Environmental Condition,Road Divided By,Temporary Traffic Control Zone,Distance To Cross Street,Unit Of Measurement,Direction From Cross Street,Cross Street Name,Is Ramp,Ramp To/From Route Name,Ramp To/From Route Direction,Posted Speed,Posted Speed Cross Street,First Harmful Event,Latitude,Longitude,Cell Phone In Use Flag,Other Property Damage,Reporting Badge No.
2018133118MT21406,MONMOUTH,MIDDLETOWN TWP,06/05/2018,TU,2131,01,MIDDLETOWN PD,,0,0,0,0,P,B,N,N,01,2,MONMOUTH COUNTY 7 I,N,7,1,130000071_,1.72,05,,01,04,02,02,06,01,05,01,10,FE,S,NJ 36,,,,40,50,26,,,N,,31376
2018133118MT21485,MONMOUTH,MIDDLETOWN TWP,06/06/2018,WE,1142,01,MIDDLETOWN PD,,0,1,0,0,I,B,N,N,01,2,CHAPEL HILL RD,N,,,,,07,,02,04,02,01,01,01,05,01,100,FE,N,WHIPPORWILL VALLEY RD.,,,,35,25,26,,,N,,31321
2018133118MT21516,MONMOUTH,MIDDLETOWN TWP,06/06/2018,WE,1418,01,MIDDLETOWN PD,,0,0,0,0,P,B,N,N,06,2,WILSON AVE,,,,,,07,,01,04,02,01,01,01,05,01,200,FE,S,LYDIA PLACE,,,,35,25,28,,,N,,31269
2018133118MT21661,MONMOUTH,MIDDLETOWN TWP,06/07/2018,TH,1431,01,MIDDLETOWN PD,,0,0,0,0,P,B,N,N,01,2,ROUTE 516,E,516,,00000516__,16.93,05,,01,04,02,01,01,01,05,01,10,FE,W,EAST RD,,,,40,35,26,,,N,,31311
2018133118MT21669,MONMOUTH,MIDDLETOWN TWP,06/07/2018,TH,1521,01,MIDDLETOWN PD,,0,0,0,0,P,B,N,N,02,2,ROUTE 520,E,520,,00000520__,14.78,05,,01,04,02,01,01,01,02,01,250,FE,E,WOODLAND DR,,,,40,25,26,,,N,3 REFLECTOR POSTS ON GSP SOUTH BOUND RAMP,31332
2018133118MT21675,MONMOUTH,MIDDLETOWN TWP,06/07/2018,TH,1540,01,MIDDLETOWN PD,01,0,0,0,0,P,I,N,N,03,2,HARMONY ROAD,E,,,,.15,07,,01,04,02,01,01,01,05,01,,AT,,STEPHANIE RD,,,,35,25,02,,,N,,31294
2018133118MT21685,MONMOUTH,MIDDLETOWN TWP,06/07/2018,TH,1642,01,MIDDLETOWN PD,,0,0,0,0,P,B,N,N,01,2,OAK HILL ROAD,,,,,,07,,01,04,02,01,01,01,05,01,10,FE,W,NORMANDY ROAD,,,,35,45,26,,,N,,31353
2018133118MT21696,MONMOUTH,MIDDLETOWN TWP,06/07/2018,TH,1835,01,MIDDLETOWN PD,,0,0,0,0,P,B,N,N,11,1,MONMOUTH COUNTY 50,N,50,,13000050__,4.43,05,,01,07,02,01,01,01,05,01,400,FE,S,CR 12 / DWIGHT RD / NUT SWAMP RD,,,,40,40,52,,,Y,MAIN BOX TO 942 MIDDLETOWN LINCROFT ROAD. JCPL POLE JC5278MP,31374
2018133118MT21749,MONMOUTH,MIDDLETOWN TWP,06/08/2018,FR,0828,01,MIDDLETOWN PD,,0,0,0,0,P,I,N,N,02,2,HALF MILE RD,,,,13312110__,.00,07,,01,04,02,01,01,01,05,01,,AT,,CR 520/NEWMAN SPRINGS RD,,,,35,40,26,,,N,,31339
2018133118MT21784,MONMOUTH,MIDDLETOWN TWP,06/08/2018,FR,1237,01,MIDDLETOWN PD,,0,0,0,0,P,B,N,N,01,2,MONMOUTH COUNTY 12 A,,12,A,13000012A_,1.10,05,,03,04,02,01,01,01,05,01,3600,FE,W,LUFFFBURROW LN,,,,40,25,26,40.370900,74.061270,N,,31259
2018133118MT21812,MONMOUTH,MIDDLETOWN TWP,06/08/2018,FR,1652,01,MIDDLETOWN PD,,0,0,0,0,P,I,N,N,02,2,W FRONT ST,W,,,13312109__,.50,07,,01,04,02,01,01,01,05,01,,AT,,WINDERMERE ROAD,,,,40,25,26,,,N,,31379
2018133118MT21814,MONMOUTH,MIDDLETOWN TWP,06/08/2018,FR,1658,01,MIDDLETOWN PD,,0,0,0,0,P,I,N,N,07,2,ROUTE 516,,516,,00000516__,14.94,05,,01,04,02,01,01,01,05,01,,AT,,HARMONY RD,,,,40,35,26,,,N,,31373
2018133118MT21827,MONMOUTH,MIDDLETOWN TWP,06/08/2018,FR,1844,01,MIDDLETOWN PD,,0,1,0,0,I,B,N,N,01,2,ROUTE 516,E,516,,00000516__,16.93,05,,01,04,02,01,01,01,05,01,10,FE,W,EAST RD,,,,35,40,26,,,N,,31372
2018133118MT21845,MONMOUTH,MIDDLETOWN TWP,06/08/2018,FR,2129,01,MIDDLETOWN PD,,0,0,0,0,P,B,N,N,12,1,MONMOUTH COUNTY 50,S,50,,13000050__,5.24,05,,01,04,02,01,06,01,05,01,10,FE,N,SHAWN CT,,,,35,25,24,,,N,,31343
2018133118MT21898,MONMOUTH,MIDDLETOWN TWP,06/09/2018,SA,0822,01,MIDDLETOWN PD,,0,2,0,0,I,B,N,N,01,2,NJ 35,S,35,,00000035__,38.00,02,,01,04,02,01,01,01,01,01,100,FE,N,CR 50 / NEW MONMOUTH RD,,,,50,35,26,40.397820,74.112730,N,,31346
2018133118MT21913,MONMOUTH,MIDDLETOWN TWP,06/09/2018,SA,1019,01,MIDDLETOWN PD,,0,0,0,0,P,B,N,N,06,2,BLANCHE CT,W,,,,,07,,01,04,02,01,01,01,05,01,50,FE,W,MURPHY RD,,,,25,35,28,,,N,,31339
2018133118MT21919,MONMOUTH,MIDDLETOWN TWP,06/09/2018,SA,1134,01,MIDDLETOWN PD,,0,0,0,0,P,I,N,N,03,2,ROUTE 516,E,516,,00000516__,18.40,05,,01,04,02,01,01,01,05,01,,AT,,HOSFORD AVE,,,,35,25,26,40.412830,74.058600,N,,31290
2018133118MT21931,MONMOUTH,MIDDLETOWN TWP,06/09/2018,SA,1415,01,MIDDLETOWN PD,,0,0,0,0,P,B,N,N,01,2,KINGS HWY,N,,,13312101__,2.33,07,,01,04,02,01,01,01,05,01,20,FE,N,ACKER DR,,,,35,25,26,,,N,,31339
2018133118MT21949,MONMOUTH,MIDDLETOWN TWP,06/09/2018,SA,1705,01,MIDDLETOWN PD,,0,0,0,0,P,I,N,N,03,2,ROUTE 516,W,516,,00000516__,14.32,05,,01,04,02,01,01,01,05,01,,AT,,,F,NJ 35,NB,40,,26,,,N,,31371
2018133118MT22062,MONMOUTH,MIDDLETOWN TWP,06/10/2018,SU,2312,01,MIDDLETOWN PD,,0,0,0,0,P,I,N,N,03,2,WILSON AVE,W,,,13312105__,.07,07,,01,04,02,01,01,01,05,01,,AT,,CHESTNUT AVENUE,,,,35,25,26,,,N,,31307
2018133118MT22074,MONMOUTH,MIDDLETOWN TWP,06/10/2018,SU,1603,01,MIDDLETOWN PD,,0,0,0,0,P,B,N,N,06,2,ACKER DR,,,,,,07,,01,04,02,01,,01,05,01,150,FE,N,NILES AVE,,,,25,25,28,,,N,,31310
2018133118MT22077,MONMOUTH,MIDDLETOWN TWP,06/10/2018,SU,1522,01,MIDDLETOWN PD,,0,1,0,0,I,I,N,N,03,2,ROUTE 520,E,520,,00000520__,15.05,05,,01,04,02,02,01,02,05,01,,AT,N,HALF MILE RUN,,,,40,40,26,,,N,,31364
2018133118MT22156,MONMOUTH,MIDDLETOWN TWP,06/11/2018,MO,1010,01,MIDDLETOWN PD,,0,1,0,0,I,B,N,N,01,2,HALF MILE RD,N,,,13312110__,.00,07,,01,04,02,01,01,05,05,01,250,FE,N,CR 520/NEWMAN SPRINGS RD,,,,40,40,26,40.336960,74.095380,N,FENCE AT ENTRANCE TO US MARINE CORPS RESERVE CENTER,31278
2018133118MT22158,MONMOUTH,MIDDLETOWN TWP,06/11/2018,MO,1024,01,MIDDLETOWN PD,,0,1,0,0,I,I,N,N,03,2,ROUTE 520,W,520,,00000520__,15.05,05,,01,04,02,01,01,01,02,01,,AT,,HALF MILE RUN,,,,45,35,26,,,N,,31321
2018133118MT22197,MONMOUTH,MIDDLETOWN TWP,06/11/2018,MO,1621,01,MIDDLETOWN PD,,0,0,0,0,P,I,N,N,03,2,MAIN ST,,,,13312103__,,07,,01,04,02,01,01,01,05,01,,AT,,IRVING PLACE,,,,25,25,26,,,N,,31326
2018133118MT22202,MONMOUTH,MIDDLETOWN TWP,06/11/2018,MO,1635,01,MIDDLETOWN PD,,0,2,0,0,I,I,N,N,03,2,MONMOUTH COUNTY 8 A,E,8,A,13000008A_,3.52,05,,01,07,02,01,01,01,05,01,,AT,,SEARS AVE,,,,40,25,26,,,N,,31351
2018133118MT22212,MONMOUTH,MIDDLETOWN TWP,06/11/2018,MO,1725,01,MIDDLETOWN PD,,0,2,0,0,I,B,N,N,01,2,NJ 36,N,36,,00000036__,16.83,02,,01,04,02,01,01,01,01,01,10,FE,N,BROADWAY,,,,50,25,26,,,N,,31354
2018133118MT22224,MONMOUTH,MIDDLETOWN TWP,06/11/2018,MO,1904,01,MIDDLETOWN PD,,0,0,0,0,P,B,N,N,01,2,MONMOUTH COUNTY 50,N,50,,13000050__,6.45,05,,01,04,02,01,01,01,05,01,50,FE,S,ORCHARD ST / RAILROAD AVE,,,,30,25,26,,,N,,31353
2018133118MT22299,MONMOUTH,MIDDLETOWN TWP,06/12/2018,TU,0944,01,MIDDLETOWN PD,,0,0,0,0,P,B,N,N,08,2,WEEHAWKEN AVE,,,,,,07,,01,04,02,01,01,01,05,01,100,FE,N,SHORE ACRES,,,,25,25,26,,,N,,31269
2018133118MT22318,MONMOUTH,MIDDLETOWN TWP,06/12/2018,TU,1623,01,MIDDLETOWN PD,,0,0,0,0,P,B,N,N,01,2,NJ 35,S,35,,00000035__,36.07,02,,01,04,02,01,01,01,01,01,75,FE,S,CRESTVIEW DR,,,,50,25,26,,,N,,31332
2018133118MT22333,MONMOUTH,MIDDLETOWN TWP,06/12/2018,TU,1638,01,MIDDLETOWN PD,,0,0,0,0,P,B,N,N,01,2,NJ 35,S,35,,00000035__,37.10,02,,01,04,02,01,01,01,02,01,25,FE,N,TWIN BROOKS RD,,,,50,25,26,,,N,,31353
2018133118MT22339,MONMOUTH,MIDDLETOWN TWP,06/12/2018,TU,1714,01,MIDDLETOWN PD,,0,0,0,0,P,B,N,N,11,1,OAK HILL RD,E,,,,,07,,01,04,02,01,01,01,04,01,25,FE,E,REBECCA DR,,,,35,25,52,,,N,NO VISIBLE DAMAGE WAS OBSERVED TO UTILITY POLE # JC71.,31340
2018133118MT22409,MONMOUTH,MIDDLETOWN TWP,06/13/2018,WE,1145,01,MIDDLETOWN PD,,0,0,0,0,P,B,N,N,01,2,MONMOUTH COUNTY 12,N,12,,13000012__,4.19,05,,02,06,02,01,01,05,05,01,10,FE,S,CR 52 / RED HILL RD,,,,40,45,26,40.374910,74.146520,Y,,31278
2018133118MT22422,MONMOUTH,MIDDLETOWN TWP,06/13/2018,WE,1432,01,MIDDLETOWN PD,,0,0,0,0,P,I,N,N,04,2,MONMOUTH COUNTY 50,S,50,,13000050__,2.97,05,,01,04,02,01,01,05,05,01,,AT,,W FRONT ST,,,,40,40,26,,,N,,31280
2018133118MT22453,MONMOUTH,MIDDLETOWN TWP,06/13/2018,WE,1848,01,MIDDLETOWN PD,,0,0,0,0,P,B,N,N,99,1,SLEEPY HOLLOW RD,N,,,13312096__,.56,07,,01,04,02,01,01,01,05,01,100,FE,E,STAVOLA RD,,,,40,25,12,,,N,,31379
2018133118MT22540,MONMOUTH,MIDDLETOWN TWP,06/14/2018,TH,1143,01,MIDDLETOWN PD,,0,0,0,0,P,B,N,N,01,3,NJ 35,S,35,,00000035__,36.81,02,,01,04,02,01,01,01,01,01,125,FE,N,WOODLAND DR,,,,50,25,26,,,N,,
2018133118MT22787,MONMOUTH,MIDDLETOWN TWP,06/16/2018,SA,0046,01,MIDDLETOWN PD,,1,1,0,0,F,B,Y,N,04,2,NJ 36,S,36,,00000036__,12.97,02,,03,05,02,01,06,01,02,01,300,FE,N,DELAWARE AVE,,,,45,25,26,40.405910,74.005390,N,RETAINING WALL AT 1118 ROUTE 36 S ATLANTIC HIGHLANDS NJ 07716 (MIDDLETOWN),31278
2018133118MT22829,MONMOUTH,MIDDLETOWN TWP,06/16/2018,SA,1048,01,MIDDLETOWN PD,,0,1,0,0,I,I,N,N,07,2,ROUTE 516,N,516,,00000516__,16.15,05,,01,04,02,01,01,01,05,01,,AT,,CHURCH ST,,,,35,35,26,,,N,,31380
2018133118MT22848,MONMOUTH,MIDDLETOWN TWP,06/16/2018,SA,1417,01,MIDDLETOWN PD,,0,1,0,0,I,B,N,N,03,2,MONMOUTH COUNTY 50,N,50,,13000050__,7.10,05,,01,04,02,01,01,01,05,01,125,FE,N,NJ 35,,,,35,50,26,,,N,,31377
2018133118MT22850,MONMOUTH,MIDDLETOWN TWP,06/16/2018,SA,1425,01,MIDDLETOWN PD,,0,0,0,0,P,B,N,N,06,2,MELROSE TERRACE,N,,,,,07,,01,04,02,01,01,01,05,01,100,FE,N,MELROSE PLACE,,,,25,25,28,,,N,,31341
2018133118MT22852,MONMOUTH,MIDDLETOWN TWP,06/16/2018,SA,1439,01,MIDDLETOWN PD,,0,0,0,0,P,B,N,N,01,2,APPLE FARM RD,E,,,,,07,,01,04,02,01,01,01,05,01,10,FE,W,NJ 35,,,,25,50,26,,,N,,31311
2018133118MT22928,MONMOUTH,MIDDLETOWN TWP,06/17/2018,SU,1031,01,MIDDLETOWN PD,,0,0,0,0,P,B,N,N,01,2,NJ 35,N,35,,00000035__,39.42,02,,02,04,02,01,01,01,01,01,50,FE,S,ROUTE 516 / CHERRY TREE FARM RD,,,,50,40,26,,,N,,31377
2018133118MT23071,MONMOUTH,MIDDLETOWN TWP,06/18/2018,MO,1402,01,MIDDLETOWN PD,,0,0,0,0,P,B,N,N,06,2,MAIN ST,N,,,13312103__,.26,07,,01,04,02,01,01,01,05,01,200,FE,E,GORDON COURT,,,,35,25,28,,,N,,31327
2018133118MT23074,MONMOUTH,MIDDLETOWN TWP,06/18/2018,MO,1412,01,MIDDLETOWN PD,,0,0,0,0,P,B,N,N,01,3,ROUTE 520,W,520,,00000520__,13.70,05,,01,04,02,01,01,01,05,01,15,FE,E,CR 50 / MIDDLETOWN-LINCROFT RD / SW,,,,40,40,26,,,N,,
2018133118MT23076,MONMOUTH,MIDDLETOWN TWP,06/18/2018,MO,1445,01,MIDDLETOWN PD,,0,0,0,0,P,B,N,N,05,2,MURPHY RD,N,,,,,07,,01,04,02,01,01,01,05,01,100,FE,S,LAKELAND DR,,,,25,25,26,40.420830,74.119620,N,,31346
2018133118MT23099,MONMOUTH,MIDDLETOWN TWP,06/18/2018,MO,1705,01,MIDDLETOWN PD,,0,0,0,0,P,B,N,N,01,2,NJ 36,W,36,,00000036__,18.05,02,,01,04,02,01,01,01,01,01,200,FE,E,MAIN ST,,,,50,35,26,40.420270,74.090010,N,,31305
2018133118MT23102,MONMOUTH,MIDDLETOWN TWP,06/18/2018,MO,1928,01,MIDDLETOWN PD,,0,0,0,0,P,B,N,N,03,2,1 KINGS HWY,,,,,,08,,01,04,02,01,01,01,05,01,,,,(MIDDLETOWN TWP MUNIC PRKG LOT),,,,,,26,,,N,,31301
2018133118MT23176,MONMOUTH,MIDDLETOWN TWP,06/19/2018,TU,0130,01,MIDDLETOWN PD,,0,0,0,0,P,B,N,N,11,1,WILSON AVE,N,,,13312105__,.41,07,,01,04,02,01,05,01,05,01,50,FE,S,CHAPMAN TER.,,,,35,25,52,,,N,UTILITY POLE BT5162MDT,31362
2018133118MT23246,MONMOUTH,MIDDLETOWN TWP,06/19/2018,TU,1731,01,MIDDLETOWN PD,,0,3,0,0,I,B,N,N,11,1,MONMOUTH COUNTY 54,N,54,,13000054__,3.18,07,,01,04,02,01,01,01,05,01,400,FE,S,HICKORY LN,,,,40,25,56,,,N,FENCE  SHRUBS AND TREE AT 20 GREENGROVE ST,31373
2018133118MT23387,MONMOUTH,MIDDLETOWN TWP,06/20/2018,WE,1438,01,MIDDLETOWN PD,,0,0,0,0,P,B,N,N,08,2,WINDERMERE RD,,,,,,07,,01,04,02,01,01,01,05,01,10,FE,E,STRATHMORE RD,,,,25,25,26,,,N,,31332
2018133118MT23521,MONMOUTH,MIDDLETOWN TWP,06/21/2018,TH,1439,01,MIDDLETOWN PD,,0,0,0,0,P,B,N,N,05,2,1800 STATE RTE 35 SOUTH,S,,,,,09,,02,04,02,01,01,01,05,01,,,,(ARBOR TERRACE PARKING LOT),,,,,,26,,,N,,31311
2018133118MT23522,MONMOUTH,MIDDLETOWN TWP,06/21/2018,TH,1514,01,MIDDLETOWN PD,,0,3,0,0,I,B,N,N,01,2,MONMOUTH COUNTY 50,S,50,,13000050__,6.42,05,,01,04,02,01,01,01,05,01,200,FE,S,ORCHARD ST / RAILROAD AVE,,,,35,25,26,,,N,,31380
2018133118MT23532,MONMOUTH,MIDDLETOWN TWP,06/21/2018,TH,1657,01,MIDDLETOWN PD,,0,0,0,0,P,B,N,N,01,2,NJ 35,N,35,,00000035__,36.08,02,,01,04,02,01,01,01,01,01,50,FE,,CRESTVIEW DR,,,,50,25,26,,,N,,31354
2018133118MT23538,MONMOUTH,MIDDLETOWN TWP,06/21/2018,TH,1735,01,MIDDLETOWN PD,,0,0,0,0,P,B,N,N,01,2,ROUTE 520,E,520,,00000520__,15.04,05,,01,04,02,01,01,01,03,01,30,FE,W,HALF MILE RUN,,,,40,35,26,,,N,,31293
2018133118MT23577,MONMOUTH,MIDDLETOWN TWP,06/22/2018,FR,0137,01,MIDDLETOWN PD,MIDDLETOWN,0,0,0,0,P,B,N,N,05,2,ROUTE 516,E,516,,00000516__,16.24,05,,01,05,02,01,05,01,05,01,500,FE,N,CHURCH ST,,,,35,30,26,40.414420,74.075770,N,,31334
2018133118MT23580,MONMOUTH,MIDDLETOWN TWP,06/22/2018,FR,0210,01,MIDDLETOWN PD,,0,1,0,0,I,B,N,N,01,2,NJ 35,S,35,,00000035__,35.71,02,,01,04,02,01,07,01,01,01,5,FE,N,CHAPEL HILL RD / OAK HILL RD,,,,50,40,26,,,N,,31345
2018133118MT23646,MONMOUTH,MIDDLETOWN TWP,06/22/2018,FR,1356,01,MIDDLETOWN PD,,0,0,0,0,P,B,N,N,01,2,ROUTE 520,E,520,,00000520__,14.09,05,,01,04,02,01,01,01,05,01,75,FE,W,SPRING GARDEN RD,,,,40,25,26,,,N,,31259
2018133118MT23697,MONMOUTH,MIDDLETOWN TWP,06/22/2018,FR,2136,01,MIDDLETOWN PD,,0,0,0,0,P,I,N,N,15,1,BRIGHTON AVE,E,,,,,07,,01,04,02,01,06,05,05,01,,AT,,OAK HILL ROAD,,,,35,25,39,,,N,,31340
2018133118MT23701,MONMOUTH,MIDDLETOWN TWP,06/22/2018,FR,2215,01,MIDDLETOWN PD,,0,0,0,0,P,B,N,N,06,2,GREENVIEW CROSSING,E,,,,,07,,01,05,02,02,06,02,05,01,300,FE,E,RIDGEVIEW AVE,,,,25,25,28,,,N,,31305
2018133118MT23783,MONMOUTH,MIDDLETOWN TWP,06/23/2018,SA,1057,01,MIDDLETOWN PD,,0,2,0,0,I,B,N,N,02,5,NJ 35,S,35,,00000035__,36.42,02,,01,05,02,02,01,01,01,01,600,FE,N,APPLE FARM RD,,,,50,25,26,,,N,,
2018133118MT23800,MONMOUTH,MIDDLETOWN TWP,06/23/2018,SA,1529,01,MIDDLETOWN PD,,0,0,0,0,P,B,N,N,01,2,ROUTE 520,W,520,,00000520__,15.05,05,,01,04,02,01,01,05,03,01,15,FE,E,HALF MILE RUN,,,,40,40,26,,,N,,31327
2018133118MT23804,MONMOUTH,MIDDLETOWN TWP,06/23/2018,SA,1724,01,MIDDLETOWN PD,,0,0,0,0,P,B,N,N,08,2,SEVENTH ST,S,,,,,07,,01,06,02,01,01,01,05,01,50,FE,S,NJ 36,,,,25,50,26,,,N,,31288
2018133118MT23857,MONMOUTH,MIDDLETOWN TWP,06/23/2018,SA,2242,01,MIDDLETOWN PD,,0,1,0,0,I,I,N,N,11,1,GARY DR,,,,,,07,,01,04,02,01,07,01,05,01,,AT,W,MORFORD RD,,,,25,25,60,,,N,LAWN / TREE DAMAGE - 16 MORFORD RD.  MIDDLETOWN  NJ 07748,31361
2018133118MT23921,MONMOUTH,MIDDLETOWN TWP,06/24/2018,SU,1209,01,MIDDLETOWN PD,,0,0,0,0,P,B,N,N,07,2,ROUTE 520,W,520,,00000520__,13.71,05,,01,04,02,01,01,01,04,01,50,FE,E,CR 50 / MIDDLETOWN-LINCROFT RD / SW,,,,40,40,26,,,N,,31331
2018133118MT23956,MONMOUTH,MIDDLETOWN TWP,06/24/2018,SU,1759,01,MIDDLETOWN PD,,0,0,0,0,P,B,N,N,01,2,ROUTE 516,E,516,,00000516__,16.52,05,,01,04,02,01,01,01,05,01,20,FE,E,MAIN ST,,,,35,35,26,,,N,,31379
2018133118MT23970,MONMOUTH,MIDDLETOWN TWP,06/24/2018,SU,2026,01,MIDDLETOWN PD,,0,0,0,0,P,I,N,N,12,1,W FRONT ST,E,,,13312109__,.50,07,,01,06,02,02,03,02,05,01,,AT,,WINDMERE ROAD,,,,40,25,24,,,N,,31373
2018133118MT24026,MONMOUTH,MIDDLETOWN TWP,06/25/2018,MO,0615,01,MIDDLETOWN PD,,0,0,0,0,P,B,N,N,06,3,FOREST AVE,,,,,,07,,01,04,02,01,00,01,05,01,2640,FE,N,WILLIAMS AVE,,,,25,25,28,40.438980,74.125560,N,,
2018133118MT24082,MONMOUTH,MIDDLETOWN TWP,06/25/2018,MO,1335,01,MIDDLETOWN PD,,0,0,0,0,P,B,N,N,06,2,STEPHENVILLE BLVD,E,,,,,07,,01,04,02,01,01,01,05,01,50,FE,N,RICHARD TERRACE,,,,25,25,28,,,N,,31341
2018133118MT24083,MONMOUTH,MIDDLETOWN TWP,06/25/2018,MO,1403,01,MIDDLETOWN PD,,0,2,0,0,I,I,N,N,07,2,MONMOUTH COUNTY 52,N,52,,13000052__,2.80,05,,02,04,02,01,01,01,05,01,,AT,,CR 12 / DWIGHT RD / RED HILL RD,,,,40,40,26,40.375730,74.143550,N,,31276
2018133118MT24108,MONMOUTH,MIDDLETOWN TWP,06/25/2018,MO,1751,01,MIDDLETOWN PD,,0,0,0,0,P,B,N,N,01,2,MONMOUTH COUNTY 12 A,W,12,A,13000012A_,.29,05,,01,04,02,01,01,01,05,01,40,FE,E,TULIP LN,,,,35,25,26,,,N,,31340
2018133118MT24111,MONMOUTH,MIDDLETOWN TWP,06/25/2018,MO,1746,01,MIDDLETOWN PD,,0,0,0,0,P,B,N,N,01,2,ROUTE 520,W,520,,00000520__,15.09,05,,01,04,02,01,01,01,02,01,200,FE,E,HALF MILE RUN,,,,40,30,26,,,N,,31293
2018133118MT24117,MONMOUTH,MIDDLETOWN TWP,06/25/2018,MO,1859,01,MIDDLETOWN PD,,0,0,0,0,P,B,N,N,02,2,NJ 35,N,35,,00000035__,37.29,02,,01,06,02,01,01,01,05,01,200,FE,S,KINGS HWY WEST / TINDALL RD,,,,50,35,26,,,N,,31325
2018133118MT24125,MONMOUTH,MIDDLETOWN TWP,06/25/2018,MO,2055,01,MIDDLETOWN PD,,0,0,0,0,P,B,N,N,12,1,MONMOUTH COUNTY 50,S,50,,13000050__,3.36,05,,02,05,02,01,06,01,05,01,1000,FE,S,SUNNYSIDE RD,,,,40,25,24,,,N,,31293
2018133118MT24132,MONMOUTH,MIDDLETOWN TWP,06/25/2018,MO,2215,01,MIDDLETOWN PD,,0,0,0,0,P,B,N,N,02,2,TINDALL RD,W,,,13312100__,.37,07,,01,04,02,01,05,01,05,01,10,FE,W,KNAPP CIRCLE,,,,35,25,26,,,N,,31325
2018133118MT24199,MONMOUTH,MIDDLETOWN TWP,06/26/2018,TU,1212,01,MIDDLETOWN PD,,0,0,0,0,P,B,N,N,01,2,NJ 35,S,35,,00000035__,37.98,02,,01,04,02,01,01,01,01,01,15,FE,N,CR 50 / NEW MONMOUTH RD,,,,50,35,26,,,N,,31377
2018133118MT24224,MONMOUTH,MIDDLETOWN TWP,06/26/2018,TU,1500,01,MIDDLETOWN PD,,0,0,0,0,P,I,N,N,02,2,MONMOUTH COUNTY 50,N,50,,13000050__,7.08,05,,01,04,02,01,01,01,05,01,,AT,,,F,NJ 35,NB,35,,26,,,N,,31377
2018133118MT24348,MONMOUTH,MIDDLETOWN TWP,06/27/2018,WE,1713,01,MIDDLETOWN PD,,0,0,0,0,P,B,Y,N,01,2,MONMOUTH COUNTY 50,S,50,,13000050__,7.02,05,,01,06,02,01,01,05,05,01,300,FE,S,NJ 35,,,,25,50,26,,,N,,31376
2018133118MT24355,MONMOUTH,MIDDLETOWN TWP,06/27/2018,WE,1812,01,MIDDLETOWN PD,,0,0,0,0,P,B,N,N,01,2,ROUTE 520,W,520,,00000520__,13.57,05,,01,04,02,01,01,05,05,01,20,FE,E,NJ 54 / PHALANX RD,,,,40,40,26,,,N,,31373
2018133118MT24411,MONMOUTH,MIDDLETOWN TWP,06/28/2018,TH,0703,01,MIDDLETOWN PD,,0,0,0,0,P,B,N,N,08,2,130 STATE ROUTE 36 SOUTH,S,,,,,09,,01,06,02,02,01,02,05,01,15,FE,S,(POLAR BEAR ICE CREAM PARKING LOT),,,,15,50,26,40.433870,74.123360,N,,31362
2018133118MT24417,MONMOUTH,MIDDLETOWN TWP,06/28/2018,TH,0752,01,MIDDLETOWN PD,,0,0,0,0,P,B,N,N,11,1,NJ 35,S,35,,00000035__,35.71,02,,01,04,02,02,01,02,01,01,50,FE,S,,T,OAK HILL RD,EB,50,,56,,,N,GUTTER OF MIDAS MUFFLERS #450 ROUTE 35 SOUTH DAMAGED,31339
2018133118MT24436,MONMOUTH,MIDDLETOWN TWP,06/28/2018,TH,0956,01,MIDDLETOWN PD,,0,0,0,0,P,B,N,N,01,2,NJ 35,S,35,,00000035__,37.22,02,,01,04,02,02,01,01,05,01,,,W,,F,KINGS HWY,SB,50,,26,,,N,,31339
2018133118MT24473,MONMOUTH,MIDDLETOWN TWP,06/28/2018,TH,1635,01,MIDDLETOWN PD,,0,0,0,0,P,B,N,N,01,2,NJ 35,S,35,,00000035__,38.44,02,,01,04,02,01,01,01,01,01,1320,FE,S,HARMONY RD / KINGS HWY,,,,50,35,26,,,N,,31379
2018133118MT24494,MONMOUTH,MIDDLETOWN TWP,06/28/2018,TH,2109,01,MIDDLETOWN PD,,0,1,0,0,I,B,N,N,11,1,OAK HILL ROAD,E,,,,,07,,01,04,02,01,06,01,05,01,100,FE,W,SOUTHALL LANE,,,,35,25,56,,,N,UTILITY POLE #JC52MDT,31342
2018133118MT24496,MONMOUTH,MIDDLETOWN TWP,06/28/2018,TH,2141,01,MIDDLETOWN PD,,0,1,0,0,I,B,N,N,01,2,OAK HILL RD,W,,,,,07,,01,06,02,01,06,01,05,01,10,FE,W,SOUTHALL CT,,,,35,25,26,,,N,,31310
2018133118MT24497,MONMOUTH,MIDDLETOWN TWP,06/28/2018,TH,2136,01,MIDDLETOWN PD,,0,0,0,0,P,I,N,N,03,2,ROUTE 516,N,516,,00000516__,16.04,05,,01,04,02,01,06,01,05,01,,AT,,CR 50 / NEW MONMOUTH RD / TINDALL R,,,,35,35,26,,,N,,31350
2018133118MT24500,MONMOUTH,MIDDLETOWN TWP,06/28/2018,TH,2215,01,MIDDLETOWN PD,,0,0,0,0,P,I,N,N,03,2,NJ 36,E,36,,00000036__,17.79,02,,01,04,02,01,06,01,01,01,,AT,S,EAST RD,,,,50,35,26,,,N,,31379
2018133118MT24561,MONMOUTH,MIDDLETOWN TWP,06/29/2018,FR,0951,01,MIDDLETOWN PD,,0,1,0,0,I,B,N,N,11,1,KINGS HWY,E,,,13312101__,2.20,07,,02,04,02,01,01,01,05,01,15,FE,E,SARAH LANE,,,,35,25,52,,,N,POLE NUMBER BT41366MDT,31321
2018133118MT24566,MONMOUTH,MIDDLETOWN TWP,06/29/2018,FR,0949,01,MIDDLETOWN PD,,0,0,0,0,P,B,N,N,05,2,NJ 35,S,35,,00000035__,37.22,02,,01,04,02,01,01,01,01,01,25,FE,N,KINGS HWY EAST,,,,50,35,26,,,N,,31294