Year(4)-CountyCode(2)-MunicipalityCode(2)-CaseNumber(9),County Name,Municipality Name,Crash Date,Crash Day of Week,Crash Time,Police Department Code,Police Department,Police Station,Total Killed,Total Injured,Pedestrians Killed,Pedestrians Injured,Severity,Intersection,Alcohol Involved,Hazmat Involved,Crash Type,Total Vehicles,Location,Location Direction,Route,Route Suffix,Std Rte Identifier,MilePost,Road System,Road Character,Road Horizontal Alignment,Road Grade,Road Surface Type,Surface Condition,Light Condition,Environmental Condition,Road Divided By,Temporary Traffic Control Zone,Distance To Cross Street,Unit Of Measurement,Direction From Cross Street,Cross Street Name,Is Ramp,Ramp To/From Route Name,Ramp To/From Route Direction,Posted Speed,Posted Speed Cross Street,First Harmful Event,Latitude,Longitude,Cell Phone In Use Flag,Other Property Damage,Reporting Badge No.
2018133118MT31008,MONMOUTH,MIDDLETOWN TWP,08/16/2018,TH,2025,01,MIDDLETOWN PD,,0,1,0,0,I,B,N,N,01,2,MONMOUTH COUNTY 7 I,N,7,1,130000071_,1.72,05,,01,04,02,01,07,01,05,01,5,FE,W,NJ 36,,,,30,50,26,,,N,,31369
2018133118MT31090,MONMOUTH,MIDDLETOWN TWP,08/17/2018,FR,1321,01,MIDDLETOWN PD,,0,0,0,0,P,B,N,N,01,2,NJ 35,S,35,,00000035__,34.71,02,,01,04,02,01,01,01,01,01,50,FE,N,CR 12 A / NAVISINK RIVER RD,,,,50,35,26,40.358590,74.078230,N,,31346
2018133118MT31106,MONMOUTH,MIDDLETOWN TWP,08/17/2018,FR,1559,01,MIDDLETOWN PD,,0,0,0,0,P,B,N,N,01,2,PARK AVE **,S,,,13311119__,.47,07,,01,04,02,01,01,01,05,01,10,FE,E,GREENE AVE,,,,35,25,26,,,N,,31357
2018133118MT31123,MONMOUTH,MIDDLETOWN TWP,08/17/2018,FR,1805,01,MIDDLETOWN PD,,0,0,0,0,P,B,N,N,01,2,MAIN ST **,S,,,13311839__,.42,07,,03,04,02,01,01,01,02,01,25,FE,S,,T,ROUTE 516,WB,35,,26,40.414730,74.094970,N,,31376
2018133118MT31136,MONMOUTH,MIDDLETOWN TWP,08/17/2018,FR,1922,01,MIDDLETOWN PD,,0,0,0,0,P,I,N,N,03,2,MAIN ST **,N,,,13311839__,.00,07,,01,04,02,01,01,01,05,01,,AT,,,F,NJ 36,NB,35,,26,40.427630,74.105240,N,,31305
2018133118MT31179,MONMOUTH,MIDDLETOWN TWP,08/18/2018,SA,0005,01,MIDDLETOWN PD,,0,0,0,0,P,B,N,N,08,2,NJ 36,S,36,,00000036__,15.95,02,,01,04,02,01,06,01,01,01,3168,FE,S,BELLEVILLE AVE,,,,50,25,26,40.412140,74.048430,N,,31265
2018133118MT31231,MONMOUTH,MIDDLETOWN TWP,08/18/2018,SA,1134,01,MIDDLETOWN PD,,0,2,0,0,I,B,N,N,04,2,MONMOUTH COUNTY 7 I,S,7,1,130000071_,.85,05,,01,04,02,01,01,01,05,01,15,FE,S,MAIN ST / MIDDLE AVE,,,,35,35,26,,,N,,31330
2018133118MT31245,MONMOUTH,MIDDLETOWN TWP,08/18/2018,SA,1315,01,MIDDLETOWN PD,,0,0,0,0,P,B,N,N,02,2,HALF MILE RD,S,,,13312110__,.00,07,,01,04,02,01,01,01,05,01,50,FE,S,ROUTE 520 / NEWMAN SPRINGS RD,,,,40,40,26,40.336680,74.096740,N,,31359
2018133118MT31246,MONMOUTH,MIDDLETOWN TWP,08/18/2018,SA,1330,01,MIDDLETOWN PD,,0,0,0,0,P,B,N,N,11,1,MONMOUTH COUNTY 7 I,N,7,1,130000071_,.00,05,,01,04,02,01,01,01,05,01,20,FE,S,BILLINGSGATE DR,,,,35,25,59,40.416910,74.135630,N,#952 PALMER AVE SUSTAINED DAMAGE TO LANDSCAPE AND FENCE.,31346
2018133118MT31413,MONMOUTH,MIDDLETOWN TWP,08/19/2018,SU,1728,01,MIDDLETOWN PD,,0,0,0,0,P,I,N,N,01,2,ROUTE 516,E,516,,00000516__,18.03,05,,01,04,02,02,01,02,05,01,,AT,,APPLETON AVE,,,,35,25,26,,,N,,31373
2018133118MT31522,MONMOUTH,MIDDLETOWN TWP,08/20/2018,MO,1345,01,MIDDLETOWN PD,,0,0,0,0,P,B,N,N,02,2,NJ 35,N,35,,00000035__,35.94,02,,01,05,02,01,01,01,01,04,1200,FE,N,CHAPEL HILL RD / OAK HILL RD,,,,50,35,26,,,N,,31321
2018133118MT31624,MONMOUTH,MIDDLETOWN TWP,08/21/2018,TU,0931,01,MIDDLETOWN PD,,0,0,0,0,P,B,N,N,02,2,MALCOLM WAY,W,,,,,07,,01,04,02,01,01,05,05,01,100,FE,E,FOULKS TERRACE,,,,25,25,26,,,N,,31332
2018133118MT31629,MONMOUTH,MIDDLETOWN TWP,08/21/2018,TU,1006,01,MIDDLETOWN PD,,0,0,0,0,P,B,N,N,01,2,NJ 35,N,35,,00000035__,37.98,02,,03,04,02,01,01,01,05,01,40,FE,,,F,CR 50,NB,50,,26,,,N,,31377
2018133118MT31659,MONMOUTH,MIDDLETOWN TWP,08/21/2018,TU,1318,01,MIDDLETOWN PD,,0,0,0,0,P,B,N,N,15,1,MONMOUTH COUNTY 50,N,50,,13000050__,3.57,05,,01,04,02,01,01,01,05,01,100,FE,N,SUNNYSIDE RD,,,,40,35,39,,,N,,31332
2018133118MT31721,MONMOUTH,MIDDLETOWN TWP,08/22/2018,WE,0733,01,MIDDLETOWN PD,,0,0,0,0,P,B,N,N,11,1,MANOR PKWY,,,,,,07,,01,04,02,02,07,02,05,01,10,FE,N,RIVERBROOK AVE.,,,,25,25,52,,,N,UTILITY POLE #BT5226MDT IN FRONT OF 200 MANOR PARKWAY,31309
2018133118MT31723,MONMOUTH,MIDDLETOWN TWP,08/22/2018,WE,0733,01,MIDDLETOWN PD,,0,1,0,0,I,B,N,N,01,2,W FRONT ST,,,,13312109__,2.98,07,,01,04,02,01,01,01,05,01,50,FE,E,DOW AVE,,,,35,25,26,40.345430,74.090180,N,,31309
2018133118MT31750,MONMOUTH,MIDDLETOWN TWP,08/22/2018,WE,1113,01,MIDDLETOWN PD,,0,1,0,0,I,B,N,N,01,2,HALF MILE RD,N,,,13312110__,.53,07,,01,04,02,01,01,01,05,01,10,FE,S,WEST FRONT ST,,,,40,35,26,,,N,,31309
2018133118MT31992,MONMOUTH,MIDDLETOWN TWP,08/23/2018,TH,2108,01,MIDDLETOWN PD,,0,0,0,0,P,I,N,N,03,2,MONMOUTH COUNTY 12 A,N,12,A,13000012A_,.55,05,,01,04,02,01,03,01,05,01,,AT,N,NJ 35,,,,35,50,26,,,N,,31357
2018133118MT32074,MONMOUTH,MIDDLETOWN TWP,08/24/2018,FR,1104,01,MIDDLETOWN PD,,0,0,0,0,P,B,N,N,06,2,BROWNS DOCK RD,E,,,,,07,,01,04,03,09,01,01,05,01,500,FE,W,CR 12A,,,,25,35,28,,,N,,31271
2018133118MT32110,MONMOUTH,MIDDLETOWN TWP,08/24/2018,FR,1254,01,MIDDLETOWN PD,,0,0,0,0,P,B,N,N,06,2,GILLINGHAM CT,,,,,,07,,01,04,05,01,01,01,05,02,50,FE,W,WATERFORD WAY,,,,25,25,28,40.354410,74.135820,N,,31276
2018133118MT32178,MONMOUTH,MIDDLETOWN TWP,08/24/2018,FR,2029,01,MIDDLETOWN PD,,0,0,0,0,P,B,N,N,15,1,NJ 36,E,36,,00000036__,20.31,02,,01,04,02,01,06,01,01,01,500,FE,W,ZILINSKI DRIVE,,,,50,25,39,,,N,,31354
2018133118MT32251,MONMOUTH,MIDDLETOWN TWP,08/25/2018,SA,1106,01,MIDDLETOWN PD,,0,3,0,0,I,B,N,N,06,2,SEABREEZE AVE,E,,,,,07,,01,04,02,01,01,01,05,01,50,FE,E,HUDSON AVE.,,,,25,25,26,,,N,,31317
2018133118MT32265,MONMOUTH,MIDDLETOWN TWP,08/25/2018,SA,1555,01,MIDDLETOWN PD,,0,1,0,0,I,I,N,N,03,3,RED HILL RD,W,,,13312106__,1.81,07,,01,06,02,01,01,01,05,01,,AT,,HOLLAND RD,,,,30,35,26,,,N,,31294
2018133118MT32269,MONMOUTH,MIDDLETOWN TWP,08/25/2018,SA,1720,01,MIDDLETOWN PD,,0,0,0,0,P,B,N,N,11,1,AT&T ROAD,S,,,,,07,,01,04,02,01,01,01,02,01,15,FE,N,HOLLAND ROAD,,,,25,35,56,,,N,,31325
2018133118MT32271,MONMOUTH,MIDDLETOWN TWP,08/25/2018,SA,1730,01,MIDDLETOWN PD,,0,1,0,0,I,I,N,N,03,2,HUDSON AVE **,E,,,13311467__,.00,07,,01,04,02,01,01,01,05,01,,AT,,SEABREEZE AVE,,,,25,25,26,,,N,,31369
2018133118MT32275,MONMOUTH,MIDDLETOWN TWP,08/25/2018,SA,1857,01,MIDDLETOWN PD,,0,0,0,0,P,B,N,N,01,2,NJ 36,S,36,,00000036__,13.16,02,,03,05,02,01,01,01,03,01,125,FE,E,CR 8B / NAVESINK AVE / ORCHARD AVE,,,,50,40,26,,,N,,31351
2018133118MT32343,MONMOUTH,MIDDLETOWN TWP,08/26/2018,SU,1435,01,MIDDLETOWN PD,,0,0,0,0,P,B,N,N,02,2,MONMOUTH COUNTY 12,E,12,,13000012__,.73,05,,01,04,02,01,01,01,05,01,40,FE,E,SOUTH LAKE DR,,,,35,25,26,40.356960,74.090660,N,MAILBOX OF 714 NUTSWAMP ROAD,31276
2018133118MT32417,MONMOUTH,MIDDLETOWN TWP,08/27/2018,MO,0902,01,MIDDLETOWN PD,,0,0,0,0,P,B,N,N,01,3,MONMOUTH COUNTY 12,S,12,,13000012__,.08,05,,01,04,02,01,01,01,05,01,75,FE,S,FOSTER ST,,,,35,25,26,,,N,,
2018133118MT32437,MONMOUTH,MIDDLETOWN TWP,08/27/2018,MO,1155,01,MIDDLETOWN PD,,0,0,0,0,P,B,N,N,01,2,NJ 35,S,35,,00000035__,36.73,02,,01,05,02,01,01,01,01,01,300,FE,S,WOODLAND DR,,,,50,25,26,40.385220,74.096010,N,,31346
2018133118MT32445,MONMOUTH,MIDDLETOWN TWP,08/27/2018,MO,1304,01,MIDDLETOWN PD,,0,0,0,0,P,B,N,N,06,2,PINEHURST AVE **,,,,13311364__,.06,07,,01,04,02,01,01,01,05,01,100,FE,S,BROAD ST,,,,25,25,28,,,N,,31282
2018133118MT32469,MONMOUTH,MIDDLETOWN TWP,08/27/2018,MO,1625,01,MIDDLETOWN PD,,0,0,0,0,P,B,N,N,01,2,KINGS HWY,E,,,13312101__,.59,07,,01,04,02,01,01,01,05,01,10,FE,W,CR 50 / NEW MONMOUTH RD,,,,40,35,26,,,Y,,31373
2018133118MT32523,MONMOUTH,MIDDLETOWN TWP,08/27/2018,MO,2048,01,MIDDLETOWN PD,,0,0,0,0,P,I,N,N,01,2,MONMOUTH COUNTY 12,S,12,,13000012__,.00,05,,01,04,02,01,06,01,05,01,,AT,,CR 10 / W FRONT ST,,,,35,35,26,,,N,,31372
2018133118MT32595,MONMOUTH,MIDDLETOWN TWP,08/28/2018,TU,0903,01,MIDDLETOWN PD,,0,1,0,0,I,B,N,N,01,3,ROUTE 520,W,520,,00000520__,15.05,05,,01,04,02,01,01,01,02,01,15,FE,E,HALF MILE RUN,,,,40,40,26,,,N,,
2018133118MT32659,MONMOUTH,MIDDLETOWN TWP,08/28/2018,TU,1731,01,MIDDLETOWN PD,,0,0,0,0,P,B,N,N,06,2,MAIN ST,S,,,13312103__,.00,07,,01,04,02,01,01,01,05,01,25,FE,N,NJ 36,,,,35,50,28,,,N,,31350
2018133118MT32680,MONMOUTH,MIDDLETOWN TWP,08/28/2018,TU,1921,01,MIDDLETOWN PD,,0,0,0,0,P,B,N,N,01,2,NJ 36,W,36,,00000036__,16.84,02,,01,04,02,01,01,01,01,01,50,FE,E,BROADWAY,,,,50,35,26,,,N,,31350
2018133118MT32791,MONMOUTH,MIDDLETOWN TWP,08/29/2018,WE,1204,01,MIDDLETOWN PD,,0,0,0,0,P,I,N,N,03,2,ROUTE 516,E,516,,00000516__,14.67,05,,01,04,02,01,01,01,05,01,,AT,,JOHNSON TER,,,,40,25,26,,,N,,31341
2018133118MT32814,MONMOUTH,MIDDLETOWN TWP,08/29/2018,WE,1621,01,MIDDLETOWN PD,,0,0,0,0,P,B,N,N,01,2,ROUTE 520,E,520,,00000520__,13.57,05,,01,04,02,01,01,01,05,01,25,FE,W,NJ 54 / PHALANX RD,,,,35,40,26,,,N,,31353
2018133118MT32820,MONMOUTH,MIDDLETOWN TWP,08/29/2018,WE,1810,01,MIDDLETOWN PD,,0,0,0,0,P,B,N,N,01,2,ROUTE 520,E,520,,00000520__,13.40,05,,01,04,02,01,01,01,05,01,30,FE,W,BROUWER CT,,,,40,25,26,,,N,,31340
2018133118MT32886,MONMOUTH,MIDDLETOWN TWP,08/30/2018,TH,0720,01,MIDDLETOWN PD,,0,1,0,0,I,B,N,N,03,2,KANES LANE,E,,,,,07,,01,04,02,01,01,01,05,01,1320,FE,E,NJ 35,,,,25,50,26,40.386370,74.090510,N,,31323
2018133118MT32895,MONMOUTH,MIDDLETOWN TWP,08/30/2018,TH,0828,01,MIDDLETOWN PD,,0,0,0,0,P,B,N,N,06,2,ESSEX ST **,,,,13311382__,.05,07,,01,04,02,01,00,01,05,01,3,FE,E,UNION PL,,,,25,25,28,,,N,,31269
2018133118MT32896,MONMOUTH,MIDDLETOWN TWP,08/30/2018,TH,0825,01,MIDDLETOWN PD,,0,0,0,0,P,B,N,N,06,2,REGENCY CT,E,,,,,09,,01,04,02,01,01,01,05,01,,,,REGENCY PARK PARKING LOT,,,,15,,28,,,N,,31317
2018133118MT32897,MONMOUTH,MIDDLETOWN TWP,08/30/2018,TH,0904,01,MIDDLETOWN PD,,0,0,0,0,P,B,N,N,06,2,LINDEN AVE **,W,,,13311403__,.09,07,,01,04,02,01,00,01,05,01,50,FE,W,BRAY AVE,,,,25,30,28,,,N,,31269
2018133118MT32923,MONMOUTH,MIDDLETOWN TWP,08/30/2018,TH,1235,01,MIDDLETOWN PD,,0,0,0,0,P,B,N,N,01,2,CHAPEL HILL RD **,W,,,13311222__,.01,07,,01,04,02,01,01,01,04,01,50,FE,E,NJ 35,,,,35,50,26,,,N,,31341
2018133118MT32950,MONMOUTH,MIDDLETOWN TWP,08/30/2018,TH,1704,01,MIDDLETOWN PD,,0,1,0,0,I,B,N,N,01,2,ROUTE 520,W,520,,00000520__,15.05,05,,01,04,02,01,01,01,02,01,10,FE,W,HALF MILE RUN,,,,40,40,26,,,N,,31353
2018133118MT32965,MONMOUTH,MIDDLETOWN TWP,08/30/2018,TH,1847,01,MIDDLETOWN PD,,0,0,0,0,P,B,N,N,11,1,CEDAR AVE **,W,,,13311393__,.30,07,,01,04,02,01,01,01,05,01,10,FE,W,HUDSON AVE,,,,25,25,56,,,N,STOP SIGN AND STREET SIGNS AT INTERSECTION OF CEDAR AVE AND HUDSON AVE,31351
2018133118MT33088,MONMOUTH,MIDDLETOWN TWP,08/31/2018,FR,1856,01,MIDDLETOWN PD,,0,0,0,0,P,B,N,N,08,2,BURLINGTON AVE **,E,,,13311280__,.26,07,,01,04,02,01,01,01,05,01,30,FE,W,APPLETON AVE,,,,25,25,26,,,N,,31379
2018133118MT33184,MONMOUTH,MIDDLETOWN TWP,09/01/2018,SA,1053,01,MIDDLETOWN PD,,0,1,0,0,I,I,N,N,01,2,NJ 36,N,36,,00000036__,20.36,02,,01,04,02,01,01,05,01,01,,AT,,EUCLID AVE,,,,50,25,26,,,N,,31327
2018133118MT33188,MONMOUTH,MIDDLETOWN TWP,09/01/2018,SA,1122,01,MIDDLETOWN PD,,0,0,0,0,P,B,N,N,08,2,260 LOCUST AVE,E,,,,,06,,01,04,05,01,01,01,05,01,,,,CLAY PIT PARKING LOT,,,,15,,26,,,N,,31240
2018133118MT33217,MONMOUTH,MIDDLETOWN TWP,09/01/2018,SA,1639,01,MIDDLETOWN PD,,0,0,0,0,P,I,N,N,01,2,MONMOUTH COUNTY 12,E,12,,13000012__,2.44,05,,03,05,02,01,01,01,05,01,,AT,,CR 50 / MIDDLETOWN-LINCROFT RD,,,,40,40,26,,,N,,31373
2018133118MT33234,MONMOUTH,MIDDLETOWN TWP,09/01/2018,SA,1751,01,MIDDLETOWN PD,,0,0,0,0,P,B,Y,N,11,1,970 HIGHWAY 36,E,,,,,09,,01,04,02,01,01,01,05,01,,,,MCDONALDS PARKING LOT,,,,50,,69,,,N,"YELLOW """"CLEARANCE 9FT"""" SIGN AT MCDONALDS DRIVE-THRU",31372
2018133118MT33237,MONMOUTH,MIDDLETOWN TWP,09/01/2018,SA,1824,01,MIDDLETOWN PD,,0,1,0,0,I,B,N,N,12,1,MONMOUTH COUNTY 8 A,N,8,A,13000008A_,2.97,05,,01,04,02,01,01,01,05,01,30,FE,S,CR 8 B / MONMOUTH AVE,,,,40,40,24,,,N,,31342
2018133118MT33354,MONMOUTH,MIDDLETOWN TWP,09/02/2018,SU,1055,01,MIDDLETOWN PD,,0,0,0,0,P,B,N,N,03,2,TINDALL RD,W,,,13312100__,.00,07,,03,04,02,01,01,01,05,01,20,FE,E,NJ 35,,,,40,50,26,,,N,,31327
2018133118MT33378,MONMOUTH,MIDDLETOWN TWP,09/02/2018,SU,1526,01,MIDDLETOWN PD,,0,0,0,0,P,B,N,N,01,2,GARDEN STATE PARKWAY,N,444,,00000444__,113.86,03,,01,04,02,01,01,01,05,01,10,FE,E,,T,CR 52 / RED HILL ROAD,EB,35,,26,,,N,,31357
2018133118MT33507,MONMOUTH,MIDDLETOWN TWP,09/03/2018,MO,1150,01,MIDDLETOWN PD,,0,0,0,0,P,B,N,N,01,2,NJ 35,S,35,,00000035__,39.57,02,,01,04,02,01,01,01,01,01,50,FE,S,CR 7 / PALMER AVE,,,,50,40,26,,,N,,31341
2018133118MT33532,MONMOUTH,MIDDLETOWN TWP,09/03/2018,MO,1704,01,MIDDLETOWN PD,,0,0,0,0,P,I,N,N,01,2,NJ 35,N,35,,00000035__,35.71,02,,01,04,02,01,01,01,01,01,,AT,S,CHAPEL HILL RD / OAK HILL RD,,,,50,35,26,,,N,,31380
2018133118MT33601,MONMOUTH,MIDDLETOWN TWP,09/04/2018,TU,0753,01,MIDDLETOWN PD,,0,0,0,0,P,B,N,N,02,2,KINGS HWY,W,,,13312101__,1.64,07,,01,04,02,01,01,01,05,01,100,FE,W,NJ 35,,,,35,50,26,,,N,,31377
2018133118MT33605,MONMOUTH,MIDDLETOWN TWP,09/04/2018,TU,0841,01,MIDDLETOWN PD,,0,0,0,0,P,B,N,N,04,2,IROQUOIS DR **,S,,,13311910__,.01,07,,02,04,02,01,01,01,05,01,30,FE,N,WOODSIDE DR,,,,25,25,26,,,N,,31333
2018133118MT33609,MONMOUTH,MIDDLETOWN TWP,09/04/2018,TU,0924,01,MIDDLETOWN PD,,0,0,0,0,P,B,N,N,01,2,ROUTE 520,W,520,,00000520__,15.06,05,,01,04,02,01,01,01,02,01,60,FE,E,HALF MILE RUN,,,,45,35,26,,,N,,31321
2018133118MT33611,MONMOUTH,MIDDLETOWN TWP,09/04/2018,TU,0935,01,MIDDLETOWN PD,,0,0,0,0,P,B,N,N,11,3,FOX HILL RD,S,,,,,07,,03,05,02,01,01,01,05,01,150,FE,N,BAMM HOLLOW RD,,,,25,35,26,40.378960,74.124180,N,MAIL BOX AT 3 FOX HILL RD (OWNER SHARON F COGGER),
2018133118MT33616,MONMOUTH,MIDDLETOWN TWP,09/04/2018,TU,1006,01,MIDDLETOWN PD,,0,0,0,0,P,B,N,N,01,2,HARMONY RD,N,,,13311836__,.06,07,,01,04,02,01,01,01,05,01,300,FE,E,NJ 35,,,,35,50,26,,,N,,31317
2018133118MT33654,MONMOUTH,MIDDLETOWN TWP,09/04/2018,TU,1535,01,MIDDLETOWN PD,,0,0,0,0,P,B,N,N,01,2,MONMOUTH COUNTY 7 I,N,7,1,130000071_,.02,05,,01,04,02,01,01,01,05,01,100,FE,E,NJ 35,,,,40,50,26,,,N,,31377
2018133118MT33657,MONMOUTH,MIDDLETOWN TWP,09/04/2018,TU,1602,01,MIDDLETOWN PD,,0,0,0,0,P,B,N,N,01,2,NJ 35,S,35,,00000035__,36.31,02,,01,05,02,01,01,01,01,01,10,FE,N,APPLE FARM RD,,,,50,25,26,,,N,,31269
2018133118MT33664,MONMOUTH,MIDDLETOWN TWP,09/04/2018,TU,1721,01,MIDDLETOWN PD,,0,0,0,0,P,B,N,N,06,2,10 HARBOR WAY,,,,,,09,,01,04,02,01,01,01,05,01,,,,BELFORD FERRY PARKING LOT,,,,,,28,,,N,,31353
2018133118MT33713,MONMOUTH,MIDDLETOWN TWP,09/05/2018,WE,0752,01,MIDDLETOWN PD,,0,0,0,0,P,B,N,N,06,2,1001 MIDDLETOWN LINCRO,N,,,,,09,,01,04,02,01,01,01,05,01,,,,THOMPSON MID SCHOOL PARKING LOT,,,,,,28,,,N,,31339
2018133118MT33733,MONMOUTH,MIDDLETOWN TWP,09/05/2018,WE,0934,01,MIDDLETOWN PD,,0,1,0,0,I,B,N,N,01,2,HALF MILE RD,S,,,13312110__,.04,07,,01,04,02,01,01,01,04,01,200,FE,N,ROUTE 520 / NEWMAN SPRINGS RD,,,,40,40,26,,,N,,31331
2018133118MT33736,MONMOUTH,MIDDLETOWN TWP,09/05/2018,WE,0954,01,MIDDLETOWN PD,,0,0,0,0,P,B,N,N,11,1,WILSON AVE,S,,,13312105__,.41,07,,01,04,02,01,01,01,05,01,5,FE,S,CHAPMAN TER / LOCUST TER,,,,35,25,56,,,N,,31330
2018133118MT33753,MONMOUTH,MIDDLETOWN TWP,09/05/2018,WE,1142,01,MIDDLETOWN PD,,0,0,0,0,P,B,N,N,01,2,NJ 35,,35,,00000035__,37.98,02,,03,04,02,01,01,01,05,01,,,,,F,CR 50 / NEW MONMOUTH ROAD,WB,50,,26,40.399650,74.115400,N,,31306
2018133118MT33770,MONMOUTH,MIDDLETOWN TWP,09/05/2018,WE,1655,01,MIDDLETOWN PD,,0,0,0,0,P,B,N,N,11,1,CHURCH ST **,S,,,13311150__,.32,07,,01,04,02,01,01,01,05,01,15,FE,N,RUSSET AVE,,,,35,25,56,,,N,STEPS AND RAILING #407 CHURCH  RETAINING WALLS #411 CHURCH,31330
2018133118MT33783,MONMOUTH,MIDDLETOWN TWP,09/05/2018,WE,1722,01,MIDDLETOWN PD,,0,1,0,0,I,B,N,N,10,1,MONMOUTH COUNTY 8 B,N,8,B,13000008B_,.09,05,,01,06,02,02,01,01,05,01,200,FE,N,HARTSHORNE RD,,,,35,25,60,,,Y,TWO TREES  MAIL BOX AND MIDDLETOWN TWP. RECYCLING CAN,31373
2018133118MT33790,MONMOUTH,MIDDLETOWN TWP,09/05/2018,WE,1657,01,MIDDLETOWN PD,,0,0,0,0,P,B,N,N,03,2,ROUTE 516,W,516,,00000516__,16.50,05,,01,04,02,01,01,01,05,01,100,FE,W,MAIN ST,,,,35,35,26,,,N,,31343
2018133118MT33805,MONMOUTH,MIDDLETOWN TWP,09/05/2018,WE,1926,01,MIDDLETOWN PD,,0,0,0,0,P,B,N,N,03,4,MONMOUTH COUNTY 7 I,N,7,1,130000071_,.04,05,,01,04,02,01,03,01,05,01,200,FE,E,NJ 35,,,,35,50,26,,,N,,
2018133118MT33904,MONMOUTH,MIDDLETOWN TWP,09/06/2018,TH,1150,01,MIDDLETOWN PD,,0,0,0,0,P,B,N,N,06,2,63 TINDALL ROAD,W,,,,,08,,01,04,02,01,01,01,05,01,,,,MIDDLETOWN HS NORTH PARKING LOT,,,,,,28,,,N,,31286
2018133118MT33920,MONMOUTH,MIDDLETOWN TWP,09/06/2018,TH,1454,01,MIDDLETOWN PD,,0,0,0,0,P,B,N,N,01,2,MONMOUTH COUNTY 52,E,52,,13000052__,2.76,05,,03,05,02,01,01,01,02,01,10,FE,W,CR 12 / DWIGHT RD,,,,40,40,26,,,N,,31280
2018133118MT33926,MONMOUTH,MIDDLETOWN TWP,09/06/2018,TH,1545,01,MIDDLETOWN PD,,0,0,0,0,P,B,N,N,06,2,BAY HILL RD,,,,,,07,,01,04,02,01,01,01,05,01,750,FE,E,HILL RD,,,,25,25,26,40.402490,74.053320,N,,
2018133118MT33948,MONMOUTH,MIDDLETOWN TWP,09/06/2018,TH,1811,01,MIDDLETOWN PD,,0,0,0,0,P,B,N,N,11,1,ROUTE 520,S,520,,00000520__,15.34,05,,01,04,02,01,03,01,02,01,5,FE,E,PARKWAY PL,,,,40,35,56,,,N,,31357
2018133118MT34013,MONMOUTH,MIDDLETOWN TWP,09/07/2018,FR,0838,01,MIDDLETOWN PD,,0,0,0,0,P,B,N,N,01,2,MONMOUTH COUNTY 52,,52,,13000052__,2.04,05,,01,04,02,01,01,05,05,01,300,FE,N,CRAWFORDS CORNER EVERETT / MIDDLETO,,,,40,40,26,,,N,,31373
2018133118MT34076,MONMOUTH,MIDDLETOWN TWP,09/07/2018,FR,1752,01,MIDDLETOWN PD,,0,0,0,0,P,B,N,N,01,2,MONMOUTH COUNTY 12 A,E,12,A,13000012A_,1.78,05,,01,06,02,01,01,05,05,01,10,FE,W,LUFFFBURROW LN,,,,35,25,26,,,N,,31325
2018133118MT34082,MONMOUTH,MIDDLETOWN TWP,09/07/2018,FR,1629,01,MIDDLETOWN PD,,0,1,0,0,I,I,N,N,03,2,LAKELAND DR **,,,,13311022__,.07,07,,01,04,02,01,01,01,05,01,,AT,,TWILIGHT PL,,,,25,25,26,,,N,,31351
2018133118MT34107,MONMOUTH,MIDDLETOWN TWP,09/07/2018,FR,2119,01,MIDDLETOWN PD,,0,0,0,0,P,B,N,N,06,2,OAK ST **,W,,,13311562__,.08,07,,02,04,02,01,03,01,05,,1000,FE,S,WALNUT ST,,,,25,25,26,40.422910,74.107570,N,,31369
2018133118MT34146,MONMOUTH,MIDDLETOWN TWP,09/08/2018,SA,0842,01,MIDDLETOWN PD,,0,0,0,0,P,B,N,N,01,2,ROUTE 520,,520,,00000520__,13.71,05,,01,04,02,02,01,02,05,01,75,FE,E,CR 50 / MIDDLETOWN-LINCROFT RD / SW,,,,35,40,26,,,N,,
2018133118MT34154,MONMOUTH,MIDDLETOWN TWP,09/08/2018,SA,1048,01,MIDDLETOWN PD,,0,0,0,0,P,B,N,N,11,1,NJ 35,N,35,,00000035__,39.58,02,,03,05,02,02,01,01,02,01,10,FE,E,CR 7 / PALMER AVE,,,,50,40,56,,,N,,
2018133118MT34158,MONMOUTH,MIDDLETOWN TWP,09/08/2018,SA,1135,01,MIDDLETOWN PD,,0,0,0,0,P,B,N,N,01,2,NJ 35,S,35,,00000035__,39.57,02,,01,04,02,02,01,01,01,01,75,FE,S,CR 7 / PALMER AVE,,,,50,40,26,,,N,,31311
2018133118MT34190,MONMOUTH,MIDDLETOWN TWP,09/08/2018,SA,1711,01,MIDDLETOWN PD,,0,0,0,0,P,B,Y,N,06,2,BAY AVE **,N,,,13311262__,.05,07,,01,04,02,01,01,05,05,01,300,FE,S,NEPTUNE PL,,,,25,25,26,,,N,,31326
2018133118MT34210,MONMOUTH,MIDDLETOWN TWP,09/08/2018,SA,2242,01,MIDDLETOWN PD,,0,0,0,0,P,B,N,N,01,2,NJ 35,N,35,,00000035__,35.71,02,,01,06,02,01,06,01,01,01,20,FE,S,CHAPEL HILL RD / OAK HILL RD,,,,50,35,26,,,N,,31325
2018133118MT34246,MONMOUTH,MIDDLETOWN TWP,09/09/2018,SU,0559,01,MIDDLETOWN PD,,0,0,0,0,P,B,N,N,11,1,MONMOUTH COUNTY 12 A,W,12,A,13000012A_,3.20,05,,03,05,02,02,02,05,05,01,1000,FE,S,BROWNS DOCK RD,,,,40,25,46,,,N,SCRAPE MARKS ETC. TO GUARD RAIL,31345
2018133118MT34254,MONMOUTH,MIDDLETOWN TWP,09/09/2018,SU,0947,01,MIDDLETOWN PD,,0,2,0,0,I,B,N,N,01,2,NJ 35,N,35,,00000035__,38.69,02,,01,04,02,02,01,02,01,01,10,FE,S,HARMONY RD / KINGS HWY,,,,50,35,26,,,N,,31377
2018133118MT34259,MONMOUTH,MIDDLETOWN TWP,09/09/2018,SU,1040,01,MIDDLETOWN PD,,0,0,0,0,P,B,N,N,11,1,MONMOUTH COUNTY 12,N,12,,13000012__,3.82,05,,03,06,02,02,01,05,05,01,100,FE,S,MALUS LN,,,,40,25,56,40.372180,74.140520,N,DAMAGE TO FENCE OF 43 MALUS  OWNER: FREDERICK LAUDISI  NJ DL L08702680012622,31276