Year(4)-CountyCode(2)-MunicipalityCode(2)-CaseNumber(9),County Name,Municipality Name,Crash Date,Crash Day of Week,Crash Time,Police Department Code,Police Department,Police Station,Total Killed,Total Injured,Pedestrians Killed,Pedestrians Injured,Severity,Intersection,Alcohol Involved,Hazmat Involved,Crash Type,Total Vehicles,Location,Location Direction,Route,Route Suffix,Std Rte Identifier,MilePost,Road System,Road Character,Road Horizontal Alignment,Road Grade,Road Surface Type,Surface Condition,Light Condition,Environmental Condition,Road Divided By,Temporary Traffic Control Zone,Distance To Cross Street,Unit Of Measurement,Direction From Cross Street,Cross Street Name,Is Ramp,Ramp To/From Route Name,Ramp To/From Route Direction,Posted Speed,Posted Speed Cross Street,First Harmful Event,Latitude,Longitude,Cell Phone In Use Flag,Other Property Damage,Reporting Badge No.
2018133118MT34285,MONMOUTH,MIDDLETOWN TWP,09/09/2018,SU,1858,01,MIDDLETOWN PD,,0,0,0,0,P,B,N,N,01,2,NJ 35,S,35,,00000035__,36.09,02,,01,04,02,02,01,02,01,01,50,FE,N,CRESTVIEW DR,,,,50,25,26,,,N,,31325
2018133118MT34335,MONMOUTH,MIDDLETOWN TWP,09/10/2018,MO,0734,01,MIDDLETOWN PD,,0,0,0,0,P,B,N,N,11,1,KINGS HWY,S,,,13312101__,2.17,07,,02,04,02,02,01,02,05,01,150,FE,S,SARAH LN,,,,35,25,26,,,N,FRONT LAWN OF 720 KINGS HIGHWAY EAST,31281
2018133118MT34339,MONMOUTH,MIDDLETOWN TWP,09/10/2018,MO,0805,01,MIDDLETOWN PD,,0,2,0,0,I,B,N,N,01,3,ROUTE 520,W,520,,00000520__,13.54,05,,01,04,02,02,01,02,05,01,150,FE,W,NJ 54 / PHALANX RD,,,,40,35,26,,,N,,31286
2018133118MT34351,MONMOUTH,MIDDLETOWN TWP,09/10/2018,MO,0944,01,MIDDLETOWN PD,,0,0,0,0,P,B,N,N,11,1,KINGS HWY,N,,,13312101__,.97,07,,01,04,02,02,01,02,05,01,600,FE,S,RED HILL RD,,,,35,30,69,,,N,ELECTRIC METER PAN AND THE NEUTRAL WIRE FROM 111 KINGS HIGHWAY,31286
2018133118MT34383,MONMOUTH,MIDDLETOWN TWP,09/10/2018,MO,1221,01,MIDDLETOWN PD,,0,0,0,0,P,B,N,N,11,1,KINGS HWY,,,,13312101__,2.24,07,,02,05,02,02,01,02,05,01,200,FE,E,SARAH LN,,,,35,25,60,40.396100,74.060790,N,DAMAGED TREE AT #711 KINGS HWY EAST,31306
2018133118MT34408,MONMOUTH,MIDDLETOWN TWP,09/10/2018,MO,1554,01,MIDDLETOWN PD,,0,0,0,0,P,B,N,N,11,1,MONMOUTH COUNTY 12 A,E,12,A,13000012A_,3.30,05,,03,05,02,02,01,02,05,01,500,FE,W,BROWNS DOCK RD,,,,35,25,52,,,N,"MONMOUTH COUNTY PARKS """"HUBER WOODS PARK""",
2018133118MT34411,MONMOUTH,MIDDLETOWN TWP,09/10/2018,MO,1636,01,MIDDLETOWN PD,,0,0,0,0,P,B,N,N,01,2,ROUTE 520,E,520,,00000520__,14.22,05,,01,04,02,02,01,02,05,01,150,FE,E,HILLTOP CIR,,,,40,25,26,,,N,,31379
2018133118MT34419,MONMOUTH,MIDDLETOWN TWP,09/10/2018,MO,1851,01,MIDDLETOWN PD,,0,1,0,0,I,B,N,N,11,1,HARMONY RD,N,,,13311836__,.04,07,,02,06,02,02,06,02,05,01,200,FE,N,MURPHY RD,,,,35,25,60,,,N,TIRE TRACKS IN GASS AND HIT TWO TREES CAUSING THE BARK TO FALL OFF.,31373
2018133118MT34465,MONMOUTH,MIDDLETOWN TWP,09/11/2018,TU,0834,01,MIDDLETOWN PD,,0,0,0,0,P,B,N,N,01,2,ROUTE 520,E,520,,00000520__,15.05,05,,01,04,02,02,01,05,01,01,10,FE,W,HALF MILE RUN,,,,40,40,26,,,N,,31331
2018133118MT34539,MONMOUTH,MIDDLETOWN TWP,09/11/2018,TU,1817,01,MIDDLETOWN PD,,0,0,0,0,P,B,N,N,03,2,ROUTE 516,S,516,,00000516__,16.04,05,,01,04,02,02,01,02,05,01,5,FE,N,CR 50 / NEW MONMOUTH RD / TINDALL R,,,,40,35,26,,,N,,31371
2018133118MT34574,MONMOUTH,MIDDLETOWN TWP,09/11/2018,TU,2221,01,MIDDLETOWN PD,,0,0,0,0,P,B,N,N,11,1,NJ 36,S,36,,00000036__,13.84,02,,01,06,02,02,06,02,03,01,100,FE,N,DANIELLE CT,,,,50,25,56,,,N,TRAFFIC LIGHT IN THE U TURN OF RT 36 S JUST BEFORE DANIELLE CT.,31373
2018133118MT34614,MONMOUTH,MIDDLETOWN TWP,09/12/2018,WE,0820,01,MIDDLETOWN PD,,0,0,0,0,P,B,N,N,08,2,ORCHARD HILL DR **,N,,,13311550__,.00,07,,01,04,02,02,01,05,05,01,10,FE,S,ROUTE 520,,,,25,40,26,,,N,,31321
2018133118MT34667,MONMOUTH,MIDDLETOWN TWP,09/12/2018,WE,1556,01,MIDDLETOWN PD,,0,0,0,0,P,B,N,N,01,2,HALF MILE RD,S,,,13312110__,.06,07,,01,04,02,02,01,02,05,01,300,FE,N,ROUTE 520 / NEWMAN SPRINGS RD,,,,35,40,26,,,N,,31293
2018133118MT34677,MONMOUTH,MIDDLETOWN TWP,09/12/2018,WE,1752,01,MIDDLETOWN PD,,0,0,0,0,P,B,N,N,01,2,NJ 35,N,35,,00000035__,34.69,02,,01,04,02,02,01,02,01,01,30,FE,S,CR 12 A / NAVISINK RIVER RD,,,,50,40,26,,,N,,31353
2018133118MT34775,MONMOUTH,MIDDLETOWN TWP,09/13/2018,TH,1236,01,MIDDLETOWN PD,,0,1,0,0,I,B,N,N,01,2,ROUTE 520,,520,,00000520__,14.77,05,,01,04,02,02,01,02,02,01,200,FE,E,WOODLAND DR,,,,40,25,26,,,N,,31332
2018133118MT34784,MONMOUTH,MIDDLETOWN TWP,09/13/2018,TH,1328,01,MIDDLETOWN PD,,0,0,0,0,P,B,N,N,01,2,ROUTE 520,W,520,,00000520__,14.84,05,,01,04,02,02,01,02,02,01,5,FE,E,,F,GARDEN STATE PARKWAY,SB,40,,26,,,N,,31332
2018133118MT34791,MONMOUTH,MIDDLETOWN TWP,09/13/2018,TH,1425,01,MIDDLETOWN PD,,0,0,0,0,P,I,N,N,03,2,W FRONT ST,W,,,13312109__,.00,07,,01,04,02,02,01,02,05,01,,AT,,WINDERMERE RD,,,,40,25,26,,,N,,31333
2018133118MT34811,MONMOUTH,MIDDLETOWN TWP,09/13/2018,TH,1758,01,MIDDLETOWN PD,,0,0,0,0,P,B,N,N,01,2,ROUTE 520,W,520,,00000520__,13.68,05,,01,04,02,02,03,02,05,01,100,FE,W,CR 50 / MIDDLETOWN-LINCROFT RD / SW,,,,40,40,26,,,N,,31293
2018133118MT34815,MONMOUTH,MIDDLETOWN TWP,09/13/2018,TH,1911,01,MIDDLETOWN PD,,0,0,0,0,P,B,N,N,02,3,NJ 35,N,35,,00000035__,35.71,02,,01,04,02,02,03,02,01,01,10,FE,S,CHAPEL HILL RD / OAK HILL RD,,,,50,35,26,,,N,,31353
2018133118MT34853,MONMOUTH,MIDDLETOWN TWP,09/14/2018,FR,0916,01,MIDDLETOWN PD,,0,1,0,1,I,B,N,N,13,2,MILLS AVENUE,,,,,,07,,01,04,02,02,01,02,05,01,600,FE,S,ILLONOIS AVENUE,,,,25,25,22,,,N,,31259
2018133118MT34895,MONMOUTH,MIDDLETOWN TWP,09/14/2018,FR,1632,01,MIDDLETOWN PD,,0,1,0,0,I,B,N,N,01,2,ROUTE 516,E,516,,00000516__,15.41,05,,01,04,02,01,01,01,05,01,100,FE,W,ALBON CT,,,,40,25,26,40.413140,74.114240,N,,31371
2018133118MT34960,MONMOUTH,MIDDLETOWN TWP,09/14/2018,FR,2359,01,MIDDLETOWN PD,,0,1,0,0,I,B,N,N,11,1,NJ 35,N,35,,00000035__,39.37,02,,02,05,02,01,06,01,01,01,300,FE,S,ROUTE 516 / CHERRY TREE FARM RD,,,,50,35,56,,,N,TELEPHONE POLE JC90958MDT,
2018133118MT35039,MONMOUTH,MIDDLETOWN TWP,09/15/2018,SA,1718,01,MIDDLETOWN PD,,0,0,0,0,P,B,N,N,01,2,MAIN ST **,S,,,13311839__,.42,07,,01,04,02,01,01,01,05,01,10,FE,W,ROUTE 516 / LENOARDVILLE RD,,,,35,35,26,,,N,,31357
2018133118MT35093,MONMOUTH,MIDDLETOWN TWP,09/16/2018,SU,0018,01,MIDDLETOWN PD,,0,2,0,0,I,I,N,N,04,2,ROUTE 516,E,516,,00000516__,16.52,05,,01,04,02,01,06,01,05,01,,AT,W,MAIN ST,,,,35,35,26,,,N,,31347
2018133118MT35134,MONMOUTH,MIDDLETOWN TWP,09/16/2018,SU,1013,01,MIDDLETOWN PD,,0,0,0,0,P,I,N,N,03,2,HARMONY RD,S,,,13311836__,.00,07,,01,04,02,01,01,01,05,01,,AT,,PINERIDGE AVENUE,,,,35,25,26,,,N,,31259
2018133118MT35256,MONMOUTH,MIDDLETOWN TWP,09/17/2018,MO,1217,01,MIDDLETOWN PD,,0,1,0,0,I,B,N,N,11,1,EAST ROAD,N,,,,,07,,02,04,02,01,01,05,05,01,100,FE,,EDGEMOORE ROAD,,,,40,25,52,40.414580,74.087120,N,FENCE AT 497 EAST RD MIDDLETOWN NJ (OWNER EMILY SANFORD)  UTILITY POLE BT195MDT,31323
2018133118MT35267,MONMOUTH,MIDDLETOWN TWP,09/17/2018,MO,1351,01,MIDDLETOWN PD,,0,0,0,0,P,B,N,N,11,1,ROUTE 520,E,520,,00000520__,15.02,05,,01,04,02,01,01,05,02,01,150,FE,W,HALF MILE RUN,,,,40,35,56,,,N,,31309
2018133118MT35372,MONMOUTH,MIDDLETOWN TWP,09/18/2018,TU,1240,01,MIDDLETOWN PD,,0,0,0,0,P,B,N,N,08,2,BRAINARD AVE **,S,,,13311365__,.33,07,,01,04,02,02,01,02,05,01,200,FE,N,RENFREW PL,,,,25,25,26,,,N,,31269
2018133118MT35390,MONMOUTH,MIDDLETOWN TWP,09/18/2018,TU,1536,01,MIDDLETOWN PD,,0,0,0,0,P,B,N,N,02,2,ROUTE 516,E,516,,00000516__,16.05,05,,01,04,02,02,01,02,04,01,50,FE,N,CR 50 / NEW MONMOUTH RD / TINDALL R,,,,40,35,26,,,N,,31380
2018133118MT35459,MONMOUTH,MIDDLETOWN TWP,09/19/2018,WE,1133,01,MIDDLETOWN PD,,0,0,0,0,P,B,N,N,11,1,450 NORMANDY ROAD,,,,,,09,,03,04,05,01,01,01,05,01,,,,MIDDLETOWN TWP FIRE ACADEMY,,,,,,54,,,N,,31381
2018133118MT35469,MONMOUTH,MIDDLETOWN TWP,09/19/2018,WE,1241,01,MIDDLETOWN PD,,0,0,0,0,P,B,N,N,06,2,MAIN ST **,S,,,13311839__,.04,07,,01,04,02,01,01,01,05,01,20,FE,S,MORRIS AVE,,,,35,25,26,,,N,,31259
2018133118MT35474,MONMOUTH,MIDDLETOWN TWP,09/19/2018,WE,1331,01,MIDDLETOWN PD,,0,0,0,0,P,B,N,N,03,2,KANES LN **,,,,13311719__,.28,07,,01,04,02,01,01,01,05,01,1500,FE,E,NJ 35,,,,35,50,26,,,N,,31339
2018133118MT35480,MONMOUTH,MIDDLETOWN TWP,09/19/2018,WE,1412,01,MIDDLETOWN PD,,0,0,0,0,P,B,N,N,01,3,NJ 35,N,35,,00000035__,38.60,02,,01,04,02,01,01,01,01,01,500,FE,S,HARMONY RD / KINGS HWY,,,,50,35,26,,,N,,31339
2018133118MT35510,MONMOUTH,MIDDLETOWN TWP,09/19/2018,WE,1833,01,MIDDLETOWN PD,,0,0,0,0,P,B,N,N,02,2,NJ 36,W,36,,00000036__,13.12,02,,01,05,02,01,01,01,03,01,100,FE,W,CR 8B / NAVESINK AVE / ORCHARD AVE,,,,50,35,26,,,N,,31301
2018133118MT35632,MONMOUTH,MIDDLETOWN TWP,09/20/2018,TH,1414,01,MIDDLETOWN PD,,0,0,0,0,P,B,N,N,01,2,NJ 35,S,35,,00000035__,37.98,02,,03,04,02,01,01,01,05,,5,FE,,,T,CR 50 / NEW MONMOUTH RD,NB,50,,26,,,N,,31381
2018133118MT35645,MONMOUTH,MIDDLETOWN TWP,09/20/2018,TH,1634,01,MIDDLETOWN PD,,0,2,0,0,I,B,N,N,01,4,W FRONT ST,W,,,13312109__,2.99,07,,01,04,02,01,01,01,05,01,100,FE,E,DOW AVE,,,,35,25,26,40.345360,74.090310,N,,31376
2018133118MT35651,MONMOUTH,MIDDLETOWN TWP,09/20/2018,TH,1732,01,MIDDLETOWN PD,,0,0,0,0,P,I,N,N,01,2,ROUTE 520,W,520,,00000520__,13.57,05,,01,04,02,01,01,01,05,01,,AT,,NJ 54 / PHALANX RD,,,,35,35,26,,,Y,,31373
2018133118MT35652,MONMOUTH,MIDDLETOWN TWP,09/20/2018,TH,1819,01,MIDDLETOWN PD,,0,0,0,0,P,B,N,N,01,3,MONMOUTH COUNTY 50,N,50,,13000050__,4.42,05,,01,04,02,01,01,01,05,01,500,FE,S,CR 12 / DWIGHT RD / NUT SWAMP RD,,,,40,40,26,,,N,,
2018133118MT35739,MONMOUTH,MIDDLETOWN TWP,09/21/2018,FR,1007,01,MIDDLETOWN PD,,0,0,0,0,P,I,N,N,03,2,MONMOUTH COUNTY 8 A,W,8,A,13000008A_,2.58,05,,01,04,02,01,01,01,05,01,,AT,,LOCUST PT RD,,,,35,35,26,,,N,,31271
2018133118MT35763,MONMOUTH,MIDDLETOWN TWP,09/21/2018,FR,1413,01,MIDDLETOWN PD,,0,0,0,0,P,B,N,N,03,2,MONMOUTH COUNTY 12,E,12,,13000012__,2.11,05,,01,04,02,01,01,05,05,01,300,FE,N,EAGLE WAY,,,,25,25,26,40.364410,74.114860,N,,31276
2018133118MT35778,MONMOUTH,MIDDLETOWN TWP,09/21/2018,FR,1630,01,MIDDLETOWN PD,,0,0,0,0,P,B,N,N,01,2,NJ 35,N,35,,00000035__,39.42,02,,01,04,02,01,01,01,01,01,50,FE,S,ROUTE 516 / CHERRY TREE FARM RD,,,,50,35,26,,,N,,31354
2018133118MT35779,MONMOUTH,MIDDLETOWN TWP,09/21/2018,FR,1646,01,MIDDLETOWN PD,,0,0,0,0,P,I,N,N,03,2,RED HILL RD,,,,13312106__,1.81,07,,02,04,02,01,01,01,05,01,,AT,,HOLLAND RD,,,,30,35,26,,,N,,31360
2018133118MT35852,MONMOUTH,MIDDLETOWN TWP,09/22/2018,SA,1221,01,MIDDLETOWN PD,,0,0,0,0,P,B,N,N,02,2,MONMOUTH COUNTY 50,E,50,,13000050__,6.66,05,,01,04,02,01,01,01,05,01,75,FE,E,HARTSHORNE PL,,,,35,25,26,,,N,,31377
2018133118MT35957,MONMOUTH,MIDDLETOWN TWP,09/23/2018,SU,0858,01,MIDDLETOWN PD,,0,0,0,0,P,I,N,N,03,2,CHESTNUT ST **,S,,,13311089__,.00,07,,01,04,02,02,01,02,05,01,,AT,,WILSON AVE,,,,35,25,26,,,N,,31317
2018133118MT35974,MONMOUTH,MIDDLETOWN TWP,09/23/2018,SU,1513,01,MIDDLETOWN PD,,0,0,0,0,P,B,N,N,01,2,ROUTE 520,W,520,,00000520__,15.05,05,,01,04,02,02,01,02,02,01,10,FE,E,HALF MILE RUN,,,,45,40,26,,,N,,31332
2018133118MT35979,MONMOUTH,MIDDLETOWN TWP,09/23/2018,SU,1631,01,MIDDLETOWN PD,,0,0,0,0,P,B,N,N,01,2,ROUTE 516,E,516,,00000516__,14.92,05,,01,04,02,02,01,02,05,01,100,FE,W,HARMONY RD,,,,40,35,26,,,N,,31374
2018133118MT35984,MONMOUTH,MIDDLETOWN TWP,09/23/2018,SU,1803,01,MIDDLETOWN PD,,0,2,0,0,I,I,N,N,03,2,CAMPBELL AVE **,W,,,13311211__,.09,07,,01,04,02,02,01,02,05,01,,AT,,WILSON AVE,,,,25,35,26,,,N,DAMAGE TO THE GRASS AND GARBAGE CAN AT #720 CAMPBELL AVE,31354
2018133118MT36060,MONMOUTH,MIDDLETOWN TWP,09/24/2018,MO,1010,01,MIDDLETOWN PD,,0,0,0,0,P,B,N,N,11,1,KINGS HWY,E,,,13312101__,.48,07,,01,05,02,01,01,01,05,01,1000,FE,W,HERITAGE DR,,,,35,25,56,,,N,HOMEOWNERS MAIL BOX  EMBANKMENT WALL  DRIVEWAY LAMP AND SHRUBBERY.,31381
2018133118MT36065,MONMOUTH,MIDDLETOWN TWP,09/24/2018,MO,1058,01,MIDDLETOWN PD,,0,1,0,0,I,B,N,N,11,1,MONMOUTH COUNTY 50,S,50,,13000050__,1.22,05,,01,05,02,01,01,05,05,01,325,FE,N,HIGH POINT RD,,,,35,25,56,40.322820,74.114960,N,UTILITY POLE JC180MDT,31323
2018133118MT36122,MONMOUTH,MIDDLETOWN TWP,09/24/2018,MO,1834,01,MIDDLETOWN PD,,0,2,0,0,I,I,N,N,05,2,MONMOUTH COUNTY 52,N,52,,13000052__,2.76,05,,01,04,02,01,01,01,04,01,,AT,,CR 12 / DWIGHT RD,,,,40,40,26,,,N,,31379
2018133118MT36177,MONMOUTH,MIDDLETOWN TWP,09/25/2018,TU,0253,01,MIDDLETOWN PD,,0,0,0,0,P,B,N,N,11,1,MONMOUTH COUNTY 12,W,12,,13000012__,.70,05,,01,04,02,02,07,02,04,01,125,FE,W,SOUTH LAKE DR,,,,40,25,56,,,N,UTILITY POLE (MDT BT 487)  PEDESTRIAN CROSSING STREET SIGN,31378
2018133118MT36243,MONMOUTH,MIDDLETOWN TWP,09/25/2018,TU,1426,01,MIDDLETOWN PD,,0,0,0,0,P,I,N,N,03,2,CHESTNUT ST **,S,,,13311089__,.00,07,,01,04,02,02,01,05,05,01,,AT,,WILSON AVE,,,,35,25,26,,,N,,31240
2018133118MT36273,MONMOUTH,MIDDLETOWN TWP,09/25/2018,TU,2052,01,MIDDLETOWN PD,,0,2,0,0,I,I,Y,N,03,2,NJ 36,W,36,,00000036__,15.39,02,,03,04,02,02,06,02,01,01,,AT,,,T,ROUTE 516/LEONARDVILLE RD,WB,50,,26,40.410580,74.044150,N,NJ STATE DOT TRAFFIC LIGHT POLE AND STREET LIGHT,31376
2018133118MT36317,MONMOUTH,MIDDLETOWN TWP,09/26/2018,WE,0715,01,MIDDLETOWN PD,,0,0,0,0,P,B,N,N,11,1,MONMOUTH COUNTY 12,N,12,,13000012__,1.06,05,,02,04,02,02,01,02,05,01,750,FE,S,MICHAEL DR,,,,40,35,56,40.361020,74.096690,N,TREE AND GRTASS AT 765 MICHAEL DR (KAITLYHN KING 203-430-6166),31323
2018133118MT36321,MONMOUTH,MIDDLETOWN TWP,09/26/2018,WE,0742,01,MIDDLETOWN PD,,0,0,0,0,P,B,N,N,12,1,W FRONT ST,,,,13312109__,3.55,07,,01,06,02,02,01,02,05,01,150,FE,W,WINDERMERE RD,,,,40,25,24,,,N,,31332
2018133118MT36325,MONMOUTH,MIDDLETOWN TWP,09/26/2018,WE,0809,01,MIDDLETOWN PD,,0,0,0,0,P,I,N,N,03,2,MONMOUTH COUNTY 50,N,50,,13000050__,2.80,05,,01,04,02,02,01,05,05,01,,AT,,TURN BERRY DR,,,,40,,26,40.343920,74.126850,N,DAMAGE TO LANDSCAPING OF 1 TURNBERRY DRIVE  MIDDLETOWN.,31276
2018133118MT36449,MONMOUTH,MIDDLETOWN TWP,09/27/2018,TH,0722,01,MIDDLETOWN PD,,0,1,0,0,I,B,N,N,01,3,BRASCH BLVD **,E,,,13311949__,.04,07,,01,04,02,01,01,01,05,01,50,FE,S,MCDOWELL CT,,,,25,25,26,,,N,,31345
2018133118MT36519,MONMOUTH,MIDDLETOWN TWP,09/27/2018,TH,1529,01,MIDDLETOWN PD,,0,0,0,0,P,B,N,N,08,2,STRATHMORE RD **,N,,,13311499__,,07,,01,06,02,01,01,01,05,01,100,FE,,SUNNYSIDE ROAD,,,,25,35,26,,,N,,31321
2018133118MT36522,MONMOUTH,MIDDLETOWN TWP,09/27/2018,TH,1734,01,MIDDLETOWN PD,,0,0,0,0,P,B,N,N,11,1,MONMOUTH COUNTY 52,E,52,,13000052__,2.57,05,,01,04,02,01,01,01,04,01,25,FE,E,GARDEN STATE PARKWAY,,,,40,65,56,,,N,,31375
2018133118MT36529,MONMOUTH,MIDDLETOWN TWP,09/27/2018,TH,1606,01,MIDDLETOWN PD,,0,0,0,0,P,B,N,N,99,1,MONMOUTH COUNTY 12,E,12,,13000012__,3.85,05,,03,05,02,01,01,01,05,01,400,FE,E,LAIRD RD,,,,40,25,56,,,N,TREE & LANDSCAPE DAMAGE #424 DWIGHT RD,31293
2018133118MT36531,MONMOUTH,MIDDLETOWN TWP,09/27/2018,TH,1946,01,MIDDLETOWN PD,MIDDLETOWN,0,0,0,0,P,B,N,N,02,2,MONMOUTH COUNTY 52,E,52,,13000052__,2.57,05,,01,04,02,01,01,01,05,01,20,FE,E,GARDEN STATE PARKWAY,,,,40,65,26,,,N,,31375
2018133118MT36541,MONMOUTH,MIDDLETOWN TWP,09/27/2018,TH,1754,01,MIDDLETOWN PD,,0,0,0,0,P,I,N,N,03,2,HARMONY RD,E,,,13311836__,.56,07,,01,04,02,01,01,05,05,01,,AT,,MAIN ST,,,,35,35,26,,,N,,31325
2018133118MT36560,MONMOUTH,MIDDLETOWN TWP,09/27/2018,TH,2209,01,MIDDLETOWN PD,,0,0,0,0,P,B,N,N,08,2,BAMM HOLLOW RD,,,,13312095__,1.11,07,,01,04,02,02,06,02,05,01,20,FE,W,BLUEJAY CT,,,,35,25,26,,,N,,31353
2018133118MT36598,MONMOUTH,MIDDLETOWN TWP,09/28/2018,FR,0715,01,MIDDLETOWN PD,,0,1,0,0,I,B,N,N,03,2,NJ 35,S,35,,00000035__,34.70,02,,03,04,02,01,01,01,05,01,,,,,T,CR 12 A,WB,50,,26,,,N,,31345
2018133118MT36604,MONMOUTH,MIDDLETOWN TWP,09/28/2018,FR,1050,01,MIDDLETOWN PD,,0,0,0,0,P,B,N,N,03,2,HARBOR WAY **,,,,13311394__,.05,07,,01,04,02,02,01,02,05,01,250,FE,E,MAIN ST,,,,25,40,26,,,N,,31282
2018133118MT36606,MONMOUTH,MIDDLETOWN TWP,09/28/2018,FR,0754,01,MIDDLETOWN PD,,0,0,0,0,P,B,N,N,01,2,W FRONT ST,W,,,13312109__,3.33,07,,01,04,02,02,01,02,04,01,25,FE,E,MANNING ST,,,,40,25,26,,,N,,31331
2018133118MT36638,MONMOUTH,MIDDLETOWN TWP,09/28/2018,FR,1155,01,MIDDLETOWN PD,,0,0,0,0,P,B,N,N,01,2,NJ 35,S,35,,00000035__,38.17,02,,01,05,02,02,01,02,01,01,1000,FE,N,CR 50 / NEW MONMOUTH RD,,,,50,35,26,,,N,,31381
2018133118MT36648,MONMOUTH,MIDDLETOWN TWP,09/28/2018,FR,1415,01,MIDDLETOWN PD,,0,0,0,0,P,B,N,N,08,2,78 TINDALL ROAD,,,,,,08,,01,04,02,01,01,01,05,01,,,,TINDALL PARK PARKING LOT,,,,,,26,,,N,,31381
2018133118MT36668,MONMOUTH,MIDDLETOWN TWP,09/28/2018,FR,1657,01,MIDDLETOWN PD,,0,0,0,0,P,B,N,N,01,3,KINGS HWY,W,,,13312101__,.00,07,,01,05,02,01,01,01,05,01,10,FE,E,NJ 35,,,,35,50,26,,,N,,
2018133118MT36673,MONMOUTH,MIDDLETOWN TWP,09/28/2018,FR,1728,01,MIDDLETOWN PD,,0,0,0,0,P,B,N,N,01,2,HALF MILE RD,S,,,13312110__,.26,07,,01,04,02,01,01,02,05,01,200,FE,N,SCHULTZ DR,,,,40,25,26,40.338180,74.095120,N,,31371
2018133118MT36674,MONMOUTH,MIDDLETOWN TWP,09/28/2018,FR,1751,01,MIDDLETOWN PD,,0,0,0,0,P,B,N,N,01,2,W FRONT ST,W,,,13312109__,2.91,07,,01,04,02,01,01,01,05,01,300,FE,W,DOW AVE,,,,40,25,26,,,N,,31342
2018133118MT36776,MONMOUTH,MIDDLETOWN TWP,09/29/2018,SA,1204,01,MIDDLETOWN PD,,0,1,0,0,I,B,N,N,01,2,NJ 35,N,35,,00000035__,37.97,02,,01,04,02,01,01,01,01,01,50,FE,S,CR 50 / NEW MONMOUTH RD,,,,50,35,26,,,N,,31240
2018133118MT36879,MONMOUTH,MIDDLETOWN TWP,09/30/2018,SU,0640,01,MIDDLETOWN PD,,0,1,0,0,I,B,N,N,14,1,NJ 36,N,36,,00000036__,18.04,02,,01,04,02,01,01,01,05,01,150,FE,N,MAIN ST,,,,50,35,21,,,N,BICYCLE SUSTAINED MINOR DAMAGE,31347
2018133118MT36892,MONMOUTH,MIDDLETOWN TWP,09/30/2018,SU,1019,01,MIDDLETOWN PD,,0,0,0,0,P,B,N,N,06,2,WILSON AVE,N,,,13312105__,.90,07,,01,04,02,01,01,01,05,01,500,FE,N,ROUTE 516 / CHERRY TREE FARM RD,,,,35,40,28,40.415380,74.108990,N,,31265
2018133118MT36898,MONMOUTH,MIDDLETOWN TWP,09/30/2018,SU,1108,01,MIDDLETOWN PD,,0,0,0,0,P,B,N,N,01,2,MONMOUTH COUNTY 7 I,N,7,1,130000071_,.04,05,,01,04,02,01,01,01,05,01,200,FE,N,NJ 35,,,,40,35,26,,,N,,31240
2018133118MT36901,MONMOUTH,MIDDLETOWN TWP,09/30/2018,SU,1239,01,MIDDLETOWN PD,,0,0,0,0,P,B,N,N,03,2,ROUTE 520,W,520,,00000520__,13.72,05,,01,04,02,01,01,01,04,01,100,FE,E,CR 50 / MIDDLETOWN-LINCROFT RD / SW,,,,35,40,26,,,N,,31327
2018133118MT36916,MONMOUTH,MIDDLETOWN TWP,09/30/2018,SU,1436,01,MIDDLETOWN PD,,0,1,0,0,I,B,N,N,01,2,MONMOUTH COUNTY 50,S,50,,13000050__,7.19,05,,01,04,02,01,01,01,04,01,20,FE,S,OAKDALE DR,,,,35,,26,,,N,,31381
2018133118MT37056,MONMOUTH,MIDDLETOWN TWP,10/01/2018,MO,1643,01,MIDDLETOWN PD,,0,0,0,0,P,I,N,N,03,2,ROUTE 516,S,516,,00000516__,14.37,05,,01,04,02,01,01,01,05,01,,AT,E,CLUBHOUSE DR,,,,35,25,26,40.411930,74.102870,N,,31369
2018133118MT37067,MONMOUTH,MIDDLETOWN TWP,10/01/2018,MO,1912,01,MIDDLETOWN PD,,0,0,0,0,P,B,N,N,01,2,NJ 35,E,35,,00000035__,39.42,02,,02,04,02,01,05,01,03,01,50,FE,W,ROUTE 516 / CHERRY TREE FARM RD,,,,50,35,26,,,N,,31325
2018133118MT37196,MONMOUTH,MIDDLETOWN TWP,10/02/2018,TU,2250,01,MIDDLETOWN PD,MIDDLETOWN,0,0,0,0,P,I,N,N,05,2,MONMOUTH COUNTY 52,E,52,,13000052__,2.76,05,,01,04,02,01,06,01,05,01,,AT,,CR 12 / DWIGHT RD,,,,40,40,26,,,N,,31375
2018133118MT37224,MONMOUTH,MIDDLETOWN TWP,10/03/2018,WE,0653,01,MIDDLETOWN PD,,0,1,0,0,I,I,N,N,01,3,CHAPEL HILL RD **,S,,,13311222__,.00,07,,01,05,02,02,01,01,05,01,,AT,,HAYES COURT,,,,40,25,26,,,N,,
2018133118MT37225,MONMOUTH,MIDDLETOWN TWP,10/03/2018,WE,0654,01,MIDDLETOWN PD,,0,0,0,0,P,I,N,N,11,1,ROUTE 516,E,516,,00000516__,16.15,05,,01,04,02,01,01,01,05,01,,AT,,CHURCH ST,,,,35,35,48,,,N,,31366
2018133118MT37236,MONMOUTH,MIDDLETOWN TWP,10/03/2018,WE,0900,01,MIDDLETOWN PD,,0,0,0,0,P,B,N,N,01,2,RED HILL RD,N,,,13312106__,2.02,07,,01,04,02,02,01,01,05,01,10,FE,E,KINGS HWY,,,,35,35,26,40.403130,74.123260,N,,31346