Year(4)-CountyCode(2)-MunicipalityCode(2)-CaseNumber(9),County Name,Municipality Name,Crash Date,Crash Day of Week,Crash Time,Police Department Code,Police Department,Police Station,Total Killed,Total Injured,Pedestrians Killed,Pedestrians Injured,Severity,Intersection,Alcohol Involved,Hazmat Involved,Crash Type,Total Vehicles,Location,Location Direction,Route,Route Suffix,Std Rte Identifier,MilePost,Road System,Road Character,Road Horizontal Alignment,Road Grade,Road Surface Type,Surface Condition,Light Condition,Environmental Condition,Road Divided By,Temporary Traffic Control Zone,Distance To Cross Street,Unit Of Measurement,Direction From Cross Street,Cross Street Name,Is Ramp,Ramp To/From Route Name,Ramp To/From Route Direction,Posted Speed,Posted Speed Cross Street,First Harmful Event,Latitude,Longitude,Cell Phone In Use Flag,Other Property Damage,Reporting Badge No.
2018133118MT40074,MONMOUTH,MIDDLETOWN TWP,10/25/2018,TH,1017,01,MIDDLETOWN PD,,0,0,0,0,P,B,N,N,08,2,681 NEWMAN SPRINGS RD,,,,,,09,,01,04,02,01,01,01,05,01,,,,PARKING LOT,,,,,,26,,,N,,31332
2018133118MT40087,MONMOUTH,MIDDLETOWN TWP,10/25/2018,TH,1133,01,MIDDLETOWN PD,,0,0,0,0,P,B,N,N,03,2,NJ 35,N,35,,00000035__,35.30,02,,01,04,02,01,01,01,01,01,100,FE,N,CHESTNUT ST,,,,50,25,26,,,N,,31341
2018133118MT40107,MONMOUTH,MIDDLETOWN TWP,10/25/2018,TH,1341,01,MIDDLETOWN PD,,0,0,0,0,P,B,N,N,02,2,TWIN BROOKS AVE **,E,,,13311729__,.00,07,,01,04,02,01,01,01,05,01,50,FE,W,NJ 35,,,,25,50,26,,,N,,31377
2018133118MT40119,MONMOUTH,MIDDLETOWN TWP,10/25/2018,TH,1528,01,MIDDLETOWN PD,,0,0,0,0,P,I,N,N,03,2,ROUTE 516,N,516,,00000516__,14.94,05,,01,04,02,01,01,01,05,01,,AT,,HARMONY RD,,,,40,35,26,,,N,,31317
2018133118MT40128,MONMOUTH,MIDDLETOWN TWP,10/25/2018,TH,1615,01,MIDDLETOWN PD,,0,2,0,0,I,I,N,N,03,2,ROUTE 520,W,520,,00000520__,15.05,05,,01,04,02,01,01,01,05,01,,AT,,HALF MILE RUN,,,,50,35,26,,,N,ARMY RESERVE CENTER PERIMETER FENCING,31340
2018133118MT40129,MONMOUTH,MIDDLETOWN TWP,10/25/2018,TH,1626,01,MIDDLETOWN PD,,0,0,0,0,P,B,N,N,08,2,1 KINGS HWY; PD 31,S,,,,,09,,01,04,02,01,01,01,05,01,,,,( PARKING LOT OF PD31),,,,,,28,,,N,,31308
2018133118MT40254,MONMOUTH,MIDDLETOWN TWP,10/26/2018,FR,1419,01,MIDDLETOWN PD,,0,0,0,0,P,I,N,N,03,2,KINGS HWY,E,,,13312101__,.86,07,,01,04,02,01,01,01,05,01,,AT,,SLEEPY HOLLOW RD,,,,40,40,26,40.395380,74.084710,N,,31346
2018133118MT40279,MONMOUTH,MIDDLETOWN TWP,10/26/2018,FR,1705,01,MIDDLETOWN PD,,0,1,0,0,I,B,Y,N,11,1,COOPERS RD **,S,,,13311291__,1.03,07,,01,05,02,01,01,01,05,01,2112,FE,N,MC CLEES AVE,,,,35,35,60,40.389420,74.044620,N,,31323
2018133118MT40376,MONMOUTH,MIDDLETOWN TWP,10/27/2018,SA,0851,01,MIDDLETOWN PD,,0,0,0,0,P,I,N,N,02,2,MAIN ST **,N,,,13311839__,.32,07,,01,04,02,02,01,02,05,01,,AT,,LENISON AVE,,,,35,25,26,,,N,,31327
2018133118MT40419,MONMOUTH,MIDDLETOWN TWP,10/27/2018,SA,1325,01,MIDDLETOWN PD,,0,0,0,0,P,B,N,N,11,1,MONMOUTH COUNTY 50,N,50,,13000050__,3.46,05,,02,05,02,02,01,02,05,01,500,FE,S,SUNNYSIDE RD,,,,40,25,52,,,N,POLE JC 3916 MDT,31331
2018133118MT40420,MONMOUTH,MIDDLETOWN TWP,10/27/2018,SA,1330,01,MIDDLETOWN PD,,0,0,0,0,P,B,N,N,07,2,ROUTE 516,W,516,,00000516__,15.95,05,,01,04,02,02,01,02,05,01,500,FE,W,CR 50 / NEW MONMOUTH RD / TINDALL R,,,,35,35,26,,,N,,31339
2018133118MT40439,MONMOUTH,MIDDLETOWN TWP,10/27/2018,SA,1806,01,MIDDLETOWN PD,,0,0,0,0,P,B,N,N,02,2,ROUTE 520,W,520,,00000520__,13.70,05,,01,04,02,02,03,02,05,01,15,FE,E,CR 50 / MIDDLETOWN-LINCROFT RD / SW,,,,35,35,26,,,N,,31375
2018133118MT40515,MONMOUTH,MIDDLETOWN TWP,10/28/2018,SU,1133,01,MIDDLETOWN PD,,0,4,0,0,I,I,N,N,03,2,MONMOUTH COUNTY 52,N,52,,13000052__,1.07,05,,01,07,02,01,01,01,05,01,,AT,,STILLWELL RD / SUNNYSIDE RD,,,,40,30,26,,,N,,31280
2018133118MT40519,MONMOUTH,MIDDLETOWN TWP,10/28/2018,SU,1219,01,MIDDLETOWN PD,,0,0,0,0,P,I,N,N,01,2,WILSON AVE **,N,,,13311103__,.99,07,,01,04,02,01,01,01,05,01,,AT,E,WILLOW ST,,,,30,30,26,,,N,,
2018133118MT40538,MONMOUTH,MIDDLETOWN TWP,10/28/2018,SU,1559,01,MIDDLETOWN PD,,0,0,0,0,P,B,N,N,06,2,DONALD PL **,N,,,13311647__,.00,07,,01,04,02,01,01,01,05,01,200,FE,S,ROBERTA DR,,,,25,25,28,40.410580,74.122060,N,,31371
2018133118MT40559,MONMOUTH,MIDDLETOWN TWP,10/28/2018,SU,1919,01,MIDDLETOWN PD,,0,0,0,0,P,B,N,N,12,1,NJ 36,W,36,,00000036__,16.35,02,,01,04,02,01,03,01,01,01,400,FE,E,HOSFORD AVE / THOMPSON AVE,,,,50,35,24,40.433970,74.118180,N,,31371
2018133118MT40617,MONMOUTH,MIDDLETOWN TWP,10/29/2018,MO,0723,01,MIDDLETOWN PD,,0,0,0,0,P,I,N,N,03,2,ROUTE 516,W,516,,00000516__,14.37,05,,01,04,02,02,01,01,05,01,,AT,,CLUBHOUSE DR,,,,40,25,26,40.411930,74.102870,N,,31376
2018133118MT40637,MONMOUTH,MIDDLETOWN TWP,10/29/2018,MO,0944,01,MIDDLETOWN PD,,0,0,0,0,P,B,N,N,01,2,HALF MILE RD,N,,,13312110__,.53,07,,01,04,02,01,01,05,05,01,15,FE,S,WEST FRONT ST,,,,40,35,26,,,N,,31332
2018133118MT40672,MONMOUTH,MIDDLETOWN TWP,10/29/2018,MO,1420,01,MIDDLETOWN PD,,0,0,0,0,P,B,N,N,01,2,TINDALL RD,N,,,13312100__,.80,07,,01,04,02,01,01,01,05,01,500,FE,S,TRUEX PL,,,,40,25,26,,,N,,31331
2018133118MT40678,MONMOUTH,MIDDLETOWN TWP,10/29/2018,MO,1513,01,MIDDLETOWN PD,,0,1,0,0,I,B,N,N,03,2,OAK HILL RD,E,,,,,07,,01,04,02,01,01,01,05,01,100,FE,W,NJ 35,,,,35,50,26,,,N,,31333
2018133118MT40750,MONMOUTH,MIDDLETOWN TWP,10/30/2018,TU,0630,01,MIDDLETOWN PD,,0,1,0,1,I,B,N,N,13,1,APPLEFARM RD **,E,,,13311775__,.00,07,,01,04,02,01,05,01,05,01,25,FE,E,,F,NJ 35,SB,35,,22,,,N,,31361
2018133118MT40763,MONMOUTH,MIDDLETOWN TWP,10/30/2018,TU,0739,01,MIDDLETOWN PD,,0,0,0,0,P,B,N,N,12,1,NJ 35,S,35,,00000035__,34.99,02,,01,04,02,01,01,01,01,01,100,FE,S,FIELD AVE,,,,50,25,24,,,N,,31333
2018133118MT40770,MONMOUTH,MIDDLETOWN TWP,10/30/2018,TU,0852,01,MIDDLETOWN PD,,0,0,0,0,P,B,N,N,06,2,CAMPBELL AVE **,E,,,13311211__,.59,07,,01,04,02,01,01,01,05,01,50,FE,E,CHURCH ST,,,,35,25,26,,,N,,31269
2018133118MT40820,MONMOUTH,MIDDLETOWN TWP,10/30/2018,TU,1625,01,MIDDLETOWN PD,,0,0,0,0,P,B,N,N,02,2,MONMOUTH COUNTY 50,N,50,,13000050__,2.97,05,,01,04,02,01,01,01,05,01,20,FE,S,W FRONT ST,,,,40,40,26,,,N,,31293
2018133118MT40829,MONMOUTH,MIDDLETOWN TWP,10/30/2018,TU,2009,01,MIDDLETOWN PD,,0,0,0,0,P,B,N,N,11,1,237 STATE HIGHWAY 35,,,,,,09,,01,04,02,01,06,01,01,01,,,S,RACEWAY GAS STATION PARKING LOT,,,,,,69,,,N,,31325
2018133118MT40944,MONMOUTH,MIDDLETOWN TWP,10/31/2018,WE,1454,01,MIDDLETOWN PD,,0,0,0,0,P,B,N,N,01,3,MONMOUTH COUNTY 50,N,50,,13000050__,4.47,05,,01,04,02,01,01,01,05,01,200,FE,S,CR 12 / DWIGHT RD / NUT SWAMP RD,,,,40,35,26,,,N,,
2018133118MT40951,MONMOUTH,MIDDLETOWN TWP,10/31/2018,WE,1605,01,MIDDLETOWN PD,,0,0,0,0,P,I,N,N,03,2,LENISON AVE **,S,,,13311135__,.12,07,,01,04,02,01,01,01,05,01,,AT,,WOODBINE ST,,,,25,25,26,,,N,,31379
2018133118MT40963,MONMOUTH,MIDDLETOWN TWP,10/31/2018,WE,1728,01,MIDDLETOWN PD,,0,0,0,0,P,I,N,N,07,2,MONMOUTH COUNTY 50,E,50,,13000050__,2.97,05,,01,04,02,01,01,01,05,01,,AT,,W FRONT ST,,,,40,40,26,,,N,,31351
2018133118MT40988,MONMOUTH,MIDDLETOWN TWP,10/31/2018,WE,1952,01,MIDDLETOWN PD,,0,1,0,1,I,I,Y,N,13,1,MONMOUTH COUNTY 52,N,52,,13000052__,.18,05,,01,04,02,01,07,01,05,01,,AT,,YALE DR,,,,40,25,22,,,N,,31351
2018133118MT41008,MONMOUTH,MIDDLETOWN TWP,10/31/2018,WE,2234,01,MIDDLETOWN PD,,0,0,0,0,P,B,N,N,02,2,ROUTE 520,E,520,,00000520__,14.74,05,,01,04,02,01,06,01,02,01,75,FE,E,WOODLAND DR,,,,40,25,26,,,N,,31372
2018133118MT41016,MONMOUTH,MIDDLETOWN TWP,11/01/2018,TH,0235,01,MIDDLETOWN PD,,0,1,0,0,I,B,N,N,11,1,ROUTE 520,E,520,,00000520__,13.94,05,,02,04,02,01,06,01,05,01,100,FE,E,CORONET AVE,,,,40,25,52,40.331970,74.131780,N,BROKEN UTILITY POLE #JC 350 MDT,31367
2018133118MT41028,MONMOUTH,MIDDLETOWN TWP,11/01/2018,TH,0727,01,MIDDLETOWN PD,,0,0,0,0,P,B,N,N,08,2,63 TINDALL RD,,,,,,08,,01,04,02,01,01,01,05,01,,,S,MIDDLETOWN HS NORTH PARKING LOT,,,,,,26,,,N,,31273
2018133118MT41080,MONMOUTH,MIDDLETOWN TWP,11/01/2018,TH,1337,01,MIDDLETOWN PD,,0,1,0,0,I,I,N,N,01,2,ROUTE 516,N,516,,00000516__,16.15,05,,01,05,02,01,01,01,05,01,,AT,,CHURCH ST,,,,35,35,26,,,N,,
2018133118MT41113,MONMOUTH,MIDDLETOWN TWP,11/01/2018,TH,1645,01,MIDDLETOWN PD,,0,0,0,0,P,I,N,N,03,2,CHESTNUT ST **,S,,,13311089__,.00,07,,01,04,02,01,01,01,05,01,,AT,,WILSON AVE,,,,35,25,26,,,N,,31343
2018133118MT41116,MONMOUTH,MIDDLETOWN TWP,11/01/2018,TH,1742,01,MIDDLETOWN PD,,0,1,0,0,I,B,N,N,11,1,NJ 35,N,35,,00000035__,39.14,02,,01,04,02,01,03,01,01,01,100,FE,W,CHERRY TREE LN / OLD COUNTRY RD,,,,50,25,56,,,N,TREE ON THE PROPERTY OF HARMONY BOWLING,31372
2018133118MT41245,MONMOUTH,MIDDLETOWN TWP,11/02/2018,FR,1925,01,MIDDLETOWN PD,,0,0,0,0,P,B,N,N,02,2,ROUTE 520,E,520,,00000520__,13.70,05,,01,04,02,02,03,02,04,01,25,FE,E,CR 50 / MIDDLETOWN-LINCROFT RD / SW,,,,35,35,26,,,N,,31375
2018133118MT41247,MONMOUTH,MIDDLETOWN TWP,11/02/2018,FR,1811,01,MIDDLETOWN PD,,0,0,0,0,P,B,N,N,12,1,HARTSHORNE RD **,W,,,13311483__,.53,07,,01,04,02,01,03,01,05,01,100,FE,W,CLAY CT,,,,35,25,24,,,N,,31312
2018133118MT41259,MONMOUTH,MIDDLETOWN TWP,11/02/2018,FR,2212,01,MIDDLETOWN PD,,0,0,0,0,P,B,N,N,12,1,MONMOUTH COUNTY 52,S,52,,13000052__,.54,05,,01,04,02,02,05,02,05,01,100,FE,N,WEST FRONT ST,,,,40,40,24,,,N,,31375
2018133118MT41307,MONMOUTH,MIDDLETOWN TWP,11/03/2018,SA,1155,01,MIDDLETOWN PD,,0,0,0,0,P,B,N,N,01,2,NJ 35,N,35,,00000035__,36.30,02,,01,04,02,01,01,01,01,01,50,FE,S,APPLE FARM RD,,,,50,25,26,,,N,,31341
2018133118MT41315,MONMOUTH,MIDDLETOWN TWP,11/03/2018,SA,1235,01,MIDDLETOWN PD,,0,0,0,0,P,I,N,N,01,2,W FRONT ST,E,,,13312109__,1.86,07,,01,05,02,01,01,01,05,01,,AT,,NORMANDY RD,,,,40,45,26,40.345650,74.110930,N,,31276
2018133118MT41324,MONMOUTH,MIDDLETOWN TWP,11/03/2018,SA,1516,01,MIDDLETOWN PD,,0,0,0,0,P,I,N,N,07,2,MONMOUTH COUNTY 8 B,W,8,B,13000008B_,.65,05,,01,05,02,01,01,01,05,01,,AT,,PAPE DR,,,,40,25,26,,,N,,31294
2018133118MT41328,MONMOUTH,MIDDLETOWN TWP,11/03/2018,SA,1628,01,MIDDLETOWN PD,,0,0,0,0,P,B,N,N,01,2,NJ 35,N,35,,00000035__,37.98,02,,01,04,02,01,01,01,01,01,,,,,F,CR 50 / NEW MONMOUTH RD,WB,50,,26,,,N,,31340
2018133118MT41397,MONMOUTH,MIDDLETOWN TWP,11/04/2018,SU,0736,01,MIDDLETOWN PD,,0,0,0,0,P,B,N,N,06,2,HENRY DR **,W,,,13311156__,.07,07,,02,05,02,01,01,01,05,01,300,FE,W,EVERGREEN TER,,,,25,25,28,,,N,,31311
2018133118MT41399,MONMOUTH,MIDDLETOWN TWP,11/04/2018,SU,0834,01,MIDDLETOWN PD,,0,1,0,0,I,I,N,N,03,3,ROUTE 520,E,520,,00000520__,15.05,05,,01,04,02,01,01,01,02,01,,AT,,HALF MILE RUN,,,,40,,26,,,Y,,
2018133118MT41412,MONMOUTH,MIDDLETOWN TWP,11/04/2018,SU,1058,01,MIDDLETOWN PD,,0,0,0,0,P,B,N,N,02,2,NJ 35,N,35,,00000035__,37.32,02,,01,04,02,01,01,01,02,01,50,FE,S,KINGS HWY WEST / TINDALL RD,,,,50,35,26,,,N,,31317
2018133118MT41510,MONMOUTH,MIDDLETOWN TWP,11/05/2018,MO,1521,01,MIDDLETOWN PD,,0,0,0,0,P,B,N,N,01,2,HARMONY RD,E,,,13311836__,.03,07,,01,04,02,02,01,02,05,01,150,FE,E,ACKER DR,,,,35,25,26,,,N,,31339
2018133118MT41517,MONMOUTH,MIDDLETOWN TWP,11/05/2018,MO,1629,01,MIDDLETOWN PD,,0,1,0,0,I,B,N,N,03,2,HALF MILE RD,S,,,13312110__,.01,07,,01,04,02,02,01,02,05,01,50,FE,N,ROUTE 520 / NEWMAN SPRINGS RD,,,,35,40,26,,,N,,31357
2018133118MT41524,MONMOUTH,MIDDLETOWN TWP,11/05/2018,MO,1754,01,MIDDLETOWN PD,,0,0,0,0,P,I,N,N,02,2,NJ 35,N,35,,00000035__,35.71,02,,01,04,02,02,06,02,01,01,,AT,,CHAPEL HILL RD / OAK HILL RD,,,,50,35,26,,,N,,31342
2018133118MT41527,MONMOUTH,MIDDLETOWN TWP,11/05/2018,MO,1818,01,MIDDLETOWN PD,,0,0,0,0,P,B,N,N,03,2,MONMOUTH COUNTY 8 B,S,8,B,13000008B_,1.02,05,,01,05,02,02,06,02,05,01,50,FE,N,NJ 36,,,,25,50,26,,,N,,31379
2018133118MT41590,MONMOUTH,MIDDLETOWN TWP,11/06/2018,TU,0835,01,MIDDLETOWN PD,,0,1,0,0,I,B,N,N,11,1,HALF MILE RD,S,,,13312110__,.53,07,,01,04,02,02,01,02,05,01,25,FE,S,WEST FRONT ST,,,,35,,56,,,N,UTILITY POLE BT3479MDT,31286
2018133118MT41626,MONMOUTH,MIDDLETOWN TWP,11/06/2018,TU,1632,01,MIDDLETOWN PD,,0,0,0,0,P,I,N,N,02,2,W FRONT ST,E,,,13312109__,3.09,07,,01,04,02,02,01,02,05,01,,AT,,WHITE AVE,,,,40,25,26,40.345640,74.088780,N,,31371
2018133118MT41631,MONMOUTH,MIDDLETOWN TWP,11/06/2018,TU,1740,01,MIDDLETOWN PD,,0,0,0,0,P,B,N,N,06,2,EAST ROAD,,,,,,07,,01,06,02,02,06,02,05,01,100,FE,S,LINDA STREET,,,,35,25,28,,,N,,31288
2018133118MT41649,MONMOUTH,MIDDLETOWN TWP,11/06/2018,TU,2005,01,MIDDLETOWN PD,,0,0,0,0,P,B,N,N,11,1,NJ 35,S,35,,00000035__,37.89,02,,01,04,02,02,03,02,05,01,500,FE,S,CR 50 / NEW MONMOUTH RD,,,,50,35,69,,,N,,31357
2018133118MT41689,MONMOUTH,MIDDLETOWN TWP,11/07/2018,WE,0759,01,MIDDLETOWN PD,,0,1,0,0,I,B,N,N,01,2,ROUTE 520,E,520,,00000520__,12.25,05,,01,04,02,01,01,01,05,01,300,FE,W,GREENTREE TER,,,,40,25,26,,,N,,31303
2018133118MT41748,MONMOUTH,MIDDLETOWN TWP,11/07/2018,WE,1719,01,MIDDLETOWN PD,,0,0,0,0,P,B,N,N,02,2,OAK HILL ROAD,E,,,,,07,,01,04,02,01,03,01,05,01,100,FE,W,NJ 35,,,,35,50,26,,,N,,31353
2018133118MT41831,MONMOUTH,MIDDLETOWN TWP,11/08/2018,TH,1513,01,MIDDLETOWN PD,,0,1,0,0,I,B,N,N,01,2,MAIN ST,N,,,13312103__,.00,07,,01,04,02,01,01,01,05,01,10,FE,S,NJ 36,,,,35,50,26,,,N,,31311
2018133118MT41991,MONMOUTH,MIDDLETOWN TWP,11/09/2018,FR,1945,01,MIDDLETOWN PD,,0,0,0,0,P,B,N,N,11,1,CENTER AVE **,E,,,13311416__,.06,07,,01,04,02,02,06,02,05,01,50,FE,W,CEDAR AVE,,,,35,25,56,,,N,,31288
2018133118MT42004,MONMOUTH,MIDDLETOWN TWP,11/09/2018,FR,2226,01,MIDDLETOWN PD,,0,0,0,0,P,B,N,N,15,1,PORTLAND RD,N,,,13312099__,.83,07,,01,05,02,02,06,02,05,01,15,FE,S,HILLSIDE AVE,,,,35,25,39,,,N,,31372
2018133118MT42018,MONMOUTH,MIDDLETOWN TWP,11/10/2018,SA,0140,01,MIDDLETOWN PD,,0,0,0,0,P,I,N,N,11,1,NJ 35,N,35,,00000035__,35.71,02,,03,04,02,02,06,02,02,01,,AT,,CHAPEL HILL RD / OAK HILL RD,,,,50,35,56,,,N,,31303
2018133118MT4202,MONMOUTH,MIDDLETOWN TWP,11/26/2018,MO,1733,01,MIDDLETOWN PD,,0,1,0,0,I,B,N,N,01,2,ROUTE 520,E,520,,00000520__,14.73,05,,01,04,02,02,04,02,04,01,250,FE,E,PARK VIEW TER W,,,,40,25,26,,,N,,31293
2018133118MT42046,MONMOUTH,MIDDLETOWN TWP,11/10/2018,SA,0942,01,MIDDLETOWN PD,,0,0,0,0,P,B,N,N,06,2,APPLETON AVE **,,,,13311216__,.30,07,,01,04,02,00,00,00,05,01,50,FE,S,HAMILTON AVE,,,,25,25,28,40.418490,74.063950,N,,31259
2018133118MT42218,MONMOUTH,MIDDLETOWN TWP,11/11/2018,SU,1826,01,MIDDLETOWN PD,,0,0,0,0,P,B,N,N,07,2,MONMOUTH COUNTY 7 I,N,7,1,130000071_,.18,05,,01,04,02,01,06,01,05,01,150,FE,S,MIDDLEWOOD RD,,,,40,25,26,,,N,,31372
2018133118MT42259,MONMOUTH,MIDDLETOWN TWP,11/12/2018,MO,0213,01,MIDDLETOWN PD,,0,0,0,0,P,B,Y,N,06,3,PORT MONMOUTH RD,E,,,13312102__,.05,07,,01,04,02,01,07,01,05,01,100,FE,W,BAY AVE,,,,35,25,26,,,N,,
2018133118MT42267,MONMOUTH,MIDDLETOWN TWP,11/12/2018,MO,0705,01,MIDDLETOWN PD,,0,0,0,0,P,I,N,N,07,2,W FRONT ST,E,,,13312109__,3.09,07,,01,04,02,01,01,01,05,01,,AT,,WHITE AVE,,,,35,25,26,40.345910,74.111780,N,,31367
2018133118MT42282,MONMOUTH,MIDDLETOWN TWP,11/12/2018,MO,0849,01,MIDDLETOWN PD,,0,0,0,0,P,B,N,N,01,2,COOPERS RD **,E,,,13311291__,.08,07,,01,04,02,01,01,01,05,01,400,FE,E,WALNUT AVE,,,,25,25,26,40.372340,74.083520,N,,31276
2018133118MT42354,MONMOUTH,MIDDLETOWN TWP,11/12/2018,MO,2058,01,MIDDLETOWN PD,,0,0,0,0,P,B,N,N,12,1,MONMOUTH COUNTY 12,W,12,,13000012__,1.62,05,,01,04,02,01,07,01,05,01,100,FE,E,NINA WAY,,,,35,25,24,,,N,TRAVEL MARKS ON GROUND OF 840 NUTSWAMP ROAD,31340
2018133118MT42357,MONMOUTH,MIDDLETOWN TWP,11/12/2018,MO,2048,01,MIDDLETOWN PD,,0,0,0,0,P,B,N,N,12,1,ROUTE 520,W,520,,00000520__,15.25,05,,01,04,02,01,06,01,02,01,50,FE,W,SCHULZ DR,,,,45,25,24,,,N,,31353
2018133118MT42383,MONMOUTH,MIDDLETOWN TWP,11/13/2018,TU,0739,01,MIDDLETOWN PD,,0,0,0,0,P,I,N,N,01,2,MONMOUTH COUNTY 50,S,50,,13000050__,4.13,05,,01,04,02,02,01,02,05,01,,AT,W,ALLAIRE AVE,,,,40,25,26,40.373280,74.114460,N,,31356
2018133118MT42385,MONMOUTH,MIDDLETOWN TWP,11/13/2018,TU,0741,01,MIDDLETOWN PD,,0,0,0,0,P,B,N,N,12,1,MONMOUTH COUNTY 54,S,54,,13000054__,3.27,07,,01,04,02,02,01,02,05,01,75,FE,N,HICKORY LN,,,,40,25,24,,,N,,31332
2018133118MT42386,MONMOUTH,MIDDLETOWN TWP,11/13/2018,TU,0808,01,MIDDLETOWN PD,,0,0,0,0,P,I,N,N,01,2,KNOLLWOOD DRIVE,,,,,,07,,01,04,02,02,01,02,05,01,,AT,,KINGS HIGHWAY EAST,,,,25,35,26,,,N,,31317
2018133118MT42394,MONMOUTH,MIDDLETOWN TWP,11/13/2018,TU,0855,01,MIDDLETOWN PD,,0,0,0,0,P,B,N,N,11,1,NJ 35,S,35,,00000035__,39.58,02,,01,04,02,02,01,02,01,01,10,FE,W,CR 7 / PALMER AVE,,,,50,35,48,,,N,,31309
2018133118MT42418,MONMOUTH,MIDDLETOWN TWP,11/13/2018,TU,1232,01,MIDDLETOWN PD,,0,0,0,0,P,B,N,N,01,2,NJ 35,S,35,,00000035__,35.89,02,,01,05,02,02,01,05,01,01,150,FE,S,DE POW AVE,,,,50,25,26,40.368800,74.085450,N,,31323
2018133118MT42421,MONMOUTH,MIDDLETOWN TWP,11/13/2018,TU,1244,01,MIDDLETOWN PD,,0,1,0,0,I,B,N,N,01,4,NJ 35,S,35,,00000035__,35.91,02,,01,05,02,02,01,01,01,01,30,FE,S,DE POW AVE,,,,50,25,26,,,N,,31286
2018133118MT42437,MONMOUTH,MIDDLETOWN TWP,11/13/2018,TU,1511,01,MIDDLETOWN PD,,0,0,0,0,P,B,N,N,03,2,MAIN ST,S,,,13312103__,.00,07,,01,04,02,01,01,05,05,01,25,FE,N,NJ 36,,,,35,50,26,,,N,,31269
2018133118MT42504,MONMOUTH,MIDDLETOWN TWP,11/14/2018,WE,0838,01,MIDDLETOWN PD,,0,0,0,0,P,B,N,N,01,2,NJ 35,S,35,,00000035__,38.00,02,,01,04,02,01,01,01,01,01,100,FE,N,CR 50 / NEW MONMOUTH RD,,,,50,35,26,,,N,,31381
2018133118MT42525,MONMOUTH,MIDDLETOWN TWP,11/14/2018,WE,1211,01,MIDDLETOWN PD,,0,0,0,0,P,I,N,N,03,2,MAIN ST,S,,,13312103__,.00,07,,01,04,02,01,01,01,05,01,,AT,,JAY DRIVE,,,,35,25,26,,,N,,31330
2018133118MT42532,MONMOUTH,MIDDLETOWN TWP,11/14/2018,WE,1248,01,MIDDLETOWN PD,,0,0,0,0,P,B,N,N,01,2,KINGS HWY,E,,,13312101__,.00,07,,01,04,02,01,01,01,05,01,20,FE,W,NJ 35,,,,35,50,26,,,N,,31330
2018133118MT42533,MONMOUTH,MIDDLETOWN TWP,11/14/2018,WE,1257,01,MIDDLETOWN PD,,0,0,0,0,P,B,N,N,11,1,KINGS HWY,E,,,13312101__,.26,07,,01,06,02,01,01,01,05,01,25,FE,W,KNOLLWOOD DR,,,,35,25,50,,,N,VERIZON GUIDE POLE #BT 5849MDT  MIDDLETOWN TOWNSHIP SPEED LIMIT SIGN,31240
2018133118MT42545,MONMOUTH,MIDDLETOWN TWP,11/14/2018,WE,1444,01,MIDDLETOWN PD,,0,0,0,0,P,B,N,N,02,2,ROUTE 520,W,520,,00000520__,14.73,05,,01,04,02,01,01,01,04,01,15,FE,E,WOODLAND DR,,,,40,25,26,,,N,,31331
2018133118MT42575,MONMOUTH,MIDDLETOWN TWP,11/14/2018,WE,1829,01,MIDDLETOWN PD,,0,0,0,0,P,B,N,N,12,1,HOLLAND RD,S,,,13312108__,.02,07,,01,04,02,01,03,01,05,01,100,FE,N,RED HILL RD,,,,35,25,24,,,N,,31357
2018133118MT42576,MONMOUTH,MIDDLETOWN TWP,11/14/2018,WE,1850,01,MIDDLETOWN PD,,0,0,0,0,P,B,N,N,01,2,HOLLAND RD,S,,,13312108__,.59,07,,01,04,02,01,06,01,05,01,2640,FE,S,LAUREL AVE,,,,35,40,26,,,N,,31364
2018133118MT42645,MONMOUTH,MIDDLETOWN TWP,11/15/2018,TH,0800,01,MIDDLETOWN PD,,0,0,0,0,P,B,N,N,01,2,ROUTE 520,E,520,,00000520__,14.85,05,,01,04,02,01,01,01,05,01,,,,,F,GARDEN STATE PKWY,NB,40,,26,,,N,,31331
2018133118MT42710,MONMOUTH,MIDDLETOWN TWP,11/15/2018,TH,1442,01,MIDDLETOWN PD,,0,0,0,0,P,B,N,N,11,1,RED HILL RD,S,,,13312106__,.76,07,,02,05,02,03,01,03,04,01,200,FE,N,BAMM HOLLOW RD,,,,35,35,52,,,N,,31381
2018133118MT42713,MONMOUTH,MIDDLETOWN TWP,11/15/2018,TH,1326,01,MIDDLETOWN PD,,0,0,0,0,P,B,N,N,02,2,MONMOUTH COUNTY 50,S,50,,13000050__,5.40,05,,01,04,02,03,01,03,05,01,200,FE,N,MCCUTCHEON CT,,,,40,25,26,40.376880,74.114520,N,,31323
2018133118MT42714,MONMOUTH,MIDDLETOWN TWP,11/15/2018,TH,1335,01,MIDDLETOWN PD,,0,0,0,0,P,B,N,N,11,1,MONMOUTH COUNTY 12 A,E,12,A,13000012A_,3.48,05,,01,06,02,03,01,03,05,01,500,FE,E,BROWNS DOCK RD,,,,35,30,56,,,N,,31339
2018133118MT42715,MONMOUTH,MIDDLETOWN TWP,11/15/2018,TH,1324,01,MIDDLETOWN PD,,0,0,0,0,P,B,N,N,01,2,ROUTE 520,W,520,,00000520__,13.88,05,,01,04,01,03,01,03,05,01,10,FE,E,HURLEYS LN,,,,40,25,26,,,N,,31331
2018133118MT42719,MONMOUTH,MIDDLETOWN TWP,11/15/2018,TH,1348,01,MIDDLETOWN PD,,0,1,0,0,I,B,N,N,11,1,ROUTE 520,E,520,,00000520__,14.19,05,,01,04,02,03,01,03,05,01,15,FE,E,HILLTOP CIR,,,,40,25,56,,,N,JERSEY CENTRAL POWER & LIGHT UTILITY POLE # JC 358 MDT,31240