Year(4)-CountyCode(2)-MunicipalityCode(2)-CaseNumber(9),County Name,Municipality Name,Crash Date,Crash Day of Week,Crash Time,Police Department Code,Police Department,Police Station,Total Killed,Total Injured,Pedestrians Killed,Pedestrians Injured,Severity,Intersection,Alcohol Involved,Hazmat Involved,Crash Type,Total Vehicles,Location,Location Direction,Route,Route Suffix,Std Rte Identifier,MilePost,Road System,Road Character,Road Horizontal Alignment,Road Grade,Road Surface Type,Surface Condition,Light Condition,Environmental Condition,Road Divided By,Temporary Traffic Control Zone,Distance To Cross Street,Unit Of Measurement,Direction From Cross Street,Cross Street Name,Is Ramp,Ramp To/From Route Name,Ramp To/From Route Direction,Posted Speed,Posted Speed Cross Street,First Harmful Event,Latitude,Longitude,Cell Phone In Use Flag,Other Property Damage,Reporting Badge No.
2018133118MT47303,MONMOUTH,MIDDLETOWN TWP,12/23/2018,SU,2109,01,MIDDLETOWN PD,,0,0,0,0,P,B,N,N,12,1,NJ 35,N,35,,00000035__,35.60,02,,01,04,02,01,06,01,01,01,250,FE,S,COOPER RD,,,,50,25,24,,,N,,31378
2018133118MT47373,MONMOUTH,MIDDLETOWN TWP,12/24/2018,MO,1141,01,MIDDLETOWN PD,,0,0,0,0,P,B,N,N,01,2,NJ 35,S,35,,00000035__,38.00,02,,01,04,02,01,01,01,01,01,100,FE,N,CR 50 / NEW MONMOUTH RD,,,,50,35,26,,,N,,31341
2018133118MT47401,MONMOUTH,MIDDLETOWN TWP,12/24/2018,MO,1701,01,MIDDLETOWN PD,,0,0,0,0,P,B,N,N,06,2,MONMOUTH COUNTY 12,E,12,,13000012__,1.37,05,,01,04,02,01,03,01,05,01,50,FE,E,WHITEACRE BLVD,,,,25,20,28,,,N,,31359
2018133118MT47408,MONMOUTH,MIDDLETOWN TWP,12/24/2018,MO,1934,01,MIDDLETOWN PD,,0,0,0,0,P,B,N,N,08,2,KENTUCKY AVE **,W,,,13311412__,.07,07,,01,04,02,01,04,01,05,01,100,FE,S,NEPTUNE PL,,,,25,25,28,,,N,,31374
2018133118MT47412,MONMOUTH,MIDDLETOWN TWP,12/24/2018,MO,2106,01,MIDDLETOWN PD,,0,0,0,0,P,B,N,N,08,2,GREEN OAK BLVD,,,,,,07,,01,05,02,01,06,01,05,01,200,FE,S,BETH DR,,,,25,25,28,,,N,,31360
2018133118MT47459,MONMOUTH,MIDDLETOWN TWP,12/25/2018,TU,1926,01,MIDDLETOWN PD,,0,0,0,0,P,B,N,N,01,2,NJ 36,N,36,,00000036__,18.91,02,,01,04,02,01,06,01,01,01,20,FE,S,MAIN STREET (PORT MONMOUTH),,,,50,35,26,40.423190,74.133890,N,,31374
2018133118MT47496,MONMOUTH,MIDDLETOWN TWP,12/26/2018,WE,1449,01,MIDDLETOWN PD,,0,0,0,0,P,B,N,N,06,2,ALLYSON LN,S,,,,,07,,03,05,02,01,01,01,05,01,15,FE,S,BRIANA CT,,,,25,25,28,,,N,,31240
2018133118MT47514,MONMOUTH,MIDDLETOWN TWP,12/26/2018,WE,1922,01,MIDDLETOWN PD,,0,0,0,0,P,B,N,N,01,2,W FRONT ST,W,,,13312109__,2.74,07,,01,04,02,01,06,01,05,01,15,FE,W,HALF MILE RD,,,,35,40,26,,,N,,31377
2018133118MT47545,MONMOUTH,MIDDLETOWN TWP,12/27/2018,TH,0118,01,MIDDLETOWN PD,,0,0,0,0,P,B,Y,N,11,1,ROUTE 516,W,516,,00000516__,14.44,05,,01,04,02,01,06,01,05,01,5,FE,E,HERB ST,,,,35,25,52,40.410740,74.134140,N,UTILITY POLE JC 27 MDT,31362
2018133118MT47569,MONMOUTH,MIDDLETOWN TWP,12/27/2018,TH,1053,01,MIDDLETOWN PD,,0,0,0,0,P,B,N,N,12,1,NJ 36,S,36,,00000036__,13.60,02,,01,06,02,01,01,01,03,01,1800,FE,N,BUTTERMILK RIDGE RD,,,,50,25,24,40.407130,74.012650,N,,31259
2018133118MT47589,MONMOUTH,MIDDLETOWN TWP,12/27/2018,TH,1400,01,MIDDLETOWN PD,,0,0,0,0,P,B,N,N,01,3,NJ 35,N,35,,00000035__,38.69,02,,01,04,02,01,01,01,01,01,5,FE,S,HARMONY RD / KINGS HWY,,,,50,35,26,,,N,,31381
2018133118MT47605,MONMOUTH,MIDDLETOWN TWP,12/27/2018,TH,1534,01,MIDDLETOWN PD,,0,0,0,0,P,B,N,N,06,2,RIDGEWOOD AVE **,,,,13311282__,.12,07,,01,04,02,00,00,00,05,01,75,FE,W,MONMOUTH AVE,,,,25,25,28,40.419980,74.065120,N,,31259
2018133118MT47636,MONMOUTH,MIDDLETOWN TWP,12/27/2018,TH,2137,01,MIDDLETOWN PD,,0,0,0,0,P,B,N,N,11,1,NJ 36,W,36,,00000036__,13.52,02,,02,04,02,01,06,01,03,01,500,FE,N,BEAMAN BLVD,,,,50,,54,,,N,SUPPORT WIRE TO UTILITY POLE BT5379MDT,31372
2018133118MT47648,MONMOUTH,MIDDLETOWN TWP,12/27/2018,TH,2357,01,MIDDLETOWN PD,,0,0,0,0,P,I,N,N,11,1,KINGS HWY,S,,,13312101__,1.08,07,,01,04,02,01,06,01,05,01,,AT,S,RED HILL RD,,,,30,35,45,40.394820,74.122450,N,,31358
2018133118MT47738,MONMOUTH,MIDDLETOWN TWP,12/28/2018,FR,1656,01,MIDDLETOWN PD,,0,0,0,0,P,I,N,N,07,2,ROUTE 516,E,516,,00000516__,14.32,05,,01,04,02,02,06,02,05,01,,AT,,NJ 35 N OFF RAMP,,,,50,,26,,,N,,31360
2018133118MT47740,MONMOUTH,MIDDLETOWN TWP,12/28/2018,FR,1754,01,MIDDLETOWN PD,,0,0,0,0,P,B,N,N,03,2,BAMM HOLLOW RD,S,,,13312095__,2.59,07,,01,04,02,02,06,02,05,01,,FE,W,NJ 35 JUGHANDLE,,,,50,,26,,,N,,31375
2018133118MT47766,MONMOUTH,MIDDLETOWN TWP,12/28/2018,FR,2306,01,MIDDLETOWN PD,,0,0,0,0,P,B,N,N,12,1,BROWNS DOCK RD **,N,,,13311260__,.05,07,,01,04,02,02,04,01,05,01,250,FE,N,MONMOUTH AVE,,,,35,35,24,,,N,,31281
2018133118MT47806,MONMOUTH,MIDDLETOWN TWP,12/29/2018,SA,1147,01,MIDDLETOWN PD,,0,0,0,0,P,I,N,N,03,2,CAMPBELL AVE **,S,,,13311211__,.09,07,,01,04,02,01,01,01,05,01,,AT,,WILSON AVE,,,,30,35,26,,,N,,31311
2018133118MT47829,MONMOUTH,MIDDLETOWN TWP,12/29/2018,SA,1828,01,MIDDLETOWN PD,,0,0,0,0,P,B,N,N,01,2,NJ 35,S,35,,00000035__,35.18,02,,01,05,02,01,05,01,01,01,200,FE,N,PINE ST,,,,50,25,26,,,N,,31325
2018133118MT47843,MONMOUTH,MIDDLETOWN TWP,12/29/2018,SA,2055,01,MIDDLETOWN PD,,0,0,0,0,P,B,N,N,02,2,NJ 35,S,35,,00000035__,39.12,02,,01,05,02,01,07,01,01,01,200,FE,S,CHERRY TREE LN / OLD COUNTRY RD,,,,50,25,26,,,N,,31332
2018133118MT47914,MONMOUTH,MIDDLETOWN TWP,12/30/2018,SU,1717,01,MIDDLETOWN PD,,0,0,0,0,P,B,N,N,03,2,MONMOUTH COUNTY 12 A,S,12,A,13000012A_,.53,05,,01,04,02,01,05,01,05,01,,FE,W,NJ 35,,,,50,,26,,,N,,31325
2018133118MT47990,MONMOUTH,MIDDLETOWN TWP,12/31/2018,MO,1449,01,MIDDLETOWN PD,,0,0,0,0,P,B,N,N,01,2,ROUTE 520,E,520,,00000520__,15.03,05,,01,04,02,01,01,01,02,01,100,FE,W,HALF MILE RUN,,,,40,40,26,,,N,,31375
2018133118MT48002,MONMOUTH,MIDDLETOWN TWP,12/31/2018,MO,1633,01,MIDDLETOWN PD,,0,0,0,0,P,B,N,N,11,1,MONMOUTH COUNTY 12 A,E,12,A,13000012A_,3.30,05,,01,04,02,02,03,02,05,01,500,FE,W,BROWNS DOCK RD,,,,35,25,47,,,N,GUIDE RAIL. MONMOUTH CO. HWY.,31342
2018133118MT48032,MONMOUTH,MIDDLETOWN TWP,12/31/2018,MO,2201,01,MIDDLETOWN PD,,0,0,0,0,P,B,N,N,06,2,HOLMES AVE **,W,,,13311402__,.24,07,,01,04,02,02,06,02,05,01,300,FE,W,CR 36 / OCEAN AVE,,,,25,25,28,,,N,,31377
2018133118MT4872,MONMOUTH,MIDDLETOWN TWP,12/02/2018,SU,1122,01,MIDDLETOWN PD,,0,0,0,0,P,B,N,N,08,2,WALNUT AVE **,S,,,13311316__,.05,07,,01,05,02,02,01,02,05,01,250,FE,N,COOPER RD,,,,25,25,26,,,N,,31333
2018133118MTT11706,MONMOUTH,MIDDLETOWN TWP,03/29/2018,TH,1204,01,MIDDLETOWN PD,,0,0,0,0,P,B,N,N,12,1,MONMOUTH COUNTY 50,S,50,,13000050__,6.25,05,,02,04,02,02,01,05,05,01,100,FE,S,HOLLAND RD,,,,35,35,24,40.392420,74.118630,N,,31276
20181331E050-2018-00005A,MONMOUTH,MIDDLETOWN TWP,01/02/2018,TU,0538,02,NEW JERSEY STATE POLICE,HOLMDEL - SQUAD,0,0,0,0,P,B,N,N,15,1,GARDEN STATE PARKWAY,N,444,,00000444__,109.70,03,,01,04,02,01,05,01,01,01,,FE,N,ROUTE 520 / NEWMAN SPRINGS RD,,,,65,,39,40.330230,74.097870,N,,7453
20181331E050-2018-00019A,MONMOUTH,MIDDLETOWN TWP,01/03/2018,WE,0819,02,NEW JERSEY STATE POLICE,HOLMDEL - SQUAD,0,0,0,0,P,B,N,N,02,2,GARDEN STATE PARKWAY,S,444,,00000444__,109.70,03,,01,04,02,01,01,01,01,01,,FE,S,ROUTE 520 / NEWMAN SPRINGS RD,,,,65,,26,40.338540,74.102630,N,,7332
20181331E050-2018-00022A,MONMOUTH,MIDDLETOWN TWP,01/04/2018,TH,0808,02,NEW JERSEY STATE POLICE,HOLMDEL - SQUAD,0,0,0,0,P,B,N,N,11,1,GARDEN STATE PARKWAY,N,444,,00000444__,110.00,03,,01,04,02,03,01,03,01,01,,FE,N,ROUTE 520 / NEWMAN SPRINGS RD,,,,65,,46,40.334800,74.099000,N,GUARDRAIL,7382
20181331E050-2018-00034A,MONMOUTH,MIDDLETOWN TWP,01/02/2018,TU,1121,02,NEW JERSEY STATE POLICE,HOLMDEL - SQUAD,0,0,0,0,P,B,N,N,12,1,GARDEN STATE PARKWAY,N,444,,00000444__,113.88,03,,01,04,02,01,01,01,01,01,,FE,N,CR 52 / RED HILL RD,,,,65,,24,40.396800,74.091600,N,,7639
20181331E050-2018-00059A,MONMOUTH,MIDDLETOWN TWP,01/09/2018,TU,0859,02,NEW JERSEY STATE POLICE,HOLMDEL - SQUAD,0,0,0,0,P,B,N,N,01,2,GARDEN STATE PARKWAY,N,444,,00000444__,109.40,03,,01,04,02,02,01,01,01,01,,FE,N,ROUTE 520 / NEWMAN SPRINGS RD,,,,65,,26,40.263170,74.078480,N,,6357
20181331E050-2018-00064A,MONMOUTH,MIDDLETOWN TWP,01/10/2018,WE,0542,02,NEW JERSEY STATE POLICE,HOLMDEL - SQUAD,0,0,0,0,P,B,N,N,11,1,GARDEN STATE PARKWAY,N,444,,00000444__,111.70,03,,01,04,02,03,03,03,05,01,,FE,N,WEST FRONT ST,,,,65,,46,40.352790,74.119200,N,NJTA GUARDRAIL,7382
20181331E050-2018-00067A,MONMOUTH,MIDDLETOWN TWP,01/10/2018,WE,1450,02,NEW JERSEY STATE POLICE,HOLMDEL - SQUAD,0,0,0,0,P,B,N,N,02,2,GARDEN STATE PARKWAY,S,444,,00000444__,110.80,03,,02,05,02,01,01,01,01,01,,FE,S,ROUTE 520 / NEWMAN SPRINGS RD,,,,65,,26,40.343540,74.109610,N,,7660
20181331E050-2018-00074A,MONMOUTH,MIDDLETOWN TWP,01/11/2018,TH,0743,02,NEW JERSEY STATE POLICE,HOLMDEL - SQUAD,0,0,0,0,P,B,N,N,02,2,GARDEN STATE PARKWAY,N,444,,00000444__,112.60,03,,01,04,02,02,01,01,01,01,,FE,N,CR 50 / MIDDLETOWN LINCROFT RD,,,,65,,26,40.359580,74.132950,N,,7471
20181331E050-2018-00086A,MONMOUTH,MIDDLETOWN TWP,01/12/2018,FR,1816,02,NEW JERSEY STATE POLICE,HOLMDEL - SQUAD,0,0,0,0,P,B,N,N,01,2,GARDEN STATE PARKWAY,S,444,,00000444__,110.00,03,,01,04,02,02,07,02,01,01,,,,,T,RT 520,EB,25,,26,40.336550,74.102630,N,,7332
20181331E050-2018-00087A,MONMOUTH,MIDDLETOWN TWP,01/12/2018,FR,1839,02,NEW JERSEY STATE POLICE,HOLMDEL - SQUAD,0,0,0,0,P,B,N,N,02,2,GARDEN STATE PARKWAY,S,444,,00000444__,110.00,03,,01,04,02,02,07,02,01,01,,,,,T,RT 520,EB,25,,26,40.335810,74.102250,N,,7332
20181331E050-2018-00092A,MONMOUTH,MIDDLETOWN TWP,01/12/2018,FR,1132,02,NEW JERSEY STATE POLICE,HOLMDEL - SQUAD,0,0,0,0,P,B,N,N,03,2,GARDEN STATE PARKWAY,N,444,,00000444__,110.80,03,,01,04,02,02,01,02,01,01,,FE,N,ROUTE 520 / NEWMAN SPRINGS RD,,,,65,,26,40.343660,74.107790,N,,6978
20181331E050-2018-00093A,MONMOUTH,MIDDLETOWN TWP,01/12/2018,FR,1505,02,NEW JERSEY STATE POLICE,HOLMDEL - SQUAD,0,0,0,0,P,B,N,N,11,1,GARDEN STATE PARKWAY,N,444,,00000444__,111.60,03,,01,04,02,02,01,02,01,01,,FE,N,WEST FRONT ST,,,,65,,46,40.375900,74.149900,N,NJTA GUIDE RAIL,7369
20181331E050-2018-00125A,MONMOUTH,MIDDLETOWN TWP,01/20/2018,SA,0254,02,NEW JERSEY STATE POLICE,HOLMDEL - SQUAD,0,0,0,0,P,B,N,N,12,1,GARDEN STATE PARKWAY,S,444,,00000444__,110.30,03,,01,04,02,01,05,01,01,01,,FE,S,ROUTE 520 / NEWMAN SPRINGS RD,,,,65,,24,40.336790,74.100650,N,,7660
20181331E050-2018-00126A,MONMOUTH,MIDDLETOWN TWP,01/20/2018,SA,0545,02,NEW JERSEY STATE POLICE,HOLMDEL - SQUAD,0,0,0,0,P,B,N,N,11,1,GARDEN STATE PARKWAY,S,444,,00000444__,110.50,03,,01,04,02,01,05,01,01,01,,FE,S,ROUTE 520 / NEWMAN SPRINGS RD,,,,65,,46,40.341410,74.104700,N,NJTA Guardrail,7739
20181331E050-2018-00146A,MONMOUTH,MIDDLETOWN TWP,01/23/2018,TU,0914,02,NEW JERSEY STATE POLICE,HOLMDEL - SQUAD,0,0,0,0,P,B,N,N,11,2,GARDEN STATE PARKWAY,N,444,,00000444__,110.70,03,,01,04,02,02,01,02,01,01,,FE,N,ROUTE 520 / NEWMAN SPRINGS RD,,,,65,,46,40.343040,74.106070,N,,7588
20181331E050-2018-00153A,MONMOUTH,MIDDLETOWN TWP,01/24/2018,WE,1849,02,NEW JERSEY STATE POLICE,HOLMDEL - SQUAD,0,0,0,0,P,B,N,N,01,2,GARDEN STATE PARKWAY,N,444,,00000444__,112.10,03,,02,04,02,01,05,01,01,01,,FE,N,CR 50 / MIDDLETOWN LINCROFT RD,,,,65,,26,40.356210,74.125250,N,,7453
20181331E050-2018-00157A,MONMOUTH,MIDDLETOWN TWP,01/25/2018,TH,1658,02,NEW JERSEY STATE POLICE,HOLMDEL - SQUAD,1,0,0,0,F,B,N,N,11,1,GARDEN STATE PARKWAY,N,444,,00000444__,109.90,03,,01,04,02,01,03,01,03,01,,,,,,,,65,,58,40.333930,74.098930,N,,7453
20181331E050-2018-00158A,MONMOUTH,MIDDLETOWN TWP,01/26/2018,FR,0654,02,NEW JERSEY STATE POLICE,HOLMDEL - SQUAD,0,1,0,0,I,B,N,N,15,2,GARDEN STATE PARKWAY,S,444,,00000444__,110.50,03,,01,04,02,01,01,01,01,01,,FE,S,ROUTE 520 / NEWMAN SPRINGS RD,,,,65,,30,40.341410,74.104700,N,,7576
20181331E050-2018-00163A,MONMOUTH,MIDDLETOWN TWP,01/27/2018,SA,0716,02,NEW JERSEY STATE POLICE,HOLMDEL - SQUAD,1,0,0,0,F,B,N,N,11,1,GARDEN STATE PARKWAY,S,444,,00000444__,110.90,03,,01,04,02,04,01,01,01,01,,,,,,,,65,,58,40.344600,74.111730,N,Guardrail and traffic sign support owned by NJTA,7570
20181331E050-2018-00168A,MONMOUTH,MIDDLETOWN TWP,01/27/2018,SA,0806,02,NEW JERSEY STATE POLICE,HOLMDEL - SQUAD,0,0,0,0,P,B,N,N,01,2,GARDEN STATE PARKWAY,S,444,,00000444__,110.50,03,,01,04,02,01,01,01,01,05,,FE,S,ROUTE 520 / NEWMAN SPRINGS RD,,,,65,,26,40.341410,74.104700,N,,7380
20181331E050-2018-00169A,MONMOUTH,MIDDLETOWN TWP,01/27/2018,SA,0520,02,NEW JERSEY STATE POLICE,HOLMDEL - SQUAD,0,0,0,0,P,B,N,N,11,1,GARDEN STATE PARKWAY,N,444,,00000444__,109.40,03,,01,04,02,01,05,01,01,01,,,,,,,,65,,57,40.326260,74.098060,N,,7332
20181331E050-2018-00177A,MONMOUTH,MIDDLETOWN TWP,01/08/2018,MO,,02,NEW JERSEY STATE POLICE,HOLMDEL - SQUAD,0,0,0,0,P,B,N,N,01,2,GARDEN STATE PARKWAY,S,444,,00000444__,113.80,03,,01,04,02,01,06,01,01,01,,FE,S,CR 52 / RED HILL RD,,,,65,,26,40.374260,74.147420,N,GUARDRAIL  NJTA PO BOX 5042 WOODBRIDGE NJ.,7448
20181331E050-2018-00189A,MONMOUTH,MIDDLETOWN TWP,01/30/2018,TU,1213,02,NEW JERSEY STATE POLICE,HOLMDEL - SQUAD,0,0,0,0,P,B,N,N,11,1,GARDEN STATE PARKWAY,S,444,,00000444__,112.70,03,,01,04,02,01,01,01,01,01,,FE,S,CR 50 / MIDDLETOWN LINCROFT RD,,,,65,,60,40.360710,74.136690,N,,7639
20181331E050-2018-00198A,MONMOUTH,MIDDLETOWN TWP,01/31/2018,WE,0932,02,NEW JERSEY STATE POLICE,HOLMDEL - SQUAD,0,0,0,0,P,B,N,N,01,2,GARDEN STATE PARKWAY,N,444,,00000444__,113.88,03,,01,04,02,01,01,01,01,01,,FE,N,CR 52 / RED HILL RD,,,,65,,26,40.371700,74.143680,N,,7380
20181331E050-2018-00208A,MONMOUTH,MIDDLETOWN TWP,02/01/2018,TH,0748,02,NEW JERSEY STATE POLICE,HOLMDEL - SQUAD,0,0,0,0,P,B,N,N,12,1,GARDEN STATE PARKWAY,S,444,,00000444__,112.90,03,,01,04,02,01,01,01,03,01,,FE,S,CR 50 / MIDDLETOWN LINCROFT RD,,,,65,,24,40.362890,74.138900,N,,7134
20181331E050-2018-00209A,MONMOUTH,MIDDLETOWN TWP,01/31/2018,WE,1503,02,NEW JERSEY STATE POLICE,HOLMDEL - SQUAD,0,0,0,0,P,B,N,N,01,2,GARDEN STATE PARKWAY,S,444,,00000444__,113.00,03,,01,04,02,01,01,01,01,01,,FE,S,CR 52 / RED HILL RD,,,,65,,26,40.361880,74.137820,N,,7380
20181331E050-2018-00216A,MONMOUTH,MIDDLETOWN TWP,02/03/2018,SA,1440,02,NEW JERSEY STATE POLICE,HOLMDEL - SQUAD,0,0,0,0,P,B,N,N,12,1,GARDEN STATE PARKWAY,N,444,,00000444__,113.50,03,,03,04,02,01,01,01,01,01,,FE,N,CR 52 / RED HILL RD,,,,65,,24,40.373220,74.143640,N,,7453
20181331E050-2018-00263A,MONMOUTH,MIDDLETOWN TWP,02/11/2018,SU,0639,02,NEW JERSEY STATE POLICE,HOLMDEL - SQUAD,0,0,0,0,P,B,N,N,11,1,GARDEN STATE PARKWAY,N,444,,00000444__,112.30,03,,01,04,02,02,02,02,01,01,,FE,N,CR 50 / MIDDLETOWN LINCROFT RD,,,,65,,46,40.356330,74.125510,N,NJTA GUIDE RAIL AND CONCRETE BARRIER,7369
20181331E050-2018-00297A,MONMOUTH,MIDDLETOWN TWP,02/17/2018,SA,1106,02,NEW JERSEY STATE POLICE,HOLMDEL - SQUAD,0,0,0,0,P,B,N,N,02,2,GARDEN STATE PARKWAY,S,444,,00000444__,111.70,03,,02,04,04,01,01,01,01,01,,FE,S,WEST FRONT ST,,,,65,,26,40.353080,74.120720,N,,7362
20181331E050-2018-00306A,MONMOUTH,MIDDLETOWN TWP,02/17/2018,SA,1504,02,NEW JERSEY STATE POLICE,HOLMDEL - SQUAD,0,0,0,0,P,B,N,N,08,2,GARDEN STATE PARKWAY,S,444,,00000444__,110.14,03,,01,04,02,01,01,01,02,01,10,FE,S,ROUTE 520 / NEWMAN SPRINGS RD,,,,65,45,26,40.335610,74.098320,N,,7362
20181331E050-2018-00352A,MONMOUTH,MIDDLETOWN TWP,02/25/2018,SU,0658,02,NEW JERSEY STATE POLICE,HOLMDEL - SQUAD,0,0,0,0,P,B,N,N,11,1,GARDEN STATE PARKWAY,N,444,,00000444__,110.40,03,,01,04,02,02,02,02,01,01,,FE,N,ROUTE 520 / NEWMAN SPRINGS RD,,,,65,,46,40.340160,74.101810,N,NJTA Guide Rail,7514
20181331E050-2018-00353A,MONMOUTH,MIDDLETOWN TWP,02/25/2018,SU,0819,02,NEW JERSEY STATE POLICE,HOLMDEL - SQUAD,0,0,0,0,P,B,N,N,11,1,GARDEN STATE PARKWAY,N,444,,00000444__,109.40,03,,01,04,02,02,01,02,01,01,,FE,N,ROUTE 520 / NEWMAN SPRINGS RD,,,,65,,48,40.325230,74.098130,N,Both sides NJTA Concrete Barriers.,7160
20181331E050-2018-00355A,MONMOUTH,MIDDLETOWN TWP,02/25/2018,SU,1033,02,NEW JERSEY STATE POLICE,HOLMDEL - SQUAD,0,0,0,0,P,B,N,N,10,1,GARDEN STATE PARKWAY,N,444,,00000444__,111.00,03,,01,04,02,02,01,02,01,01,,FE,N,NORMANDY RD,,,,65,,01,40.344910,74.111200,N,NJTA Guide Rail,7514
20181331E050-2018-00365A,MONMOUTH,MIDDLETOWN TWP,02/26/2018,MO,0748,02,NEW JERSEY STATE POLICE,HOLMDEL - SQUAD,0,0,0,0,P,B,N,N,01,2,GARDEN STATE PARKWAY,N,444,,00000444__,109.60,03,,01,04,02,01,01,01,01,01,,,,,,,,65,,26,40.290980,74.089960,N,,7660
20181331E050-2018-00384A,MONMOUTH,MIDDLETOWN TWP,02/28/2018,WE,1636,02,NEW JERSEY STATE POLICE,HOLMDEL - SQUAD,0,0,0,0,P,B,N,N,02,2,GARDEN STATE PARKWAY,N,444,,00000444__,110.10,03,,01,04,02,01,01,01,01,01,,FE,N,ROUTE 520 / NEWMAN SPRINGS RD,,,,65,,26,40.331920,74.098130,N,,7514
20181331E050-2018-00392A,MONMOUTH,MIDDLETOWN TWP,03/02/2018,FR,1549,02,NEW JERSEY STATE POLICE,HOLMDEL - SQUAD,0,0,0,0,P,B,N,N,01,2,GARDEN STATE PARKWAY,N,444,,00000444__,112.90,03,,01,04,02,03,01,03,01,01,,FE,N,CR 50 / MIDDLETOWN LINCROFT RD,,,,45,,26,40.362820,74.137530,N,NJTA GUARDRAIL,7471
20181331E050-2018-00401A,MONMOUTH,MIDDLETOWN TWP,03/02/2018,FR,1616,02,NEW JERSEY STATE POLICE,HOLMDEL - SQUAD,0,0,0,0,P,B,N,N,11,1,GARDEN STATE PARKWAY,N,444,,00000444__,111.30,03,,01,04,02,03,01,03,01,01,,FE,N,WEST FRONT ST,,,,65,,46,40.347860,74.115350,N,GUARDRAIL,7382
20181331E050-2018-00428A,MONMOUTH,MIDDLETOWN TWP,03/07/2018,WE,1159,02,NEW JERSEY STATE POLICE,HOLMDEL - SQUAD,0,1,0,0,I,B,N,N,02,2,GARDEN STATE PARKWAY,N,444,,00000444__,113.30,03,,01,06,02,05,01,03,01,01,,FE,N,CR 52 / RED HILL RD,,,,45,,26,40.365900,74.140630,N,NJTA Guardrail.,7453
20181331E050-2018-00431A,MONMOUTH,MIDDLETOWN TWP,03/07/2018,WE,1212,02,NEW JERSEY STATE POLICE,HOLMDEL - SQUAD,0,2,0,0,I,B,N,N,02,3,GARDEN STATE PARKWAY,N,444,,00000444__,112.40,03,,01,04,02,05,01,07,01,01,,FE,N,CR 50 / MIDDLETOWN LINCROFT RD,,,,65,,26,40.358240,74.130270,N,,7660
20181331E050-2018-00496A,MONMOUTH,MIDDLETOWN TWP,03/17/2018,SA,0652,02,NEW JERSEY STATE POLICE,HOLMDEL - SQUAD,0,0,0,0,P,B,N,N,11,1,GARDEN STATE PARKWAY,S,444,,00000444__,110.14,03,,03,04,02,01,01,01,01,01,,FE,S,,T,RT 520,,35,,56,40.337020,74.102850,N,PARKWAY TRAFFIC SIGN  NJTA PO BOX 5042 WOODBRIDGE NJ.,7448
20181331E050-2018-00505A,MONMOUTH,MIDDLETOWN TWP,03/19/2018,MO,0805,02,NEW JERSEY STATE POLICE,HOLMDEL - SQUAD,0,1,0,0,I,B,N,N,11,1,GARDEN STATE PARKWAY,S,444,,00000444__,110.60,03,,03,05,02,01,01,01,01,01,,FE,S,ROUTE 520 / NEWMAN SPRINGS RD,,,,65,,55,40.342540,74.106550,N,,7160
20181331E050-2018-00525A,MONMOUTH,MIDDLETOWN TWP,03/21/2018,WE,1249,02,NEW JERSEY STATE POLICE,HOLMDEL - SQUAD,0,0,0,0,P,B,N,N,11,1,GARDEN STATE PARKWAY,N,444,,00000444__,111.30,03,,01,04,02,05,01,03,01,01,,FE,N,WEST FRONT ST,,,,65,,46,40.347860,74.115350,N,NJTPA guardrail damage.,6468
20181331E050-2018-00526A,MONMOUTH,MIDDLETOWN TWP,03/21/2018,WE,0842,02,NEW JERSEY STATE POLICE,HOLMDEL - SQUAD,0,0,0,0,P,B,N,N,02,2,GARDEN STATE PARKWAY,N,444,,00000444__,112.80,03,,01,04,02,03,01,03,01,01,,FE,N,CR 50 / MIDDLETOWN LINCROFT RD,,,,65,,26,40.258750,74.589630,N,,7751
20181331E050-2018-00529A,MONMOUTH,MIDDLETOWN TWP,03/21/2018,WE,1333,02,NEW JERSEY STATE POLICE,HOLMDEL - SQUAD,0,0,0,0,P,B,N,N,11,1,GARDEN STATE PARKWAY,S,444,,00000444__,113.00,03,,02,05,02,03,01,03,01,01,,FE,S,CR 52 / RED HILL RD,,,,65,,46,40.366900,74.142400,N,GUARDRAIL,7751
20181331E050-2018-00530A,MONMOUTH,MIDDLETOWN TWP,03/21/2018,WE,1449,02,NEW JERSEY STATE POLICE,HOLMDEL - SQUAD,0,1,0,0,I,B,N,N,11,1,GARDEN STATE PARKWAY,S,444,,00000444__,113.20,03,,02,05,02,03,01,03,01,01,,FE,S,CR 52 / RED HILL RD,,,,65,,46,40.257890,74.345890,N,DAMAGE TO GUARDRAIL NJ TURNPIKE AUTHORITY NOTIFIED ON SCENE.,7751
20181331E050-2018-00540A,MONMOUTH,MIDDLETOWN TWP,03/22/2018,TH,0329,02,NEW JERSEY STATE POLICE,HOLMDEL - SQUAD,0,1,0,0,I,B,N,N,01,2,GARDEN STATE PARKWAY,S,444,,00000444__,113.50,03,,01,05,02,04,05,03,01,01,,,,,,,,65,,26,40.370480,74.144720,N,,7660