Year(4)-CountyCode(2)-MunicipalityCode(2)-CaseNumber(9),County Name,Municipality Name,Crash Date,Crash Day of Week,Crash Time,Police Department Code,Police Department,Police Station,Total Killed,Total Injured,Pedestrians Killed,Pedestrians Injured,Severity,Intersection,Alcohol Involved,Hazmat Involved,Crash Type,Total Vehicles,Location,Location Direction,Route,Route Suffix,Std Rte Identifier,MilePost,Road System,Road Character,Road Horizontal Alignment,Road Grade,Road Surface Type,Surface Condition,Light Condition,Environmental Condition,Road Divided By,Temporary Traffic Control Zone,Distance To Cross Street,Unit Of Measurement,Direction From Cross Street,Cross Street Name,Is Ramp,Ramp To/From Route Name,Ramp To/From Route Direction,Posted Speed,Posted Speed Cross Street,First Harmful Event,Latitude,Longitude,Cell Phone In Use Flag,Other Property Damage,Reporting Badge No.
20181331E050-2018-00558A,MONMOUTH,MIDDLETOWN TWP,03/08/2018,TH,1057,02,NEW JERSEY STATE POLICE,HOLMDEL - SQUAD,0,0,0,0,P,B,N,N,99,1,GARDEN STATE PARKWAY,N,444,,00000444__,109.90,03,,01,04,02,02,01,01,01,01,,FE,N,ROUTE 520 / NEWMAN SPRINGS RD,,,,65,,12,40.333470,74.098350,N,,7639
20181331E050-2018-00578A,MONMOUTH,MIDDLETOWN TWP,03/28/2018,WE,1516,02,NEW JERSEY STATE POLICE,HOLMDEL - SQUAD,0,0,0,0,P,B,N,N,01,2,GARDEN STATE PARKWAY,N,444,,00000444__,113.50,03,,01,04,02,01,01,05,01,01,,FE,N,CR 52 / RED HILL RD,,,,65,,26,40.370600,74.143760,N,,7160
20181331E050-2018-00608A,MONMOUTH,MIDDLETOWN TWP,04/02/2018,MO,0853,02,NEW JERSEY STATE POLICE,HOLMDEL - SQUAD,0,0,0,0,P,B,N,N,11,1,GARDEN STATE PARKWAY,S,444,,00000444__,110.60,03,,01,04,02,03,01,03,01,01,,,,,,,,35,,46,40.342410,74.105810,N,NJTA metal guardrail,7361
20181331E050-2018-00610A,MONMOUTH,MIDDLETOWN TWP,04/02/2018,MO,0706,02,NEW JERSEY STATE POLICE,HOLMDEL - SQUAD,0,0,0,0,P,B,N,N,11,1,GARDEN STATE PARKWAY,S,444,,00000444__,113.10,03,,01,04,02,03,01,03,01,01,,,,,,,,35,,46,40.365270,74.141380,N,NJTA GUIDE RAIL DAMAGE,7369
20181331E050-2018-00613A,MONMOUTH,MIDDLETOWN TWP,04/02/2018,MO,0815,02,NEW JERSEY STATE POLICE,HOLMDEL - SQUAD,0,0,0,0,P,B,N,N,01,2,GARDEN STATE PARKWAY,S,444,,00000444__,112.80,03,,01,04,02,03,01,03,01,01,,,,,,,,35,,26,40.362590,74.138540,N,,7369
20181331E050-2018-00614A,MONMOUTH,MIDDLETOWN TWP,04/02/2018,MO,1004,02,NEW JERSEY STATE POLICE,HOLMDEL - SQUAD,0,1,0,0,I,B,N,N,11,1,GARDEN STATE PARKWAY,S,444,,00000444__,110.00,03,,03,06,02,03,01,03,01,01,,,,,,,,35,,46,40.335210,74.100190,N,NJTA GUIDE RAIL DAMAGE,7369
20181331E050-2018-00632A,MONMOUTH,MIDDLETOWN TWP,04/05/2018,TH,1555,02,NEW JERSEY STATE POLICE,HOLMDEL - SQUAD,0,0,0,0,P,B,N,N,02,2,GARDEN STATE PARKWAY,S,444,,00000444__,111.10,03,,01,04,02,01,01,01,01,01,,,,,,,,65,,26,40.345950,74.114330,N,,7382
20181331E050-2018-00640A,MONMOUTH,MIDDLETOWN TWP,04/06/2018,FR,2219,02,NEW JERSEY STATE POLICE,HOLMDEL - SQUAD,0,1,0,0,I,B,N,N,11,1,GARDEN STATE PARKWAY,S,444,,00000444__,110.00,03,,01,04,02,01,06,01,01,01,,,,,,,,65,,46,40.335210,74.100190,N,Guardrail owned by NJTA,7570
20181331E050-2018-00646A,MONMOUTH,MIDDLETOWN TWP,04/07/2018,SA,1653,02,NEW JERSEY STATE POLICE,HOLMDEL - SQUAD,0,0,0,0,P,B,N,N,02,2,GARDEN STATE PARKWAY,S,444,,00000444__,110.70,03,,01,04,02,01,01,01,01,01,,,,,,,,65,,26,40.336650,74.102950,N,,7380
20181331E050-2018-00663A,MONMOUTH,MIDDLETOWN TWP,04/10/2018,TU,0909,02,NEW JERSEY STATE POLICE,HOLMDEL - SQUAD,0,0,0,0,P,B,N,N,01,3,GARDEN STATE PARKWAY,N,444,,00000444__,110.14,03,,01,04,02,01,01,01,02,01,,,,,T,ROUTE 520,NB,35,,26,40.335730,74.098280,N,,7739
20181331E050-2018-00665A,MONMOUTH,MIDDLETOWN TWP,04/10/2018,TU,2009,02,NEW JERSEY STATE POLICE,HOLMDEL - SQUAD,0,0,0,0,P,B,N,N,01,2,GARDEN STATE PARKWAY,S,444,,00000444__,110.00,03,,01,04,02,01,06,01,02,01,,,,,,,,25,,26,40.336500,74.102660,N,,7453
20181331E050-2018-00669A,MONMOUTH,MIDDLETOWN TWP,04/11/2018,WE,1646,02,NEW JERSEY STATE POLICE,HOLMDEL - SQUAD,0,0,0,0,P,B,N,N,02,2,GARDEN STATE PARKWAY,N,444,,00000444__,109.50,03,,01,04,02,01,01,01,01,01,,,,,,,,65,,26,40.327760,74.097850,N,,7380
20181331E050-2018-00678A,MONMOUTH,MIDDLETOWN TWP,04/11/2018,WE,0117,02,NEW JERSEY STATE POLICE,HOLMDEL - SQUAD,0,0,0,0,P,B,N,N,12,1,GARDEN STATE PARKWAY,S,444,,00000444__,113.80,03,,01,04,02,01,05,01,01,01,,,,,,,,65,,24,40.371880,74.145340,N,,7382
20181331E050-2018-00696A,MONMOUTH,MIDDLETOWN TWP,04/16/2018,MO,0444,02,NEW JERSEY STATE POLICE,HOLMDEL - SQUAD,0,0,0,0,P,B,N,N,11,1,GARDEN STATE PARKWAY,N,444,,00000444__,111.00,03,,01,04,02,02,01,02,01,01,,,,,,,,65,,46,40.344910,74.111200,N,NJTA Guide Rail,7514
20181331E050-2018-00732A,MONMOUTH,MIDDLETOWN TWP,04/23/2018,MO,0756,02,NEW JERSEY STATE POLICE,HOLMDEL - SQUAD,0,0,0,0,P,B,N,N,01,3,GARDEN STATE PARKWAY,S,444,,00000444__,110.30,03,,01,04,02,01,01,01,01,01,,,,,,,,65,,26,40.363990,74.139990,N,,7578
20181331E050-2018-00762A,MONMOUTH,MIDDLETOWN TWP,04/27/2018,FR,1625,02,NEW JERSEY STATE POLICE,HOLMDEL - SQUAD,0,0,0,0,P,B,N,N,01,2,GARDEN STATE PARKWAY,N,444,,00000444__,109.70,03,,01,04,02,01,01,01,03,01,,,,,,,,65,,26,40.330580,74.098090,N,,6880
20181331E050-2018-00777A,MONMOUTH,MIDDLETOWN TWP,05/01/2018,TU,1108,02,NEW JERSEY STATE POLICE,HOLMDEL - SQUAD,0,1,0,0,I,B,N,N,15,1,GARDEN STATE PARKWAY,N,444,,00000444__,112.40,03,,01,04,02,01,01,01,01,01,,,,,,,,65,,39,40.359020,74.131910,N,,7450
20181331E050-2018-00797A,MONMOUTH,MIDDLETOWN TWP,05/04/2018,FR,1035,02,NEW JERSEY STATE POLICE,HOLMDEL - SQUAD,0,1,0,0,I,B,N,N,11,1,GARDEN STATE PARKWAY,S,444,,00000444__,112.70,03,,01,04,02,01,01,01,03,01,,,,,,,,65,,58,40.360710,74.136690,N,,7450
20181331E050-2018-00803A,MONMOUTH,MIDDLETOWN TWP,05/05/2018,SA,2235,02,NEW JERSEY STATE POLICE,HOLMDEL - SQUAD,0,0,0,0,P,B,N,N,11,1,GARDEN STATE PARKWAY,S,444,,00000444__,111.70,03,,01,04,02,01,05,01,01,01,,,,,,,,65,,46,40.352760,74.120010,N,left shoulder guardrail owned by njta  milepost 111.7.,7160
20181331E050-2018-00842A,MONMOUTH,MIDDLETOWN TWP,05/11/2018,FR,1745,02,NEW JERSEY STATE POLICE,HOLMDEL - SQUAD,0,1,0,0,I,B,N,N,11,1,GARDEN STATE PARKWAY,S,444,,00000444__,111.50,03,,01,04,02,01,01,01,01,01,,,,,,,,65,,46,40.350900,74.118240,N,NJTA GUIDERAIL,7578
20181331E050-2018-00843A,MONMOUTH,MIDDLETOWN TWP,05/11/2018,FR,1828,02,NEW JERSEY STATE POLICE,HOLMDEL - SQUAD,0,0,0,0,P,B,N,N,01,2,GARDEN STATE PARKWAY,S,444,,00000444__,111.20,03,,01,04,02,01,01,01,01,01,,,,,,,,65,,26,40.347090,74.115500,N,,7578
20181331E050-2018-00845A,MONMOUTH,MIDDLETOWN TWP,05/12/2018,SA,0649,02,NEW JERSEY STATE POLICE,HOLMDEL - SQUAD,0,0,0,0,P,B,N,N,11,1,GARDEN STATE PARKWAY,N,444,,00000444__,110.50,03,,02,04,02,01,01,01,01,01,,,,,,,,65,,46,40.341300,74.103030,N,NJTA Guardrail,7739
20181331E050-2018-00861A,MONMOUTH,MIDDLETOWN TWP,05/14/2018,MO,2348,02,NEW JERSEY STATE POLICE,HOLMDEL - SQUAD,0,0,0,0,P,B,N,N,11,1,GARDEN STATE PARKWAY,N,444,,00000444__,110.70,03,,01,04,02,01,04,01,01,01,,,,,,,,65,,46,40.343040,74.106070,N,30 feet of guardrail,7382
20181331E050-2018-00866A,MONMOUTH,MIDDLETOWN TWP,05/15/2018,TU,1347,02,NEW JERSEY STATE POLICE,HOLMDEL - SQUAD,0,0,0,0,P,B,N,N,02,2,GARDEN STATE PARKWAY,N,444,,00000444__,111.00,03,,01,04,02,01,01,01,01,01,,,,,,,,65,,26,40.284450,74.089210,N,,7661
20181331E050-2018-00883A,MONMOUTH,MIDDLETOWN TWP,05/17/2018,TH,0658,02,NEW JERSEY STATE POLICE,HOLMDEL - SQUAD,0,0,0,0,P,B,N,N,11,1,GARDEN STATE PARKWAY,N,444,,00000444__,110.70,03,,01,04,02,02,01,02,01,01,,,,,,,,65,,46,40.343040,74.106070,N,NJTA GUARDRAIL.,7439
20181331E050-2018-00927A,MONMOUTH,MIDDLETOWN TWP,05/22/2018,TU,0531,02,NEW JERSEY STATE POLICE,HOLMDEL - SQUAD,0,1,0,0,I,B,N,N,02,2,GARDEN STATE PARKWAY,N,444,,00000444__,112.50,03,,01,04,02,01,02,01,01,01,,,,,,,,65,,26,40.358900,74.132040,N,,7453
20181331E050-2018-00955A,MONMOUTH,MIDDLETOWN TWP,05/25/2018,FR,1337,02,NEW JERSEY STATE POLICE,HOLMDEL - SQUAD,0,0,0,0,P,B,N,N,02,2,GARDEN STATE PARKWAY,S,444,,00000444__,113.80,03,,01,04,02,01,01,01,01,01,,,,,,,,65,,26,40.374260,74.147420,N,,7578
20181331E050-2018-00971A,MONMOUTH,MIDDLETOWN TWP,05/26/2018,SA,0440,02,NEW JERSEY STATE POLICE,HOLMDEL - SQUAD,0,1,0,0,I,B,Y,N,11,1,GARDEN STATE PARKWAY,N,444,,00000444__,112.50,03,,01,04,02,01,03,01,01,01,,,,,,,,65,,01,40.335170,74.099240,N,20 feet of guardrail,7382
20181331E050-2018-00976A,MONMOUTH,MIDDLETOWN TWP,05/26/2018,SA,1952,02,NEW JERSEY STATE POLICE,HOLMDEL - SQUAD,0,0,0,0,P,B,N,N,01,3,GARDEN STATE PARKWAY,N,444,,00000444__,110.00,03,,01,04,02,02,01,02,01,01,,,,,,,,65,,26,40.334460,74.098570,N,,6910
20181331E050-2018-00977A,MONMOUTH,MIDDLETOWN TWP,05/27/2018,SU,,02,NEW JERSEY STATE POLICE,HOLMDEL - SQUAD,0,0,0,0,P,B,N,N,02,2,GARDEN STATE PARKWAY,N,444,,00000444__,113.60,03,,01,04,02,01,05,01,01,01,,,,,,,,65,,26,40.371550,74.144140,N,,7739
20181331E050-2018-00979A,MONMOUTH,MIDDLETOWN TWP,05/25/2018,FR,1319,02,NEW JERSEY STATE POLICE,HOLMDEL - SQUAD,0,0,0,0,P,B,N,N,01,3,GARDEN STATE PARKWAY,S,444,,00000444__,110.70,03,,01,04,02,01,01,01,01,01,,,,,,,,65,,26,40.342950,74.107880,N,,7382
20181331E050-2018-00980A,MONMOUTH,MIDDLETOWN TWP,05/26/2018,SA,1410,02,NEW JERSEY STATE POLICE,HOLMDEL - SQUAD,0,0,0,0,P,B,N,N,11,1,GARDEN STATE PARKWAY,N,444,,00000444__,113.30,03,,01,04,02,01,01,01,01,01,,,,,,,,65,,46,40.238900,74.981410,N,GUARDRAIL,7382
20181331E050-2018-00992A,MONMOUTH,MIDDLETOWN TWP,05/27/2018,SU,0347,02,NEW JERSEY STATE POLICE,HOLMDEL - SQUAD,0,1,0,0,I,B,Y,N,10,1,GARDEN STATE PARKWAY,S,444,,00000444__,112.20,03,,01,04,02,01,05,01,01,01,,,,,,,,65,,01,40.356550,74.128970,N,,7739
20181331E050-2018-00999A,MONMOUTH,MIDDLETOWN TWP,05/28/2018,MO,1103,02,NEW JERSEY STATE POLICE,HOLMDEL - SQUAD,0,1,0,0,I,B,N,N,02,2,GARDEN STATE PARKWAY,N,444,,00000444__,111.30,03,,01,04,02,01,01,01,01,01,,,,,,,,65,,46,40.347910,74.115150,N,NJTA METAL GUARDRAIL,6978
20181331E050-2018-01016A,MONMOUTH,MIDDLETOWN TWP,05/27/2018,SU,1246,02,NEW JERSEY STATE POLICE,HOLMDEL - SQUAD,0,0,0,0,P,B,N,N,11,1,GARDEN STATE PARKWAY,S,444,,00000444__,110.10,03,,03,06,02,02,01,02,01,01,,,,,,,,25,,46,40.336580,74.100770,N,,7453
20181331E050-2018-01027A,MONMOUTH,MIDDLETOWN TWP,06/01/2018,FR,0640,02,NEW JERSEY STATE POLICE,HOLMDEL - SQUAD,0,1,0,0,I,B,N,N,11,1,GARDEN STATE PARKWAY,S,444,,00000444__,112.90,03,,01,04,02,02,01,02,01,01,,,,,,,,65,,46,40.362880,74.139220,N,NJTA GUIDE RAIL DAMAGE,7369
20181331E050-2018-01040A,MONMOUTH,MIDDLETOWN TWP,06/01/2018,FR,1125,02,NEW JERSEY STATE POLICE,HOLMDEL - SQUAD,0,0,0,0,P,B,N,N,11,2,GARDEN STATE PARKWAY,S,444,,00000444__,113.00,03,,02,05,02,01,01,01,01,01,,,,,,,,65,,46,40.386550,74.177130,N,NJTA metal guardrail,7361
20181331E050-2018-01073A,MONMOUTH,MIDDLETOWN TWP,06/06/2018,WE,0826,02,NEW JERSEY STATE POLICE,HOLMDEL - SQUAD,0,0,0,0,P,B,N,N,12,1,GARDEN STATE PARKWAY,S,444,,00000444__,110.90,03,,01,04,01,01,01,01,01,01,,,,,,,,65,,24,40.344160,74.111320,N,,7450
20181331E050-2018-01075A,MONMOUTH,MIDDLETOWN TWP,06/06/2018,WE,1536,02,NEW JERSEY STATE POLICE,HOLMDEL - SQUAD,0,0,0,0,P,B,N,N,01,2,GARDEN STATE PARKWAY,S,444,,00000444__,113.00,03,,01,04,02,01,01,01,03,01,,,,,,,,65,,26,40.361880,74.137820,N,,7439
20181331E050-2018-01079A,MONMOUTH,MIDDLETOWN TWP,06/07/2018,TH,2022,02,NEW JERSEY STATE POLICE,HOLMDEL - SQUAD,0,0,0,0,P,B,N,N,12,1,GARDEN STATE PARKWAY,N,444,,00000444__,113.20,03,,01,04,02,01,03,01,01,01,,,,,,,,65,,24,40.366370,74.140760,N,,7332
20181331E050-2018-01080A,MONMOUTH,MIDDLETOWN TWP,06/04/2018,MO,1240,02,NEW JERSEY STATE POLICE,HOLMDEL - SQUAD,0,1,0,0,I,B,N,N,01,2,GARDEN STATE PARKWAY,N,444,,00000444__,109.40,03,,01,04,02,01,01,01,03,01,,,,,,,,65,,26,40.326260,74.098060,N,,7208
20181331E050-2018-01091A,MONMOUTH,MIDDLETOWN TWP,06/08/2018,FR,1707,02,NEW JERSEY STATE POLICE,HOLMDEL - SQUAD,0,0,0,0,P,B,N,N,01,2,GARDEN STATE PARKWAY,S,444,,00000444__,111.30,03,,01,04,02,01,01,01,01,01,,,,,,,,65,,26,40.348400,74.116080,N,,7639
20181331E050-2018-01100A,MONMOUTH,MIDDLETOWN TWP,06/09/2018,SA,2302,02,NEW JERSEY STATE POLICE,HOLMDEL - SQUAD,0,0,0,0,P,B,Y,N,11,1,GARDEN STATE PARKWAY,S,444,,00000444__,111.20,03,,01,04,02,01,07,01,01,01,,,,,,,,65,,47,40.345950,74.114330,N,Approximately 8 feet of guardrail damage.  Property of the NJTA,6910
20181331E050-2018-01111A,MONMOUTH,MIDDLETOWN TWP,06/11/2018,MO,0650,02,NEW JERSEY STATE POLICE,HOLMDEL - SQUAD,0,0,0,0,P,B,N,N,01,2,GARDEN STATE PARKWAY,N,444,,00000444__,110.90,03,,01,04,02,02,01,01,01,01,,,,,,,,65,,26,40.344250,74.109510,N,,7332
20181331E050-2018-01127A,MONMOUTH,MIDDLETOWN TWP,06/12/2018,TU,1720,02,NEW JERSEY STATE POLICE,HOLMDEL - SQUAD,0,0,0,0,P,B,N,N,01,2,GARDEN STATE PARKWAY,N,444,,00000444__,113.50,03,,01,04,02,01,01,01,01,01,,,,,,,,65,,26,40.369430,74.142730,N,,7804
20181331E050-2018-01138A,MONMOUTH,MIDDLETOWN TWP,06/13/2018,WE,1433,02,NEW JERSEY STATE POLICE,HOLMDEL - SQUAD,0,0,0,0,P,B,N,N,15,1,GARDEN STATE PARKWAY,N,444,,00000444__,111.00,03,,01,04,02,01,01,01,01,01,,,,,,,,65,,39,40.344810,74.111410,N,,7208
20181331E050-2018-01139A,MONMOUTH,MIDDLETOWN TWP,06/13/2018,WE,0344,02,NEW JERSEY STATE POLICE,HOLMDEL - SQUAD,0,0,0,0,P,B,N,N,12,1,GARDEN STATE PARKWAY,S,444,,00000444__,113.10,03,,01,04,02,01,05,01,01,01,,,,,,,,65,,24,40.365270,74.141380,N,,7450
20181331E050-2018-01160A,MONMOUTH,MIDDLETOWN TWP,06/16/2018,SA,1240,02,NEW JERSEY STATE POLICE,HOLMDEL - SQUAD,0,0,0,0,P,B,N,N,02,2,GARDEN STATE PARKWAY,S,444,,00000444__,112.40,03,,01,04,02,01,01,01,01,01,,,,,,,,65,,26,40.386550,74.177130,N,,7661
20181331E050-2018-01220A,MONMOUTH,MIDDLETOWN TWP,06/23/2018,SA,0540,02,NEW JERSEY STATE POLICE,HOLMDEL - SQUAD,0,0,0,0,P,B,N,N,11,1,GARDEN STATE PARKWAY,S,444,,00000444__,113.20,03,,01,04,02,01,01,01,01,01,,,,,,,,65,,46,40.366500,74.142290,N,NJTA GUARDRAIL,7471
20181331E050-2018-01224A,MONMOUTH,MIDDLETOWN TWP,06/24/2018,SU,1129,02,NEW JERSEY STATE POLICE,HOLMDEL - SQUAD,0,0,0,0,P,B,N,N,01,2,GARDEN STATE PARKWAY,S,444,,00000444__,109.90,03,,01,04,02,01,01,01,03,01,,,,,,,,65,,26,40.331150,74.098910,N,,7471
20181331E050-2018-01226A,MONMOUTH,MIDDLETOWN TWP,06/24/2018,SU,1208,02,NEW JERSEY STATE POLICE,HOLMDEL - SQUAD,0,0,0,0,P,B,N,N,01,3,GARDEN STATE PARKWAY,S,444,,00000444__,110.90,03,,01,04,02,01,01,01,01,01,,,,,,,,65,,26,40.344160,74.111320,N,,7453
20181331E050-2018-01228A,MONMOUTH,MIDDLETOWN TWP,06/22/2018,FR,1939,02,NEW JERSEY STATE POLICE,HOLMDEL - SQUAD,0,0,0,0,P,B,N,N,12,1,GARDEN STATE PARKWAY,N,444,,00000444__,112.40,03,,01,04,02,01,01,01,01,01,,,,,,,,65,,24,40.386550,74.177130,N,,7448
20181331E050-2018-01251A,MONMOUTH,MIDDLETOWN TWP,06/26/2018,TU,1727,02,NEW JERSEY STATE POLICE,HOLMDEL - SQUAD,0,0,0,0,P,B,N,N,11,1,GARDEN STATE PARKWAY,N,444,,00000444__,112.90,03,,01,04,02,01,01,01,01,01,,,,,,,,65,,46,40.362740,74.137710,N,NJTA GUARDRAIL,7332
20181331E050-2018-01256A,MONMOUTH,MIDDLETOWN TWP,06/24/2018,SU,1540,02,NEW JERSEY STATE POLICE,HOLMDEL - SQUAD,0,0,0,0,P,B,N,N,01,2,GARDEN STATE PARKWAY,N,444,,00000444__,110.70,03,,01,04,02,01,01,01,01,01,,,,,,,,65,,26,40.342960,74.106300,N,,7578
20181331E050-2018-01284A,MONMOUTH,MIDDLETOWN TWP,06/29/2018,FR,1622,02,NEW JERSEY STATE POLICE,HOLMDEL - SQUAD,0,0,0,0,P,B,N,N,01,2,GARDEN STATE PARKWAY,S,444,,00000444__,113.80,03,,01,04,02,01,01,01,01,01,,,,,,,,65,,26,40.374260,74.147420,N,,7086
20181331E050-2018-01307A,MONMOUTH,MIDDLETOWN TWP,07/01/2018,SU,1256,02,NEW JERSEY STATE POLICE,HOLMDEL - SQUAD,0,2,0,0,I,B,N,N,01,4,GARDEN STATE PARKWAY,S,444,,00000444__,113.40,03,,01,04,02,01,01,01,01,01,,,,,,,,65,,26,40.369160,74.143920,N,,7369
20181331E050-2018-01311A,MONMOUTH,MIDDLETOWN TWP,07/01/2018,SU,1118,02,NEW JERSEY STATE POLICE,HOLMDEL - SQUAD,0,0,0,0,P,B,N,N,01,5,GARDEN STATE PARKWAY,S,444,,00000444__,113.60,03,,01,05,02,01,01,01,01,01,,,,,,,,65,,26,40.371790,74.145510,N,,7361
20181331E050-2018-01332A,MONMOUTH,MIDDLETOWN TWP,06/30/2018,SA,1606,02,NEW JERSEY STATE POLICE,HOLMDEL - SQUAD,0,0,0,0,P,B,N,N,01,2,GARDEN STATE PARKWAY,S,444,,00000444__,110.00,03,,01,04,02,01,01,01,01,01,,,,,,,,65,,26,40.335210,74.100190,N,,7382
20181331E050-2018-01333A,MONMOUTH,MIDDLETOWN TWP,07/02/2018,MO,1833,02,NEW JERSEY STATE POLICE,HOLMDEL - SQUAD,0,0,0,0,P,B,N,N,01,2,GARDEN STATE PARKWAY,S,444,,00000444__,110.00,03,,01,04,02,01,01,01,01,01,,,,,,,,65,,26,40.335210,74.100190,N,,7639
20181331E050-2018-01352A,MONMOUTH,MIDDLETOWN TWP,07/04/2018,WE,1308,02,NEW JERSEY STATE POLICE,HOLMDEL - SQUAD,0,0,0,0,P,B,N,N,01,2,GARDEN STATE PARKWAY,S,444,,00000444__,113.60,03,,01,04,02,01,01,01,03,01,,,,,,,,65,,26,40.369250,74.143760,N,,6912
20181331E050-2018-01353A,MONMOUTH,MIDDLETOWN TWP,07/04/2018,WE,1359,02,NEW JERSEY STATE POLICE,HOLMDEL - SQUAD,0,2,0,0,I,B,N,N,11,1,GARDEN STATE PARKWAY,S,444,,00000444__,111.00,03,,01,04,02,01,01,01,03,01,,,,,,,,65,,46,40.344160,74.109740,N,NJTA Guardrail damage,6912
20181331E050-2018-01354A,MONMOUTH,MIDDLETOWN TWP,07/04/2018,WE,1150,02,NEW JERSEY STATE POLICE,HOLMDEL - SQUAD,0,1,0,0,I,B,N,N,01,3,GARDEN STATE PARKWAY,S,444,,00000444__,110.90,03,,01,04,02,01,01,01,01,01,,,,,,,,65,,26,40.344290,74.110940,N,NJTA GUARDRAIL.,7439
20181331E050-2018-01355A,MONMOUTH,MIDDLETOWN TWP,07/04/2018,WE,1252,02,NEW JERSEY STATE POLICE,HOLMDEL - SQUAD,0,0,0,0,P,B,N,N,01,2,GARDEN STATE PARKWAY,S,444,,00000444__,113.40,03,,01,04,02,01,01,01,01,01,,,,,,,,65,,26,40.364040,74.140340,N,,7369
20181331E050-2018-01356A,MONMOUTH,MIDDLETOWN TWP,07/04/2018,WE,1316,02,NEW JERSEY STATE POLICE,HOLMDEL - SQUAD,0,0,0,0,P,B,N,N,01,3,GARDEN STATE PARKWAY,S,444,,00000444__,113.40,03,,01,04,02,01,01,01,01,01,,,,,,,,65,,26,40.366630,74.142130,N,,7129
20181331E050-2018-01370A,MONMOUTH,MIDDLETOWN TWP,07/06/2018,FR,1559,02,NEW JERSEY STATE POLICE,HOLMDEL - SQUAD,0,0,0,0,P,B,N,N,01,3,GARDEN STATE PARKWAY,S,444,,00000444__,113.20,03,,01,04,02,01,01,01,01,01,,,,,,,,65,,26,40.366500,74.142290,N,,7208
20181331E050-2018-01373A,MONMOUTH,MIDDLETOWN TWP,07/07/2018,SA,0741,02,NEW JERSEY STATE POLICE,HOLMDEL - SQUAD,0,0,0,0,P,B,N,N,11,1,GARDEN STATE PARKWAY,S,444,,00000444__,110.90,03,,02,04,02,01,01,01,01,01,,,,,,,,65,,46,40.386550,74.177130,N,NJTA - METAL GUARDRAIL,7411
20181331E050-2018-01381A,MONMOUTH,MIDDLETOWN TWP,07/07/2018,SA,0902,02,NEW JERSEY STATE POLICE,HOLMDEL - SQUAD,0,0,0,0,P,B,N,N,01,2,GARDEN STATE PARKWAY,S,444,,00000444__,113.50,03,,01,04,02,01,01,01,01,01,,,,,,,,65,,26,40.370480,74.144720,N,,7411
20181331E050-2018-01407A,MONMOUTH,MIDDLETOWN TWP,07/12/2018,TH,1700,02,NEW JERSEY STATE POLICE,HOLMDEL - SQUAD,0,0,0,0,P,B,N,N,01,3,GARDEN STATE PARKWAY,S,444,,00000444__,113.20,03,,01,04,02,01,01,01,01,01,,,,,,,,65,,26,40.366500,74.142290,N,,7471
20181331E050-2018-01409A,MONMOUTH,MIDDLETOWN TWP,07/12/2018,TH,1746,02,NEW JERSEY STATE POLICE,HOLMDEL - SQUAD,0,0,0,0,P,B,N,N,11,1,GARDEN STATE PARKWAY,S,444,,00000444__,113.20,03,,01,04,02,01,01,01,01,01,,,,,,,,65,,46,40.366500,74.142290,N,,7471
20181331E050-2018-01415A,MONMOUTH,MIDDLETOWN TWP,07/13/2018,FR,1202,02,NEW JERSEY STATE POLICE,HOLMDEL - SQUAD,0,0,0,0,P,B,N,N,01,2,GARDEN STATE PARKWAY,S,444,,00000444__,110.00,03,,01,04,02,01,01,01,01,01,,,,,,,,65,,26,40.332590,74.099180,N,,6072
20181331E050-2018-01440A,MONMOUTH,MIDDLETOWN TWP,07/15/2018,SU,0745,02,NEW JERSEY STATE POLICE,HOLMDEL - SQUAD,0,0,0,0,P,B,N,N,11,1,GARDEN STATE PARKWAY,N,444,,00000444__,110.40,03,,02,04,02,02,01,02,01,01,,,,,,,,65,,46,40.340160,74.101810,N,NJTA GUARDRAIL,7332
20181331E050-2018-01443A,MONMOUTH,MIDDLETOWN TWP,07/15/2018,SU,0755,02,NEW JERSEY STATE POLICE,HOLMDEL - SQUAD,0,1,0,0,I,B,N,N,11,1,GARDEN STATE PARKWAY,N,444,,00000444__,110.60,03,,01,04,02,02,01,02,01,01,,,,,,,,65,,46,40.342250,74.104460,N,Guradrail Damage NJTA Woodbridge.,7134