Year(4)-CountyCode(2)-MunicipalityCode(2)-CaseNumber(9),County Name,Municipality Name,Crash Date,Crash Day of Week,Crash Time,Police Department Code,Police Department,Police Station,Total Killed,Total Injured,Pedestrians Killed,Pedestrians Injured,Severity,Intersection,Alcohol Involved,Hazmat Involved,Crash Type,Total Vehicles,Location,Location Direction,Route,Route Suffix,Std Rte Identifier,MilePost,Road System,Road Character,Road Horizontal Alignment,Road Grade,Road Surface Type,Surface Condition,Light Condition,Environmental Condition,Road Divided By,Temporary Traffic Control Zone,Distance To Cross Street,Unit Of Measurement,Direction From Cross Street,Cross Street Name,Is Ramp,Ramp To/From Route Name,Ramp To/From Route Direction,Posted Speed,Posted Speed Cross Street,First Harmful Event,Latitude,Longitude,Cell Phone In Use Flag,Other Property Damage,Reporting Badge No.
20181331E050-2018-01456A,MONMOUTH,MIDDLETOWN TWP,07/15/2018,SU,1744,02,NEW JERSEY STATE POLICE,HOLMDEL - SQUAD,0,0,0,0,P,B,N,N,99,1,GARDEN STATE PARKWAY,S,444,,00000444__,113.10,03,,02,05,02,01,01,01,01,01,,,,,,,,65,,57,40.362990,74.139040,N,,7361
20181331E050-2018-01463A,MONMOUTH,MIDDLETOWN TWP,07/14/2018,SA,1252,02,NEW JERSEY STATE POLICE,HOLMDEL - SQUAD,0,0,0,0,P,B,N,N,01,2,GARDEN STATE PARKWAY,S,444,,00000444__,110.00,03,,01,04,02,01,01,01,01,01,,,,,,,,65,,26,40.525410,74.154780,N,,6725
20181331E050-2018-01471A,MONMOUTH,MIDDLETOWN TWP,07/08/2018,SU,1229,02,NEW JERSEY STATE POLICE,HOLMDEL - SQUAD,0,0,0,0,P,B,N,N,01,4,GARDEN STATE PARKWAY,S,444,,00000444__,113.00,03,,01,04,02,01,01,01,01,01,,,,,,,,65,,26,40.364040,74.140340,N,,7448
20181331E050-2018-01477A,MONMOUTH,MIDDLETOWN TWP,07/18/2018,WE,0618,02,NEW JERSEY STATE POLICE,HOLMDEL - SQUAD,0,0,0,0,P,B,N,N,02,2,GARDEN STATE PARKWAY,N,444,,00000444__,111.20,03,,01,04,02,01,01,01,01,01,,,,,,,,65,,26,40.346750,74.114060,N,,7514
20181331E050-2018-01489A,MONMOUTH,MIDDLETOWN TWP,07/19/2018,TH,1339,02,NEW JERSEY STATE POLICE,HOLMDEL - SQUAD,0,2,0,0,I,B,N,N,02,2,GARDEN STATE PARKWAY,S,444,,00000444__,113.00,03,,01,04,02,01,01,01,01,01,,,,,,,,65,,01,40.362930,74.139290,N,,7661
20181331E050-2018-01521A,MONMOUTH,MIDDLETOWN TWP,07/22/2018,SU,,02,NEW JERSEY STATE POLICE,HOLMDEL - SQUAD,0,3,0,0,I,B,Y,N,11,1,GARDEN STATE PARKWAY,N,444,,00000444__,113.20,03,,01,04,02,02,05,02,01,01,,,,,,,,65,,46,40.365110,74.139800,N,,7739
20181331E050-2018-01522A,MONMOUTH,MIDDLETOWN TWP,07/21/2018,SA,1050,02,NEW JERSEY STATE POLICE,HOLMDEL - SQUAD,0,0,0,0,P,B,N,N,15,1,GARDEN STATE PARKWAY,N,444,,00000444__,109.60,03,,01,04,02,01,01,01,01,01,,,,,,,,65,,39,40.329130,74.098060,N,,7639
20181331E050-2018-01534A,MONMOUTH,MIDDLETOWN TWP,07/23/2018,MO,1327,02,NEW JERSEY STATE POLICE,HOLMDEL - SQUAD,0,0,0,0,P,B,N,N,11,1,GARDEN STATE PARKWAY,N,444,,00000444__,113.60,03,,01,04,02,01,01,01,01,01,,,,,,,,65,,47,40.371520,74.144350,N,,7470
20181331E050-2018-01562A,MONMOUTH,MIDDLETOWN TWP,07/26/2018,TH,1741,02,NEW JERSEY STATE POLICE,HOLMDEL - SQUAD,0,0,0,0,P,B,N,N,01,2,GARDEN STATE PARKWAY,S,444,,00000444__,110.14,03,,01,04,02,01,01,01,02,01,,,,,T,ROUTE 520,SB,35,,26,40.340740,74.103680,N,,7739
20181331E050-2018-01567A,MONMOUTH,MIDDLETOWN TWP,07/27/2018,FR,1418,02,NEW JERSEY STATE POLICE,HOLMDEL - SQUAD,0,2,0,0,I,B,N,N,01,2,GARDEN STATE PARKWAY,S,444,,00000444__,113.30,03,,01,04,02,01,01,01,01,01,,,,,,,,65,,26,40.365210,74.141300,N,,7332
20181331E050-2018-01598A,MONMOUTH,MIDDLETOWN TWP,07/29/2018,SU,1803,02,NEW JERSEY STATE POLICE,HOLMDEL - SQUAD,0,0,0,0,P,B,N,N,01,2,GARDEN STATE PARKWAY,N,444,,00000444__,112.60,03,,01,06,01,01,01,01,01,01,,,,,,,,65,,26,40.359850,74.133390,N,,7661
20181331E050-2018-01602A,MONMOUTH,MIDDLETOWN TWP,07/30/2018,MO,1806,02,NEW JERSEY STATE POLICE,HOLMDEL - SQUAD,0,0,0,0,P,B,N,N,01,2,GARDEN STATE PARKWAY,S,444,,00000444__,110.80,03,,01,04,02,01,01,01,03,01,,,,,,,,65,,26,40.342430,74.106120,N,,7578
20181331E050-2018-01622A,MONMOUTH,MIDDLETOWN TWP,08/02/2018,TH,1620,02,NEW JERSEY STATE POLICE,HOLMDEL - SQUAD,0,0,0,0,P,B,N,N,01,2,GARDEN STATE PARKWAY,S,444,,00000444__,110.60,03,,03,05,02,01,01,01,01,01,,,,,,,,65,,26,40.352060,74.119370,N,,7361
20181331E050-2018-01623A,MONMOUTH,MIDDLETOWN TWP,08/02/2018,TH,1811,02,NEW JERSEY STATE POLICE,HOLMDEL - SQUAD,0,0,0,0,P,B,N,N,02,2,GARDEN STATE PARKWAY,N,444,,00000444__,109.80,03,,01,04,02,01,01,01,03,01,,,,,,,,65,,26,40.332010,74.098270,N,,7332
20181331E050-2018-01638A,MONMOUTH,MIDDLETOWN TWP,08/03/2018,FR,1906,02,NEW JERSEY STATE POLICE,HOLMDEL - SQUAD,0,0,0,0,P,B,N,N,12,1,GARDEN STATE PARKWAY,S,444,,00000444__,112.10,03,,01,04,02,01,01,01,01,01,,,,,,,,65,,24,40.386550,74.177130,N,,7471
20181331E050-2018-01639A,MONMOUTH,MIDDLETOWN TWP,08/03/2018,FR,1915,02,NEW JERSEY STATE POLICE,HOLMDEL - SQUAD,0,0,0,0,P,B,N,N,01,3,GARDEN STATE PARKWAY,S,444,,00000444__,113.50,03,,01,04,02,01,01,01,01,01,,,,,,,,65,,26,40.370480,74.144720,N,,7471
20181331E050-2018-01641A,MONMOUTH,MIDDLETOWN TWP,08/03/2018,FR,1904,02,NEW JERSEY STATE POLICE,HOLMDEL - SQUAD,0,0,0,0,P,B,N,N,15,2,GARDEN STATE PARKWAY,S,444,,00000444__,111.60,03,,01,04,02,01,01,01,01,01,,,,,,,,65,,11,40.352060,74.119370,N,,7471
20181331E050-2018-01655A,MONMOUTH,MIDDLETOWN TWP,08/05/2018,SU,0146,02,NEW JERSEY STATE POLICE,HOLMDEL - SQUAD,0,0,0,0,P,B,Y,N,11,1,GARDEN STATE PARKWAY,N,444,,00000444__,111.30,03,,01,04,02,01,06,01,01,01,,,,,,,,65,,46,40.347910,74.115150,N,NJTA GUARDRAIL DAMAGE,7639
20181331E050-2018-01666A,MONMOUTH,MIDDLETOWN TWP,08/05/2018,SU,1823,02,NEW JERSEY STATE POLICE,HOLMDEL - SQUAD,0,0,0,0,P,B,N,N,01,2,GARDEN STATE PARKWAY,N,444,,00000444__,111.20,03,,01,04,02,01,01,01,01,01,,,,,,,,65,,26,40.386550,74.177130,N,,7471
20181331E050-2018-01667A,MONMOUTH,MIDDLETOWN TWP,08/05/2018,SU,1901,02,NEW JERSEY STATE POLICE,HOLMDEL - SQUAD,0,0,0,0,P,B,N,N,01,2,GARDEN STATE PARKWAY,N,444,,00000444__,110.80,03,,01,04,02,01,01,01,01,01,,,,,,,,65,,26,40.386550,74.177130,N,,7471
20181331E050-2018-01674A,MONMOUTH,MIDDLETOWN TWP,08/02/2018,TH,0706,02,NEW JERSEY STATE POLICE,HOLMDEL - SQUAD,0,0,0,0,P,B,N,N,01,2,GARDEN STATE PARKWAY,N,444,,00000444__,110.50,03,,01,04,02,01,01,01,01,01,,,,,,,,65,,26,40.340490,74.102140,N,,7361
20181331E050-2018-01677A,MONMOUTH,MIDDLETOWN TWP,08/01/2018,WE,0301,02,NEW JERSEY STATE POLICE,HOLMDEL - SQUAD,0,0,0,0,P,B,N,N,11,1,GARDEN STATE PARKWAY,S,444,,00000444__,111.10,03,,01,04,02,01,05,01,03,01,,,,,,,,65,,46,40.345920,74.113800,N,GUARDRAIL DAMAGE,6496
20181331E050-2018-01691A,MONMOUTH,MIDDLETOWN TWP,07/22/2018,SU,1753,02,NEW JERSEY STATE POLICE,HOLMDEL - SQUAD,0,3,0,0,I,B,N,N,01,2,GARDEN STATE PARKWAY,N,444,,00000444__,109.60,03,,01,04,02,01,01,01,01,01,,,,,,,,65,,26,40.328040,74.098000,N,,7448
20181331E050-2018-01706A,MONMOUTH,MIDDLETOWN TWP,08/09/2018,TH,1745,02,NEW JERSEY STATE POLICE,HOLMDEL - SQUAD,0,1,0,0,I,B,N,N,01,3,GARDEN STATE PARKWAY,S,444,,00000444__,112.00,03,,01,04,02,01,01,01,01,01,,,,,,,,65,,26,40.356440,74.127960,N,,7453
20181331E050-2018-01761A,MONMOUTH,MIDDLETOWN TWP,08/04/2018,SA,1106,02,NEW JERSEY STATE POLICE,HOLMDEL - SQUAD,0,0,0,0,P,B,N,N,01,2,GARDEN STATE PARKWAY,S,444,,00000444__,113.30,03,,01,04,02,01,01,01,01,01,,,,,,,,65,,26,40.367840,74.143140,N,,7448
20181331E050-2018-01762A,MONMOUTH,MIDDLETOWN TWP,08/04/2018,SA,1442,02,NEW JERSEY STATE POLICE,HOLMDEL - SQUAD,0,1,0,0,I,B,N,N,01,2,GARDEN STATE PARKWAY,S,444,,00000444__,113.50,03,,01,04,02,01,01,01,01,01,,,,,,,,65,,26,40.370480,74.144720,N,,7448
20181331E050-2018-01769A,MONMOUTH,MIDDLETOWN TWP,08/15/2018,WE,1146,02,NEW JERSEY STATE POLICE,HOLMDEL - SQUAD,0,0,0,0,P,B,N,N,02,2,GARDEN STATE PARKWAY,S,444,,00000444__,110.80,03,,01,04,02,01,01,01,01,01,,,,,,,,65,,26,40.334120,74.098540,N,,7576
20181331E050-2018-01773A,MONMOUTH,MIDDLETOWN TWP,08/16/2018,TH,1005,02,NEW JERSEY STATE POLICE,HOLMDEL - SQUAD,0,1,0,0,I,B,N,N,02,2,GARDEN STATE PARKWAY,N,444,,00000444__,111.20,03,,01,04,02,01,01,01,01,01,,,,,,,,65,,26,40.346750,74.114060,N,,7661
20181331E050-2018-01775A,MONMOUTH,MIDDLETOWN TWP,08/16/2018,TH,1723,02,NEW JERSEY STATE POLICE,HOLMDEL - SQUAD,0,0,0,0,P,B,N,N,02,2,GARDEN STATE PARKWAY,S,444,,00000444__,110.10,03,,01,04,02,01,01,01,01,01,,,,,,,,65,,26,40.336580,74.100770,N,,7369
20181331E050-2018-01794A,MONMOUTH,MIDDLETOWN TWP,08/18/2018,SA,1445,02,NEW JERSEY STATE POLICE,HOLMDEL - SQUAD,0,0,0,0,P,B,N,N,01,2,GARDEN STATE PARKWAY,S,444,,00000444__,110.80,03,,01,05,02,01,01,01,01,01,,,,,,,,65,,26,40.332590,74.099180,N,,7453
20181331E050-2018-01795A,MONMOUTH,MIDDLETOWN TWP,08/18/2018,SA,1505,02,NEW JERSEY STATE POLICE,HOLMDEL - SQUAD,0,1,0,0,I,B,N,N,01,2,GARDEN STATE PARKWAY,S,444,,00000444__,113.10,03,,01,04,02,01,01,01,01,01,,,,,,,,65,,26,40.362990,74.139040,N,,7332
20181331E050-2018-01798A,MONMOUTH,MIDDLETOWN TWP,08/19/2018,SU,0604,02,NEW JERSEY STATE POLICE,HOLMDEL - SQUAD,0,0,0,0,P,B,N,N,11,1,GARDEN STATE PARKWAY,N,444,,00000444__,110.90,03,,01,04,02,02,02,02,01,01,,,,,,,,65,,46,40.339110,74.100790,N,NJTA GUARDRAIL DAMAGE,7639
20181331E050-2018-01803A,MONMOUTH,MIDDLETOWN TWP,08/19/2018,SU,0659,02,NEW JERSEY STATE POLICE,HOLMDEL - SQUAD,0,0,0,0,P,B,N,N,11,1,GARDEN STATE PARKWAY,S,444,,00000444__,110.00,03,,03,05,02,02,01,02,01,01,,,,,,,,65,,46,40.329720,74.098750,N,NJTA GUARDRAIL,7453
20181331E050-2018-01819A,MONMOUTH,MIDDLETOWN TWP,08/21/2018,TU,0329,02,NEW JERSEY STATE POLICE,HOLMDEL - SQUAD,0,0,0,0,P,B,N,N,11,1,GARDEN STATE PARKWAY,S,444,,00000444__,111.50,03,,01,04,02,01,06,01,01,01,,,,,,,,65,,46,40.350900,74.118240,N,NJTA GUARDRAIL DAMAGE.,7639
20181331E050-2018-01835A,MONMOUTH,MIDDLETOWN TWP,08/22/2018,WE,1708,02,NEW JERSEY STATE POLICE,HOLMDEL - SQUAD,0,0,0,0,P,B,N,N,11,1,GARDEN STATE PARKWAY,S,444,,00000444__,112.00,03,,01,04,02,01,01,01,01,01,,,,,,,,65,,46,40.355880,74.126980,N,GUARDRAIL  NJTA PO BOX 5042 WOODBRIDGE NJ.,7448
20181331E050-2018-01841A,MONMOUTH,MIDDLETOWN TWP,08/24/2018,FR,1507,02,NEW JERSEY STATE POLICE,HOLMDEL - SQUAD,0,0,0,0,P,B,N,N,01,2,GARDEN STATE PARKWAY,S,444,,00000444__,110.50,03,,01,04,02,01,01,01,01,01,,,,,,,,65,,26,40.341410,74.104700,N,,7578
20181331E050-2018-01842A,MONMOUTH,MIDDLETOWN TWP,08/24/2018,FR,1515,02,NEW JERSEY STATE POLICE,HOLMDEL - SQUAD,0,0,0,0,P,B,N,N,01,2,GARDEN STATE PARKWAY,S,444,,00000444__,110.50,03,,01,04,02,01,01,01,01,01,,,,,,,,65,,26,40.341410,74.104700,N,,7578
20181331E050-2018-01869A,MONMOUTH,MIDDLETOWN TWP,08/26/2018,SU,1430,02,NEW JERSEY STATE POLICE,HOLMDEL - SQUAD,0,0,0,0,P,B,N,N,01,2,GARDEN STATE PARKWAY,N,444,,00000444__,111.50,03,,01,04,02,01,01,01,03,01,,,,,,,,65,,26,40.350380,74.117110,N,,7129
20181331E050-2018-01883A,MONMOUTH,MIDDLETOWN TWP,08/25/2018,SA,1943,02,NEW JERSEY STATE POLICE,HOLMDEL - SQUAD,0,2,0,0,I,B,N,N,01,2,GARDEN STATE PARKWAY,S,444,,00000444__,111.10,03,,02,04,02,01,05,01,01,01,,,,,,,,65,,26,40.343690,74.109510,N,NJTA GUARDRAIL,7332
20181331E050-2018-01901A,MONMOUTH,MIDDLETOWN TWP,08/29/2018,WE,1240,02,NEW JERSEY STATE POLICE,HOLMDEL - SQUAD,0,3,0,0,I,B,N,N,01,4,GARDEN STATE PARKWAY,S,444,,00000444__,113.30,03,,01,05,02,01,01,01,01,01,,,,,,,,65,,26,40.367840,74.143140,N,,7361
20181331E050-2018-01915A,MONMOUTH,MIDDLETOWN TWP,08/30/2018,TH,1133,02,NEW JERSEY STATE POLICE,HOLMDEL - SQUAD,0,1,0,0,I,B,N,N,02,2,GARDEN STATE PARKWAY,N,444,,00000444__,111.40,03,,01,04,02,01,01,01,03,01,,,,,,,,65,,19,40.349100,74.116220,N,Center median shrubbery,7361
20181331E050-2018-01920A,MONMOUTH,MIDDLETOWN TWP,09/02/2018,SU,2032,02,NEW JERSEY STATE POLICE,HOLMDEL - SQUAD,0,0,0,0,P,B,N,N,01,2,GARDEN STATE PARKWAY,N,444,,00000444__,112.80,03,,01,04,02,01,05,01,01,01,,,,,,,,65,,26,40.361760,74.136230,N,,7660
20181331E050-2018-01921A,MONMOUTH,MIDDLETOWN TWP,09/02/2018,SU,2101,02,NEW JERSEY STATE POLICE,HOLMDEL - SQUAD,0,2,0,0,I,B,N,N,01,2,GARDEN STATE PARKWAY,N,444,,00000444__,112.20,03,,01,04,02,01,05,01,01,01,,,,,,,,65,,26,40.359740,74.133560,N,,7453
20181331E050-2018-01934A,MONMOUTH,MIDDLETOWN TWP,09/03/2018,MO,1901,02,NEW JERSEY STATE POLICE,HOLMDEL - SQUAD,0,3,0,1,I,B,N,N,02,2,GARDEN STATE PARKWAY,N,444,,00000444__,111.10,03,,01,04,02,01,06,01,01,01,,,,,,,,65,,28,40.345740,74.112720,N,,7470
20181331E050-2018-01989A,MONMOUTH,MIDDLETOWN TWP,09/10/2018,MO,1306,02,NEW JERSEY STATE POLICE,HOLMDEL - SQUAD,0,0,0,0,P,B,N,N,11,1,GARDEN STATE PARKWAY,S,444,,00000444__,110.20,03,,01,04,02,02,01,02,01,01,,,,,,,,65,,46,40.337940,74.101450,N,NJTA GUIDERAIL,7578
20181331E050-2018-02034A,MONMOUTH,MIDDLETOWN TWP,09/15/2018,SA,1802,02,NEW JERSEY STATE POLICE,HOLMDEL - SQUAD,0,1,0,0,I,B,N,N,11,1,GARDEN STATE PARKWAY,S,444,,00000444__,111.70,03,,01,04,02,01,01,01,03,01,,,,,,,,65,,60,40.351030,74.118110,N,,6378
20181331E050-2018-02048A,MONMOUTH,MIDDLETOWN TWP,09/18/2018,TU,0831,02,NEW JERSEY STATE POLICE,HOLMDEL - SQUAD,0,0,0,0,P,B,N,N,11,1,GARDEN STATE PARKWAY,N,444,,00000444__,109.40,03,,01,04,02,02,01,02,01,01,,,,,,,,65,,46,39.234870,74.943570,N,NJTA GUARDRAIL,7439
20181331E050-2018-02049A,MONMOUTH,MIDDLETOWN TWP,09/18/2018,TU,0835,02,NEW JERSEY STATE POLICE,HOLMDEL - SQUAD,0,0,0,0,P,B,N,N,11,1,GARDEN STATE PARKWAY,N,444,,00000444__,110.80,03,,02,04,02,02,01,02,01,01,,,,,,,,65,,46,40.343660,74.107790,N,NJTA GUIDE RAIL DAMAGE,7369
20181331E050-2018-02065A,MONMOUTH,MIDDLETOWN TWP,09/19/2018,WE,1647,02,NEW JERSEY STATE POLICE,HOLMDEL - SQUAD,0,2,0,0,I,B,Y,N,02,2,GARDEN STATE PARKWAY,S,444,,00000444__,112.40,03,,01,04,02,01,01,01,01,01,,,,,,,,65,,26,39.065160,74.651560,N,NJTA GUARDRAIL.,7439
20181331E050-2018-02117A,MONMOUTH,MIDDLETOWN TWP,09/25/2018,TU,1934,02,NEW JERSEY STATE POLICE,HOLMDEL - SQUAD,0,1,0,0,I,B,N,N,02,2,GARDEN STATE PARKWAY,N,444,,00000444__,111.60,03,,01,04,02,02,06,02,01,05,,,,,,,,65,,26,40.351740,74.117880,N,,7514
20181331E050-2018-02122A,MONMOUTH,MIDDLETOWN TWP,09/25/2018,TU,1918,02,NEW JERSEY STATE POLICE,HOLMDEL - SQUAD,0,0,0,0,P,B,N,N,11,1,GARDEN STATE PARKWAY,N,444,,00000444__,111.60,03,,01,04,02,02,06,02,01,01,,,,,,,,65,,46,40.396800,74.091600,N,NJTA GUARDRAIL DAMAGE,7639
20181331E050-2018-02123A,MONMOUTH,MIDDLETOWN TWP,09/25/2018,TU,2014,02,NEW JERSEY STATE POLICE,HOLMDEL - SQUAD,0,0,0,0,P,B,N,N,11,1,GARDEN STATE PARKWAY,N,444,,00000444__,110.60,03,,01,04,02,02,06,02,01,01,,,,,,,,65,,46,40.342250,74.104460,N,NJTA GUARDRAIL DAMAGE.,7639
20181331E050-2018-02181A,MONMOUTH,MIDDLETOWN TWP,09/29/2018,SA,0851,02,NEW JERSEY STATE POLICE,HOLMDEL - SQUAD,0,0,0,0,P,B,N,N,12,1,GARDEN STATE PARKWAY,S,444,,00000444__,112.30,03,,01,04,02,01,01,01,01,01,,,,,,,,65,,24,40.356020,74.127120,N,,7208
20181331E050-2018-02224A,MONMOUTH,MIDDLETOWN TWP,10/08/2018,MO,1659,02,NEW JERSEY STATE POLICE,HOLMDEL - SQUAD,0,0,0,0,P,B,N,N,11,1,GARDEN STATE PARKWAY,S,444,,00000444__,110.00,03,,03,06,02,02,01,01,01,01,,,,,F,ROUTE 520,WB,35,,46,40.337210,74.101150,N,NJTA Guardrail,7739
20181331E050-2018-02248A,MONMOUTH,MIDDLETOWN TWP,10/11/2018,TH,1040,02,NEW JERSEY STATE POLICE,HOLMDEL - SQUAD,0,0,0,0,P,B,N,N,11,1,GARDEN STATE PARKWAY,N,444,,00000444__,110.50,03,,01,04,02,02,01,02,01,01,,,,,,,,65,,46,40.341300,74.103030,N,GUARDRAIL OWNED BY NJTA.,7570
20181331E050-2018-02281A,MONMOUTH,MIDDLETOWN TWP,10/15/2018,MO,1944,02,NEW JERSEY STATE POLICE,HOLMDEL - SQUAD,0,0,0,0,P,B,Y,N,01,2,GARDEN STATE PARKWAY,S,444,,00000444__,112.70,03,,01,04,02,02,05,02,01,01,,,,,,,,65,,26,40.360710,74.136690,N,,7845
20181331E050-2018-02286A,MONMOUTH,MIDDLETOWN TWP,10/16/2018,TU,1241,02,NEW JERSEY STATE POLICE,HOLMDEL - SQUAD,0,1,0,0,I,B,Y,N,11,1,GARDEN STATE PARKWAY,N,444,,00000444__,113.20,03,,01,04,02,01,01,01,01,01,,,,,,,,65,,46,40.366300,74.140960,N,NJTA GUARDRAIL,7804
20181331E050-2018-02299A,MONMOUTH,MIDDLETOWN TWP,10/19/2018,FR,0512,02,NEW JERSEY STATE POLICE,HOLMDEL - SQUAD,0,0,0,0,P,B,N,N,12,1,GARDEN STATE PARKWAY,N,444,,00000444__,112.60,03,,01,04,02,01,05,01,01,01,,,,,,,,65,,24,40.359290,74.132430,N,,7439
20181331E050-2018-02334A,MONMOUTH,MIDDLETOWN TWP,10/22/2018,MO,1335,02,NEW JERSEY STATE POLICE,HOLMDEL - SQUAD,0,1,0,0,I,B,N,N,01,2,GARDEN STATE PARKWAY,N,444,,00000444__,109.60,03,,01,04,02,01,01,01,01,01,,,,,,,,65,,26,40.329170,74.097840,N,,7739
20181331E050-2018-02357A,MONMOUTH,MIDDLETOWN TWP,10/25/2018,TH,0432,02,NEW JERSEY STATE POLICE,HOLMDEL - SQUAD,0,0,0,0,P,B,N,N,12,1,GARDEN STATE PARKWAY,N,444,,00000444__,111.50,03,,01,04,02,01,04,01,01,01,,,,,,,,65,,24,40.350380,74.117110,N,,7382
20181331E050-2018-02366A,MONMOUTH,MIDDLETOWN TWP,10/26/2018,FR,0250,02,NEW JERSEY STATE POLICE,HOLMDEL - SQUAD,0,0,0,0,P,B,N,N,12,1,GARDEN STATE PARKWAY,S,444,,00000444__,111.80,03,,01,04,02,01,05,01,01,01,,,,,,,,65,,24,40.353890,74.122200,N,,7578
20181331E050-2018-02376A,MONMOUTH,MIDDLETOWN TWP,10/27/2018,SA,1039,02,NEW JERSEY STATE POLICE,HOLMDEL - SQUAD,0,0,0,0,P,B,N,N,15,1,GARDEN STATE PARKWAY,S,444,,00000444__,111.20,03,,01,04,02,02,01,02,01,01,,,,,,,,65,,39,40.347090,74.115500,N,,7208
20181331E050-2018-02377A,MONMOUTH,MIDDLETOWN TWP,10/27/2018,SA,0959,02,NEW JERSEY STATE POLICE,HOLMDEL - SQUAD,0,1,0,0,I,B,N,N,11,2,GARDEN STATE PARKWAY,S,444,,00000444__,111.30,03,,01,04,02,02,01,02,01,01,,,,,,,,65,,46,40.396900,74.215400,N,NJTA GUARDRAIL,7208
20181331E050-2018-02379A,MONMOUTH,MIDDLETOWN TWP,10/27/2018,SA,1030,02,NEW JERSEY STATE POLICE,HOLMDEL - SQUAD,0,0,0,0,P,B,N,N,11,1,GARDEN STATE PARKWAY,N,444,,00000444__,110.70,03,,01,04,02,02,01,02,01,01,,,,,,,,65,,46,40.343040,74.106070,N,,7362
20181331E050-2018-02382A,MONMOUTH,MIDDLETOWN TWP,10/26/2018,FR,1816,02,NEW JERSEY STATE POLICE,HOLMDEL - SQUAD,0,0,0,0,P,B,N,N,11,1,GARDEN STATE PARKWAY,N,444,,00000444__,111.30,03,,03,04,02,01,05,01,01,01,,,,,,,,65,,46,40.347910,74.115150,N,,7453
20181331E050-2018-02392A,MONMOUTH,MIDDLETOWN TWP,10/28/2018,SU,0834,02,NEW JERSEY STATE POLICE,HOLMDEL - SQUAD,0,0,0,0,P,B,N,N,11,1,GARDEN STATE PARKWAY,N,444,,00000444__,109.80,03,,01,04,02,02,01,02,01,01,,,,,,,,65,,60,40.332050,74.098060,N,,7448
20181331E050-2018-02395A,MONMOUTH,MIDDLETOWN TWP,10/28/2018,SU,0218,02,NEW JERSEY STATE POLICE,HOLMDEL - SQUAD,0,0,0,0,P,B,N,N,12,1,GARDEN STATE PARKWAY,N,444,,00000444__,110.00,03,,01,04,02,02,04,01,01,01,,,,,,,,65,,24,40.334840,74.099000,N,,7382
20181331E050-2018-02401A,MONMOUTH,MIDDLETOWN TWP,10/29/2018,MO,0737,02,NEW JERSEY STATE POLICE,HOLMDEL - SQUAD,0,3,0,0,I,B,N,N,01,2,GARDEN STATE PARKWAY,S,444,,00000444__,110.20,03,,01,04,02,01,01,01,01,01,,,,,,,,65,,26,40.336950,74.100820,N,,7332
20181331E050-2018-02402A,MONMOUTH,MIDDLETOWN TWP,10/29/2018,MO,0818,02,NEW JERSEY STATE POLICE,HOLMDEL - SQUAD,0,0,0,0,P,B,N,N,01,2,GARDEN STATE PARKWAY,S,444,,00000444__,112.60,03,,01,04,02,01,01,01,01,01,,,,,,,,65,,26,40.359720,74.135300,N,,7514
20181331E050-2018-02408A,MONMOUTH,MIDDLETOWN TWP,10/29/2018,MO,0804,02,NEW JERSEY STATE POLICE,HOLMDEL - SQUAD,0,0,0,0,P,B,N,N,01,2,GARDEN STATE PARKWAY,S,444,,00000444__,110.50,03,,01,04,02,01,01,01,01,01,,,,,,,,65,,26,40.341410,74.104700,N,,7501
20181331E050-2018-02424A,MONMOUTH,MIDDLETOWN TWP,11/01/2018,TH,1736,02,NEW JERSEY STATE POLICE,HOLMDEL - SQUAD,0,0,0,0,P,B,N,N,01,3,GARDEN STATE PARKWAY,N,444,,00000444__,113.30,03,,01,04,02,01,03,01,01,01,,,,,,,,65,,26,40.367130,74.141310,N,,7578
20181331E050-2018-02479A,MONMOUTH,MIDDLETOWN TWP,11/06/2018,TU,1144,02,NEW JERSEY STATE POLICE,HOLMDEL - SQUAD,0,0,0,0,P,B,N,N,11,1,GARDEN STATE PARKWAY,N,444,,00000444__,110.40,03,,02,05,02,01,01,02,01,01,,,,,,,,65,,46,40.340160,74.101810,N,NJTA Guardrail,7453
20181331E050-2018-02494A,MONMOUTH,MIDDLETOWN TWP,11/06/2018,TU,0402,02,NEW JERSEY STATE POLICE,HOLMDEL - SQUAD,0,0,0,0,P,B,N,N,12,1,GARDEN STATE PARKWAY,N,444,,00000444__,109.30,03,,01,04,02,01,06,01,01,01,,,,,,,,65,,24,40.324850,74.097830,N,,6845
20181331E050-2018-02495A,MONMOUTH,MIDDLETOWN TWP,11/07/2018,WE,0521,02,NEW JERSEY STATE POLICE,HOLMDEL - SQUAD,0,0,0,0,P,B,N,N,02,2,GARDEN STATE PARKWAY,S,444,,00000444__,112.10,03,,01,04,02,02,05,01,01,01,,,,,,,,65,,26,40.355880,74.127270,N,,7845