Year(4)-CountyCode(2)-MunicipalityCode(2)-CaseNumber(9),County Name,Municipality Name,Crash Date,Crash Day of Week,Crash Time,Police Department Code,Police Department,Police Station,Total Killed,Total Injured,Pedestrians Killed,Pedestrians Injured,Severity,Intersection,Alcohol Involved,Hazmat Involved,Crash Type,Total Vehicles,Location,Location Direction,Route,Route Suffix,Std Rte Identifier,MilePost,Road System,Road Character,Road Horizontal Alignment,Road Grade,Road Surface Type,Surface Condition,Light Condition,Environmental Condition,Road Divided By,Temporary Traffic Control Zone,Distance To Cross Street,Unit Of Measurement,Direction From Cross Street,Cross Street Name,Is Ramp,Ramp To/From Route Name,Ramp To/From Route Direction,Posted Speed,Posted Speed Cross Street,First Harmful Event,Latitude,Longitude,Cell Phone In Use Flag,Other Property Damage,Reporting Badge No.
20181332C060-2018-00751A,MONMOUTH,MILLSTONE TWP,06/04/2018,MO,2005,02,NEW JERSEY STATE POLICE,HAMILTON-SUB -,0,0,0,0,P,B,N,N,12,1,NJ 33,W,33,,00000033__,21.00,02,,01,04,02,01,01,01,03,01,,,,,,,,55,,24,40.258660,74.398050,N,,7941
20181332C060-2018-00755A,MONMOUTH,MILLSTONE TWP,06/05/2018,TU,1040,02,NEW JERSEY STATE POLICE,HAMILTON-SUB -,0,1,0,0,I,B,N,N,12,1,BAIRD RD,E,,,,,07,,01,04,02,01,01,01,05,01,,,W,CRANBURY BROOK DR,,,,35,25,24,40.241310,74.408040,N,,7861
20181332C060-2018-00756A,MONMOUTH,MILLSTONE TWP,06/05/2018,TU,1241,02,NEW JERSEY STATE POLICE,HAMILTON-SUB -,0,0,0,0,P,B,N,N,01,2,SWEETMANS LN,W,,,,,07,,01,04,02,01,01,01,05,01,,,,MILLSTONE RD,,,,35,40,26,40.224490,74.429610,N,,6567
20181332C060-2018-00760A,MONMOUTH,MILLSTONE TWP,06/05/2018,TU,2050,02,NEW JERSEY STATE POLICE,HAMILTON-SUB -,0,1,0,0,I,B,N,N,10,1,MILLSTONE RD,N,,,13321017__,5.10,07,,01,04,02,01,05,01,05,01,,,S,OAK HILL DR,,,,40,25,11,40.195800,74.429620,N,,7852
20181332C060-2018-00761A,MONMOUTH,MILLSTONE TWP,05/24/2018,TH,1238,02,NEW JERSEY STATE POLICE,HAMILTON-SUB -,0,1,0,0,I,B,N,N,10,1,PRODELIN WY,S,,,,,07,,02,04,02,01,01,01,05,01,,,S,NJ 33,,,,45,50,01,40.261710,74.436530,N,,7906
20181332C060-2018-00767A,MONMOUTH,MILLSTONE TWP,06/07/2018,TH,1144,02,NEW JERSEY STATE POLICE,HAMILTON-SUB -,0,0,0,0,P,B,N,N,05,2,BAIRD RD,E,,,,,07,,01,04,02,01,01,01,05,01,,,E,DAWSON CT,,,,35,25,26,40.239340,74.395120,N,,7874
20181332C060-2018-00771A,MONMOUTH,MILLSTONE TWP,06/07/2018,TH,1757,02,NEW JERSEY STATE POLICE,HAMILTON-SUB -,0,1,0,0,I,B,N,N,01,2,NJ 33,E,33,,00000033__,20.50,02,,01,04,02,01,01,01,03,01,,,,,,,,55,,26,40.260110,74.408180,N,,7997
20181332C060-2018-00775A,MONMOUTH,MILLSTONE TWP,06/08/2018,FR,1528,02,NEW JERSEY STATE POLICE,HAMILTON-SUB -,0,0,0,0,P,B,N,N,01,2,ROUTE 537,W,537,,00000537__,43.20,05,,01,04,02,01,01,01,05,01,,,,,,,,50,,26,40.175170,74.402640,N,,7772
20181332C060-2018-00779A,MONMOUTH,MILLSTONE TWP,06/09/2018,SA,1528,02,NEW JERSEY STATE POLICE,HAMILTON-SUB -,0,0,0,0,P,B,N,N,01,2,I-195,E,195,,00000195__,14.80,01,,01,04,02,01,01,01,03,01,,,,,,,,65,,26,40.173190,74.456250,N,,7861
20181332C060-2018-00780A,MONMOUTH,MILLSTONE TWP,06/09/2018,SA,1701,02,NEW JERSEY STATE POLICE,HAMILTON-SUB -,0,2,0,0,I,B,N,N,01,2,NJ 33,E,33,,00000033__,21.00,02,,01,04,02,01,01,01,03,01,,,,ROUTE 527 ALT / IRON ORE RD / WOODV,,,,55,45,26,40.259600,74.404740,N,,8035
20181332C060-2018-00782A,MONMOUTH,MILLSTONE TWP,06/10/2018,SU,0948,02,NEW JERSEY STATE POLICE,HAMILTON-SUB -,0,0,0,0,P,B,N,N,11,1,I-195,E,195,,00000195__,16.00,01,,03,04,02,01,01,01,03,01,,,,,T,CR 537,EB,35,,46,40.161070,74.427450,N,Metal Guard Rail,7733
20181332C060-2018-00785A,MONMOUTH,MILLSTONE TWP,06/02/2018,SA,1018,02,NEW JERSEY STATE POLICE,HAMILTON-SUB -,0,0,0,0,P,B,N,N,02,2,ROUTE 537,W,537,,00000537__,,05,,01,04,02,01,01,01,05,01,,,E,STAGECOACH RD,,,,50,40,26,40.205300,74.359200,N,,7772
20181332C060-2018-00790A,MONMOUTH,MILLSTONE TWP,06/12/2018,TU,0721,02,NEW JERSEY STATE POLICE,HAMILTON-SUB -,0,0,0,0,P,B,N,N,11,1,BACK BONE HILL RD,E,,,,,07,,01,04,02,01,01,01,05,01,,,W,SCHOOLHOUSE ROAD,,,,35,35,52,40.204760,74.415840,N,JCP&L Utility Pole - Unknown #,7451
20181332C060-2018-00801A,MONMOUTH,MILLSTONE TWP,06/13/2018,WE,0812,02,NEW JERSEY STATE POLICE,HAMILTON-SUB -,0,1,0,0,I,B,N,N,01,2,ROUTE 537,W,537,,00000537__,42.20,05,,01,04,02,02,01,02,05,01,,,E,CR 526,,,,50,50,26,40.165360,74.416720,N,,7893
20181332C060-2018-00802A,MONMOUTH,MILLSTONE TWP,06/13/2018,WE,1002,02,NEW JERSEY STATE POLICE,HAMILTON-SUB -,0,0,0,0,P,B,N,N,11,1,ROUTE 537,W,537,,00000537__,39.90,05,,01,04,02,02,01,01,05,04,,,,,,,,50,,54,40.143130,74.448660,N,Pole in ground and mailbox at 630 County Route 537.,7893
20181332C060-2018-00823A,MONMOUTH,MILLSTONE TWP,06/15/2018,FR,2138,02,NEW JERSEY STATE POLICE,HAMILTON-SUB -,0,0,0,0,P,B,Y,N,01,2,SWEETMANS LN,W,,,,,07,,01,04,02,01,02,01,01,01,,,W,MILLSTONE RD,,,,50,35,26,40.224500,74.429650,N,,8055
20181332C060-2018-00840A,MONMOUTH,MILLSTONE TWP,06/19/2018,TU,1653,02,NEW JERSEY STATE POLICE,HAMILTON-SUB -,0,0,0,0,P,B,N,N,02,2,SWEETMANS LN,W,,,,,07,,01,07,01,01,01,01,05,01,,,W,SMITHBURG RD,,,,40,50,26,40.222370,74.412620,N,,7982
20181332C060-2018-00841A,MONMOUTH,MILLSTONE TWP,06/19/2018,TU,1707,02,NEW JERSEY STATE POLICE,HAMILTON-SUB -,0,0,0,0,P,B,N,N,01,2,ROUTE 571,S,571,,00000571__,26.83,05,,01,04,02,01,01,01,05,01,20,FE,N,ROUTE 524,,,,45,,26,40.199080,74.428100,N,,7982
20181332C060-2018-00860A,MONMOUTH,MILLSTONE TWP,06/23/2018,SA,1001,02,NEW JERSEY STATE POLICE,HAMILTON-SUB -,0,0,0,0,P,B,N,N,06,2,SADDLEBROOK RD,S,,,,,07,,01,04,02,01,01,01,05,01,,,S,STEEPLE CHASE ROAD,,,,25,25,26,40.225390,74.493170,N,,8035
20181332C060-2018-00861A,MONMOUTH,MILLSTONE TWP,06/24/2018,SU,1055,02,NEW JERSEY STATE POLICE,HAMILTON-SUB -,0,0,0,0,P,B,N,N,01,2,DUGANS GROVE RD,S,,,,,07,,01,04,02,01,01,01,05,01,,,N,NJ 33,,,,35,55,26,40.260110,74.408180,N,,8084
20181332C060-2018-00862A,MONMOUTH,MILLSTONE TWP,06/24/2018,SU,1437,02,NEW JERSEY STATE POLICE,HAMILTON-SUB -,0,0,0,0,P,B,N,N,11,1,PRODELIN WY,N,,,,,07,,01,04,02,01,01,01,05,01,,,N,RIKE DRIVE,,,,40,25,52,40.248290,74.436920,N,Utility Pole #JC1748ME,8084
20181332C060-2018-00864A,MONMOUTH,MILLSTONE TWP,06/24/2018,SU,1040,02,NEW JERSEY STATE POLICE,HAMILTON-SUB -,0,0,0,0,P,B,N,N,01,2,I-195,E,195,,00000195__,16.70,01,,03,04,02,01,01,01,01,01,,,,,T,CR 537,EB,65,,26,40.201500,74.429100,N,,7960
20181332C060-2018-00880A,MONMOUTH,MILLSTONE TWP,06/26/2018,TU,1813,02,NEW JERSEY STATE POLICE,HAMILTON-SUB -,0,0,0,0,P,I,N,N,07,2,ROUTE 571,N,571,,00000571__,30.68,05,,01,04,02,01,01,01,05,01,,AT,,US 1 / WINDSOR RD,,,,35,35,26,40.235750,74.476600,N,,7971
20181332C060-2018-00894A,MONMOUTH,MILLSTONE TWP,06/29/2018,FR,0938,02,NEW JERSEY STATE POLICE,HAMILTON-SUB -,0,0,0,0,P,B,N,N,12,1,ROUTE 537,W,537,,00000537__,46.30,05,,01,04,02,01,01,01,05,01,,,,,,,,50,,24,40.204960,74.359510,N,,7874
20181332C060-2018-00898A,MONMOUTH,MILLSTONE TWP,06/29/2018,FR,2316,02,NEW JERSEY STATE POLICE,HAMILTON-SUB -,0,0,0,0,P,B,Y,N,11,1,I-195,W,195,,00000195__,16.60,01,,03,04,02,01,05,01,02,01,,,,,F,CR 537,EB,65,,56,40.161570,74.427810,N,,7986
20181332C060-2018-00903A,MONMOUTH,MILLSTONE TWP,07/01/2018,SU,0158,02,NEW JERSEY STATE POLICE,HAMILTON-SUB -,1,1,0,0,F,B,N,N,11,1,402 MILLSTONE ROAD,,,,,,09,,00,05,05,09,05,01,99,01,,,,,,,,,,60,40.182580,74.428270,N,,7986
20181332C060-2018-00904A,MONMOUTH,MILLSTONE TWP,07/01/2018,SU,1347,02,NEW JERSEY STATE POLICE,HAMILTON-SUB -,0,0,0,0,P,B,N,N,01,2,I-195,W,195,,00000195__,16.00,01,,01,04,02,01,01,01,01,01,,,,,T,CR 537,EB,65,,26,40.161150,74.422150,N,,7874
20181332C060-2018-00919A,MONMOUTH,MILLSTONE TWP,07/04/2018,WE,1050,02,NEW JERSEY STATE POLICE,HAMILTON-SUB -,0,2,0,0,I,B,Y,N,01,4,ROUTE 537,W,537,,00000537__,40.60,05,,01,04,02,01,01,01,01,01,,,,,,,,40,,26,40.154360,74.432610,N,,7874
20181332C060-2018-00920A,MONMOUTH,MILLSTONE TWP,07/04/2018,WE,1521,02,NEW JERSEY STATE POLICE,HAMILTON-SUB -,0,0,0,0,P,B,N,N,03,2,548 MONMOUTH RD,E,,,,,09,,01,04,01,01,01,01,99,01,,,,,,,,,,26,40.157260,74.429690,N,,7654
20181332C060-2018-00923A,MONMOUTH,MILLSTONE TWP,07/05/2018,TH,0920,02,NEW JERSEY STATE POLICE,HAMILTON-SUB -,0,0,0,0,P,B,N,N,06,2,519 SHWY 33 HW,E,,,,,09,,01,04,02,01,01,01,05,01,,,,,,,,5,,28,40.260340,74.409790,N,,7798
20181332C060-2018-00930A,MONMOUTH,MILLSTONE TWP,07/06/2018,FR,1100,02,NEW JERSEY STATE POLICE,HAMILTON-SUB -,0,0,0,0,P,B,N,N,01,2,MONMOUTH COUNTY 1,E,1,,13000001__,1.95,05,,01,04,02,01,01,01,01,01,10,FE,W,GIANT MAPLE CT,,,,35,25,26,40.239960,74.487250,N,,8055
20181332C060-2018-00934A,MONMOUTH,MILLSTONE TWP,07/07/2018,SA,1013,02,NEW JERSEY STATE POLICE,HAMILTON-SUB -,0,0,0,0,P,B,N,N,12,1,MILLSTONE RD,S,,,13321017__,4.40,07,,01,06,02,01,01,01,05,01,800,FE,S,CLARKSBURG RD,,,,40,40,24,40.200580,74.427520,N,,7693
20181332C060-2018-00935A,MONMOUTH,MILLSTONE TWP,07/07/2018,SA,1107,02,NEW JERSEY STATE POLICE,HAMILTON-SUB -,0,1,0,0,I,I,N,N,11,1,MONMOUTH COUNTY 1,W,1,,13000001__,.28,05,,01,04,02,01,01,01,05,01,,AT,,BATTLEGROUND RD,,,,50,40,58,40.236610,74.468940,N,,7982
20181332C060-2018-00937A,MONMOUTH,MILLSTONE TWP,07/07/2018,SA,2050,02,NEW JERSEY STATE POLICE,HAMILTON-SUB -,0,0,0,0,P,B,Y,N,11,1,BAIRD RD,E,,,,,07,,01,04,02,01,05,01,05,01,,,E,CR 1,,,,35,50,52,40.234900,74.441100,N,Telephone pole,7666
20181332C060-2018-00939A,MONMOUTH,MILLSTONE TWP,07/08/2018,SU,0910,02,NEW JERSEY STATE POLICE,HAMILTON-SUB -,0,0,0,0,P,B,N,N,12,1,MONMOUTH COUNTY 1,E,1,,13000001__,4.18,05,,01,05,02,01,01,01,05,01,100,FE,E,CHADWICK RD,,,,45,25,24,40.201500,74.429100,N,,7982
20181332C060-2018-00940A,MONMOUTH,MILLSTONE TWP,07/08/2018,SU,0942,02,NEW JERSEY STATE POLICE,HAMILTON-SUB -,0,3,0,0,I,B,N,N,03,2,MONMOUTH COUNTY 1,W,1,,13000001__,3.00,05,,01,04,02,01,01,01,05,01,,,,MILLSTONE RD,,,,35,45,26,40.224490,74.429610,N,,7982
20181332C060-2018-00945A,MONMOUTH,MILLSTONE TWP,07/09/2018,MO,1707,02,NEW JERSEY STATE POLICE,HAMILTON-SUB -,0,0,0,0,P,B,N,N,01,2,ROUTE 537,W,537,,00000537__,42.70,05,,01,04,02,01,01,01,05,01,,,,,,,,50,,26,40.170920,74.409010,N,,7772
20181332C060-2018-00955A,MONMOUTH,MILLSTONE TWP,07/12/2018,TH,0307,02,NEW JERSEY STATE POLICE,HAMILTON-SUB -,0,0,0,0,P,B,N,N,12,1,MILLSTONE RD,N,,,13321017__,.04,07,,01,04,02,01,05,01,05,01,300,FE,S,NJ 33,,,,40,50,24,40.259960,74.419840,N,,7852
20181332C060-2018-00960A,MONMOUTH,MILLSTONE TWP,07/12/2018,TH,1756,02,NEW JERSEY STATE POLICE,HAMILTON-SUB -,0,1,0,0,I,B,N,N,01,2,NJ 33,E,33,,00000033__,21.10,02,,01,04,02,01,01,01,03,01,,,,,,,,55,,26,40.258250,74.397280,N,,8084
20181332C060-2018-00969A,MONMOUTH,MILLSTONE TWP,07/13/2018,FR,1816,02,NEW JERSEY STATE POLICE,HAMILTON-SUB -,0,0,0,0,P,B,N,N,01,2,NJ 33,W,33,,00000033__,19.80,02,,01,04,02,01,01,01,03,01,,,E,MILLSTONE RD,,,,55,40,26,40.262040,74.420350,N,,7874
20181332C060-2018-00971A,MONMOUTH,MILLSTONE TWP,07/14/2018,SA,1942,02,NEW JERSEY STATE POLICE,HAMILTON-SUB -,0,2,0,0,I,B,N,N,01,2,I-195,W,195,,00000195__,16.20,01,,01,04,02,01,01,01,01,01,,,,,,,,65,,26,40.163380,74.433290,N,,7898
20181332C060-2018-00979A,MONMOUTH,MILLSTONE TWP,07/16/2018,MO,0223,02,NEW JERSEY STATE POLICE,HAMILTON-SUB -,0,0,0,0,P,B,N,N,12,1,PRODELIN WY,S,,,,,07,,01,04,02,01,06,01,01,01,,,S,HUNEKE WAY,,,,35,35,24,40.244470,74.439180,N,,8065
20181332C060-2018-00980A,MONMOUTH,MILLSTONE TWP,07/08/2018,SU,2122,02,NEW JERSEY STATE POLICE,HAMILTON-SUB -,0,0,0,0,P,B,N,N,01,2,I-195,W,195,,00000195__,16.40,01,,01,04,02,01,07,01,03,01,,,,,,,,65,,26,,,N,,7560
20181332C060-2018-00983A,MONMOUTH,MILLSTONE TWP,07/16/2018,MO,1802,02,NEW JERSEY STATE POLICE,HAMILTON-SUB -,0,0,0,0,P,B,N,N,07,2,ROUTE 537,W,537,,00000537__,,05,,01,04,02,01,01,01,05,01,,,,ROUTE 526 / TRENTON-LAKEWOOD RD,,,,50,50,26,40.165360,74.416720,N,,7893
20181332C060-2018-00984A,MONMOUTH,MILLSTONE TWP,07/16/2018,MO,1922,02,NEW JERSEY STATE POLICE,HAMILTON-SUB -,0,0,0,0,P,B,N,N,07,2,ROUTE 537,W,537,,00000537__,42.20,05,,01,04,02,01,01,01,05,01,,,,COUNTY ROAD 526,,,,50,50,26,40.165360,74.416720,N,,7893
20181332C060-2018-01007A,MONMOUTH,MILLSTONE TWP,07/20/2018,FR,1443,02,NEW JERSEY STATE POLICE,HAMILTON-SUB -,0,0,0,0,P,B,N,N,03,2,ROUTE 537,W,537,,00000537__,42.20,05,,01,04,02,01,01,01,05,01,,,,,,,,50,,26,40.165660,74.416300,N,,7654
20181332C060-2018-01031A,MONMOUTH,MILLSTONE TWP,07/24/2018,TU,1612,02,NEW JERSEY STATE POLICE,HAMILTON-SUB -,0,1,0,0,I,B,N,N,03,2,STAGECOACH RD,E,,,,,07,,01,04,02,01,01,01,05,01,,,,STILLHOUSE RD,,,,50,35,26,40.201990,74.392410,N,,8116
20181332C060-2018-01035A,MONMOUTH,MILLSTONE TWP,07/25/2018,WE,1150,02,NEW JERSEY STATE POLICE,HAMILTON-SUB -,0,0,0,0,P,B,N,N,11,1,I-195,W,195,,00000195__,15.80,01,,01,04,02,02,01,02,03,01,,,,,,,,65,,46,40.166520,74.439580,N,,8256
20181332C060-2018-01047A,MONMOUTH,MILLSTONE TWP,07/29/2018,SU,1043,02,NEW JERSEY STATE POLICE,HAMILTON-SUB -,0,2,0,0,I,B,N,N,11,1,OLD NOAH HUNT RD,S,,,,,07,,01,04,02,01,01,01,05,01,,,N,PINE DRIVE,,,,25,25,60,40.158770,74.444540,N,,7550
20181332C060-2018-01053A,MONMOUTH,MILLSTONE TWP,07/30/2018,MO,0729,02,NEW JERSEY STATE POLICE,HAMILTON-SUB -,0,0,0,0,P,B,N,N,01,2,DUGANS GROVE RD,S,,,,,07,,01,04,02,01,01,01,05,01,,,,NJ 33,,,,35,50,26,40.260640,74.409570,N,,8204
20181332C060-2018-01057A,MONMOUTH,MILLSTONE TWP,07/30/2018,MO,2314,02,NEW JERSEY STATE POLICE,HAMILTON-SUB -,0,0,0,0,P,B,N,N,01,2,BROOKSIDE RD,N,,,,,07,,01,04,02,01,05,01,05,01,,,N,PAINT ISLAND SPRINGS RD,,,,45,35,26,40.184940,74.406120,N,,7852
20181332C060-2018-01058A,MONMOUTH,MILLSTONE TWP,07/30/2018,MO,2202,02,NEW JERSEY STATE POLICE,HAMILTON-SUB -,0,1,0,0,I,B,N,N,11,1,ROUTE 526,E,526,,00000526__,19.70,05,,02,04,02,01,06,01,05,01,,,,,,,,50,,52,40.170750,74.421390,N,Verizon Utility Pole,7528
20181332C060-2018-01059A,MONMOUTH,MILLSTONE TWP,07/31/2018,TU,0729,02,NEW JERSEY STATE POLICE,HAMILTON-SUB -,0,1,0,0,I,B,N,N,01,5,ROUTE 537,E,537,,00000537__,41.20,05,,01,04,02,01,01,01,05,01,,,,,,,,50,,26,40.394850,74.392830,N,,8140
20181332C060-2018-01090A,MONMOUTH,MILLSTONE TWP,08/05/2018,SU,1913,02,NEW JERSEY STATE POLICE,HAMILTON-SUB -,0,0,0,0,P,B,N,N,01,2,NJ 33,W,33,,00000033__,19.00,02,,01,04,02,01,01,01,03,01,,,,,,,,45,,26,40.261720,74.436530,N,,7874
20181332C060-2018-01093A,MONMOUTH,MILLSTONE TWP,08/06/2018,MO,1734,02,NEW JERSEY STATE POLICE,HAMILTON-SUB -,0,1,0,0,I,B,Y,N,02,2,ROUTE 537,W,537,,00000537__,43.00,05,,01,04,02,01,01,01,04,01,,,W,ROUTE 526 / TRENTON-LAKEWOOD RD,,,,40,40,26,40.166690,74.414930,N,,8208
20181332C060-2018-01094A,MONMOUTH,MILLSTONE TWP,08/07/2018,TU,1536,02,NEW JERSEY STATE POLICE,HAMILTON-SUB -,0,0,0,0,P,B,N,N,02,2,I-195,E,195,,00000195__,16.20,01,,01,04,02,01,01,01,01,01,,,,,,,,65,,26,40.162920,74.433210,N,,8257
20181332C060-2018-01102A,MONMOUTH,MILLSTONE TWP,08/09/2018,TH,1035,02,NEW JERSEY STATE POLICE,HAMILTON-SUB -,0,0,0,0,P,B,N,N,11,1,BACK BONE HILL RD,E,,,,,07,,01,04,02,01,01,01,05,01,,,E,HALKA WAY,,,,35,25,52,40.208070,74.407430,N,JC1875ME-UTILITY POLE,8120
20181332C060-2018-01106A,MONMOUTH,MILLSTONE TWP,08/10/2018,FR,1200,02,NEW JERSEY STATE POLICE,HAMILTON-SUB -,0,1,0,0,I,B,N,N,11,1,ROUTE 524,W,524,,00000524__,14.20,05,,01,04,02,01,01,01,05,01,,,,,,,,50,,52,40.188070,74.486800,Y,POLE # JCPL- JC213UF & JCP214UF 331 Newman Springs Rd  Red Bank  NJ,8132
20181332C060-2018-01114A,MONMOUTH,MILLSTONE TWP,08/11/2018,SA,1704,02,NEW JERSEY STATE POLICE,HAMILTON-SUB -,0,0,0,0,P,B,N,N,99,1,PRODELIN WY,N,,,,,07,,01,04,02,01,01,01,05,01,,,S,NJ 33,,,,40,55,57,40.258330,74.434730,N,,8238
20181332C060-2018-01116A,MONMOUTH,MILLSTONE TWP,08/12/2018,SU,,02,NEW JERSEY STATE POLICE,HAMILTON-SUB -,0,0,0,0,P,B,N,N,11,1,ROUTE 537,E,537,,00000537__,40.00,05,,01,04,02,01,07,01,05,01,,,,ANDERSON ROAD,,,,50,35,56,40.160960,74.423010,N,,8238
20181332C060-2018-01129A,MONMOUTH,MILLSTONE TWP,08/14/2018,TU,1847,02,NEW JERSEY STATE POLICE,HAMILTON-SUB -,0,0,0,0,P,B,N,N,01,2,NJ 33,E,33,,00000033__,21.00,02,,01,04,02,02,01,02,03,01,,,,,,,,55,,26,40.258780,74.400450,N,,7986
20181332C060-2018-01135A,MONMOUTH,MILLSTONE TWP,08/16/2018,TH,1612,02,NEW JERSEY STATE POLICE,HAMILTON-SUB -,0,0,0,0,P,B,N,N,01,2,PRODELIN WY,N,,,,,07,,01,04,02,01,01,01,03,01,,,S,NJ 33,,,,45,55,26,40.261530,74.436230,N,,7986
20181332C060-2018-01136A,MONMOUTH,MILLSTONE TWP,08/16/2018,TH,1629,02,NEW JERSEY STATE POLICE,HAMILTON-SUB -,0,0,0,0,P,B,N,N,11,3,PLOT OF 9 TRENTON LAKEWOOD RD,,,,,,09,,01,04,02,01,01,01,05,01,,,,,,,,,,30,40.167490,74.418890,N,UTILITY LIGHT POLE LOCATED IN FRONT PARKING LOT. LANDLORD WAS NOTIFIED,7550
20181332C060-2018-01141A,MONMOUTH,MILLSTONE TWP,08/18/2018,SA,1548,02,NEW JERSEY STATE POLICE,HAMILTON-SUB -,0,0,0,0,P,B,N,N,01,3,ROUTE 537,W,537,,00000537__,41.00,05,,01,04,02,01,01,01,01,01,,,,,,,,50,,26,40.162260,74.421400,N,,8158
20181332C060-2018-01146A,MONMOUTH,MILLSTONE TWP,08/20/2018,MO,0800,02,NEW JERSEY STATE POLICE,HAMILTON-SUB -,0,0,0,0,P,I,N,N,04,2,NJ 33,N,33,,00000033__,19.79,02,,01,04,02,01,01,01,01,01,,AT,,MILLSTONE RD,,,,55,45,26,40.836670,74.364750,N,,7733
20181332C060-2018-01155A,MONMOUTH,MILLSTONE TWP,08/22/2018,WE,1351,02,NEW JERSEY STATE POLICE,HAMILTON-SUB -,0,1,0,0,I,B,N,N,03,2,STAGE COACH ROAD,E,,,,,07,,01,04,02,01,01,01,05,01,,,,MILLSTONE ROAD,,,,50,45,26,40.189520,74.436940,N,,8035
20181332C060-2018-01157A,MONMOUTH,MILLSTONE TWP,08/23/2018,TH,1211,02,NEW JERSEY STATE POLICE,HAMILTON-SUB -,0,0,0,0,P,B,N,N,06,2,ROUTE 537,W,537,,00000537__,45.00,05,,01,04,02,01,01,01,05,01,,,,,,,,50,,28,40.193530,74.376740,N,,7654
20181332C060-2018-01163A,MONMOUTH,MILLSTONE TWP,08/24/2018,FR,1219,02,NEW JERSEY STATE POLICE,HAMILTON-SUB -,0,0,0,0,P,B,N,N,11,1,CONOVER RD,N,,,,,07,,01,04,02,01,01,01,05,01,,,S,NJ 33,,,,30,50,69,40.254270,74.400460,N,,8052
20181332C060-2018-01169A,MONMOUTH,MILLSTONE TWP,08/24/2018,FR,2140,02,NEW JERSEY STATE POLICE,HAMILTON-SUB -,0,1,0,0,I,B,N,N,11,1,ROUTE 537,W,537,,00000537__,39.90,05,,01,04,02,01,06,01,05,01,,,,,,,,50,,54,40.142900,74.449090,N,,8257
20181332C060-2018-01177A,MONMOUTH,MILLSTONE TWP,08/27/2018,MO,1251,02,NEW JERSEY STATE POLICE,HAMILTON-SUB -,0,1,0,0,I,B,N,N,10,1,ROUTE 571,W,571,,00000571__,24.60,07,,02,04,02,01,01,01,05,01,100,FE,E,CARRS TAVERN RD,,,,45,35,01,40.176110,74.424830,N,,8120
20181332C060-2018-01195A,MONMOUTH,MILLSTONE TWP,08/29/2018,WE,1908,02,NEW JERSEY STATE POLICE,HAMILTON-SUB -,0,0,0,0,P,B,Y,N,10,1,ROUTE 537,E,537,,00000537__,42.50,05,,01,04,02,01,01,01,01,01,,,,,,,,50,,01,40.169820,74.410560,N,,8257
20181332C060-2018-01198A,MONMOUTH,MILLSTONE TWP,08/30/2018,TH,1350,02,NEW JERSEY STATE POLICE,HAMILTON-SUB -,0,3,0,0,I,B,N,N,03,2,WINDSOR RD,E,,,,,07,,01,04,02,01,01,01,04,01,,,E,FELDSHER ROAD,,,,50,40,26,40.233320,74.494650,N,,8238
20181332C060-2018-01211A,MONMOUTH,MILLSTONE TWP,09/02/2018,SU,1309,02,NEW JERSEY STATE POLICE,HAMILTON-SUB -,0,1,0,0,I,B,N,N,10,1,SPRING RD,S,,,,,07,,02,04,02,01,01,01,05,01,,,N,CARRS TAVERN RD,,,,35,25,01,40.174960,74.431350,N,,8120
20181332C060-2018-01212A,MONMOUTH,MILLSTONE TWP,09/03/2018,MO,2021,02,NEW JERSEY STATE POLICE,HAMILTON-SUB -,0,1,0,0,I,B,N,N,10,1,I-195,E,195,,00000195__,15.40,01,,01,04,02,01,05,01,03,01,,,,,,,,65,,01,40.169670,74.445430,N,,7772
20181332C060-2018-01215A,MONMOUTH,MILLSTONE TWP,09/05/2018,WE,0919,02,NEW JERSEY STATE POLICE,HAMILTON-SUB -,0,0,0,0,P,B,N,N,01,2,DUGANS GROVE RD,S,,,,,07,,01,04,02,01,01,01,05,01,,,N,NJ 33,,,,35,50,26,40.260640,74.409570,N,,8204
20181332C060-2018-01218A,MONMOUTH,MILLSTONE TWP,09/05/2018,WE,1353,02,NEW JERSEY STATE POLICE,HAMILTON-SUB -,0,3,0,0,I,I,N,N,03,2,ROUTE 524,W,524,,00000524__,18.70,05,,01,04,02,01,01,01,05,01,,AT,,CHARLESTON SPRING RD,,,,50,35,26,40.202700,74.381520,N,,8204
20181332C060-2018-01228A,MONMOUTH,MILLSTONE TWP,09/07/2018,FR,1239,02,NEW JERSEY STATE POLICE,HAMILTON-SUB -,0,0,0,0,P,B,N,N,02,2,ROUTE 537,W,537,,00000537__,42.00,05,,01,04,02,01,01,01,05,01,,,,,,,,50,,26,40.163460,74.419600,N,,7971