Year(4)-CountyCode(2)-MunicipalityCode(2)-CaseNumber(9),County Name,Municipality Name,Crash Date,Crash Day of Week,Crash Time,Police Department Code,Police Department,Police Station,Total Killed,Total Injured,Pedestrians Killed,Pedestrians Injured,Severity,Intersection,Alcohol Involved,Hazmat Involved,Crash Type,Total Vehicles,Location,Location Direction,Route,Route Suffix,Std Rte Identifier,MilePost,Road System,Road Character,Road Horizontal Alignment,Road Grade,Road Surface Type,Surface Condition,Light Condition,Environmental Condition,Road Divided By,Temporary Traffic Control Zone,Distance To Cross Street,Unit Of Measurement,Direction From Cross Street,Cross Street Name,Is Ramp,Ramp To/From Route Name,Ramp To/From Route Direction,Posted Speed,Posted Speed Cross Street,First Harmful Event,Latitude,Longitude,Cell Phone In Use Flag,Other Property Damage,Reporting Badge No.
2018133418NT06113,MONMOUTH,NEPTUNE TWP,03/01/2018,TH,2344,01,NEPTUNE TWP PD,,0,2,0,0,I,B,N,N,03,2,NJ 35,N,35,,00000035__,24.42,02,,01,04,02,02,07,02,05,01,15,FE,S,CORTLAND ST,,,,35,25,26,,,N,,34191
2018133418NT06166,MONMOUTH,NEPTUNE TWP,03/02/2018,FR,1432,01,NEPTUNE TWP PD,,0,0,0,0,P,B,N,N,02,2,HECK AVE,E,,,,,07,,01,04,02,02,01,03,05,01,100,FE,W,NEPTUNE BLVD,,,,25,25,26,,,N,,34139
2018133418NT06196,MONMOUTH,NEPTUNE TWP,03/02/2018,FR,1735,01,NEPTUNE TWP PD,,0,0,0,0,P,B,N,N,01,2,HECK AVE,E,,,,,07,,01,04,02,05,07,03,05,01,10,FE,W,RIDGE AVE,,,,25,25,26,40.212540,74.019480,N,,34171
2018133418NT06200,MONMOUTH,NEPTUNE TWP,03/02/2018,FR,1751,01,NEPTUNE TWP PD,,0,0,0,0,P,I,N,N,03,2,NJ 33,W,33,,00000033__,41.92,02,,01,04,02,05,07,03,05,01,,AT,,CR 40 A / MEMORIAL DR,,,,30,40,26,40.210830,74.017230,N,,34171
2018133418NT06227,MONMOUTH,NEPTUNE TWP,03/03/2018,SA,0012,01,NEPTUNE TWP PD,,0,0,0,0,P,I,N,N,12,1,MONMOUTH COUNTY 17 II,W,17,2,130000172_,1.03,05,,01,04,02,05,07,02,05,01,,AT,,GREEN GROVE PL,,,,45,25,24,40.217490,74.069070,N,,34169
2018133418NT06234,MONMOUTH,NEPTUNE TWP,03/03/2018,SA,0229,01,NEPTUNE TWP PD,,0,0,0,0,P,B,Y,N,11,1,HECK AVENUE,W,,,,,07,,01,04,02,04,06,01,05,01,200,FE,E,DRUMMOND AVENUE,,,,25,25,52,40.212710,74.027930,N,UTILITY POLE #JC402NT,34202
2018133418NT06246,MONMOUTH,NEPTUNE TWP,03/03/2018,SA,0733,01,NEPTUNE TWP PD,,0,0,0,0,P,B,N,N,08,2,BINGHAM ST,N,,,,,07,,01,04,02,01,01,01,05,01,15,FE,S,MONROE AVE,,,,25,25,26,40.219850,74.036330,N,,34197
2018133418NT06247,MONMOUTH,NEPTUNE TWP,03/03/2018,SA,0740,01,NEPTUNE TWP PD,,0,1,0,0,I,I,N,N,03,2,MONMOUTH COUNTY 16,E,16,,13000016__,5.42,05,,01,04,02,02,01,01,05,01,,AT,,WHITESVILLE RD,,,,30,25,26,40.223460,74.026400,N,,34160
2018133418NT06258,MONMOUTH,NEPTUNE TWP,03/03/2018,SA,0943,01,NEPTUNE TWP PD,,0,0,0,0,P,B,N,N,02,2,NEPTUNE BLVD,S,,,,,07,,01,04,01,01,01,01,05,01,15,FE,S,HECK AVENUE,,,,25,25,26,40.213170,74.035430,N,,34196
2018133418NT06409,MONMOUTH,NEPTUNE TWP,03/04/2018,SU,1816,01,NEPTUNE TWP PD,,0,0,0,0,P,I,N,N,03,2,MONMOUTH COUNTY 2,W,2,,13000002__,1.15,05,,01,04,02,01,05,01,05,01,,AT,,RIDGE AVE,,,,25,25,,,,N,,34179
2018133418NT06410,MONMOUTH,NEPTUNE TWP,03/04/2018,SU,1825,01,NEPTUNE TWP PD,,0,1,0,0,I,B,N,N,01,2,NJ 35,N,35,,00000035__,24.13,02,,01,04,02,01,06,01,05,01,30,FE,S,COLUMBUS AVE,,,,35,25,26,,,N,,34197
2018133418NT06483,MONMOUTH,NEPTUNE TWP,03/05/2018,MO,1425,01,NEPTUNE TWP PD,,0,1,0,0,I,B,N,N,02,3,JUMPING BROOK RD,N,,,13341416__,.94,07,,01,04,02,01,01,01,05,01,150,FE,S,NJ 66,,,,25,50,26,40.219140,74.086210,N,,
2018133418NT06501,MONMOUTH,NEPTUNE TWP,03/05/2018,MO,1733,01,NEPTUNE TWP PD,,0,2,0,0,I,I,N,N,03,2,NJ 35,N,35,,00000035__,23.99,02,,01,04,02,01,01,01,05,01,,AT,,MILTON AVE,,,,35,25,26,40.216650,74.031010,N,,34193
2018133418NT06548,MONMOUTH,NEPTUNE TWP,03/06/2018,TU,0837,01,NEPTUNE TWP PD,,0,0,0,0,P,B,N,N,06,2,PILGRIM PATHWAY,S,,,,,07,,01,04,02,01,01,01,05,01,15,FE,N,WEBB AVENUE,,,,25,25,28,,,N,,34159
2018133418NT06580,MONMOUTH,NEPTUNE TWP,03/06/2018,TU,1301,01,NEPTUNE TWP PD,,0,0,0,0,P,I,N,N,03,2,NJ 33,W,33,,00000033__,41.92,02,,01,04,02,01,01,01,05,01,,AT,,CR 40 A / MEMORIAL DR,,,,30,30,26,,,N,,34139
2018133418NT06592,MONMOUTH,NEPTUNE TWP,03/06/2018,TU,1559,01,NEPTUNE TWP PD,,0,0,0,0,P,I,N,N,03,2,NJ 33,W,33,,00000033__,41.43,02,,01,04,02,01,01,01,04,01,,AT,,FISHER AVE,,,,30,25,26,,,N,,34179
2018133418NT06637,MONMOUTH,NEPTUNE TWP,03/07/2018,WE,0736,01,NEPTUNE TWP PD,,0,0,0,0,P,I,N,N,03,2,BEACH AVE,W,,,,,07,,01,04,02,02,01,02,05,01,,AT,,MAIN AVE,,,,25,25,26,,,N,,34127
2018133418NT06664,MONMOUTH,NEPTUNE TWP,03/07/2018,WE,1240,01,NEPTUNE TWP PD,,0,0,0,0,P,I,N,N,03,2,NJ 35,N,35,,00000035__,24.43,02,,01,04,02,02,01,03,04,01,,AT,N,BROCKTON AVE,,,,35,25,26,,,N,,34149
2018133418NT06762,MONMOUTH,NEPTUNE TWP,03/08/2018,TH,1529,01,NEPTUNE TWP PD,,0,3,0,0,I,B,N,N,02,3,WICKAPECKO DR,S,,,13371419__,2.64,07,,01,04,02,01,01,01,05,01,30,FE,N,DIVSION ST,,,,25,25,26,40.210340,74.023920,N,,
2018133418NT06769,MONMOUTH,NEPTUNE TWP,03/08/2018,TH,1614,01,NEPTUNE TWP PD,,0,0,0,0,P,B,N,N,01,2,NJ 66,E,66,,00000066__,1.68,02,,01,04,02,01,01,01,05,01,250,FE,W,GREEN GROVE RD,,,,50,25,26,40.226560,74.073340,N,,34175
2018133418NT06773,MONMOUTH,NEPTUNE TWP,03/08/2018,TH,1636,01,NEPTUNE TWP PD,,0,0,0,0,P,B,N,N,01,2,NJ 35,N,35,,00000035__,24.61,02,,02,04,01,01,01,01,05,01,200,FE,S,CR 16 / ASBURY AVE,,,,35,,26,40.224360,74.036720,N,,34194
2018133418NT06786,MONMOUTH,NEPTUNE TWP,03/08/2018,TH,1829,01,NEPTUNE TWP PD,,0,2,0,0,I,I,N,N,02,2,NJ 35,S,35,,00000035__,24.14,02,,01,04,02,01,05,01,05,01,,AT,,COLUMBUS AVE,,,,35,25,26,40.218910,74.032210,N,,34175
2018133418NT06829,MONMOUTH,NEPTUNE TWP,03/09/2018,FR,0906,01,NEPTUNE TWP PD,,0,0,0,0,P,I,N,N,01,2,NJ 66,E,66,,00000066__,3.25,02,,01,04,02,01,01,01,03,01,,AT,W,NEPTUNE BLVD,,,,50,25,26,,,N,,34196
2018133418NT06893,MONMOUTH,NEPTUNE TWP,03/09/2018,FR,1959,01,NEPTUNE TWP PD,NEPTUNE TWP PD,0,0,0,0,P,B,N,N,03,2,NJ 33,W,33,,00000033__,41.44,02,,01,04,02,01,07,01,04,01,50,FE,E,FISHER AVE,,,,30,25,26,,,N,,34177
2018133418NT06899,MONMOUTH,NEPTUNE TWP,03/09/2018,FR,2124,01,NEPTUNE TWP PD,,0,0,0,0,P,I,N,N,03,2,NJ 33,S,33,,00000033__,42.03,02,,01,04,02,01,06,01,05,01,,AT,,NJ 71 / MAIN ST,,,,35,30,26,40.210540,74.015370,N,,34171
2018133418NT06935,MONMOUTH,NEPTUNE TWP,03/10/2018,SA,0738,01,NEPTUNE TWP PD,,0,0,0,0,P,B,N,N,05,2,450 N SR 35; ONE STOP FOOD,,,,,,09,,01,04,02,01,01,01,05,01,,,,,,,,,,26,40.219330,74.032000,N,,34200
2018133418NT06952,MONMOUTH,NEPTUNE TWP,03/10/2018,SA,1058,01,NEPTUNE TWP PD,,0,0,0,0,P,I,N,N,01,2,NJ 35,S,35,,00000035__,24.77,02,,02,04,02,01,01,01,04,01,,AT,,ROBIN RD,,,,35,25,26,,,N,,34200
2018133418NT07071,MONMOUTH,NEPTUNE TWP,03/11/2018,SU,1619,01,NEPTUNE TWP PD,,0,0,0,0,P,B,N,N,01,2,NJ 66,W,66,,00000066__,,02,,01,04,01,01,01,01,01,01,,,,,,,,30,,26,40.221890,74.091800,N,,34194
2018133418NT07088,MONMOUTH,NEPTUNE TWP,03/11/2018,SU,1854,01,NEPTUNE TWP PD,,0,0,0,0,P,I,N,N,11,1,NJ 35,S,35,,00000035__,,02,,03,04,02,01,01,01,03,01,,AT,,ASBURY CIRCLE,,,,35,,53,40.225790,74.038820,N,NJ STATE DOT LIGHT POLE,34162
2018133418NT07199,MONMOUTH,NEPTUNE TWP,03/12/2018,MO,1810,01,NEPTUNE TWP PD,,0,2,0,0,I,B,N,N,01,2,NJ 33,W,33,,00000033__,40.43,02,,01,06,02,01,01,01,05,01,50,FE,W,CR 2 / OXFORD WAY,,,,40,25,26,40.206630,74.047370,N,,34197
2018133418NT07279,MONMOUTH,NEPTUNE TWP,03/13/2018,TU,1608,01,NEPTUNE TWP PD,,0,1,0,0,I,B,N,N,02,3,S NEPTUNE BLVD,S,,,,,07,,01,04,02,01,01,01,05,01,50,FE,S,ALBERTA AVE,,,,25,25,26,,,N,DAMAGE TO MASONRY STAIRCASE (VALUE $10 000.00) AT 203 S. NEPTUNE BLVD.,
2018133418NT07330,MONMOUTH,NEPTUNE TWP,03/14/2018,WE,0801,01,NEPTUNE TWP PD,,0,0,0,0,P,B,N,N,01,2,NJ 66,,66,,00000066__,3.01,02,,01,04,02,01,01,01,05,01,,,,,F,NJ 18,NB,50,,26,,,N,,34139
2018133418NT07426,MONMOUTH,NEPTUNE TWP,03/15/2018,TH,0741,01,NEPTUNE TWP PD,,0,0,0,0,P,I,N,N,13,1,NJ 33,,33,,00000033__,41.92,02,,01,04,02,01,01,01,05,01,,AT,,CR 40 A / MEMORIAL DR,,,,30,30,22,40.210830,74.017230,N,,34150
2018133418NT07483,MONMOUTH,NEPTUNE TWP,03/15/2018,TH,1653,01,NEPTUNE TWP PD,,0,0,0,0,P,B,N,N,02,2,MONMOUTH COUNTY 40 A,S,40,A,13000040A_,.69,05,,01,04,02,01,01,01,05,01,100,FE,N,VANDERBUILT PL,,,,40,25,26,40.209830,74.017220,N,,34171
2018133418NT07597,MONMOUTH,NEPTUNE TWP,03/16/2018,FR,1839,01,NEPTUNE TWP PD,,0,0,0,0,P,B,N,N,11,1,OVERLOOK DR,E,,,,,07,,01,04,02,01,01,01,05,01,35,FE,E,SCHOCK AVE,,,,25,25,,40.198350,74.052730,N,MAILBOX AND POST BELONGING TO 500 OVERLOOK DRIVE,34156
2018133418NT07624,MONMOUTH,NEPTUNE TWP,03/16/2018,FR,2346,01,NEPTUNE TWP PD,,0,0,0,0,P,B,N,N,06,3,MONMOUTH COUNTY 17 II,E,17,2,130000172_,3.28,05,,01,04,02,01,06,01,05,01,25,FE,E,OAK ST,,,,30,25,28,,,N,,
2018133418NT07714,MONMOUTH,NEPTUNE TWP,03/17/2018,SA,1731,01,NEPTUNE TWP PD,NEPTUNE TWP PD,0,0,0,0,P,B,N,N,08,2,MONROE AVE,E,,,,,07,,01,04,02,01,01,01,05,01,500,FE,W,NJ 35,,,,25,35,26,,,N,,34177
2018133418NT07752,MONMOUTH,NEPTUNE TWP,03/18/2018,SU,0530,01,NEPTUNE TWP PD,,0,0,0,0,P,B,N,N,11,1,KNOX BLVD,S,,,,,07,,01,04,02,01,06,01,05,01,30,FE,E,BELMAR BLVD,,,,25,25,,40.215830,74.053350,N,LANDSCAPING AND EXTERIOR WALL TO 305 GRAHAM AVE,34181
2018133418NT07791,MONMOUTH,NEPTUNE TWP,03/18/2018,SU,1510,01,NEPTUNE TWP PD,,0,0,0,0,P,I,N,N,14,1,GEORGE STREET,S,,,,,07,,01,04,02,01,01,01,05,01,,AT,,CR 17,,,,25,30,21,,,N,,34179
2018133418NT07808,MONMOUTH,NEPTUNE TWP,03/18/2018,SU,2014,01,NEPTUNE TWP PD,,0,0,0,0,P,I,Y,N,03,2,MONMOUTH COUNTY 40 A,S,40,A,13000040A_,1.07,05,,01,04,02,01,07,01,05,01,,AT,,7TH AVE / LAREINE AVE,,,,40,25,26,40.204300,74.018990,N,,34180
2018133418NT07832,MONMOUTH,NEPTUNE TWP,03/19/2018,MO,0745,01,NEPTUNE TWP PD,,0,0,0,0,P,I,N,N,06,2,PILGRIM PATHWAY,S,,,,,07,,01,04,02,01,01,01,05,01,,AT,,HECK AVENUE,,,,25,25,26,40.211870,74.007790,N,,34195
2018133418NT07859,MONMOUTH,NEPTUNE TWP,03/19/2018,MO,1139,01,NEPTUNE TWP PD,,0,0,0,0,P,B,N,N,01,2,NJ 35,N,35,,00000035__,24.20,02,,01,04,02,01,01,01,,01,50,FE,S,CR 17 / BANGS AVE,,,,35,25,26,,,N,,34196
2018133418NT07884,MONMOUTH,NEPTUNE TWP,03/07/2018,WE,1506,01,NEPTUNE TWP PD,,0,0,0,0,P,B,N,N,11,2,S RIVERSIDE DR,N,,,,,07,,01,04,02,03,00,03,05,01,300,FE,S,OAKDALE DR,,,,25,25,61,40.191250,74.053280,N,MAILBOX OUTSIDE OF 645 S. RIVERSIDE DR. NEPTUNE NJ 07753,34193
2018133418NT07885,MONMOUTH,NEPTUNE TWP,03/19/2018,MO,1535,01,NEPTUNE TWP PD,,0,1,0,0,I,B,N,N,01,3,NJ 66,E,66,,00000066__,3.24,02,,01,04,02,01,01,01,03,01,50,FE,W,NEPTUNE BLVD,,,,50,25,26,40.225830,74.042370,N,,
2018133418NT07911,MONMOUTH,NEPTUNE TWP,03/19/2018,MO,1916,01,NEPTUNE TWP PD,,0,0,0,0,P,B,N,N,11,1,OLIVER BROTHERS,E,,,,,09,,01,05,01,01,01,01,05,01,,,,,,,,,,69,40.205790,74.051810,N,DRIVER # 1 STRUCK THE FRONT DOOR TO OLIVER BROTHERS BUSINESS.,34194
2018133418NT07969,MONMOUTH,NEPTUNE TWP,03/21/2018,WE,0937,01,NEPTUNE TWP PD,,0,0,0,0,P,B,N,N,03,2,NJ 71,S,71,,00000071__,7.68,02,,01,04,02,01,01,05,04,01,5,FE,E,BROADWAY AVE,,,,25,25,26,,,N,,34149
2018133418NT08001,MONMOUTH,NEPTUNE TWP,03/20/2018,TU,1258,01,NEPTUNE TWP PD,,0,1,0,0,I,I,N,N,01,2,NJ 35,N,35,,00000035__,24.21,02,,01,04,02,02,01,02,04,01,,AT,S,CR 17 / BANGS AVE,,,,35,30,26,,,N,,34149
2018133418NT08019,MONMOUTH,NEPTUNE TWP,03/20/2018,TU,1552,01,NEPTUNE TWP PD,,0,0,0,0,P,B,N,N,03,2,NEPTUNE BLVD,S,,,,,07,,01,04,02,04,01,06,05,01,25,FE,N,NJ 33,,,,25,40,26,40.208110,74.036150,N,,34155
2018133418NT08022,MONMOUTH,NEPTUNE TWP,03/20/2018,TU,1617,01,NEPTUNE TWP PD,,0,1,0,0,I,B,N,N,11,1,MONMOUTH COUNTY 17 II,W,17,2,130000172_,2.43,05,,02,04,02,05,01,07,05,01,100,FE,W,ALPINE TRAIL,,,,35,25,,40.217830,74.045840,N,,34171
2018133418NT08091,MONMOUTH,NEPTUNE TWP,03/21/2018,WE,1534,01,NEPTUNE TWP PD,,0,0,0,0,P,B,N,N,01,2,ESSEX RD,E,,,,,07,,01,05,02,03,01,03,05,01,10,FE,W,JUMPING BROOK RD,,,,25,25,26,40.223500,74.087300,N,,34165
2018133418NT08102,MONMOUTH,NEPTUNE TWP,03/21/2018,WE,1929,01,NEPTUNE TWP PD,,0,0,0,0,P,B,Y,N,06,3,BRIGHTON AVE,S,,,,,07,,01,04,02,03,07,03,05,01,50,FE,S,ROBBINS RD,,,,25,25,,40.201850,74.053400,N,MAILBOX AT 142 BRIGTON AVE AND MAILBOX AT 144 BRIGHTON AVE,
2018133418NT08107,MONMOUTH,NEPTUNE TWP,03/21/2018,WE,2104,01,NEPTUNE TWP PD,,0,0,0,0,P,B,N,N,11,1,NJ 66,E,66,,00000066__,2.22,02,,01,05,02,03,06,03,05,01,1200,FE,W,BOWNE RD / WAYSIDE RD,,,,50,25,46,40.230240,74.060380,N,,34165
2018133418NT08113,MONMOUTH,NEPTUNE TWP,03/21/2018,WE,2154,01,NEPTUNE TWP PD,,0,0,0,0,P,B,N,N,06,3,GARY DR,N,,,,,07,,01,04,02,03,06,03,05,01,200,FE,N,KENNETH TERRACE,,,,25,25,28,40.224730,74.068720,N,,
2018133418NT08240,MONMOUTH,NEPTUNE TWP,03/22/2018,TH,1507,01,NEPTUNE TWP PD,,0,0,0,0,P,I,N,N,07,2,MONMOUTH COUNTY 17 II,N,17,2,130000172_,2.96,05,,01,04,01,01,01,01,05,01,,AT,,NEPTUNE BLVD,,,,25,40,26,40.218910,74.035980,N,,34194
2018133418NT08249,MONMOUTH,NEPTUNE TWP,03/22/2018,TH,1716,01,NEPTUNE TWP PD,,0,0,0,0,P,B,N,N,06,2,BINGHAM ST,N,,,,,07,,01,04,02,03,00,03,05,01,40,FE,S,MILBROOK AVE,,,,25,25,26,40.222340,74.037080,N,,34162
2018133418NT08251,MONMOUTH,NEPTUNE TWP,03/22/2018,TH,1722,01,NEPTUNE TWP PD,,0,0,0,0,P,B,N,N,01,2,NJ 66,E,66,,00000066__,2.41,02,,01,04,02,01,01,01,05,01,200,FE,W,BOWNE RD / WAYSIDE RD,,,,50,25,26,40.229160,74.061270,N,,34171
2018133418NT08319,MONMOUTH,NEPTUNE TWP,03/23/2018,FR,1200,01,NEPTUNE TWP PD,,0,1,0,0,I,I,N,N,01,2,NJ 33,E,33,,00000033__,40.80,02,,01,04,02,01,01,01,05,01,,AT,,STANLEY AVE,,,,40,25,26,40.207840,74.038160,N,,34156
2018133418NT08332,MONMOUTH,NEPTUNE TWP,03/23/2018,FR,1352,01,NEPTUNE TWP PD,,0,0,0,0,P,B,N,N,01,2,NJ 33,W,33,,00000033__,38.30,02,,01,04,02,02,01,01,05,01,40,FE,E,OLD CORLIES RD / JUMPING BROOK RD,,,,45,25,26,40.210430,74.091020,N,,34156
2018133418NT08361,MONMOUTH,NEPTUNE TWP,03/23/2018,FR,1754,01,NEPTUNE TWP PD,,0,1,0,0,I,I,N,N,06,2,CENTRAL AVE,S,,,,,07,,01,04,02,01,01,01,05,01,,AT,,MCLINTOCK ST,,,,25,25,28,,,N,,164
2018133418NT08362,MONMOUTH,NEPTUNE TWP,03/23/2018,FR,1755,01,NEPTUNE TWP PD,,0,1,0,0,I,B,N,N,03,2,JUMPING BROOK RD,N,,,13341416__,,07,,03,05,01,01,01,01,05,01,,,,,,,,25,,26,40.224720,74.085400,N,,34194
2018133418NT08368,MONMOUTH,NEPTUNE TWP,03/23/2018,FR,2239,01,NEPTUNE TWP PD,NEPTUNE TWP PD,0,0,0,0,P,B,N,N,03,2,NJ 33,E,33,,00000033__,41.44,02,,01,04,02,01,06,,04,01,50,FE,E,FISHER AVE,,,,30,25,26,,,N,,34177
2018133418NT08382,MONMOUTH,NEPTUNE TWP,03/24/2018,SA,0224,01,NEPTUNE TWP PD,,0,0,0,0,P,B,Y,N,06,4,MOUNT TABOR WAY,W,,,,,07,,01,04,02,01,06,01,05,01,50,FE,W,PILGRAM PATHWAY,,,,25,25,26,40.213120,74.007410,N,,
2018133418NT08429,MONMOUTH,NEPTUNE TWP,03/24/2018,SA,1716,01,NEPTUNE TWP PD,,0,0,0,0,P,B,N,N,05,2,NJ 66,E,66,,00000066__,2.34,02,,01,04,01,01,01,01,05,01,600,FE,W,BOWNE RD / WAYSIDE RD,,,,50,25,26,40.226560,74.073340,N,,34193
2018133418NT08435,MONMOUTH,NEPTUNE TWP,03/24/2018,SA,1743,01,NEPTUNE TWP PD,,0,0,0,0,P,B,N,N,01,2,JUMPING BROOK RD,N,,,13341416__,.97,07,,01,04,02,01,01,01,05,01,5,FE,S,NJ 66,,,,25,50,26,40.219140,74.086210,N,,34193
2018133418NT08465,MONMOUTH,NEPTUNE TWP,03/24/2018,SA,2329,01,NEPTUNE TWP PD,,0,0,0,0,P,I,N,N,03,2,NJ 71,N,71,,00000071__,7.87,02,,01,04,02,01,06,01,05,01,,AT,,BOND ST / MAIN AVE,,,,25,25,26,,,N,,34203
2018133418NT08506,MONMOUTH,NEPTUNE TWP,03/25/2018,SU,1649,01,NEPTUNE TWP PD,,0,0,0,0,P,B,N,N,06,2,NJ 66,,66,,00000066__,,02,,01,05,01,01,01,01,01,,,,,,,,,,,28,40.224960,74.043160,N,,34194
2018133418NT08552,MONMOUTH,NEPTUNE TWP,03/26/2018,MO,1021,01,NEPTUNE TWP PD,,0,0,0,0,P,I,N,N,03,2,NJ 33,,33,,00000033__,41.92,02,,01,04,02,01,01,01,05,01,,AT,,CR 40 A / MEMORIAL DR,,,,30,40,26,,,N,,34200
2018133418NT08565,MONMOUTH,NEPTUNE TWP,03/26/2018,MO,1247,01,NEPTUNE TWP PD,,0,0,0,0,P,I,N,N,03,2,NJ 35,N,35,,00000035__,24.21,02,,01,04,02,01,01,01,04,01,,AT,,CR 17 / BANGS AVE,,,,35,25,26,,,N,,34200
2018133418NT08569,MONMOUTH,NEPTUNE TWP,03/26/2018,MO,1319,01,NEPTUNE TWP PD,,0,0,0,0,P,B,N,N,01,2,NJ 66,E,66,,00000066__,3.01,02,,01,04,02,01,01,01,03,01,,,,,F,NJ 18,NB,50,,26,40.228250,74.049770,N,,34160
2018133418NT08604,MONMOUTH,NEPTUNE TWP,03/26/2018,MO,1719,01,NEPTUNE TWP PD,,0,0,0,0,P,B,N,N,01,2,NJ 33,W,33,,00000033__,40.32,02,,01,06,02,01,01,01,05,01,10,FE,E,OAK DR / WALNUT AVE,,,,45,,26,40.206630,74.047370,N,,34197
2018133418NT08605,MONMOUTH,NEPTUNE TWP,03/26/2018,MO,1719,01,NEPTUNE TWP PD,,0,0,0,0,P,B,N,N,01,2,NJ 66,E,66,,00000066__,2.36,02,,01,04,02,01,01,01,05,01,500,FE,W,BOWNE RD / WAYSIDE RD,,,,50,25,26,40.229910,74.064860,N,,34156
2018133418NT08697,MONMOUTH,NEPTUNE TWP,03/27/2018,TU,1622,01,NEPTUNE TWP PD,,0,0,0,0,P,B,N,N,01,2,PREMIUM OUTLEY BLVD,S,,,,,07,,01,04,02,01,01,01,05,01,5,FE,N,NJ 66,,,,25,50,26,40.221290,74.091200,N,,34156
2018133418NT08726,MONMOUTH,NEPTUNE TWP,03/28/2018,WE,0244,01,NEPTUNE TWP PD,,0,0,0,0,P,I,Y,N,04,2,NEPTUNE BLVD,W,,,,,07,,01,04,02,02,06,01,05,01,,AT,,WEST LAKE AVE,,,,25,25,26,,,N,,34173
2018133418NT08755,MONMOUTH,NEPTUNE TWP,03/28/2018,WE,0918,01,NEPTUNE TWP PD,,0,3,0,0,I,I,N,N,03,2,NJ 33,E,33,,00000033__,40.90,02,,01,04,02,01,01,01,04,01,,AT,N,NEPTUNE BLVD,,,,40,25,26,,,N,UTILITY POLE #JC324NPT-JCP&L NOTIFIED,34149
2018133418NT08764,MONMOUTH,NEPTUNE TWP,03/28/2018,WE,1055,01,NEPTUNE TWP PD,,0,2,0,0,I,I,N,N,01,2,NJ 33,W,33,,00000033__,37.95,02,,01,04,02,01,01,05,05,01,,AT,,SCHOOLHOUSE RD / W JUMPING BROOK RD,,,,40,25,26,40.210430,74.091020,N,,34160
2018133418NT08789,MONMOUTH,NEPTUNE TWP,03/28/2018,WE,1438,01,NEPTUNE TWP PD,,0,0,0,0,P,I,N,N,03,2,NEPTUNE BLVD,W,,,,,07,,01,04,02,01,01,01,05,01,,AT,,WELLS AVE,,,,25,25,26,40.209120,74.035900,N,,34165
2018133418NT08792,MONMOUTH,NEPTUNE TWP,03/28/2018,WE,1515,01,NEPTUNE TWP PD,,0,2,0,0,I,B,N,N,01,2,NJ 33,E,33,,00000033__,39.61,02,,01,04,02,01,01,01,05,01,5280,FE,E,CR 17 / WEST BANGS AVE,,,,45,40,26,40.208310,74.068250,N,MAILBOX TO 3320 SH 33 RIPPED FROM THE BASE. MINOR DAMAGE TO POLE #JC184NT,34180
2018133418NT08796,MONMOUTH,NEPTUNE TWP,03/28/2018,WE,1610,01,NEPTUNE TWP PD,NEPTUNE TWP PD,0,0,0,0,P,I,N,N,01,2,NJ 66,W,66,,00000066__,.97,02,,01,04,02,01,01,01,04,01,,AT,S,JUMPING BROOK RD,,,,40,25,26,,,N,,34177
2018133418NT08828,MONMOUTH,NEPTUNE TWP,03/28/2018,WE,2007,01,NEPTUNE TWP PD,,0,0,0,0,P,I,N,N,01,2,NJ 33,W,33,,00000033__,40.32,02,,01,07,02,01,06,01,05,01,,AT,,OAK DR / WALNUT AVE,,,,40,25,26,40.206630,74.047370,N,,34165
2018133418NT08909,MONMOUTH,NEPTUNE TWP,03/29/2018,TH,1628,01,NEPTUNE TWP PD,,0,0,0,0,P,B,N,N,04,2,NJ 33,W,33,,00000033__,38.29,02,,01,04,02,01,01,01,05,01,25,FE,W,OLD CORLIES RD / JUMPING BROOK RD,,,,45,25,26,40.211360,74.091360,N,,34190
2018133418NT08926,MONMOUTH,NEPTUNE TWP,03/29/2018,TH,1852,01,NEPTUNE TWP PD,,0,2,0,0,I,I,N,N,03,2,NJ 33,E,33,,00000033__,38.61,02,,01,04,02,01,01,01,05,01,,AT,,CR 17 / WEST BANGS AVE,,,,45,40,26,40.207410,74.079430,N,,34175
2018133418NT08971,MONMOUTH,NEPTUNE TWP,03/30/2018,FR,0817,01,NEPTUNE TWP PD,,0,0,0,0,P,B,N,N,03,2,NJ 33,E,33,,00000033__,41.37,02,,01,04,02,01,01,01,04,01,40,FE,W,NJ 35,,,,40,35,26,,,N,,34203
2018133418NT09111,MONMOUTH,NEPTUNE TWP,03/31/2018,SA,1300,01,NEPTUNE TWP PD,,0,0,0,0,P,B,N,N,11,1,SEVENTH AVE,E,,,,,07,,01,04,02,01,01,01,05,01,150,FE,E,HAMILTON AVE,,,,25,25,,,,N,,34139
2018133418NT09115,MONMOUTH,NEPTUNE TWP,03/31/2018,SA,1353,01,NEPTUNE TWP PD,,0,3,0,0,I,I,N,N,03,2,NJ 33,W,33,,00000033__,41.29,02,,01,04,02,01,01,01,05,01,,AT,,UNION AVE,,,,40,25,26,40.209030,74.029430,N,,34160
2018133418NT09131,MONMOUTH,NEPTUNE TWP,03/31/2018,SA,1632,01,NEPTUNE TWP PD,,0,0,0,0,P,B,N,N,01,2,NJ 66,E,66,,00000066__,1.72,02,,01,04,02,01,01,01,05,01,75,FE,W,GREEN GROVE RD,,,,50,25,26,40.225500,74.075200,N,,34190
2018133418NT09138,MONMOUTH,NEPTUNE TWP,03/31/2018,SA,1721,01,NEPTUNE TWP PD,,0,1,0,0,I,B,N,N,02,2,NJ 66,E,66,,00000066__,3.62,02,,01,04,02,01,01,01,04,01,50,FE,E,NJ 35 / CARDINAL RD,,,,50,25,26,40.225790,74.038820,N,,34195
2018133418NT09159,MONMOUTH,NEPTUNE TWP,03/31/2018,SA,2006,01,NEPTUNE TWP PD,,0,0,0,0,P,I,N,N,01,2,NJ 66,E,66,,00000066__,.97,02,,01,04,02,01,01,01,05,01,,AT,,JUMPING BROOK RD,,,,50,25,26,40.219140,74.086210,N,,34190