Year(4)-CountyCode(2)-MunicipalityCode(2)-CaseNumber(9),County Name,Municipality Name,Crash Date,Crash Day of Week,Crash Time,Police Department Code,Police Department,Police Station,Total Killed,Total Injured,Pedestrians Killed,Pedestrians Injured,Severity,Intersection,Alcohol Involved,Hazmat Involved,Crash Type,Total Vehicles,Location,Location Direction,Route,Route Suffix,Std Rte Identifier,MilePost,Road System,Road Character,Road Horizontal Alignment,Road Grade,Road Surface Type,Surface Condition,Light Condition,Environmental Condition,Road Divided By,Temporary Traffic Control Zone,Distance To Cross Street,Unit Of Measurement,Direction From Cross Street,Cross Street Name,Is Ramp,Ramp To/From Route Name,Ramp To/From Route Direction,Posted Speed,Posted Speed Cross Street,First Harmful Event,Latitude,Longitude,Cell Phone In Use Flag,Other Property Damage,Reporting Badge No.
2018133418NT16781,MONMOUTH,NEPTUNE TWP,06/13/2018,WE,1146,01,NEPTUNE TWP PD,,0,0,0,0,P,B,N,N,11,1,HECK AVE,W,,,,,07,,01,04,02,01,01,05,05,01,30,FE,E,NEW JERSEY AVE,,,,25,25,69,,,N,,34160
2018133418NT16807,MONMOUTH,NEPTUNE TWP,06/13/2018,WE,1456,01,NEPTUNE TWP PD,NEPTUNE TWP PD,0,0,0,0,P,B,N,N,06,2,MONMOUTH COUNTY 5,S,5,,13000005__,1.22,05,,01,04,02,01,01,01,05,01,300,FE,S,EMBURY AVE,,,,25,25,28,,,N,,34177
2018133418NT16814,MONMOUTH,NEPTUNE TWP,06/14/2018,TH,1545,01,NEPTUNE TWP PD,,0,1,0,0,I,B,N,N,01,2,JUMPING BROOK RD,N,,,13341416__,.96,07,,01,04,02,01,01,01,05,01,30,FE,S,NJ 66,,,,25,50,26,,,N,,34626
2018133418NT16893,MONMOUTH,NEPTUNE TWP,06/14/2018,TH,1116,01,NEPTUNE TWP PD,,0,1,0,0,I,I,N,N,04,4,NJ 33,,33,,00000033__,41.38,02,,01,,02,01,01,01,05,01,,AT,,NJ 35,,,,35,35,26,40.209240,74.026310,N,,
2018133418NT16902,MONMOUTH,NEPTUNE TWP,06/14/2018,TH,1211,01,NEPTUNE TWP PD,,0,0,0,0,P,B,N,N,11,1,25 NEPTUNE BLVD,,,,,,09,,01,04,01,01,01,01,,01,,,,,,,,,,53,40.209750,74.036590,N,,34197
2018133418NT16903,MONMOUTH,NEPTUNE TWP,06/14/2018,TH,1221,01,NEPTUNE TWP PD,,0,0,0,0,P,B,N,N,06,2,NJ 33,,33,,00000033__,,02,,01,04,01,01,01,01,01,,,,,,,,,,,26,40.208130,74.039810,N,,34194
2018133418NT16915,MONMOUTH,NEPTUNE TWP,06/14/2018,TH,1331,01,NEPTUNE TWP PD,,0,0,0,0,P,B,N,N,11,1,NJ 33,W,33,,00000033__,37.94,02,,01,04,02,01,01,01,05,01,50,FE,W,SCHOOLHOUSE RD / W JUMPING BROOK RD,,,,40,25,52,40.211560,74.088630,N,UTILITY POLE AT 3701 SH 33,34135
2018133418NT16957,MONMOUTH,NEPTUNE TWP,06/14/2018,TH,2115,01,NEPTUNE TWP PD,NEPTUNE TWP PD,0,0,0,0,P,I,N,N,01,2,NJ 33,W,33,,00000033__,39.41,02,,01,04,02,01,07,01,04,01,,AT,,GREEN GROVE RD,,,,40,25,26,,,N,,34177
2018133418NT16973,MONMOUTH,NEPTUNE TWP,06/15/2018,FR,0049,01,NEPTUNE TWP PD,,0,1,0,0,I,B,N,N,11,1,NJ 71,S,71,,00000071__,7.86,02,,01,04,02,01,06,01,05,01,50,FE,S,BOND ST / MAIN AVE,,,,30,25,56,,,N,,34191
2018133418NT17003,MONMOUTH,NEPTUNE TWP,06/15/2018,FR,0947,01,NEPTUNE TWP PD,,0,0,0,0,P,B,N,N,06,2,NEPTUNE BLVD,,,,,,07,,01,04,01,01,01,01,01,,,,,,,,,,,26,40.219830,74.041140,N,,34194
2018133418NT17005,MONMOUTH,NEPTUNE TWP,06/15/2018,FR,1009,01,NEPTUNE TWP PD,,0,0,0,0,P,B,N,N,06,2,MONMOUTH COUNTY 5,N,5,,13000005__,,05,,01,04,02,01,05,01,05,01,200,FE,N,5TH AVE,,,,25,25,26,,,N,,34157
2018133418NT17024,MONMOUTH,NEPTUNE TWP,06/15/2018,FR,1321,01,NEPTUNE TWP PD,,0,0,0,0,P,B,N,N,02,2,NJ 33,W,33,,00000033__,41.93,02,,01,04,02,01,01,01,05,01,50,FE,E,CR 40 A / MEMORIAL DR,,,,30,30,26,40.209830,74.017220,N,,34197
2018133418NT17026,MONMOUTH,NEPTUNE TWP,06/15/2018,FR,1348,01,NEPTUNE TWP PD,,0,0,0,0,P,B,N,N,01,2,MONMOUTH COUNTY 40 A,S,40,A,13000040A_,.61,05,,01,04,02,01,01,01,05,01,5,FE,N,NJ 33 / CORLIES AVE,,,,30,30,26,40.209150,74.017810,N,,34156
2018133418NT17042,MONMOUTH,NEPTUNE TWP,06/15/2018,FR,1543,01,NEPTUNE TWP PD,,0,0,0,0,P,B,N,N,02,2,NJ 33,W,33,,00000033__,38.29,02,,01,04,02,01,01,01,05,01,25,FE,E,OLD CORLIES RD / JUMPING BROOK RD,,,,45,25,26,,,N,,34190
2018133418NT17052,MONMOUTH,NEPTUNE TWP,06/15/2018,FR,1629,01,NEPTUNE TWP PD,,0,1,0,0,I,I,N,N,03,2,NJ 33,E,33,,00000033__,41.02,02,,01,04,02,01,01,01,04,01,,AT,,TAYLOR AVE,,,,35,25,26,,,N,,34203
2018133418NT17061,MONMOUTH,NEPTUNE TWP,06/15/2018,FR,1734,01,NEPTUNE TWP PD,,0,1,0,0,I,B,N,N,01,2,NJ 66,E,66,,00000066__,3.16,02,,01,04,02,01,01,01,02,01,500,FE,W,NEPTUNE BLVD,,,,50,25,26,40.226320,74.037570,N,,34175
2018133418NT17074,MONMOUTH,NEPTUNE TWP,06/15/2018,FR,1908,01,NEPTUNE TWP PD,,0,1,0,0,I,B,N,N,01,2,NJ 18,N,18,,00000018__,9.84,02,,01,04,02,01,01,01,04,01,300,FE,S,,T,NJ 66,EB,65,,26,,,N,,34203
2018133418NT17077,MONMOUTH,NEPTUNE TWP,06/15/2018,FR,1958,01,NEPTUNE TWP PD,,0,0,0,0,P,B,N,N,06,2,PILGRAM PATHWAY,S,,,,,07,,01,04,02,01,01,01,05,01,5,FE,N,HECK AVE,,,,25,25,28,40.211710,74.007690,N,,34193
2018133418NT17128,MONMOUTH,NEPTUNE TWP,06/16/2018,SA,0800,01,NEPTUNE TWP PD,,0,0,0,0,P,B,N,N,06,2,NJ 33,E,33,,00000033__,41.38,02,,01,04,02,01,01,01,05,01,20,FE,E,NJ 35,,,,30,,28,40.209240,74.026310,N,,34197
2018133418NT17151,MONMOUTH,NEPTUNE TWP,06/16/2018,SA,1242,01,NEPTUNE TWP PD,,0,0,0,0,P,I,N,N,05,2,OCEAN AVE,S,,,,,07,,01,04,02,01,01,01,05,01,,AT,,MAIN AVE,,,,25,25,26,40.211370,74.003490,N,,34160
2018133418NT17155,MONMOUTH,NEPTUNE TWP,06/16/2018,SA,1407,01,NEPTUNE TWP PD,,0,0,0,0,P,B,N,N,08,2,WINDING RIDGE CT,N,,,,,07,,,06,01,01,01,01,01,,,,,,,,,25,,26,40.216510,74.049950,N,,34194
2018133418NT17159,MONMOUTH,NEPTUNE TWP,06/16/2018,SA,1441,01,NEPTUNE TWP PD,,0,0,0,0,P,B,N,N,08,2,NJ 35,N,35,,00000035__,23.22,02,,01,04,01,01,01,01,01,,700,FE,N,CR 2 / 6TH AVE,,,,30,30,26,40.204480,74.026760,N,,34194
2018133418NT17177,MONMOUTH,NEPTUNE TWP,06/16/2018,SA,1755,01,NEPTUNE TWP PD,,0,0,0,0,P,I,N,N,03,2,NJ 33,W,33,,00000033__,40.32,02,,01,07,02,01,01,01,05,01,,AT,,OAK DR / WALNUT AVE,,,,40,25,26,40.206640,74.047370,N,,34165
2018133418NT17184,MONMOUTH,NEPTUNE TWP,06/16/2018,SA,1931,01,NEPTUNE TWP PD,NEPTUNE TWP PD,0,0,0,0,P,I,N,N,01,2,PREMIUM OUTLET BLVD,S,,,,,07,,01,04,02,01,01,01,04,01,,AT,,NJ 66,,,,25,50,26,,,N,,34177
2018133418NT17202,MONMOUTH,NEPTUNE TWP,06/16/2018,SA,2356,01,NEPTUNE TWP PD,,0,0,0,0,P,B,N,N,06,2,DRUMMOND AVE,S,,,,,07,,01,04,02,01,06,01,05,01,,,,W. LAKE AVE,,,,25,25,26,40.216140,74.028650,N,,34189
2018133418NT17208,MONMOUTH,NEPTUNE TWP,06/17/2018,SU,0146,01,NEPTUNE TWP PD,,0,0,0,0,P,B,N,N,02,2,NJ 66,E,66,,00000066__,3.01,02,,01,04,02,01,07,01,03,01,,,,,F,NJ 18,NB,50,,26,40.228250,74.049770,N,,34192
2018133418NT17245,MONMOUTH,NEPTUNE TWP,06/17/2018,SU,1335,01,NEPTUNE TWP PD,,0,0,0,0,P,I,N,N,01,2,NJ 66,W,66,,00000066__,,02,,01,04,02,01,01,01,04,01,,AT,,PREMIUM OUTLET BLVD,,,,50,25,26,,,N,,34203
2018133418NT17290,MONMOUTH,NEPTUNE TWP,06/18/2018,MO,0227,01,NEPTUNE TWP PD,,0,0,0,0,P,B,N,N,06,2,BELMAR AVE,W,,,,,07,,01,06,02,00,00,00,05,01,300,FE,E,SUNSHINE PKWY,,,,25,,26,40.212760,74.057150,N,,34185
2018133418NT17313,MONMOUTH,NEPTUNE TWP,06/18/2018,MO,0921,01,NEPTUNE TWP PD,,0,3,0,0,I,I,N,N,02,2,NJ 33,E,33,,00000033__,38.61,02,,01,04,02,01,01,01,05,01,,AT,,CR 17 / WEST BANGS AVE,,,,45,40,26,40.209230,74.078990,N,,626
2018133418NT17325,MONMOUTH,NEPTUNE TWP,06/18/2018,MO,1028,01,NEPTUNE TWP PD,,0,0,0,0,P,B,N,N,01,2,NJ 33,W,33,,00000033__,38.61,02,,01,04,02,01,01,01,05,01,5,FE,E,CR 17 / WEST BANGS AVE,,,,40,35,26,,,N,,34193
2018133418NT17345,MONMOUTH,NEPTUNE TWP,06/18/2018,MO,1221,01,NEPTUNE TWP PD,,0,0,0,0,P,B,N,N,01,2,NJ 35,N,35,,00000035__,24.64,02,,01,04,02,01,01,01,04,01,30,FE,S,CR 16 / ASBURY AVE,,,,35,25,26,,,N,,34203
2018133418NT17373,MONMOUTH,NEPTUNE TWP,06/18/2018,MO,1526,01,NEPTUNE TWP PD,,0,0,0,0,P,I,N,N,03,2,JUMPING BROOK RD,S,,,13341416__,1.04,07,,01,04,02,01,01,01,05,01,,AT,,ESSEX ROAD,,,,25,25,26,40.223660,74.086540,N,,34156
2018133418NT17476,MONMOUTH,NEPTUNE TWP,06/19/2018,TU,1539,01,NEPTUNE TWP PD,,0,0,0,0,P,B,N,N,01,2,MONMOUTH COUNTY 16,E,16,,13000016__,3.51,05,,01,04,02,01,01,01,05,01,50,FE,W,BOWNE RD,,,,40,25,26,40.230860,74.061120,N,,
2018133418NT17483,MONMOUTH,NEPTUNE TWP,06/19/2018,TU,1643,01,NEPTUNE TWP PD,,0,0,0,0,P,I,N,N,01,3,NJ 33,W,33,,00000033__,40.44,02,,01,04,02,01,01,01,05,01,,AT,E,CR 2 / OXFORD WAY,,,,40,25,26,40.206860,74.045440,N,,
2018133418NT17580,MONMOUTH,NEPTUNE TWP,06/20/2018,WE,1558,01,NEPTUNE TWP PD,,0,1,0,0,I,I,N,N,14,1,MAIN AVE,W,,,,,07,,01,04,02,01,01,01,05,00,,AT,,PENNSYLVANIA AVE,,,,25,25,21,40.212940,74.009930,N,,34175
2018133418NT17604,MONMOUTH,NEPTUNE TWP,06/20/2018,WE,1846,01,NEPTUNE TWP PD,NEPTUNE TWP PD,0,0,0,0,P,B,N,N,02,2,WICKAPECKO DR,N,,,13371419__,2.51,07,,01,04,02,01,01,01,05,01,100,FE,S,EMBURY AVE,,,,25,25,26,,,N,,34177
2018133418NT17627,MONMOUTH,NEPTUNE TWP,06/20/2018,WE,2359,01,NEPTUNE TWP PD,,0,0,0,0,P,I,N,N,11,1,OXONIA AVE,N,,,,,07,,01,04,02,02,07,01,05,01,,AT,,MONROE AVE,,,,5,,62,40.220970,74.030850,N,,34185
2018133418NT17694,MONMOUTH,NEPTUNE TWP,06/21/2018,TH,1259,01,NEPTUNE TWP PD,,0,0,0,0,P,B,N,N,06,2,HECK AVENUE,N,,,,,07,,01,04,01,01,01,01,01,,100,FE,,PENNSYLVANIA AVE,,,,15,15,28,40.212140,74.009740,N,,34194
2018133418NT17709,MONMOUTH,NEPTUNE TWP,06/21/2018,TH,1549,01,NEPTUNE TWP PD,,0,0,0,0,P,B,N,N,06,2,NEW YORK AVENUE,S,,,,,07,,01,04,02,01,01,01,05,01,50,FE,S,WEBB AVENUE,,,,25,25,28,40.211020,74.009300,N,,34175
2018133418NT17720,MONMOUTH,NEPTUNE TWP,06/21/2018,TH,1802,01,NEPTUNE TWP PD,,0,1,0,0,I,I,N,N,01,2,NJ 33,E,33,,00000033__,41.59,02,,01,04,02,01,01,01,05,01,,AT,,RIDGE AVE,,,,45,25,26,40.209930,74.023460,N,,34190
2018133418NT17788,MONMOUTH,NEPTUNE TWP,06/22/2018,FR,1007,01,NEPTUNE TWP PD,,0,0,0,0,P,B,N,N,06,2,SPRAY BLVD,W,,,,,07,,01,04,01,01,01,01,01,,700,FE,,FOUNTAIN PL,,,,20,,26,40.217770,74.075370,N,,34194
2018133418NT17828,MONMOUTH,NEPTUNE TWP,06/22/2018,FR,1727,01,NEPTUNE TWP PD,,0,0,0,0,P,B,N,N,01,2,NJ 66,W,66,,00000066__,1.95,02,,01,04,02,01,01,,05,01,2640,FE,W,BOWNE RD / WAYSIDE RD,,,,65,25,26,40.230170,74.061350,N,,34175
2018133418NT17831,MONMOUTH,NEPTUNE TWP,06/22/2018,FR,1755,01,NEPTUNE TWP PD,,0,0,0,0,P,B,N,N,01,2,NJ 35,S,35,,00000035__,24.73,02,,01,04,02,01,01,01,03,01,200,FE,S,ROBIN RD,,,,35,25,26,40.224360,74.036720,N,,34206
2018133418NT17875,MONMOUTH,NEPTUNE TWP,06/23/2018,SA,0636,01,NEPTUNE TWP PD,,0,0,0,0,P,I,N,N,03,2,NJ 35,,35,,00000035__,23.93,02,,01,04,02,02,01,02,05,01,,AT,,WEST LAKE AVE,,,,35,25,26,40.219640,74.032590,N,,34150
2018133418NT17878,MONMOUTH,NEPTUNE TWP,06/23/2018,SA,0741,01,NEPTUNE TWP PD,,0,0,0,0,P,B,N,N,06,2,FISHER AVE,S,,,,,07,,01,04,01,01,01,01,05,01,,,,,,,,20,,26,40.216330,74.027270,N,,34194
2018133418NT17893,MONMOUTH,NEPTUNE TWP,06/23/2018,SA,1026,01,NEPTUNE TWP PD,,0,0,0,0,P,B,N,N,11,1,NJ 18,N,18,,00000018__,8.28,02,,01,04,02,02,01,02,02,01,,,,,F,NJ 33,WB,50,,56,40.201920,74.053920,N,,34193
2018133418NT17899,MONMOUTH,NEPTUNE TWP,06/23/2018,SA,1107,01,NEPTUNE TWP PD,,0,1,0,0,I,I,N,N,01,2,MONMOUTH COUNTY 40 A,N,40,A,13000040A_,.78,05,,01,04,02,02,01,02,05,01,,AT,,11TH AVE,,,,40,25,26,40.209010,74.017340,N,,34160
2018133418NT17972,MONMOUTH,NEPTUNE TWP,06/24/2018,SU,0758,01,NEPTUNE TWP PD,,0,0,0,0,P,I,N,N,01,2,NJ 33,W,33,,00000033__,41.38,02,,01,04,02,01,01,01,02,01,,AT,,NJ 35,,,,30,35,26,40.209930,74.026960,N,,34160
2018133418NT17986,MONMOUTH,NEPTUNE TWP,06/24/2018,SU,0950,01,NEPTUNE TWP PD,,0,0,0,0,P,I,N,N,03,2,CENTRAL AVE,W,,,,,07,,01,04,01,01,01,01,04,01,,AT,,MAIN AVE,,,,25,25,26,,,N,,34203
2018133418NT18001,MONMOUTH,NEPTUNE TWP,06/24/2018,SU,1426,01,NEPTUNE TWP PD,,0,0,0,0,P,B,N,N,03,2,JUMPING BROOK RD,N,,,13341416__,1.00,07,,01,04,02,01,01,01,05,01,150,FE,N,NJ 66,,,,25,50,26,40.219140,74.086210,N,,34197
2018133418NT18044,MONMOUTH,NEPTUNE TWP,06/24/2018,SU,2110,01,NEPTUNE TWP PD,,0,0,0,0,P,B,N,N,12,1,NJ 66,E,66,,00000066__,2.75,02,,01,04,02,01,06,01,03,01,2640,FE,W,NEPTUNE BLVD,,,,65,25,24,40.227100,74.043580,N,,34175
2018133418NT18071,MONMOUTH,NEPTUNE TWP,06/25/2018,MO,0549,01,NEPTUNE TWP PD,,0,0,0,0,P,B,Y,N,06,2,W LAKE AVENUE,W,,,,,07,,01,04,02,01,06,01,04,01,50,FE,E,MYRTLE AVENUE,,,,25,25,28,,,N,,34200
2018133418NT18079,MONMOUTH,NEPTUNE TWP,06/25/2018,MO,0748,01,NEPTUNE TWP PD,,0,0,0,0,P,I,N,N,02,2,NJ 35,N,35,,00000035__,24.21,02,,01,04,02,01,01,01,05,01,,AT,,CR 17 / BANGS AVE,,,,35,30,26,40.219640,74.032590,N,,34160
2018133418NT18096,MONMOUTH,NEPTUNE TWP,06/25/2018,MO,1045,01,NEPTUNE TWP PD,,0,0,0,0,P,I,N,N,01,2,NJ 33,W,33,,00000033__,39.82,02,,01,04,02,01,01,01,04,01,,AT,N,CR 17 / OLD CORLIES AVE,,,,40,25,26,,,N,,
2018133418NT18115,MONMOUTH,NEPTUNE TWP,06/25/2018,MO,1254,01,NEPTUNE TWP PD,,0,0,0,0,P,B,N,N,02,2,NJ 33,E,33,,00000033__,41.12,02,,01,04,02,01,01,01,05,01,15,FE,W,HAMILTON AVE,,,,35,25,26,40.208800,74.029770,N,,34197
2018133418NT18119,MONMOUTH,NEPTUNE TWP,06/25/2018,MO,1431,01,NEPTUNE TWP PD,,0,0,0,0,P,I,N,N,01,2,NJ 33,E,33,,00000033__,41.59,02,,01,04,02,01,01,01,05,01,,AT,,RIDGE AVE,,,,35,25,26,40.209930,74.023460,N,,34190
2018133418NT18126,MONMOUTH,NEPTUNE TWP,06/25/2018,MO,1618,01,NEPTUNE TWP PD,,0,1,0,1,I,I,Y,N,13,1,NJ 33,E,33,,00000033__,41.33,02,,01,04,02,01,01,01,05,01,,AT,,LAFAYETTE AVE,,,,40,25,22,,,N,,164
2018133418NT18138,MONMOUTH,NEPTUNE TWP,06/25/2018,MO,1755,01,NEPTUNE TWP PD,,0,1,0,0,I,B,N,N,02,2,MONMOUTH COUNTY 5,S,5,,13000005__,,05,,01,04,02,01,01,01,05,01,20,FE,N,5TH AVE,,,,30,25,26,,,N,,164
2018133418NT18204,MONMOUTH,NEPTUNE TWP,06/26/2018,TU,1245,01,NEPTUNE TWP PD,,0,1,0,0,I,B,N,N,01,2,NJ 35,N,35,,00000035__,23.99,02,,01,04,02,01,01,01,05,01,10,FE,N,MILTON AVE,,,,35,25,26,,,N,,34203
2018133418NT18211,MONMOUTH,NEPTUNE TWP,06/26/2018,TU,1349,01,NEPTUNE TWP PD,,0,0,0,0,P,I,N,N,01,2,NJ 66,E,66,,00000066__,2.45,02,,01,04,02,01,01,01,04,01,,AT,,BOWNE RD / WAYSIDE RD,,,,50,25,26,40.230240,74.060380,N,,34205
2018133418NT18243,MONMOUTH,NEPTUNE TWP,06/26/2018,TU,1752,01,NEPTUNE TWP PD,,0,0,0,0,P,B,N,N,08,2,MAIN AVENUE,S,,,,,07,,01,04,01,01,01,01,05,01,50,FE,E,BEACH AVENUE,,,,25,25,28,40.211340,74.004510,N,,34199
2018133418NT18263,MONMOUTH,NEPTUNE TWP,06/26/2018,TU,2156,01,NEPTUNE TWP PD,,0,0,0,0,P,B,N,N,01,2,NJ 33,W,33,,00000033__,41.92,02,,01,04,02,01,06,01,05,01,20,FE,E,CR 40 A / MEMORIAL DR,,,,35,40,26,,,N,,34208
2018133418NT18291,MONMOUTH,NEPTUNE TWP,06/27/2018,WE,0851,01,NEPTUNE TWP PD,NEPTUNE TWP PD,0,0,0,0,P,B,N,N,02,2,NJ 18,N,18,,00000018__,9.84,02,,01,04,02,01,01,01,04,,300,FE,S,,T,NJ 66,EB,65,,26,,,N,,34204
2018133418NT18296,MONMOUTH,NEPTUNE TWP,06/27/2018,WE,0959,01,NEPTUNE TWP PD,,0,0,0,0,P,B,N,N,01,2,NJ 33,W,33,,00000033__,39.74,02,,01,04,02,01,01,01,04,01,100,FE,W,WAYSIDE RD,,,,40,25,26,,,N,,34204
2018133418NT18297,MONMOUTH,NEPTUNE TWP,06/27/2018,WE,1011,01,NEPTUNE TWP PD,,0,2,0,0,I,B,N,N,01,2,NJ 33,E,33,,00000033__,40.01,02,,01,04,02,01,01,01,05,01,,,,,F,NJ 18,SB,40,,26,40.203560,74.053750,N,,34193
2018133418NT18324,MONMOUTH,NEPTUNE TWP,06/27/2018,WE,1611,01,NEPTUNE TWP PD,,0,0,0,0,P,B,N,N,02,2,NJ 66,E,66,,00000066__,3.21,02,,01,04,02,01,01,01,03,01,200,FE,W,NEPTUNE BLVD,,,,50,25,26,40.227080,74.043430,N,,34206
2018133418NT18329,MONMOUTH,NEPTUNE TWP,06/27/2018,WE,1658,01,NEPTUNE TWP PD,,0,0,0,0,P,I,N,N,04,2,NJ 35,N,35,,00000035__,24.14,02,,01,04,02,01,01,01,05,01,,AT,,COLUMBUS AVE,,,,35,25,26,40.218910,74.032210,N,,34141
2018133418NT18413,MONMOUTH,NEPTUNE TWP,06/28/2018,TH,1345,01,NEPTUNE TWP PD,NTPD,0,1,0,0,I,B,N,N,01,2,NJ 66,E,66,,00000066__,3.21,02,,01,05,02,01,01,01,03,01,200,FE,W,NEPTUNE BLVD,,,,50,25,26,,,N,,34573
2018133418NT18427,MONMOUTH,NEPTUNE TWP,06/28/2018,TH,1539,01,NEPTUNE TWP PD,,0,0,0,0,P,B,N,N,01,3,NJ 66,E,66,,00000066__,1.95,02,,01,04,02,01,01,01,05,01,2640,FE,W,BOWNE RD / WAYSIDE RD,,,,65,25,26,40.229160,74.061270,N,,
2018133418NT18467,MONMOUTH,NEPTUNE TWP,06/29/2018,FR,0045,01,NEPTUNE TWP PD,,0,1,0,0,I,I,N,N,01,2,MONMOUTH COUNTY 16,E,16,,13000016__,3.52,05,,01,04,02,01,06,01,04,01,,AT,,BOWNE RD,,,,40,25,26,40.230410,74.059630,N,,34172
2018133418NT18496,MONMOUTH,NEPTUNE TWP,06/29/2018,FR,0838,01,NEPTUNE TWP PD,,0,0,0,0,P,B,N,N,08,2,PILGRIM PATHWAY,S,,,,,07,,01,04,01,01,01,01,05,01,100,FE,S,MT. CARMEL WAY,,,,25,25,26,40.213550,74.007030,N,,34202
2018133418NT18499,MONMOUTH,NEPTUNE TWP,06/29/2018,FR,0920,01,NEPTUNE TWP PD,,0,0,0,0,P,I,N,N,15,3,MAIN AVENUE,E,,,,,07,,01,04,02,01,01,01,00,01,,AT,,NEW JERSEY AVENUE,,,,25,25,39,40.212530,74.009980,N,,
2018133418NT18534,MONMOUTH,NEPTUNE TWP,06/29/2018,FR,1601,01,NEPTUNE TWP PD,,0,0,0,0,P,B,N,N,03,2,MONMOUTH COUNTY 40 A,S,40,A,13000040A_,.51,05,,01,04,02,01,01,01,05,01,5,FE,S,EMBURY ST,,,,25,25,26,40.211580,74.017800,N,,34196
2018133418NT18546,MONMOUTH,NEPTUNE TWP,06/29/2018,FR,1717,01,NEPTUNE TWP PD,,0,0,0,0,P,B,N,N,08,2,MAIN AVENUE,E,,,,,07,,01,04,01,01,01,01,05,01,100,FE,W,OCEAN AVENUE,,,,25,25,26,,,N,,34170
2018133418NT18558,MONMOUTH,NEPTUNE TWP,06/29/2018,FR,1841,01,NEPTUNE TWP PD,,0,0,0,0,P,B,N,N,01,2,MONMOUTH COUNTY 2,E,2,,13000002__,.78,05,,01,04,02,01,01,01,05,01,500,FE,E,HAWTHORNE AVE,,,,25,25,26,40.205140,74.032460,N,,34175
2018133418NT18581,MONMOUTH,NEPTUNE TWP,06/29/2018,FR,2354,01,NEPTUNE TWP PD,,0,3,0,0,I,I,N,N,03,2,NJ 33,W,33,,00000033__,40.32,02,,01,04,02,01,06,01,04,01,,AT,,OAK DR / WALNUT AVE,,,,40,25,26,,,N,,34203
2018133418NT18618,MONMOUTH,NEPTUNE TWP,06/30/2018,SA,1027,01,NEPTUNE TWP PD,,0,0,0,0,P,I,N,N,03,2,MONROE AVE,,,,,,07,,01,04,02,01,01,01,05,,,AT,,SAYRE ST,,,,25,25,26,40.220190,74.035000,N,,34205
2018133418NT18634,MONMOUTH,NEPTUNE TWP,06/30/2018,SA,1302,01,NEPTUNE TWP PD,,0,0,0,0,P,B,N,N,01,2,NJ 66,E,66,,00000066__,3.27,02,,01,04,01,01,01,01,03,,100,FE,E,NEPTUNE BLVD,,,,50,25,26,40.227100,74.043580,N,,34205
2018133418NT18747,MONMOUTH,NEPTUNE TWP,07/01/2018,SU,0918,01,NEPTUNE TWP PD,,0,0,0,0,P,B,N,N,02,2,HECK AVE,E,,,,,07,,01,04,02,01,01,01,05,01,200,FE,E,CR 5,,,,25,25,26,40.212850,74.020920,N,,34160
2018133418NT18779,MONMOUTH,NEPTUNE TWP,07/01/2018,SU,1425,01,NEPTUNE TWP PD,,0,0,0,0,P,I,N,N,11,2,MONMOUTH COUNTY 2,E,2,,13000002__,.64,05,,01,04,02,01,01,01,05,01,,AT,,CR 17 / NEPTUNE AVE / TAYLOR ST,,,,25,25,,40.205580,74.033890,N,,34175
2018133418NT18783,MONMOUTH,NEPTUNE TWP,07/01/2018,SU,1517,01,NEPTUNE TWP PD,NEPTUNE TWP PD,0,0,0,0,P,B,N,N,02,2,NJ 33,E,33,,00000033__,39.42,02,,01,04,02,01,01,01,04,01,50,FE,E,GREEN GROVE RD,,,,40,25,26,,,N,,34177
2018133418NT18818,MONMOUTH,NEPTUNE TWP,07/01/2018,SU,2013,01,NEPTUNE TWP PD,,0,0,0,0,P,I,N,N,03,3,PENNSYLVANIA AVE,E,,,,,07,,01,04,02,01,01,01,05,01,,AT,,STOCKTON AVE,,,,25,25,26,40.208230,74.011170,N,,
2018133418NT18851,MONMOUTH,NEPTUNE TWP,07/02/2018,MO,0733,01,NEPTUNE TWP PD,,0,0,0,0,P,B,N,N,06,2,ELEVENTH AVE,E,,,,,07,,01,04,02,01,06,01,05,01,,,,,,,,,,28,40.208630,74.024240,N,,34199
2018133418NT18853,MONMOUTH,NEPTUNE TWP,07/02/2018,MO,0755,01,NEPTUNE TWP PD,,0,0,0,0,P,B,N,N,01,2,NJ 33,W,33,,00000033__,41.18,02,,01,04,02,01,01,01,04,01,25,FE,W,GRANT AVE,,,,40,25,26,40.209020,74.031790,N,,34199
2018133418NT18865,MONMOUTH,NEPTUNE TWP,07/02/2018,MO,0909,01,NEPTUNE TWP PD,,0,0,0,0,P,B,N,N,08,2,LEONARD AVE,E,,,,,07,,01,04,02,01,01,01,05,01,50,FE,N,MONROE AVE,,,,25,25,26,40.221620,74.029010,N,,34160
2018133418NT18879,MONMOUTH,NEPTUNE TWP,07/02/2018,MO,1120,01,NEPTUNE TWP PD,,0,0,0,0,P,I,N,N,01,2,NJ 33,E,33,,00000033__,40.01,02,,01,04,02,01,01,01,00,01,,AT,E,,F,NJ 18,,45,,26,40.206830,74.055700,N,,34190
2018133418NT18885,MONMOUTH,NEPTUNE TWP,07/02/2018,MO,1207,01,NEPTUNE TWP PD,,0,0,0,0,P,B,N,N,02,2,NJ 33,E,33,,00000033__,40.90,02,,01,04,02,01,01,01,05,01,10,FE,W,NEPTUNE BLVD,,,,40,25,26,40.207910,74.035870,N,,34160
2018133418NT18989,MONMOUTH,NEPTUNE TWP,07/03/2018,TU,0925,01,NEPTUNE TWP PD,,0,1,0,0,I,B,N,N,01,2,NJ 18,S,18,,00000018__,8.28,02,,01,04,02,01,01,01,01,01,,,,,T,NJ 33,EB,25,,26,40.203560,74.053750,N,,34206
2018133418NT19025,MONMOUTH,NEPTUNE TWP,07/03/2018,TU,1518,01,NEPTUNE TWP PD,,0,0,0,0,P,I,N,N,03,2,NJ 35,S,35,,00000035__,24.39,02,,01,04,02,01,01,01,05,01,,AT,,BRADFORD AVE,,,,35,25,26,,,N,,164