Year(4)-CountyCode(2)-MunicipalityCode(2)-CaseNumber(9),County Name,Municipality Name,Crash Date,Crash Day of Week,Crash Time,Police Department Code,Police Department,Police Station,Total Killed,Total Injured,Pedestrians Killed,Pedestrians Injured,Severity,Intersection,Alcohol Involved,Hazmat Involved,Crash Type,Total Vehicles,Location,Location Direction,Route,Route Suffix,Std Rte Identifier,MilePost,Road System,Road Character,Road Horizontal Alignment,Road Grade,Road Surface Type,Surface Condition,Light Condition,Environmental Condition,Road Divided By,Temporary Traffic Control Zone,Distance To Cross Street,Unit Of Measurement,Direction From Cross Street,Cross Street Name,Is Ramp,Ramp To/From Route Name,Ramp To/From Route Direction,Posted Speed,Posted Speed Cross Street,First Harmful Event,Latitude,Longitude,Cell Phone In Use Flag,Other Property Damage,Reporting Badge No.
2018133418NT21621,MONMOUTH,NEPTUNE TWP,07/27/2018,FR,0852,01,NEPTUNE TWP PD,,0,0,0,0,P,I,N,N,03,2,MAYFAIR LN,,,,,,07,,01,04,02,01,01,01,05,01,,AT,S,CHELSEA CT,,,,25,25,26,40.211090,74.045770,N,,34139
2018133418NT21636,MONMOUTH,NEPTUNE TWP,07/27/2018,FR,1110,01,NEPTUNE TWP PD,,0,0,0,0,P,I,N,N,02,2,NJ 33,E,33,,00000033__,41.02,02,,01,04,02,01,01,01,05,01,,AT,,TAYLOR AVE,,,,40,25,26,40.208410,74.033990,N,,34135
2018133418NT21644,MONMOUTH,NEPTUNE TWP,07/27/2018,FR,1204,01,NEPTUNE TWP PD,,0,0,0,0,P,B,N,N,06,2,EMBURY AVE,E,,,,,07,,01,04,02,01,01,01,05,01,100,FE,W,OCEAN AVENUE,,,,25,25,26,40.210990,74.006030,N,,34190
2018133418NT21655,MONMOUTH,NEPTUNE TWP,07/27/2018,FR,1323,01,NEPTUNE TWP PD,,0,0,0,0,P,B,N,N,01,2,NJ 33,W,33,,00000033__,40.01,02,,01,04,02,01,01,01,05,01,,,,,T,NJ 18,NB,40,,26,40.206250,74.052290,N,,34190
2018133418NT21685,MONMOUTH,NEPTUNE TWP,07/27/2018,FR,1710,01,NEPTUNE TWP PD,,0,0,0,0,P,B,N,N,06,3,BENSON AVENUE,S,,,,,07,,01,04,02,01,01,01,05,01,50,FE,N,MAIN AVENUE,,,,25,25,28,40.213320,74.012660,N,,
2018133418NT21700,MONMOUTH,NEPTUNE TWP,07/27/2018,FR,2103,01,NEPTUNE TWP PD,,0,0,0,0,P,B,N,N,04,2,TENTH AVENUE,W,,,,,07,,01,04,02,02,02,02,04,01,50,FE,E,NJ 35,,,,25,35,26,,,N,,34200
2018133418NT21705,MONMOUTH,NEPTUNE TWP,07/27/2018,FR,2233,01,NEPTUNE TWP PD,,0,0,0,0,P,B,N,N,01,2,NJ 66,E,66,,00000066__,3.25,02,,01,04,02,02,06,01,03,01,10,FE,W,NEPTUNE BLVD,,,,50,25,26,,,N,,34203
2018133418NT21727,MONMOUTH,NEPTUNE TWP,07/28/2018,SA,0610,01,NEPTUNE TWP PD,,0,0,0,0,P,B,N,N,11,1,MONMOUTH COUNTY 16,E,16,,13000016__,5.02,05,,01,04,02,01,02,01,05,01,300,FE,E,NJ 35,,,,35,35,56,40.224970,74.033820,N,,34204
2018133418NT21775,MONMOUTH,NEPTUNE TWP,07/28/2018,SA,1758,01,NEPTUNE TWP PD,,0,0,0,0,P,B,N,N,01,2,NJ 33,E,33,,00000033__,40.01,02,,01,04,02,01,01,01,05,01,20,FE,W,NJ 18,,,,40,65,26,40.205790,74.051810,N,,34206
2018133418NT21792,MONMOUTH,NEPTUNE TWP,07/28/2018,SA,1952,01,NEPTUNE TWP PD,,0,0,0,0,P,B,N,N,13,1,ABBOTT AVE,E,,,,,07,,01,04,02,01,01,01,05,01,20,FE,W,OCEAN AVE,,,,25,25,22,,,N,,34196
2018133418NT21892,MONMOUTH,NEPTUNE TWP,07/29/2018,SU,1534,01,NEPTUNE TWP PD,,0,1,0,0,I,I,N,N,03,2,NJ 33,W,33,,00000033__,41.38,02,,01,04,02,01,01,01,05,01,,AT,,NJ 35,,,,40,35,26,40.209340,74.027100,N,,34180
2018133418NT21908,MONMOUTH,NEPTUNE TWP,07/29/2018,SU,1718,01,NEPTUNE TWP PD,,0,1,0,0,I,I,N,N,03,2,MONMOUTH COUNTY 5,N,5,,13000005__,.90,05,,01,04,02,01,01,01,05,01,,AT,,9TH AVE,,,,30,25,26,40.206690,74.020580,N,,34196
2018133418NT21923,MONMOUTH,NEPTUNE TWP,07/29/2018,SU,1948,01,NEPTUNE TWP PD,,0,0,0,0,P,B,N,N,08,2,BROADWAY PARKING LOT,N,,,,,09,,01,04,05,01,01,01,05,01,,,,,,,,,,28,40.209230,74.005770,N,,34175
2018133418NT21935,MONMOUTH,NEPTUNE TWP,07/29/2018,SU,2053,01,NEPTUNE TWP PD,,0,0,0,0,P,I,N,N,01,2,NJ 35,S,35,,00000035__,23.39,02,,01,04,02,01,07,01,05,01,,AT,,10TH AVE,,,,35,25,26,40.208570,74.026680,N,,34180
2018133418NT21952,MONMOUTH,NEPTUNE TWP,07/30/2018,MO,0147,01,NEPTUNE TWP PD,,0,0,0,0,P,B,N,N,11,2,NJ 66,E,66,,00000066__,3.01,02,,03,06,02,01,05,01,03,01,,,,,T,NJ 18,NB,50,,56,40.228040,74.047970,N,CONCRETE CURB / EXTENSION - NJ STATE DOT NOTIFIED TO INSPECT,34185
2018133418NT22002,MONMOUTH,NEPTUNE TWP,07/30/2018,MO,1502,01,NEPTUNE TWP PD,,0,0,0,0,P,B,N,N,02,2,NJ 33,W,33,,00000033__,40.17,02,,01,04,02,01,01,01,04,01,200,FE,E,BRIGHTON AVE,,,,40,25,26,40.206500,74.052900,N,,34200
2018133418NT22004,MONMOUTH,NEPTUNE TWP,07/30/2018,MO,1514,01,NEPTUNE TWP PD,,0,2,0,0,I,B,N,N,01,2,NJ 35,N,35,,00000035__,,02,,03,04,02,01,01,01,05,01,,,,,T,NJ 35,NB,35,,26,,,N,,34179
2018133418NT22025,MONMOUTH,NEPTUNE TWP,07/30/2018,MO,1855,01,NEPTUNE TWP PD,,0,0,0,0,P,B,N,N,03,2,NJ 35,N,35,,00000035__,24.20,02,,01,04,02,01,01,01,05,01,50,FE,S,CR 17 / BANGS AVE,,,,35,25,26,,,N,,34179
2018133418NT22033,MONMOUTH,NEPTUNE TWP,08/07/2018,TU,2217,01,NEPTUNE TWP PD,,0,0,0,0,P,B,N,N,06,2,MONMOUTH COUNTY 17 II,E,17,2,130000172_,3.26,05,,01,04,02,01,01,01,05,01,100,FE,W,OAK ST,,,,30,25,26,,,N,,34200
2018133418NT22074,MONMOUTH,NEPTUNE TWP,07/31/2018,TU,0907,01,NEPTUNE TWP PD,,0,1,0,0,I,B,N,N,01,2,NJ 33,W,33,,00000033__,40.01,02,,01,04,02,01,01,01,02,01,,,,,T,NJ 18,NB,40,,26,40.206760,74.054990,N,,34135
2018133418NT22113,MONMOUTH,NEPTUNE TWP,07/31/2018,TU,1501,01,NEPTUNE TWP PD,,0,1,0,0,I,B,N,N,06,3,15 N SR 35,W,,,,,09,,01,04,02,01,01,01,05,01,,,,,,,,25,,26,,,N,FENCE OWNED BY ALDIS  FENCE OWNED BY EDLRIDGE TRAILER PARK  SHED PRIVATELY OWNED,
2018133418NT22116,MONMOUTH,NEPTUNE TWP,07/31/2018,TU,1519,01,NEPTUNE TWP PD,,0,0,0,0,P,B,N,N,02,2,NJ 71,N,71,,00000071__,7.53,02,,01,04,02,01,01,01,05,01,50,FE,N,11TH AVE,,,,30,25,26,40.210960,74.015110,N,,34205
2018133418NT22130,MONMOUTH,NEPTUNE TWP,07/31/2018,TU,2012,01,NEPTUNE TWP PD,,0,0,0,0,P,I,N,N,07,2,NJ 66,W,66,,00000066__,1.86,02,,01,04,02,01,01,01,05,01,,AT,,YALE RD,,,,50,25,26,,,N,,34196
2018133418NT22145,MONMOUTH,NEPTUNE TWP,07/31/2018,TU,1929,01,NEPTUNE TWP PD,,0,0,0,0,P,B,N,N,08,2,COOKMAN AVE,N,,,,,07,,01,04,02,01,01,01,,01,25,FE,W,CENTRAL AVENUE,,,,25,25,26,40.209180,74.007690,N,,34205
2018133418NT22156,MONMOUTH,NEPTUNE TWP,07/31/2018,TU,2136,01,NEPTUNE TWP PD,,0,0,0,0,P,I,N,N,01,2,NJ 33,E,33,,00000033__,39.76,02,,01,04,02,01,07,01,05,01,,AT,,WAYSIDE RD,,,,40,25,26,40.206880,74.056890,N,,34180
2018133418NT22178,MONMOUTH,NEPTUNE TWP,08/01/2018,WE,0757,01,NEPTUNE TWP PD,,0,0,0,0,P,B,N,N,11,1,NJ 33,W,33,,00000033__,40.43,02,,01,04,02,02,01,05,05,01,30,FE,W,CR 2 / OXFORD WAY,,,,40,25,56,40.206640,74.047370,N,NO STOPPING OR STANDING SIGN,34160
2018133418NT22227,MONMOUTH,NEPTUNE TWP,08/01/2018,WE,1642,01,NEPTUNE TWP PD,,0,1,0,0,I,B,N,N,02,2,NJ 33,W,33,,00000033__,40.48,02,,01,04,02,01,01,01,05,01,200,FE,E,CR 2 / OXFORD WAY,,,,40,25,26,40.206740,74.043580,N,,34162
2018133418NT22236,MONMOUTH,NEPTUNE TWP,08/01/2018,WE,1718,01,NEPTUNE TWP PD,,0,0,0,0,P,B,N,N,01,2,NJ 33,W,33,,00000033__,41.05,02,,01,04,02,01,01,01,05,01,150,FE,E,TAYLOR AVE,,,,30,25,26,40.208410,74.033990,N,,34162
2018133418NT22315,MONMOUTH,NEPTUNE TWP,08/02/2018,TH,1247,01,NEPTUNE TWP PD,,0,0,0,0,P,B,N,N,02,2,NJ 33,,33,,00000033__,40.89,02,,01,04,02,01,01,01,04,01,50,FE,W,NEPTUNE BLVD,,,,40,25,26,40.208110,74.036150,N,,34202
2018133418NT22317,MONMOUTH,NEPTUNE TWP,08/02/2018,TH,1303,01,NEPTUNE TWP PD,,0,1,0,1,I,B,N,N,13,1,NEPTUNE BLVD,S,,,,,07,,01,04,02,01,01,01,05,01,75,FE,N,STRATFORD AVE,,,,25,25,22,,,N,,34139
2018133418NT22327,MONMOUTH,NEPTUNE TWP,08/02/2018,TH,1546,01,NEPTUNE TWP PD,,0,2,0,0,I,I,N,N,01,3,NJ 33,E,33,,00000033__,39.41,02,,01,04,02,01,01,01,05,01,,AT,,GREEN GROVE RD,,,,40,25,26,40.207980,74.064010,N,,
2018133418NT22390,MONMOUTH,NEPTUNE TWP,08/03/2018,FR,0009,01,NEPTUNE TWP PD,,0,0,0,0,P,B,N,N,01,2,NJ 33,W,33,,00000033__,40.90,02,,01,04,02,01,06,01,05,01,15,FE,W,NEPTUNE BLVD,,,,40,,26,40.208350,74.037050,N,,34189
2018133418NT22446,MONMOUTH,NEPTUNE TWP,08/03/2018,FR,1313,01,NEPTUNE TWP PD,,0,0,0,0,P,I,N,N,01,2,W LAKE AVE,W,,,,,07,,01,04,02,01,01,01,05,01,,AT,,NEPTUNE BLVD,,,,25,25,26,,,N,,34139
2018133418NT22731,MONMOUTH,NEPTUNE TWP,08/06/2018,MO,1034,01,NEPTUNE TWP PD,,0,0,0,0,P,I,N,N,03,2,MONMOUTH COUNTY 17 II,W,17,2,130000172_,.94,05,,01,04,02,01,01,01,05,02,,AT,E,GREEN GROVE RD,,,,40,25,26,40.218120,74.067540,N,,34123
2018133418NT22829,MONMOUTH,NEPTUNE TWP,08/07/2018,TU,0356,01,NEPTUNE TWP PD,,0,0,0,0,P,B,N,N,06,2,STAMFORD DR,S,,,,,07,,02,05,02,01,07,01,05,01,70,FE,S,STOCKWELL LN,,,,25,25,28,40.213000,74.046370,N,,34185
2018133418NT22898,MONMOUTH,NEPTUNE TWP,08/07/2018,TU,2016,01,NEPTUNE TWP PD,,0,0,0,0,P,B,N,N,06,2,PILGRIM PATHWAY,S,,,,,07,,01,04,02,01,03,01,05,01,25,FE,S,HECK AVENUE,,,,25,25,26,40.211710,74.007770,N,,34200
2018133418NT22931,MONMOUTH,NEPTUNE TWP,08/08/2018,WE,0851,01,NEPTUNE TWP PD,,0,0,0,0,P,I,N,N,01,2,NEPTUNE BLVD,N,,,,,07,,01,04,02,01,01,01,05,01,,AT,,BINGHAM ST,,,,25,25,26,,,N,,34139
2018133418NT23061,MONMOUTH,NEPTUNE TWP,08/09/2018,TH,1254,01,NEPTUNE TWP PD,,0,0,0,0,P,B,N,N,11,1,HECK AVE,W,,,,,07,,01,04,02,01,01,01,05,01,50,FE,W,BEACH AVE,,,,25,25,69,,,N,PULLED THE VERIZON WIRE FROM THE HOME OF 24 HECK AVE 1/2,34139
2018133418NT23111,MONMOUTH,NEPTUNE TWP,08/09/2018,TH,2224,01,NEPTUNE TWP PD,,0,0,0,0,P,I,N,N,03,2,NJ 66,E,66,,00000066__,2.51,02,,01,04,02,01,07,01,05,01,,AT,,CR 16 / ASBURY AVE / PARK RD,,,,50,45,26,,,N,,34203
2018133418NT23138,MONMOUTH,NEPTUNE TWP,08/10/2018,FR,0900,01,NEPTUNE TWP PD,,0,0,0,0,P,I,N,N,03,2,NJ 33,E,33,,00000033__,41.12,02,,01,04,02,01,01,01,05,01,,AT,,HAMILTON AVE,,,,40,25,26,,,N,,34139
2018133418NT23228,MONMOUTH,NEPTUNE TWP,08/10/2018,FR,2221,01,NEPTUNE TWP PD,,0,2,0,0,I,I,N,N,01,3,NJ 66,E,66,,00000066__,3.25,02,,01,04,02,01,06,01,04,01,,AT,,NEPTUNE BLVD,,,,50,25,26,40.227100,74.043580,N,,
2018133418NT23314,MONMOUTH,NEPTUNE TWP,08/11/2018,SA,1947,01,NEPTUNE TWP PD,,0,0,0,0,P,B,Y,N,11,1,MONMOUTH COUNTY 17 II,E,17,2,130000172_,2.36,05,,02,04,02,02,01,02,05,01,500,FE,W,ALPINE TRAIL,,,,40,25,52,,,N,VEHICLE DAMAGED POLE#CIR59390,34200
2018133418NT23369,MONMOUTH,NEPTUNE TWP,08/12/2018,SU,1309,01,NEPTUNE TWP PD,,0,1,0,0,I,B,N,N,02,2,MONMOUTH COUNTY 17 II,E,17,2,130000172_,1.82,05,,01,04,02,01,01,01,05,01,100,FE,E,KNOX BLVD,,,,40,25,26,40.219730,74.056600,N,,34160
2018133418NT23413,MONMOUTH,NEPTUNE TWP,08/12/2018,SU,2343,01,NEPTUNE TWP PD,,0,2,0,0,I,B,Y,N,11,1,PARK AVE,S,,,,,07,,01,04,02,02,05,02,05,01,50,FE,N,SUNSHINE PARKWAY,,,,25,25,52,,,N,SLIGHT DAMAGE TO TELEPHONE POLE #BT1272; VERIZON NOTIFIED,34203
2018133418NT23433,MONMOUTH,NEPTUNE TWP,08/13/2018,MO,0830,01,NEPTUNE TWP PD,,0,0,0,0,P,I,N,N,03,2,HECK AVENUE,S,,,,,07,,01,04,02,02,01,02,05,01,,AT,,TAYLOR AVENUE,,,,25,25,26,40.213060,74.033900,N,,34199
2018133418NT23442,MONMOUTH,NEPTUNE TWP,08/13/2018,MO,1011,01,NEPTUNE TWP PD,,0,0,0,0,P,B,N,N,02,2,NEPTUNE BLVD,N,,,,,07,,01,04,02,02,01,02,05,01,,,S,NJ 66,,,,25,50,26,40.226600,74.042990,N,,34199
2018133418NT23453,MONMOUTH,NEPTUNE TWP,08/13/2018,MO,1140,01,NEPTUNE TWP PD,,0,0,0,0,P,B,N,N,01,2,MONMOUTH COUNTY 40 A,S,40,A,13000040A_,2.11,05,,02,04,02,02,01,02,03,01,,,,,T,NJ 35,SB,40,,26,40.189220,74.025310,N,,206
2018133418NT23527,MONMOUTH,NEPTUNE TWP,08/14/2018,TU,0809,01,NEPTUNE TWP PD,,0,0,0,0,P,B,N,N,06,2,W LAKE AVE,W,,,,,07,,01,04,02,01,01,01,05,01,30,FE,W,TAYLOR AVE,,,,25,25,26,40.216180,74.035410,N,,34160
2018133418NT23533,MONMOUTH,NEPTUNE TWP,08/14/2018,TU,1041,01,NEPTUNE TWP PD,,0,0,0,0,P,B,N,N,08,2,3401 SR 66,,,,,,09,,01,04,02,01,01,01,05,01,,,,,,,,,,28,40.228830,74.068610,N,,34139
2018133418NT23609,MONMOUTH,NEPTUNE TWP,08/14/2018,TU,2202,01,NEPTUNE TWP PD,,0,1,0,0,I,I,N,N,01,2,NJ 35,W,35,,00000035__,23.93,02,,01,04,02,02,06,01,05,01,,AT,,WEST LAKE AVE,,,,25,35,26,40.215780,74.030540,N,,34181
2018133418NT23645,MONMOUTH,NEPTUNE TWP,08/15/2018,WE,1035,01,NEPTUNE TWP PD,,0,0,0,0,P,I,N,N,08,2,WHITESVILLE RD,,,,,,07,,01,04,02,01,01,01,05,01,,AT,,MONROE AVE,,,,25,25,26,,,N,,34139
2018133418NT23659,MONMOUTH,NEPTUNE TWP,08/15/2018,WE,1224,01,NEPTUNE TWP PD,,0,0,0,0,P,B,N,N,06,2,BENSON AVE,N,,,,,07,,01,04,02,01,00,01,05,01,40,FE,S,BROADWAY,,,,25,,28,,,N,,34127
2018133418NT23668,MONMOUTH,NEPTUNE TWP,08/15/2018,WE,1435,01,NEPTUNE TWP PD,,0,0,0,0,P,B,N,N,01,2,NJ 66,W,66,,00000066__,1.79,02,,01,06,02,01,01,01,05,01,300,FE,E,GREEN GROVE RD,,,,45,25,26,40.226560,74.073340,N,,34162
2018133418NT23683,MONMOUTH,NEPTUNE TWP,08/15/2018,WE,1702,01,NEPTUNE TWP PD,,0,0,0,0,P,B,N,N,03,2,NJ 66,E,66,,00000066__,1.67,02,,01,04,02,01,01,01,05,01,300,FE,W,GREEN GROVE RD,,,,50,25,26,,,N,,34179
2018133418NT23690,MONMOUTH,NEPTUNE TWP,08/15/2018,WE,1812,01,NEPTUNE TWP PD,,0,0,0,0,P,B,N,N,01,2,NJ 66,E,66,,00000066__,3.20,02,,01,04,02,01,01,01,03,01,250,FE,W,NEPTUNE BLVD,,,,50,25,26,40.228490,74.050440,N,,34206
2018133418NT23696,MONMOUTH,NEPTUNE TWP,08/15/2018,WE,1840,01,NEPTUNE TWP PD,,0,0,0,0,P,I,N,N,08,2,WAKEFIELD RD,S,,,,,07,,01,04,02,01,01,01,05,01,,AT,,NEWGATE LN,,,,25,25,26,40.207850,74.043240,N,,34175
2018133418NT23758,MONMOUTH,NEPTUNE TWP,08/16/2018,TH,1227,01,NEPTUNE TWP PD,,0,0,0,0,P,I,N,N,03,2,COLUMBUS AVE,W,,,,,07,,01,04,02,01,01,01,05,01,,AT,,DRUMMOND AVE,,,,25,25,26,,,N,,34157
2018133418NT23805,MONMOUTH,NEPTUNE TWP,08/16/2018,TH,2112,01,NEPTUNE TWP PD,,0,0,0,0,P,I,N,N,02,2,NJ 33,W,33,,00000033__,41.38,02,,01,04,02,01,01,01,02,01,,AT,,NJ 35,,,,30,35,26,40.209440,74.027150,N,,34175
2018133418NT23850,MONMOUTH,NEPTUNE TWP,08/17/2018,FR,1037,01,NEPTUNE TWP PD,,0,0,0,0,P,I,N,N,04,2,OXFORD WAY,E,,,,,07,,01,04,02,01,01,,05,01,,AT,,HARROW CT,,,,25,25,26,40.208700,74.047170,N,,34199
2018133418NT23864,MONMOUTH,NEPTUNE TWP,08/17/2018,FR,1243,01,NEPTUNE TWP PD,,0,0,0,0,P,I,N,N,02,2,NJ 33,W,33,,00000033__,40.55,02,,01,04,02,01,01,01,05,01,,AT,,WAKEFIELD RD,,,,40,25,26,40.207370,74.041600,N,,34199
2018133418NT23871,MONMOUTH,NEPTUNE TWP,08/17/2018,FR,1411,01,NEPTUNE TWP PD,NEPTUNE TWP PD,0,2,0,0,I,I,N,N,07,2,NJ 33,W,33,,00000033__,38.29,02,,01,04,02,01,01,01,05,01,,AT,,OLD CORLIES RD / JUMPING BROOK RD,,,,45,25,26,,,N,,34177
2018133418NT23966,MONMOUTH,NEPTUNE TWP,08/18/2018,SA,1244,01,NEPTUNE TWP PD,,0,0,0,0,P,B,N,N,02,2,NJ 35,S,35,,00000035__,24.77,02,,01,04,02,01,01,01,04,01,500,FE,N,ROBIN RD,,,,35,25,26,40.225900,74.038030,N,,34175
2018133418NT24036,MONMOUTH,NEPTUNE TWP,08/19/2018,SU,0058,01,NEPTUNE TWP PD,,0,2,0,0,I,B,Y,N,11,1,NJ 33,W,33,,00000033__,38.29,02,,03,04,02,01,06,01,05,01,10,FE,W,OLD CORLIES RD / JUMPING BROOK RD,,,,45,25,51,40.210430,74.091020,N,NJDOT TRAFFIC LIGHT/POLE  VERIZON UTILITY POLE (UNMARKED),34181
2018133418NT24038,MONMOUTH,NEPTUNE TWP,08/19/2018,SU,0204,01,NEPTUNE TWP PD,,0,0,0,0,P,B,Y,N,06,3,NEW YORK ROAD,E,,,,,07,,01,04,02,01,02,01,04,01,500,FE,W,NJ 35,,,,25,35,26,,,N,,
2018133418NT24052,MONMOUTH,NEPTUNE TWP,08/19/2018,SU,0711,01,NEPTUNE TWP PD,,0,0,0,0,P,B,N,N,11,1,NJ 18,S,18,,00000018__,,02,,01,04,02,02,01,02,03,01,,,,,,,,65,,60,40.223430,74.051730,N,,34160
2018133418NT24076,MONMOUTH,NEPTUNE TWP,08/19/2018,SU,1315,01,NEPTUNE TWP PD,,0,1,0,0,I,B,N,N,01,3,NJ 66,W,66,,00000066__,1.77,02,,01,04,01,01,01,01,05,01,500,FE,W,YALE RD,,,,50,25,26,,,N,,34127
2018133418NT24086,MONMOUTH,NEPTUNE TWP,08/19/2018,SU,1453,01,NEPTUNE TWP PD,,0,0,0,0,P,B,N,N,08,2,FISHER AVE,E,,,,,07,,01,04,01,02,01,05,03,01,100,FE,S,STRATFORD AVE,,,,25,25,28,,,N,,34175
2018133418NT24089,MONMOUTH,NEPTUNE TWP,08/20/2018,MO,1627,01,NEPTUNE TWP PD,,0,0,0,0,P,B,N,N,11,1,MONMOUTH COUNTY 17 II,W,17,2,130000172_,2.15,05,,02,06,02,02,01,02,05,01,100,FE,E,WINDING RIDGE DR,,,,35,25,52,,,N,,34162
2018133418NT24093,MONMOUTH,NEPTUNE TWP,08/19/2018,SU,1602,01,NEPTUNE TWP PD,,0,0,0,0,P,B,N,N,11,1,MONMOUTH COUNTY 40 A,S,40,A,13000040A_,2.11,05,,02,05,02,02,01,05,05,01,,,,,T,NJ 35,SB,40,,,,,N,,34175
2018133418NT24122,MONMOUTH,NEPTUNE TWP,08/21/2018,TU,2218,01,NEPTUNE TWP PD,,0,2,0,0,I,I,N,N,03,2,NJ 35,N,35,,00000035__,23.09,02,,01,04,02,01,06,01,,01,,AT,,CR 2 / 6TH AVE,,,,35,25,26,,,N,FENCE TO 1329 SIXTH AVE.,34162
2018133418NT24157,MONMOUTH,NEPTUNE TWP,08/18/2018,SA,1905,01,NEPTUNE TWP PD,,0,0,0,0,P,B,N,N,06,2,EMBURY AVE,E,,,,,07,,01,04,02,01,01,01,05,01,50,FE,E,CENTRAL AVE,,,,25,25,28,,,N,,34159
2018133418NT24174,MONMOUTH,NEPTUNE TWP,08/20/2018,MO,1312,01,NEPTUNE TWP PD,,0,1,0,0,I,B,N,N,03,2,NJ 33,E,33,,00000033__,40.93,02,,01,04,02,01,01,01,04,01,500,FE,W,TAYLOR AVE,,,,40,25,26,,,N,,34149
2018133418NT24279,MONMOUTH,NEPTUNE TWP,08/21/2018,TU,1624,01,NEPTUNE TWP PD,,0,0,0,0,P,B,N,N,01,2,NJ 33,W,33,,00000033__,40.61,02,,01,04,02,01,01,01,05,01,300,FE,E,WAKEFIELD RD,,,,40,25,26,40.208580,74.041910,N,,34204
2018133418NT24287,MONMOUTH,NEPTUNE TWP,08/21/2018,TU,1828,01,NEPTUNE TWP PD,,0,0,0,0,P,I,N,N,01,2,MAIN AVENUE,W,,,,,07,,01,04,01,01,01,01,04,01,,AT,,NEW YORK AVENUE,,,,25,25,26,40.212470,74.008770,N,,34200
2018133418NT24330,MONMOUTH,NEPTUNE TWP,08/22/2018,WE,0927,01,NEPTUNE TWP PD,,0,0,0,0,P,B,N,N,02,2,NJ 66,E,66,,00000066__,2.32,02,,01,04,01,01,01,01,05,01,700,FE,W,BOWNE RD / WAYSIDE RD,,,,50,25,26,40.228200,74.066930,N,,34135
2018133418NT24343,MONMOUTH,NEPTUNE TWP,08/22/2018,WE,1057,01,NEPTUNE TWP PD,,0,2,0,0,I,B,N,N,02,2,MYRTLE AVENUE,S,,,,,07,,01,04,02,01,01,01,05,01,1000,FE,N,W LAKE AVENUE,,,,25,25,26,,,N,,34149
2018133418NT24350,MONMOUTH,NEPTUNE TWP,08/22/2018,WE,1126,01,NEPTUNE TWP PD,,0,0,0,0,P,I,N,N,03,2,MONMOUTH COUNTY 17 I,W,17,1,130000171_,1.53,05,,01,04,02,01,01,01,05,01,,AT,N,GULLEY RD,,,,35,25,26,40.207400,74.081730,N,,34135
2018133418NT24380,MONMOUTH,NEPTUNE TWP,08/22/2018,WE,1631,01,NEPTUNE TWP PD,,0,0,0,0,P,I,N,N,14,1,NJ 35,W,35,,00000035__,24.21,02,,01,04,02,01,01,01,04,01,,AT,,CR 17 / BANGS AVE,,,,30,35,21,40.219640,74.032590,N,,34206
2018133418NT24410,MONMOUTH,NEPTUNE TWP,08/22/2018,WE,2019,01,NEPTUNE TWP PD,,0,0,0,0,P,B,Y,N,01,3,GREEN GROVE RD,S,,,13341417__,1.43,07,,01,05,02,01,01,01,04,01,75,FE,N,NJ 66,,,,25,50,26,,,N,,34162
2018133418NT24441,MONMOUTH,NEPTUNE TWP,08/23/2018,TH,0532,01,NEPTUNE TWP PD,,0,1,0,0,I,I,N,N,14,1,HECK AVE,W,,,,,07,,01,04,02,01,02,01,05,01,,AT,,MYRTLE AVE,,,,25,25,21,40.212760,74.025480,N,,34173
2018133418NT24481,MONMOUTH,NEPTUNE TWP,08/23/2018,TH,1529,01,NEPTUNE TWP PD,,0,1,0,0,I,I,N,N,07,3,NJ 33,E,33,,00000033__,40.90,02,,01,04,02,01,01,01,05,01,,AT,,NEPTUNE BLVD,,,,40,25,26,,,N,TRAFFIC POLE ON THE CORNER OF SR 33 AND NEPTUNE BLVD EASTBOUND. DOT NOTIFIED.,34191
2018133418NT24492,MONMOUTH,NEPTUNE TWP,08/23/2018,TH,1721,01,NEPTUNE TWP PD,,0,3,0,0,I,I,N,N,03,2,MONMOUTH COUNTY 40 A,S,40,A,13000040A_,1.07,05,,01,04,02,01,01,01,05,01,,AT,,7TH AVE / LAREINE AVE,,,,40,25,26,,,N,,34191
2018133418NT24493,MONMOUTH,NEPTUNE TWP,08/23/2018,TH,1730,01,NEPTUNE TWP PD,,0,2,0,0,I,B,N,N,01,2,NJ 33,W,33,,00000033__,38.91,02,,01,04,02,01,03,01,05,01,2640,FE,W,GREEN GROVE RD,,,,45,25,26,40.207680,74.069830,N,,34204
2018133418NT24568,MONMOUTH,NEPTUNE TWP,08/24/2018,FR,1252,01,NEPTUNE TWP PD,,0,0,0,0,P,I,N,N,02,2,NJ 35,N,35,,00000035__,23.45,02,,01,04,02,01,01,01,05,01,,AT,,NJ 33 / CORLIES AVE,,,,35,40,26,,,N,,34139
2018133418NT24572,MONMOUTH,NEPTUNE TWP,08/24/2018,FR,1357,01,NEPTUNE TWP PD,,0,0,0,0,P,B,N,N,01,2,NJ 66,,66,,00000066__,,02,,01,04,02,01,01,01,04,01,,,,,,,,,,26,40.224720,74.085400,N,,34199
2018133418NT24574,MONMOUTH,NEPTUNE TWP,08/24/2018,FR,1412,01,NEPTUNE TWP PD,,0,0,0,0,P,B,N,N,01,2,NJ 35,S,35,,00000035__,23.71,02,,01,04,02,01,01,01,05,01,50,FE,N,HECK AVE,,,,35,25,26,,,N,,34139
2018133418NT24643,MONMOUTH,NEPTUNE TWP,08/25/2018,SA,0306,01,NEPTUNE TWP PD,,0,1,0,0,I,I,N,N,03,2,FISHER AVE,W,,,,,07,,01,04,02,01,06,01,05,01,,AT,,WEST LAKE AVE,,,,25,25,26,40.215520,74.026970,N,25 NEPTUNE BLVD NEPTUNE TOWNSHIP NJ 07753 #732-988-8000,34193
2018133418NT24668,MONMOUTH,NEPTUNE TWP,08/25/2018,SA,1116,01,NEPTUNE TWP PD,,0,0,0,0,P,I,N,N,11,1,TENTH AVE,E,,,,,07,,01,04,02,01,07,01,05,01,,AT,,CR 5,,,,25,25,69,40.207700,74.020370,N,,34160