Year(4)-CountyCode(2)-MunicipalityCode(2)-CaseNumber(9),County Name,Municipality Name,Crash Date,Crash Day of Week,Crash Time,Police Department Code,Police Department,Police Station,Total Killed,Total Injured,Pedestrians Killed,Pedestrians Injured,Severity,Intersection,Alcohol Involved,Hazmat Involved,Crash Type,Total Vehicles,Location,Location Direction,Route,Route Suffix,Std Rte Identifier,MilePost,Road System,Road Character,Road Horizontal Alignment,Road Grade,Road Surface Type,Surface Condition,Light Condition,Environmental Condition,Road Divided By,Temporary Traffic Control Zone,Distance To Cross Street,Unit Of Measurement,Direction From Cross Street,Cross Street Name,Is Ramp,Ramp To/From Route Name,Ramp To/From Route Direction,Posted Speed,Posted Speed Cross Street,First Harmful Event,Latitude,Longitude,Cell Phone In Use Flag,Other Property Damage,Reporting Badge No.
2018133418NT31014,MONMOUTH,NEPTUNE TWP,10/24/2018,WE,1643,01,NEPTUNE TWP PD,NEPTUNE TWP PD,0,0,0,0,P,B,N,N,01,2,MONMOUTH COUNTY 16,E,16,,13000016__,3.58,05,,01,04,02,01,01,01,05,01,500,FE,W,WAYSIDE RD,,,,40,25,26,,,N,,34177
2018133418NT31045,MONMOUTH,NEPTUNE TWP,10/24/2018,WE,2025,01,NEPTUNE TWP PD,,0,0,0,0,P,B,N,N,12,1,NJ 33,E,33,,00000033__,38.45,02,,01,06,02,01,06,01,05,01,5,FE,W,MAGNOLIA ST,,,,45,25,24,,,N,,34171
2018133418NT31162,MONMOUTH,NEPTUNE TWP,10/25/2018,TH,2148,01,NEPTUNE TWP PD,,0,1,0,0,I,I,N,N,01,2,NJ 33,W,33,,00000033__,40.32,02,,01,04,02,01,06,01,05,01,,AT,,OAK DR / WALNUT AVE,,,,40,25,26,40.206640,74.047370,N,,34175
2018133418NT31191,MONMOUTH,NEPTUNE TWP,10/26/2018,FR,0745,01,NEPTUNE TWP PD,,0,0,0,0,P,B,N,N,02,2,NJ 33,E,33,,00000033__,38.67,02,,01,04,02,01,01,01,05,01,300,FE,E,CR 17 / WEST BANGS AVE,,,,45,40,26,40.209230,74.078990,N,,
2018133418NT31192,MONMOUTH,NEPTUNE TWP,10/26/2018,FR,0751,01,NEPTUNE TWP PD,,0,1,0,0,I,I,N,N,03,2,KENNETH TER **,W,,,13341315__,.05,07,,01,04,02,01,01,01,05,01,,AT,,RUTH DR,,,,25,25,26,,,N,,
2018133418NT31218,MONMOUTH,NEPTUNE TWP,10/26/2018,FR,1255,01,NEPTUNE TWP PD,,0,0,0,0,P,B,N,N,01,2,NJ 33,W,33,,00000033__,40.05,02,,03,06,02,01,01,01,04,01,,,,,T,NJ 18,NB,40,,26,40.228250,74.049770,N,,34200
2018133418NT31277,MONMOUTH,NEPTUNE TWP,10/26/2018,FR,2224,01,NEPTUNE TWP PD,,0,1,0,0,I,I,N,N,01,2,NJ 35,N,35,,00000035__,24.21,02,,01,04,02,01,06,01,05,01,,AT,,CR 17 / BANGS AVE,,,,35,30,26,,,N,,34139
2018133418NT31341,MONMOUTH,NEPTUNE TWP,10/27/2018,SA,1243,01,NEPTUNE TWP PD,,0,0,0,0,P,B,N,N,11,1,NJ 33,W,33,,00000033__,40.05,02,,03,04,02,02,01,02,01,01,,,,,T,NJ 18,NB,40,,56,40.206680,74.050620,N,,34196
2018133418NT31345,MONMOUTH,NEPTUNE TWP,10/27/2018,SA,1306,01,NEPTUNE TWP PD,,0,0,0,0,P,I,N,N,01,4,NJ 35,N,35,,00000035__,23.45,02,,01,04,02,02,01,02,02,01,,AT,,NJ 33 / CORLIES AVE,,,,35,30,26,40.209340,74.027100,N,,34192
2018133418NT31358,MONMOUTH,NEPTUNE TWP,10/27/2018,SA,1632,01,NEPTUNE TWP PD,,0,3,0,0,I,B,N,N,04,3,MONMOUTH COUNTY 17 II,W,17,2,130000172_,2.19,05,,02,04,02,02,01,02,05,01,300,FE,E,WINDING RIDGE DR,,,,40,25,26,,,N,,
2018133418NT31360,MONMOUTH,NEPTUNE TWP,10/27/2018,SA,1722,01,NEPTUNE TWP PD,,0,1,0,0,I,B,N,N,02,2,MONMOUTH COUNTY 17 II,W,17,2,130000172_,1.62,05,,01,04,02,02,01,02,05,01,500,FE,E,WAYSIDE RD,,,,40,25,26,40.222140,74.057870,N,,
2018133418NT31363,MONMOUTH,NEPTUNE TWP,10/27/2018,SA,1800,01,NEPTUNE TWP PD,,0,2,0,0,I,I,N,N,03,2,MONMOUTH COUNTY 40 A,S,40,A,13000040A_,1.07,05,,01,04,02,02,03,02,05,01,,AT,,7TH AVE / LAREINE AVE,,,,40,25,26,40.204300,74.018990,N,,
2018133418NT31364,MONMOUTH,NEPTUNE TWP,10/27/2018,SA,1837,01,NEPTUNE TWP PD,,0,0,0,0,P,I,Y,N,03,3,MYRTLE AVE **,E,,,13341119__,.41,07,,01,04,02,02,07,02,05,01,,AT,,WEST LAKE AVE,,,,25,25,26,40.215240,74.025570,N,TRASH CAN CONNECTED TO SIDEWALK RIPPED FROM ITS' FOUNDATION,
2018133418NT31365,MONMOUTH,NEPTUNE TWP,10/27/2018,SA,1840,01,NEPTUNE TWP PD,,0,0,0,0,P,I,N,N,02,2,NJ 35,S,35,,00000035__,24.77,02,,02,04,02,02,06,02,05,01,,AT,,ROBIN RD,,,,35,25,26,40.227310,74.036760,N,,34197
2018133418NT31370,MONMOUTH,NEPTUNE TWP,10/27/2018,SA,2007,01,NEPTUNE TWP PD,,0,1,0,0,I,I,N,N,01,3,NJ 33,W,33,,00000033__,40.32,02,,01,04,02,02,06,02,05,01,,AT,,OAK DR / WALNUT AVE,,,,40,25,26,40.206640,74.047370,N,,
2018133418NT31373,MONMOUTH,NEPTUNE TWP,10/27/2018,SA,2052,01,NEPTUNE TWP PD,NEPTUNE TOWNSH?,0,0,0,0,P,B,N,N,12,1,NJ 18,N,18,,00000018__,9.74,02,,01,04,02,02,07,02,03,01,528,FE,S,NJ 66,,,,65,50,24,,,N,,34177
2018133418NT31383,MONMOUTH,NEPTUNE TWP,10/28/2018,SU,0116,01,NEPTUNE TWP PD,,0,0,0,0,P,I,N,N,11,1,NJ 18,N,18,,00000018__,8.28,02,,03,04,02,02,06,02,02,01,,AT,,NJ 33,,,,65,40,,40.201910,74.053920,N,GUARDRAIL ON SR 18.,34199
2018133418NT31410,MONMOUTH,NEPTUNE TWP,10/28/2018,SU,1203,01,NEPTUNE TWP PD,,0,0,0,0,P,I,N,N,03,2,MONMOUTH COUNTY 40 A,S,40,A,13000040A_,1.07,05,,01,04,02,01,01,01,05,01,,AT,,7TH AVE / LAREINE AVE,,,,40,25,26,40.204300,74.018990,N,,34206
2018133418NT31419,MONMOUTH,NEPTUNE TWP,10/28/2018,SU,1406,01,NEPTUNE TWP PD,,0,0,0,0,P,B,N,N,08,2,HIGHLAND AVE **,W,,,13341063__,.00,07,,01,04,02,01,01,01,05,01,100,FE,W,S RIVERSIDE DR,,,,25,25,26,,,N,,34179
2018133418NT31479,MONMOUTH,NEPTUNE TWP,10/29/2018,MO,0820,01,NEPTUNE TWP PD,,0,0,0,0,P,I,N,N,03,2,STAMFORD DR,W,,,,,07,,01,04,02,02,01,01,05,01,,AT,,CHADWELL CT,,,,25,25,26,40.215500,74.047970,N,,34160
2018133418NT31518,MONMOUTH,NEPTUNE TWP,10/29/2018,MO,1259,01,NEPTUNE TWP PD,,0,0,0,0,P,B,N,N,01,2,NJ 33,E,33,,00000033__,42.03,02,,01,06,02,01,01,01,05,01,25,FE,W,NJ 71 / MAIN ST,,,,30,25,26,40.211010,74.015610,N,,34200
2018133418NT31560,MONMOUTH,NEPTUNE TWP,10/29/2018,MO,1952,01,NEPTUNE TWP PD,,0,0,0,0,P,B,N,N,06,2,WINDING RIDGE RD **,S,,,13341427__,.18,07,,01,04,02,01,06,01,05,01,50,FE,S,WINDING RIDGE CT,,,,25,,28,,,N,,34203
2018133418NT31608,MONMOUTH,NEPTUNE TWP,10/30/2018,TU,1023,01,NEPTUNE TWP PD,,0,0,0,0,P,B,N,N,03,2,MONMOUTH COUNTY 16,E,16,,13000016__,5.34,05,,01,04,02,01,01,01,05,02,400,FE,W,WHITESVILLE RD,,,,35,25,26,40.223580,74.028030,N,,34124
2018133418NT31627,MONMOUTH,NEPTUNE TWP,10/30/2018,TU,1215,01,NEPTUNE TWP PD,,0,0,0,0,P,I,N,N,02,2,BROADWAY AVE **,E,,,13341123__,.44,07,,01,04,02,01,01,01,03,01,,AT,W,CENTRAL AVE,,,,25,25,26,,,N,,34149
2018133418NT31678,MONMOUTH,NEPTUNE TWP,10/30/2018,TU,2139,01,NEPTUNE TWP PD,,0,0,0,0,P,B,N,N,06,2,HECK AVE,W,,,13341107__,.74,07,,01,04,02,01,05,01,05,01,30,FE,W,DRUMMOND AVE,,,,25,25,28,40.212710,74.027930,N,,34155
2018133418NT31742,MONMOUTH,NEPTUNE TWP,10/31/2018,WE,1504,01,NEPTUNE TWP PD,,0,0,0,0,P,B,N,N,03,2,RUTH DR **,S,,,13341308__,.35,07,,01,04,02,01,01,01,05,01,50,FE,S,GAIL DR,,,,25,25,26,,,N,,164
2018133418NT31809,MONMOUTH,NEPTUNE TWP,11/01/2018,TH,0954,01,NEPTUNE TWP PD,,0,0,0,0,P,I,N,N,01,2,NJ 33,E,33,,00000033__,40.84,02,,01,04,02,01,01,01,05,,,AT,,DAVIS AVE,,,,40,25,26,40.207930,74.037490,N,,34192
2018133418NT31828,MONMOUTH,NEPTUNE TWP,11/01/2018,TH,1158,01,NEPTUNE TWP PD,,0,0,0,0,P,I,N,N,07,2,NJ 33,W,33,,00000033__,39.82,02,,01,04,02,01,01,01,05,01,,AT,,CR 17 / OLD CORLIES AVE,,,,45,25,26,40.206830,74.055700,N,,34124
2018133418NT31855,MONMOUTH,NEPTUNE TWP,11/01/2018,TH,1428,01,NEPTUNE TWP PD,,0,0,0,0,P,B,N,N,06,2,STARTFORD AVE **,W,,,13341074__,.40,07,,01,04,02,01,01,01,05,01,50,FE,E,DRUMMOND AVE,,,,25,,28,40.217510,74.027760,N,,34197
2018133418NT31873,MONMOUTH,NEPTUNE TWP,11/01/2018,TH,1719,01,NEPTUNE TWP PD,,0,0,0,0,P,I,N,N,03,2,NJ 66,W,66,,00000066__,2.45,02,,01,04,02,01,03,01,05,01,,AT,,BOWNE RD / WAYSIDE RD,,,,50,25,26,40.230240,74.060580,N,,34171
2018133418NT31880,MONMOUTH,NEPTUNE TWP,11/11/2018,SU,2008,01,NEPTUNE TWP PD,,0,0,0,0,P,B,N,N,06,2,SHOPRITE,N,,,,,09,,01,04,01,01,01,01,01,05,,,,,,,,,,26,40.204100,74.024410,N,,34194
2018133418NT31881,MONMOUTH,NEPTUNE TWP,11/01/2018,TH,1849,01,NEPTUNE TWP PD,NEPTUNE TWP PD,0,0,0,0,P,I,N,N,01,2,NJ 33,E,33,,00000033__,41.59,02,,01,04,02,01,07,01,05,01,,AT,,RIDGE AVE,,,,30,25,26,,,N,,34177
2018133418NT31889,MONMOUTH,NEPTUNE TWP,11/01/2018,TH,2020,01,NEPTUNE TWP PD,,0,0,0,0,P,B,N,N,12,1,MONMOUTH COUNTY 17 II,E,17,2,130000172_,1.65,05,,03,04,02,01,06,01,05,01,100,FE,E,SUMMIT DR,,,,40,25,24,40.222050,74.057330,N,,34165
2018133418NT31955,MONMOUTH,NEPTUNE TWP,11/02/2018,FR,1222,01,NEPTUNE TWP PD,,0,0,0,0,P,I,N,N,02,2,MONMOUTH COUNTY 40 A,S,40,A,13000040A_,.61,05,,01,04,02,01,01,01,05,01,,AT,,NJ 33 / CORLIES AVE,,,,30,30,26,40.209930,74.023460,N,,34192
2018133418NT31970,MONMOUTH,NEPTUNE TWP,11/02/2018,FR,1512,01,NEPTUNE TWP PD,,0,0,0,0,P,B,N,N,02,3,W LAKE AVE,E,,,,,07,,01,04,02,01,01,01,05,01,10,FE,E,NEPTUNE BLVD,,,,25,25,26,40.216170,74.035590,N,,
2018133418NT31971,MONMOUTH,NEPTUNE TWP,11/02/2018,FR,1531,01,NEPTUNE TWP PD,,0,0,0,0,P,B,N,N,08,2,NJ 35,N,35,,00000035__,24.21,02,,01,04,02,01,01,01,05,01,20,FE,S,CR 17 / BANGS AVE,,,,35,,26,40.219790,74.031970,N,,34171
2018133418NT31994,MONMOUTH,NEPTUNE TWP,11/02/2018,FR,2039,01,NEPTUNE TWP PD,,0,0,0,0,P,I,N,N,03,2,HECK AVE,W,,,13341107__,.94,07,,01,04,02,02,06,02,05,01,,AT,,RIDGE AVE,,,,25,25,26,40.212780,74.024340,N,,34165
2018133418NT31995,MONMOUTH,NEPTUNE TWP,11/02/2018,FR,2144,01,NEPTUNE TWP PD,,0,0,0,0,P,B,N,N,02,2,NJ 66,E,66,,00000066__,3.25,02,,01,06,02,02,06,02,05,01,200,FE,E,NEPTUNE BLVD,,,,35,25,26,,,N,,34131
2018133418NT31999,MONMOUTH,NEPTUNE TWP,11/02/2018,FR,2131,01,NEPTUNE TWP PD,,0,0,0,0,P,I,N,N,11,1,HOVCHILD BLVD,S,,,,,07,,01,04,01,01,01,01,05,01,,AT,,PREMIER OUTLETS BLVD,,,,25,25,69,40.223060,74.091800,N,,34194
2018133418NT32007,MONMOUTH,NEPTUNE TWP,11/02/2018,FR,2251,01,NEPTUNE TWP PD,,0,0,0,0,P,B,Y,N,11,1,MONMOUTH COUNTY 17 II,N,17,2,130000172_,.24,05,,01,04,02,02,07,01,05,01,100,FE,N,RANDI WAY,,,,40,25,59,40.211030,74.078170,N,DAMAGE TO FENCE AND GRASS OF 1 RANDI WAY.,34205
2018133418NT32014,MONMOUTH,NEPTUNE TWP,11/03/2018,SA,0015,01,NEPTUNE TWP PD,,0,0,0,0,P,I,Y,N,11,1,MONMOUTH COUNTY 17 II,E,17,2,130000172_,2.96,05,,01,04,02,02,06,01,05,01,,AT,,NEPTUNE BLVD,,,,30,25,54,40.216170,74.035590,N,TRAFFIC LIGHT AND STREET SIGN,34182
2018133418NT32041,MONMOUTH,NEPTUNE TWP,11/03/2018,SA,0700,01,NEPTUNE TWP PD,,0,0,0,0,P,B,N,N,06,2,HECK AVE,W,,,13341107__,.94,07,,01,04,02,01,01,01,05,01,25,FE,E,RIDGE AVE,,,,25,25,26,40.228830,74.068610,N,,34124
2018133418NT32138,MONMOUTH,NEPTUNE TWP,11/04/2018,SU,0734,01,NEPTUNE TWP PD,,0,1,0,0,I,I,N,N,03,2,MYRTLE AVE **,E,,,13341119__,.11,07,,01,04,02,01,01,01,05,01,,AT,,SUMMERFIELD AVE,,,,25,25,26,,,N,,34191
2018133418NT32221,MONMOUTH,NEPTUNE TWP,11/05/2018,MO,0258,01,NEPTUNE TWP PD,,0,0,0,0,P,B,N,N,12,1,NJ 18,N,18,,00000018__,7.28,02,,01,04,02,01,05,01,03,01,5280,FE,S,NJ 33,,,,65,40,24,40.196350,74.055940,N,,34181
2018133418NT32236,MONMOUTH,NEPTUNE TWP,11/05/2018,MO,1142,01,NEPTUNE TWP PD,,0,0,0,0,P,I,N,N,07,2,NJ 33,E,33,,00000033__,39.76,02,,01,04,02,02,01,02,04,01,,AT,,WAYSIDE RD,,,,40,25,26,40.206890,74.056890,N,,34196
2018133418NT32254,MONMOUTH,NEPTUNE TWP,11/05/2018,MO,1442,01,NEPTUNE TWP PD,,0,0,0,0,P,I,N,N,03,2,CORPORATE BLVD,E,,,,,07,,01,04,02,02,01,02,05,01,,AT,,WAVERLY AVE,,,,25,25,26,40.219410,74.086750,N,,34204
2018133418NT32264,MONMOUTH,NEPTUNE TWP,11/05/2018,MO,1739,01,NEPTUNE TWP PD,,0,0,0,0,P,B,N,N,01,2,NJ 35,S,35,,00000035__,23.80,02,,01,04,02,02,07,02,05,01,25,FE,S,GREENWOOD AVE,,,,35,25,26,40.213910,74.029280,N,,34204
2018133418NT32266,MONMOUTH,NEPTUNE TWP,11/05/2018,MO,1758,01,NEPTUNE TWP PD,,0,1,0,0,I,B,N,N,01,2,NJ 66,E,66,,00000066__,3.25,02,,01,04,02,02,05,02,03,01,200,FE,E,NEPTUNE BLVD,,,,50,25,26,40.227100,74.043580,N,,34204
2018133418NT32297,MONMOUTH,NEPTUNE TWP,11/06/2018,TU,0222,01,NEPTUNE TWP PD,,0,0,0,0,P,B,N,N,12,1,NJ 18,S,18,,00000018__,8.00,02,,01,04,02,02,07,01,03,01,,,,,,,,65,,24,40.201220,74.054280,N,,34205
2018133418NT32309,MONMOUTH,NEPTUNE TWP,11/06/2018,TU,0825,01,NEPTUNE TWP PD,,0,1,0,0,I,B,N,N,01,2,NJ 33,E,33,,00000033__,41.14,02,,01,04,02,01,01,01,05,01,100,FE,E,HAMILTON AVE,,,,40,25,26,40.208870,74.030820,N,,34200
2018133418NT32328,MONMOUTH,NEPTUNE TWP,11/06/2018,TU,1136,01,NEPTUNE TWP PD,,0,0,0,0,P,B,N,N,11,1,NJ 18,N,18,,00000018__,8.28,02,,03,06,02,02,01,02,03,01,,,,,F,NJ 33,WB,65,,56,40.206260,74.052300,N,,34135
2018133418NT32338,MONMOUTH,NEPTUNE TWP,11/06/2018,TU,1323,01,NEPTUNE TWP PD,,0,0,0,0,P,I,N,N,03,2,NJ 35,S,35,,00000035__,24.39,02,,01,04,02,02,01,02,05,01,,AT,,BRADFORD AVE,,,,35,25,26,40.222410,74.033980,N,,34135
2018133418NT32352,MONMOUTH,NEPTUNE TWP,11/06/2018,TU,1704,01,NEPTUNE TWP PD,,0,2,0,0,I,I,N,N,03,2,NJ 35,N,35,,00000035__,24.21,02,,01,04,02,02,06,02,05,01,,AT,,CR 17 / BANGS AVE,,,,35,30,26,,,N,,164
2018133418NT32382,MONMOUTH,NEPTUNE TWP,11/08/2018,TH,0119,01,NEPTUNE TWP PD,,0,0,0,0,P,B,N,N,11,2,NJ 18,S,18,,00000018__,8.28,02,,03,05,02,02,01,01,05,01,,,,,T,NJ 33,EB,65,,56,,,N,,34172
2018133418NT32394,MONMOUTH,NEPTUNE TWP,11/07/2018,WE,0818,01,NEPTUNE TWP PD,,0,0,0,0,P,I,N,N,01,2,NJ 33,W,33,,00000033__,37.95,02,,01,04,02,01,01,01,05,01,,AT,,SCHOOLHOUSE RD / W JUMPING BROOK RD,,,,40,25,26,,,N,,34139
2018133418NT32441,MONMOUTH,NEPTUNE TWP,11/07/2018,WE,1655,01,NEPTUNE TWP PD,,0,1,0,1,I,B,N,N,13,1,FISHER AVE **,N,,,13341118__,.39,07,,01,04,02,01,03,01,05,00,150,FE,S,WEST LAKE AVE,,,,25,25,26,40.215100,74.027190,N,,34175
2018133418NT32446,MONMOUTH,NEPTUNE TWP,11/07/2018,WE,1735,01,NEPTUNE TWP PD,,0,0,0,0,P,B,N,N,02,2,NJ 35,S,35,,00000035__,24.68,02,,01,04,02,01,06,01,05,01,500,FE,S,ROBIN RD,,,,35,25,26,40.225810,74.037880,N,,34175
2018133418NT32516,MONMOUTH,NEPTUNE TWP,11/08/2018,TH,1240,01,NEPTUNE TWP PD,,0,1,0,0,I,I,N,N,03,2,DRUMMOND AVE **,,,,13341101__,.14,07,,01,04,02,01,01,01,05,01,,AT,,STRATFORD AVE,,,,25,25,26,40.217300,74.028460,N,,34150
2018133418NT32539,MONMOUTH,NEPTUNE TWP,11/08/2018,TH,1620,01,NEPTUNE TWP PD,,0,0,0,0,P,I,N,N,08,2,MONMOUTH COUNTY 17 II,S,17,2,130000172_,3.25,05,,01,04,02,01,01,01,05,01,,AT,,GEORGE ST,,,,30,25,26,40.219480,74.030560,N,,34171
2018133418NT32544,MONMOUTH,NEPTUNE TWP,11/08/2018,TH,1717,01,NEPTUNE TWP PD,,0,0,0,0,P,B,Y,N,05,2,MONROE ST **,E,,,13031073__,.78,07,,01,04,02,01,06,01,05,01,200,FE,W,RIDGE AVENUE,,,,25,25,26,40.221130,74.025610,N,,34197
2018133418NT32623,MONMOUTH,NEPTUNE TWP,11/09/2018,FR,1717,01,NEPTUNE TWP PD,,0,0,0,0,P,B,N,N,01,2,NJ 33,W,33,,00000033__,39.44,02,,01,04,02,06,07,02,05,01,15,FE,E,MAPLE AVE,,,,40,25,26,,,N,,34203
2018133418NT32689,MONMOUTH,NEPTUNE TWP,11/10/2018,SA,1209,01,NEPTUNE TWP PD,,0,0,0,0,P,I,N,N,04,2,MONMOUTH COUNTY 16,E,16,,13000016__,2.69,05,,01,04,02,01,01,01,05,01,,AT,,COLD INDIAN SPRINGS RD,,,,35,25,26,40.234490,74.076820,N,,34124
2018133418NT32750,MONMOUTH,NEPTUNE TWP,11/11/2018,SU,0233,01,NEPTUNE TWP PD,,0,0,0,0,P,B,N,N,12,1,NJ 33,W,33,,00000033__,39.87,02,,01,04,02,01,06,01,01,01,50,FE,E,FORTUNATO PL,,,,40,25,24,40.206830,74.055700,N,,34205
2018133418NT32790,MONMOUTH,NEPTUNE TWP,11/11/2018,SU,1648,01,NEPTUNE TWP PD,NEPTUNE TWP PD,0,0,0,0,P,B,N,N,06,2,WHITEFIELD AVE **,S,,,13341156__,.20,07,,01,04,02,01,01,01,05,01,10,FE,N,ABBOTT AVE,,,,25,25,28,,,N,,34177
2018133418NT32805,MONMOUTH,NEPTUNE TWP,11/11/2018,SU,1914,01,NEPTUNE TWP PD,,0,0,0,0,P,B,N,N,12,2,NJ 33,E,33,,00000033__,39.11,02,,01,04,02,01,05,01,05,01,2640,FE,E,CR 17 / WEST BANGS AVE,,,,45,40,24,40.207680,74.069830,N,,34204
2018133418NT32842,MONMOUTH,NEPTUNE TWP,11/12/2018,MO,0818,01,NEPTUNE TWP PD,,0,0,0,0,P,I,N,N,03,2,MAPLE AVE **,N,,,13341203__,.27,07,,01,04,02,01,01,01,05,01,,AT,,WAYSIDE RD,,,,25,25,26,40.209630,74.059060,N,,34206
2018133418NT32878,MONMOUTH,NEPTUNE TWP,11/12/2018,MO,1415,01,NEPTUNE TWP PD,,0,0,0,0,P,B,N,N,08,2,CENTER ST **,N,,,13341237__,.00,07,,01,04,02,01,01,01,05,01,500,FE,S,CR 17 I / OLD CORLIES RD,,,,25,35,28,40.204940,74.075070,N,,34193
2018133418NT32882,MONMOUTH,NEPTUNE TWP,11/12/2018,MO,1517,01,NEPTUNE TWP PD,,0,0,0,0,P,B,N,N,12,1,NJ 66,W,66,,00000066__,.93,02,,01,04,02,01,01,01,01,01,200,FE,W,JUMPING BROOK RD,,,,50,25,24,40.221890,74.091800,N,,34180
2018133418NT32883,MONMOUTH,NEPTUNE TWP,11/12/2018,MO,1525,01,NEPTUNE TWP PD,,0,1,0,0,I,I,N,N,03,2,NJ 35,S,35,,00000035__,23.16,02,,01,04,02,01,01,01,05,01,,AT,,7TH AVE,,,,35,25,26,,,N,,34203
2018133418NT32905,MONMOUTH,NEPTUNE TWP,11/12/2018,MO,1737,01,NEPTUNE TWP PD,,0,0,0,0,P,B,N,N,03,2,NJ 35,S,35,,00000035__,24.19,02,,01,04,02,01,06,01,05,01,100,FE,S,CR 17 / BANGS AVE,,,,35,30,26,40.218920,74.032220,N,,34193
2018133418NT32908,MONMOUTH,NEPTUNE TWP,11/12/2018,MO,1714,01,NEPTUNE TWP PD,,0,0,0,0,P,B,N,N,08,2,HILLSIDE DR **,E,,,13341027__,.00,07,,01,04,02,01,05,01,05,01,40,FE,W,OVERLOOK DR,,,,25,25,28,,,N,,34179
2018133418NT32910,MONMOUTH,NEPTUNE TWP,11/12/2018,MO,1752,01,NEPTUNE TWP PD,,0,1,0,0,I,B,N,N,01,2,PREMIUM OUTLET BLVD,S,,,,,07,,01,04,02,01,06,01,05,01,10,FE,N,NJ 66,,,,25,50,26,40.221900,74.091800,N,,34156
2018133418NT32916,MONMOUTH,NEPTUNE TWP,11/12/2018,MO,1835,01,NEPTUNE TWP PD,,0,0,0,0,P,B,N,N,06,2,MONMOUTH COUNTY 17 II,E,17,2,130000172_,3.21,05,,01,04,02,01,05,01,05,01,350,FE,E,NJ 35,,,,30,35,26,40.219280,74.030660,N,,34204
2018133418NT32936,MONMOUTH,NEPTUNE TWP,11/12/2018,MO,2312,01,NEPTUNE TWP PD,,0,2,0,0,I,B,N,N,01,2,NJ 66,S,66,,00000066__,3.21,02,,01,04,02,02,06,02,05,01,,,,,T,NEPTUNE BLVD,SB,50,,26,40.225840,74.042370,N,,34173
2018133418NT32992,MONMOUTH,NEPTUNE TWP,11/13/2018,TU,1450,01,NEPTUNE TWP PD,,0,0,0,0,P,I,N,N,01,2,NJ 35,S,35,,00000035__,24.34,02,,01,04,02,02,01,02,05,01,,AT,N,OLDEN AVE,,,,35,25,26,,,N,,34196
2018133418NT33003,MONMOUTH,NEPTUNE TWP,11/13/2018,TU,1723,01,NEPTUNE TWP PD,,0,1,0,0,I,B,N,N,01,2,NJ 35,N,35,,00000035__,24.17,02,,01,04,02,01,07,01,05,01,200,FE,S,CR 17 / BANGS AVE,,,,35,30,26,40.219610,74.032580,N,,34204
2018133418NT33015,MONMOUTH,NEPTUNE TWP,11/13/2018,TU,1840,01,NEPTUNE TWP PD,,0,0,0,0,P,B,N,N,01,2,NEPTUNE BLVD **,S,,,13341013__,.00,07,,01,04,02,01,07,01,02,01,350,FE,S,NJ 66,,,,25,50,26,40.225840,74.042370,N,,34204
2018133418NT33020,MONMOUTH,NEPTUNE TWP,11/13/2018,TU,2027,01,NEPTUNE TWP PD,,0,0,0,0,P,B,N,N,12,1,NJ 18,S,18,,00000018__,8.26,02,,01,04,02,01,05,01,03,,100,FE,S,NJ 33,,,,65,40,24,40.200520,74.054640,N,,34575
2018133418NT33036,MONMOUTH,NEPTUNE TWP,11/14/2018,WE,0640,01,NEPTUNE TWP PD,,0,0,0,0,P,B,N,N,01,2,NJ 33,W,33,,00000033__,41.22,02,,01,04,02,01,01,01,05,01,200,FE,E,GRANT AVE,,,,35,25,26,40.209440,74.027150,N,,34150
2018133418NT33045,MONMOUTH,NEPTUNE TWP,11/14/2018,WE,0813,01,NEPTUNE TWP PD,,0,1,0,0,I,I,N,N,01,2,NJ 35,S,35,,00000035__,23.86,02,,01,04,02,01,01,01,05,01,,AT,,RUTHERFORD AVE,,,,35,,26,40.214900,74.030070,N,,34135
2018133418NT33060,MONMOUTH,NEPTUNE TWP,11/14/2018,WE,1108,01,NEPTUNE TWP PD,,0,0,0,0,P,I,N,N,01,2,NJ 66,,66,,00000066__,.97,02,,01,04,02,01,01,01,05,01,,AT,,JUMPING BROOK RD,,,,50,25,26,40.222570,74.086860,N,,34150
2018133418NT33073,MONMOUTH,NEPTUNE TWP,11/14/2018,WE,1412,01,NEPTUNE TWP PD,,0,0,0,0,P,I,N,N,03,2,KNOX BLVD **,E,,,13341187__,.14,07,,01,04,02,01,01,01,05,01,,AT,,PALMER AVE,,,,25,25,26,40.218150,74.056490,N,,34180
2018133418NT33158,MONMOUTH,NEPTUNE TWP,11/15/2018,TH,0931,01,NEPTUNE TWP PD,,0,0,0,0,P,B,N,N,08,2,TENTH AVE **,W,,,13341081__,.08,07,,01,04,02,02,01,01,05,01,250,FE,W,NJ 35,,,,25,35,26,,,N,,34139
2018133418NT33167,MONMOUTH,NEPTUNE TWP,11/15/2018,TH,1122,01,NEPTUNE TWP PD,,0,0,0,0,P,B,N,N,06,2,FISHER AVE **,N,,,13341118__,.32,07,,01,04,02,01,01,01,05,01,500,FE,N,HECK AVE,,,,25,25,28,,,N,,34149
2018133418NT33171,MONMOUTH,NEPTUNE TWP,11/15/2018,TH,1236,01,NEPTUNE TWP PD,,0,0,0,0,P,B,N,N,01,2,NJ 18,N,18,,00000018__,9.84,02,,03,04,02,02,01,07,03,01,,,,,T,NJ 66,EB,65,,26,40.228500,74.050440,N,,34135
2018133418NT33182,MONMOUTH,NEPTUNE TWP,11/15/2018,TH,1354,01,NEPTUNE TWP PD,,0,0,0,0,P,I,N,N,03,2,FOREST DR **,N,,,13341055__,.09,07,,01,04,02,02,01,07,05,01,,AT,,PROSPECT AVE,,,,25,25,26,40.190390,74.049480,N,,34206
2018133418NT33198,MONMOUTH,NEPTUNE TWP,11/15/2018,TH,1616,01,NEPTUNE TWP PD,,0,1,0,0,I,B,N,N,01,2,NJ 35,S,35,,00000035__,23.72,02,,01,04,02,02,03,02,05,01,100,FE,N,HECK AVE,,,,35,25,26,40.212700,74.028890,N,,34175