Year(4)-CountyCode(2)-MunicipalityCode(2)-CaseNumber(9),County Name,Municipality Name,Crash Date,Crash Day of Week,Crash Time,Police Department Code,Police Department,Police Station,Total Killed,Total Injured,Pedestrians Killed,Pedestrians Injured,Severity,Intersection,Alcohol Involved,Hazmat Involved,Crash Type,Total Vehicles,Location,Location Direction,Route,Route Suffix,Std Rte Identifier,MilePost,Road System,Road Character,Road Horizontal Alignment,Road Grade,Road Surface Type,Surface Condition,Light Condition,Environmental Condition,Road Divided By,Temporary Traffic Control Zone,Distance To Cross Street,Unit Of Measurement,Direction From Cross Street,Cross Street Name,Is Ramp,Ramp To/From Route Name,Ramp To/From Route Direction,Posted Speed,Posted Speed Cross Street,First Harmful Event,Latitude,Longitude,Cell Phone In Use Flag,Other Property Damage,Reporting Badge No.
2018133418NT35716,MONMOUTH,NEPTUNE TWP,12/09/2018,SU,1328,01,NEPTUNE TWP PD,,0,0,0,0,P,B,N,N,01,2,WEST LAKE AVENUE,W,,,,,07,,01,04,02,01,01,01,05,01,100,FE,E,DRUMMOND AVENUE,,,,25,25,26,40.215610,74.028260,N,,34192
2018133418NT35718,MONMOUTH,NEPTUNE TWP,12/09/2018,SU,1358,01,NEPTUNE TWP PD,,0,0,0,0,P,B,N,N,02,2,NJ 35,S,35,,00000035__,23.55,02,,01,04,02,01,01,01,05,01,25,FE,S,BRADFISKE AVE,,,,35,25,26,40.210930,74.027940,N,,34192
2018133418NT35793,MONMOUTH,NEPTUNE TWP,12/10/2018,MO,1047,01,NEPTUNE TWP PD,,0,0,0,0,P,I,N,N,07,2,NEPTUNE BLVD **,S,,,,,07,,01,04,02,01,01,01,05,01,,AT,,WASHINGTON AVE,,,,25,25,26,40.209110,74.036040,N,,
2018133418NT35818,MONMOUTH,NEPTUNE TWP,12/10/2018,MO,1356,01,NEPTUNE TWP PD,,0,0,0,0,P,B,N,N,01,2,NJ 35,S,35,,00000035__,24.22,02,,01,04,02,01,01,01,05,01,50,FE,E,CR 17 / BANGS AVE,,,,35,40,26,,,N,,34191
2018133418NT35834,MONMOUTH,NEPTUNE TWP,12/10/2018,MO,1628,01,NEPTUNE TWP PD,,0,0,0,0,P,B,N,N,02,2,NJ 35,S,35,,00000035__,23.44,02,,01,04,02,01,03,01,04,01,40,FE,S,NJ 33 / CORLIES AVE,,,,35,30,26,,,N,,34203
2018133418NT35836,MONMOUTH,NEPTUNE TWP,12/10/2018,MO,1641,01,NEPTUNE TWP PD,,0,0,0,0,P,B,N,N,01,2,MYRTLE AVE **,S,,,13341119__,.23,07,,01,04,02,01,03,01,05,01,150,FE,S,STRATFORD AVE,,,,25,25,26,40.217080,74.025670,N,,34175
2018133418NT35842,MONMOUTH,NEPTUNE TWP,12/10/2018,MO,1731,01,NEPTUNE TWP PD,,0,0,0,0,P,I,N,N,01,2,NJ 35,S,35,,00000035__,24.21,02,,01,04,02,01,06,01,05,01,,AT,,CR 17 / BANGS AVE,,,,35,30,26,40.219610,74.032580,N,,34175
2018133418NT35844,MONMOUTH,NEPTUNE TWP,12/10/2018,MO,1747,01,NEPTUNE TWP PD,,0,1,0,0,I,I,N,N,04,2,NJ 66,N,66,,00000066__,2.45,02,,01,04,02,01,06,01,05,01,,AT,,BOWNE RD / WAYSIDE RD,,,,25,50,26,,,N,,34203
2018133418NT35848,MONMOUTH,NEPTUNE TWP,12/10/2018,MO,1813,01,NEPTUNE TWP PD,,0,0,0,0,P,B,N,N,03,2,NJ 66,W,66,,00000066__,1.95,02,,01,04,02,01,05,01,05,01,2640,FE,W,BOWNE RD / WAYSIDE RD,,,,50,25,26,40.228810,74.067490,N,,34175
2018133418NT35919,MONMOUTH,NEPTUNE TWP,12/11/2018,TU,1422,01,NEPTUNE TWP PD,,0,2,0,0,I,B,N,N,01,2,NJ 66,W,66,,00000066__,2.05,02,,01,04,01,01,01,01,05,01,1000,FE,E,YALE RD,,,,50,25,26,40.229830,74.062300,N,,34200
2018133418NT35923,MONMOUTH,NEPTUNE TWP,12/11/2018,TU,1449,01,NEPTUNE TWP PD,,0,1,0,0,I,B,N,N,14,1,WEST LAKE AVENUE,W,,,,,07,,01,04,02,01,01,01,05,01,40,FE,E,NJ 35,,,,25,35,21,40.216000,74.029940,N,,34180
2018133418NT35924,MONMOUTH,NEPTUNE TWP,12/11/2018,TU,1500,01,NEPTUNE TWP PD,,0,0,0,0,P,I,N,N,03,2,NJ 33,W,33,,00000033__,41.43,02,,01,04,02,01,01,01,05,01,,AT,,FISHER AVE,,,,30,25,26,40.209580,74.026140,N,,34193
2018133418NT35929,MONMOUTH,NEPTUNE TWP,12/11/2018,TU,1537,01,NEPTUNE TWP PD,,0,0,0,0,P,I,N,N,03,2,NJ 35,S,35,,00000035__,23.55,02,,01,04,02,01,01,01,04,01,,AT,,BRADFISKE AVE,,,,35,25,26,40.210370,74.028670,N,,34204
2018133418NT35935,MONMOUTH,NEPTUNE TWP,12/11/2018,TU,1634,01,NEPTUNE TWP PD,,0,1,0,0,I,B,N,N,01,2,NJ 66,E,66,,00000066__,2.44,02,,01,04,02,01,01,01,05,01,50,FE,W,BOWNE RD / WAYSIDE RD,,,,50,25,26,40.230240,74.060580,N,,34165
2018133418NT35944,MONMOUTH,NEPTUNE TWP,12/11/2018,TU,1729,01,NEPTUNE TWP PD,,0,0,0,0,P,B,N,N,01,2,NJ 66,W,66,,00000066__,1.87,02,,01,04,02,01,07,01,05,01,60,FE,E,YALE RD,,,,50,25,26,,,N,,34179
2018133418NT35976,MONMOUTH,NEPTUNE TWP,12/12/2018,WE,0637,01,NEPTUNE TWP PD,,0,1,0,1,I,I,N,N,13,1,EMBURY AVE **,E,,,13341109__,.20,07,,01,04,02,01,06,01,05,01,,AT,,CR 5 / ATKINS AVE,,,,25,30,22,40.212100,74.020720,N,,34135
2018133418NT36024,MONMOUTH,NEPTUNE TWP,12/12/2018,WE,1643,01,NEPTUNE TWP PD,,0,2,0,0,I,B,N,N,01,2,NJ 33,W,33,,00000033__,40.32,02,,01,04,02,01,01,01,05,01,20,FE,W,OAK DR / WALNUT AVE,,,,40,25,26,,,N,,34180
2018133418NT36031,MONMOUTH,NEPTUNE TWP,12/12/2018,WE,1604,01,NEPTUNE TWP PD,NEPTUNE TWP PD,0,0,0,0,P,B,N,N,01,2,NJ 33,E,33,,00000033__,40.05,02,,01,04,02,01,01,01,05,01,500,FE,W,,F,NJ 18,SB,40,,26,,,N,,34177
2018133418NT36130,MONMOUTH,NEPTUNE TWP,12/13/2018,TH,1539,01,NEPTUNE TWP PD,,0,0,0,0,P,B,N,N,01,2,MONMOUTH COUNTY 16,E,16,,13000016__,3.58,05,,01,04,02,01,01,01,05,01,,FE,W,WAYSIDE RD,,,,45,25,26,40.230810,74.060900,N,,34165
2018133418NT36146,MONMOUTH,NEPTUNE TWP,12/13/2018,TH,1735,01,NEPTUNE TWP PD,,0,0,0,0,P,B,N,N,01,3,NJ 66,E,66,,00000066__,2.41,02,,01,04,02,01,07,01,05,01,200,FE,W,BOWNE RD / WAYSIDE RD,,,,50,25,26,,,N,,
2018133418NT36154,MONMOUTH,NEPTUNE TWP,12/13/2018,TH,1849,01,NEPTUNE TWP PD,,0,0,0,0,P,B,N,N,15,1,CENTRAL BLVD **,S,,,13341192__,.13,07,,01,04,02,01,06,01,05,01,50,FE,S,DEAL AVE,,,,25,25,39,40.214500,74.057170,N,,34175
2018133418NT36217,MONMOUTH,NEPTUNE TWP,12/14/2018,FR,1101,01,NEPTUNE TWP PD,,0,0,0,0,P,I,N,N,01,2,NJ 66,E,66,,00000066__,3.21,02,,01,04,02,01,01,01,03,01,,AT,,NEPTUNE BLVD,,,,50,25,26,40.226600,74.042990,N,,34139
2018133418NT36245,MONMOUTH,NEPTUNE TWP,12/14/2018,FR,1548,01,NEPTUNE TWP PD,,0,0,0,0,P,B,N,N,08,2,WAKEFIELD RD **,S,,,13341352__,.81,07,,01,04,02,01,01,01,05,01,10,FE,N,NJ 33,,,,25,40,26,40.207180,74.043040,N,,34197
2018133418NT36263,MONMOUTH,NEPTUNE TWP,12/14/2018,FR,1829,01,NEPTUNE TWP PD,,0,0,0,0,P,B,N,N,08,2,MALL ROAD,E,,,,,07,,01,04,02,02,06,02,05,01,20,FE,W,NEPTUNE BLVD,,,,25,25,26,40.227100,74.043580,N,,34197
2018133418NT36267,MONMOUTH,NEPTUNE TWP,12/14/2018,FR,1843,01,NEPTUNE TWP PD,,0,1,0,0,I,I,N,N,04,2,MONMOUTH COUNTY 16,W,16,,13000016__,5.42,05,,01,04,02,02,06,01,05,01,,AT,,WHITESVILLE RD,,,,35,25,26,,,N,,34171
2018133418NT3628,MONMOUTH,NEPTUNE TWP,12/14/2018,FR,1216,01,NEPTUNE TWP PD,,0,0,0,0,P,B,N,N,06,2,RIDGE AVE,S,,,,,07,,01,04,02,01,01,01,05,01,45,FE,S,10TH AVE,,,,25,25,26,40.208210,74.022360,N,,34124
2018133418NT36309,MONMOUTH,NEPTUNE TWP,12/15/2018,SA,0940,01,NEPTUNE TWP PD,,0,1,0,0,I,B,N,N,02,2,NJ 33,E,33,,00000033__,37.79,02,,01,04,02,02,01,01,01,01,50,FE,E,HOVCHILD BLVD.,,,,45,25,26,40.219220,74.092730,N,,34160
2018133418NT36311,MONMOUTH,NEPTUNE TWP,12/15/2018,SA,1013,01,NEPTUNE TWP PD,,0,1,0,0,I,I,N,N,03,3,FISHER AVE **,S,,,13341118__,.23,07,,01,04,02,01,01,01,05,01,,AT,,HECK AVE,,,,25,25,26,40.212740,74.026680,N,GRASS AND TREE WERE DAMAGED IN YARD OF 1616 HECK AVENUE.,
2018133418NT36340,MONMOUTH,NEPTUNE TWP,12/15/2018,SA,1524,01,NEPTUNE TWP PD,,0,0,0,0,P,B,N,N,01,3,NJ 66,E,66,,00000066__,3.20,02,,01,04,02,02,01,01,05,01,75,FE,W,NEPTUNE BLVD,,,,50,25,26,,,N,,
2018133418NT36344,MONMOUTH,NEPTUNE TWP,12/15/2018,SA,1545,01,NEPTUNE TWP PD,,0,0,0,0,P,I,N,N,03,2,MONMOUTH COUNTY 17 II,E,17,2,130000172_,1.53,05,,01,04,02,01,01,01,05,01,,AT,,WAYSIDE RD,,,,40,25,26,40.221400,74.059140,N,,34197
2018133418NT36396,MONMOUTH,NEPTUNE TWP,12/16/2018,SU,1246,01,NEPTUNE TWP PD,,0,2,0,0,I,I,N,N,03,2,MONMOUTH COUNTY 40 A,S,40,A,13000040A_,1.07,05,,01,04,02,02,01,02,05,01,,AT,,7TH AVE / LAREINE AVE,,,,40,25,26,40.204300,74.018990,N,,34192
2018133418NT36406,MONMOUTH,NEPTUNE TWP,12/16/2018,SU,1605,01,NEPTUNE TWP PD,NEPTUNE TOWNSH?,0,0,0,0,P,B,N,N,01,2,MONMOUTH COUNTY 16,E,16,,13000016__,3.58,05,,01,04,02,02,01,02,05,01,100,FE,W,WAYSIDE ROAD,,,,45,25,26,,,N,,34177
2018133418NT36407,MONMOUTH,NEPTUNE TWP,12/16/2018,SU,1626,01,NEPTUNE TWP PD,,0,0,0,0,P,B,N,N,03,2,NJ 66,W,66,,00000066__,1.08,02,,01,04,02,02,03,,05,01,600,FE,E,JUMPING BROOK RD,,,,50,25,26,40.224720,74.085400,N,,34204
2018133418NT36408,MONMOUTH,NEPTUNE TWP,12/16/2018,SU,1644,01,NEPTUNE TWP PD,,0,0,0,0,P,I,N,N,01,2,NJ 18,E,18,,00000018__,9.84,02,,01,04,02,02,03,02,05,01,,AT,,NJ 66,,,,65,50,26,40.228250,74.049770,N,,34197
2018133418NT36412,MONMOUTH,NEPTUNE TWP,12/16/2018,SU,1842,01,NEPTUNE TWP PD,,0,0,0,0,P,B,Y,N,01,2,NJ 35,N,35,,00000035__,23.85,02,,01,04,02,02,06,02,05,01,75,FE,S,RUTHERFORD AVE,,,,35,25,26,40.214780,74.030190,N,,34197
2018133418NT36450,MONMOUTH,NEPTUNE TWP,12/17/2018,MO,0907,01,NEPTUNE TWP PD,,0,0,0,0,P,B,N,N,11,1,NJ 18,N,18,,00000018__,8.28,02,,03,04,02,02,01,01,03,01,,,,,F,NJ 33,WB,65,,56,40.206280,74.050560,N,,34206
2018133418NT36473,MONMOUTH,NEPTUNE TWP,12/17/2018,MO,1412,01,NEPTUNE TWP PD,,0,0,0,0,P,B,N,N,06,2,WEBB AVE **,W,,,13341125__,.36,07,,01,04,02,00,00,00,05,01,100,FE,E,BEACH AVE,,,,25,25,28,40.209940,74.005140,N,,34197
2018133418NT36553,MONMOUTH,NEPTUNE TWP,12/18/2018,TU,1304,01,NEPTUNE TWP PD,,0,0,0,0,P,I,N,N,07,2,NJ 35,N,35,,00000035__,24.21,02,,01,04,02,01,01,01,05,01,,AT,,CR 17 / BANGS AVE,,,,35,30,26,,,N,,34196
2018133418NT36583,MONMOUTH,NEPTUNE TWP,12/18/2018,TU,1727,01,NEPTUNE TWP PD,,0,0,0,0,P,B,N,N,01,3,NJ 35,S,35,,00000035__,24.35,02,,01,04,02,01,07,01,05,01,50,FE,N,OLDEN AVE,,,,35,25,26,,,N,,34179
2018133418NT36624,MONMOUTH,NEPTUNE TWP,12/19/2018,WE,0852,01,NEPTUNE TWP PD,,0,0,0,0,P,B,N,N,02,3,NJ 18,S,18,,00000018__,9.84,02,,01,04,01,01,01,01,05,01,25,FE,N,,T,NJ 66,EB,65,,26,40.227520,74.050700,N,,34139
2018133418NT36650,MONMOUTH,NEPTUNE TWP,12/19/2018,WE,1353,01,NEPTUNE TWP PD,,0,1,0,0,I,B,N,N,03,2,NJ 33,W,33,,00000033__,39.80,02,,01,04,02,01,01,01,04,01,200,FE,E,WAYSIDE RD,,,,40,25,26,,,N,,34207
2018133418NT36671,MONMOUTH,NEPTUNE TWP,12/19/2018,WE,1708,01,NEPTUNE TWP PD,NEPTUNE TWP PD,0,0,0,0,P,B,N,N,01,2,NJ 18,S,18,,00000018__,8.28,02,,01,04,02,01,07,01,05,01,,,,,T,NJ 33,WB,65,,26,,,N,,34177
2018133418NT36675,MONMOUTH,NEPTUNE TWP,12/19/2018,WE,1734,01,NEPTUNE TWP PD,,0,2,0,0,I,B,N,N,01,2,MONMOUTH COUNTY 17 II,E,17,2,130000172_,3.49,05,,01,04,02,01,06,01,05,01,50,FE,E,MYRTLE AVE,,,,25,25,26,40.218740,74.025550,N,,34175
2018133418NT36676,MONMOUTH,NEPTUNE TWP,12/19/2018,WE,1739,01,NEPTUNE TWP PD,,0,2,0,0,I,B,N,N,01,3,MONMOUTH COUNTY 16,E,16,,13000016__,3.53,05,,01,04,02,01,05,01,05,01,250,FE,W,WAYSIDE RD,,,,45,25,26,,,N,,
2018133418NT36679,MONMOUTH,NEPTUNE TWP,12/19/2018,WE,1818,01,NEPTUNE TWP PD,,0,0,0,0,P,I,N,N,02,2,NEPTUNE BLVD **,N,,,13341013__,.00,07,,01,04,02,01,06,01,02,01,,AT,,NJ 66,,,,25,50,26,40.225840,74.042370,N,,34175
2018133418NT36750,MONMOUTH,NEPTUNE TWP,12/20/2018,TH,1240,01,NEPTUNE TWP PD,,0,0,0,0,P,I,N,N,01,2,NJ 35,,35,,00000035__,23.45,02,,01,04,02,01,01,01,05,01,,AT,,NJ 33 / CORLIES AVE,,,,35,40,26,40.209440,74.027150,N,,34150
2018133418NT36823,MONMOUTH,NEPTUNE TWP,12/21/2018,FR,0826,01,NEPTUNE TWP PD,,0,0,0,0,P,B,N,N,06,2,MONMOUTH COUNTY 17 II,E,17,2,130000172_,2.43,05,,03,06,02,02,01,02,05,01,100,FE,W,ALPINE TRL,,,,40,25,26,40.218600,74.045370,N,,34200
2018133418NT36845,MONMOUTH,NEPTUNE TWP,12/21/2018,FR,1320,01,NEPTUNE TWP PD,,0,1,0,0,I,B,N,N,01,2,NJ 33,W,33,,00000033__,40.32,02,,01,04,02,02,01,02,05,01,25,FE,W,OAK DR / WALNUT AVE,,,,40,25,26,40.206650,74.047370,N,,34200
2018133418NT36863,MONMOUTH,NEPTUNE TWP,12/21/2018,FR,1647,01,NEPTUNE TWP PD,,0,1,0,0,I,B,N,N,01,2,NJ 66,E,66,,00000066__,1.73,02,,01,04,02,01,03,01,05,01,25,FE,W,GREEN GROVE RD,,,,50,25,26,,,N,,34203
2018133418NT36867,MONMOUTH,NEPTUNE TWP,12/21/2018,FR,1730,01,NEPTUNE TWP PD,,0,0,0,0,P,B,N,N,13,1,NJ 33,W,33,,00000033__,41.30,02,,01,04,02,02,06,02,05,01,50,FE,E,UNION AVE,,,,40,25,22,40.209030,74.029430,N,,34165
2018133418NT36873,MONMOUTH,NEPTUNE TWP,12/21/2018,FR,1826,01,NEPTUNE TWP PD,,0,1,0,0,I,I,N,N,03,2,FISHER AVE **,W,,,13341118__,.23,07,,01,04,02,02,07,02,05,01,,AT,,HECK AVE,,,,25,25,26,40.212740,74.026680,N,,34204
2018133418NT36876,MONMOUTH,NEPTUNE TWP,12/21/2018,FR,1906,01,NEPTUNE TWP PD,,0,0,0,0,P,B,N,N,11,1,NJ 18,S,18,,00000018__,9.84,02,,03,05,02,02,06,02,02,01,,,,,T,NJ 66,EB,65,,56,40.228250,74.049770,N,,34165
2018133418NT36884,MONMOUTH,NEPTUNE TWP,12/21/2018,FR,2136,01,NEPTUNE TWP PD,,0,0,0,0,P,B,N,N,06,2,HECK AVE,E,,,13341107__,1.25,07,,01,04,01,01,01,01,05,01,700,FE,E,CR 5 / ATKINS AVE,,,,25,30,26,40.213030,74.019850,N,,34194
2018133418NT36922,MONMOUTH,NEPTUNE TWP,12/22/2018,SA,0928,01,NEPTUNE TWP PD,,0,0,0,0,P,I,N,N,03,2,MONMOUTH COUNTY 16,E,16,,13000016__,5.21,05,,01,04,02,01,01,01,05,01,,AT,,ANELVE AVE / OXONIA AVE,,,,35,25,26,40.230810,74.060900,N,,34200
2018133418NT36925,MONMOUTH,NEPTUNE TWP,12/22/2018,SA,1014,01,NEPTUNE TWP PD,,0,2,0,0,I,I,N,N,07,2,NJ 35,N,35,,00000035__,24.29,02,,01,04,02,01,01,01,05,01,,AT,,MONROE AVE,,,,35,25,26,40.220650,74.033120,N,,34200
2018133418NT36943,MONMOUTH,NEPTUNE TWP,12/22/2018,SA,1302,01,NEPTUNE TWP PD,,0,0,0,0,P,I,N,N,02,2,NEPTUNE BLVD **,N,,,13341013__,.00,07,,01,04,02,01,01,01,05,01,,AT,,NJ 66,,,,25,50,26,40.227110,74.043580,N,,34200
2018133418NT36964,MONMOUTH,NEPTUNE TWP,12/22/2018,SA,1726,01,NEPTUNE TWP PD,,0,0,0,0,P,B,N,N,12,1,WAYSIDE RD,S,,,13341418__,.00,07,,01,04,02,01,05,01,05,01,2640,FE,S,NJ 66,,,,25,50,24,40.230240,74.060380,N,,34175
2018133418NT36966,MONMOUTH,NEPTUNE TWP,12/22/2018,SA,1742,01,NEPTUNE TWP PD,,0,0,0,0,P,B,N,N,01,2,NJ 35,N,35,,00000035__,24.21,02,,01,04,02,01,06,01,05,01,15,FE,S,CR 17 / BANGS AVE,,,,35,25,26,40.219650,74.032590,N,,34197
2018133418NT36972,MONMOUTH,NEPTUNE TWP,12/22/2018,SA,1846,01,NEPTUNE TWP PD,,0,0,0,0,P,I,N,N,02,2,NJ 35,S,35,,00000035__,24.77,02,,01,04,02,01,06,01,05,01,,AT,,ROBIN RD,,,,35,25,26,40.225740,74.037820,N,,34193
2018133418NT36977,MONMOUTH,NEPTUNE TWP,12/22/2018,SA,1939,01,NEPTUNE TWP PD,,0,0,0,0,P,B,N,N,06,2,TENTH AVE **,E,,,13341082__,.49,07,,01,04,02,01,06,01,05,01,125,FE,E,CR 5 / ATKINS AVE,,,,25,30,28,40.207700,74.020370,N,,34197
2018133418NT37006,MONMOUTH,NEPTUNE TWP,12/23/2018,SU,0549,01,NEPTUNE TWP PD,,0,0,0,0,P,B,N,N,12,1,NJ 18,S,18,,00000018__,9.84,02,,01,04,02,01,06,01,05,01,20,FE,N,NJ 66,,,,65,,26,40.209760,74.052190,N,,34199
2018133418NT37088,MONMOUTH,NEPTUNE TWP,12/24/2018,MO,1030,01,NEPTUNE TWP PD,,0,0,0,0,P,B,N,N,01,2,NJ 35,S,35,,00000035__,23.45,02,,01,04,02,02,01,01,05,01,25,FE,N,NJ 33 / CORLIES AVE,,,,35,35,26,40.209440,74.027150,N,,34200
2018133418NT37100,MONMOUTH,NEPTUNE TWP,12/24/2018,MO,1403,01,NEPTUNE TWP PD,,0,0,0,0,P,B,N,N,03,2,GREEN GROVE RD,N,,,13341417__,2.03,07,,01,04,02,01,01,01,05,01,10,FE,S,CR 16 / ASBURY AVE,,,,25,25,26,,,N,,34203
2018133418NT37102,MONMOUTH,NEPTUNE TWP,12/24/2018,MO,1425,01,NEPTUNE TWP PD,,0,0,0,0,P,B,N,N,11,1,NJ 33,W,33,,00000033__,38.91,02,,01,05,02,01,01,01,05,01,2640,FE,W,GREEN GROVE RD,,,,45,25,46,40.207680,74.069830,N,POLE #BP121NT DESTROYED VERIZON NOTIFIED AND RESPONDED.,34180
2018133418NT37104,MONMOUTH,NEPTUNE TWP,12/24/2018,MO,1446,01,NEPTUNE TWP PD,,0,0,0,0,P,I,N,N,03,2,NJ 35,S,35,,00000035__,23.86,02,,01,04,02,01,01,01,05,01,,AT,,RUTHERFORD AVE,,,,35,25,26,,,N,,34203
2018133418NT37113,MONMOUTH,NEPTUNE TWP,12/24/2018,MO,1652,01,NEPTUNE TWP PD,,0,0,0,0,P,B,N,N,01,2,MONMOUTH COUNTY 16,E,16,,13000016__,3.58,05,,01,04,01,01,01,01,05,01,700,FE,E,WAYSIDE ROAD,,,,40,25,26,40.230810,74.060900,N,,34194
2018133418NT37127,MONMOUTH,NEPTUNE TWP,12/24/2018,MO,2248,01,NEPTUNE TWP PD,,0,2,0,0,I,I,N,N,01,2,NJ 35,S,35,,00000035__,23.93,02,,01,04,02,01,06,01,05,01,,AT,,WEST LAKE AVE,,,,35,25,26,40.215780,74.030540,N,,34181
2018133418NT37140,MONMOUTH,NEPTUNE TWP,12/25/2018,TU,0815,01,NEPTUNE TWP PD,,0,0,0,0,P,B,N,N,06,2,BINGHAM ST **,N,,,13341167__,.06,07,,01,04,02,02,01,01,05,01,1000,FE,S,NEPTUNE BLVD,,,,25,25,26,,,N,,34149
2018133418NT37169,MONMOUTH,NEPTUNE TWP,12/25/2018,TU,1845,01,NEPTUNE TWP PD,,0,0,0,0,P,B,N,N,02,2,NJ 66,W,66,,00000066__,2.52,02,,02,04,02,01,01,01,05,01,50,FE,E,CR 16 / ASBURY AVE / PARK RD,,,,50,45,26,,,N,,34179
2018133418NT37174,MONMOUTH,NEPTUNE TWP,12/26/2018,WE,1906,01,NEPTUNE TWP PD,,0,1,0,1,I,I,N,N,13,1,11TH AVE **,E,,,13341084__,.25,07,,01,04,02,01,06,01,05,01,,AT,,RIDGE AVE,,,,25,25,,,,N,,164
2018133418NT37190,MONMOUTH,NEPTUNE TWP,12/26/2018,WE,0349,01,NEPTUNE TWP PD,,0,1,0,0,I,B,N,N,11,1,NJ 18,N,18,,00000018__,8.28,02,,03,06,02,04,05,01,01,01,,,,,F,NJ 33,WB,65,,56,40.206260,74.052300,N,CURB & GUARDRAIL - NJ DOT ADVISED,34185
2018133418NT37193,MONMOUTH,NEPTUNE TWP,12/26/2018,WE,0349,01,NEPTUNE TWP PD,,0,0,0,0,P,B,N,N,11,1,NJ 18,N,18,,00000018__,8.28,02,,03,06,02,04,05,01,02,01,,,,,F,NJ 33,WB,65,,56,40.206260,74.052300,N,,34185
2018133418NT37215,MONMOUTH,NEPTUNE TWP,12/26/2018,WE,1216,01,NEPTUNE TWP PD,,0,0,0,0,P,B,N,N,06,3,SAYRE ST **,S,,,13341170__,.16,07,,01,04,02,00,00,00,05,01,75,FE,S,BRADFORD AVE,,,,25,25,28,,,N,,
2018133418NT37220,MONMOUTH,NEPTUNE TWP,12/26/2018,WE,1329,01,NEPTUNE TWP PD,,0,0,0,0,P,I,N,N,02,2,NJ 33,N,33,,00000033__,40.13,02,,01,04,02,01,01,01,01,01,,AT,,BRIGHTON AVE,,,,25,40,26,40.206280,74.050560,N,,34135
2018133418NT37221,MONMOUTH,NEPTUNE TWP,12/26/2018,WE,1332,01,NEPTUNE TWP PD,,0,0,0,0,P,B,N,N,03,2,NEPTUNE BLVD **,N,,,13341013__,.00,07,,01,04,02,01,01,01,02,01,1000,FE,S,NJ 66,,,,25,50,26,,,N,,34166
2018133418NT37228,MONMOUTH,NEPTUNE TWP,12/26/2018,WE,1525,01,NEPTUNE TWP PD,,0,0,0,0,P,B,N,N,05,2,RUTHERFORD AVE **,E,,,13341091__,.19,07,,01,04,02,01,01,01,05,01,20,FE,W,BLOOMFIELD AVE,,,,25,25,26,40.214900,74.030070,N,,34175
2018133418NT37231,MONMOUTH,NEPTUNE TWP,12/26/2018,WE,1540,01,NEPTUNE TWP PD,,0,1,0,0,I,B,N,N,01,4,NJ 66,E,66,,00000066__,3.61,02,,01,04,02,01,07,01,05,01,20,FE,E,NJ 35 / CARDINAL RD,,,,35,25,26,40.225800,74.038820,N,,
2018133418NT37250,MONMOUTH,NEPTUNE TWP,12/26/2018,WE,1748,01,NEPTUNE TWP PD,,0,0,0,0,P,B,N,N,01,2,MONMOUTH COUNTY 17 II,E,17,2,130000172_,3.14,05,,01,04,02,01,06,01,05,01,10,FE,W,NJ 35,,,,25,35,26,40.219340,74.032000,N,,34171
2018133418NT37318,MONMOUTH,NEPTUNE TWP,12/27/2018,TH,1224,01,NEPTUNE TWP PD,,0,1,0,0,I,I,N,N,04,2,NJ 33,E,33,,00000033__,39.25,02,,01,04,02,01,01,01,04,01,,AT,,FAIRVIEW AVE / LOCUST ST,,,,45,25,26,40.208260,74.067100,N,,34206
2018133418NT37350,MONMOUTH,NEPTUNE TWP,12/27/2018,TH,1759,01,NEPTUNE TWP PD,,0,0,0,0,P,B,N,N,06,2,MT HERMON WAY **,E,,,13341155__,.21,07,,01,04,02,01,01,01,05,01,25,FE,E,PENNSYLVANIA AVE,,,,25,25,28,40.213000,74.009300,N,,34162
2018133418NT37377,MONMOUTH,NEPTUNE TWP,12/28/2018,FR,0744,01,NEPTUNE TWP PD,,0,0,0,0,P,B,N,N,02,2,MONMOUTH COUNTY 17 II,E,17,2,130000172_,1.92,05,,01,04,02,02,01,02,04,01,150,FE,W,PALMER AVE,,,,40,25,26,40.219240,74.053860,N,,34206
2018133418NT37423,MONMOUTH,NEPTUNE TWP,12/28/2018,FR,1707,01,NEPTUNE TWP PD,,0,0,0,0,P,B,N,N,02,2,NJ 33,W,33,,00000033__,40.44,02,,01,04,02,02,06,02,05,01,5,FE,E,CR 2 / OXFORD WAY,,,,40,25,26,40.228250,74.049770,N,,34193
2018133418NT37424,MONMOUTH,NEPTUNE TWP,12/28/2018,FR,1716,01,NEPTUNE TWP PD,NEPTUNE TWP PD,0,1,0,0,I,I,N,N,07,2,NJ 66,W,66,,00000066__,.97,02,,01,04,02,02,07,02,05,01,,AT,,JUMPING BROOK RD,,,,50,25,26,,,N,,34177
2018133418NT37434,MONMOUTH,NEPTUNE TWP,12/28/2018,FR,2021,01,NEPTUNE TWP PD,,0,1,0,0,I,B,N,N,03,2,NJ 33,W,33,,00000033__,41.92,02,,01,04,02,01,06,01,02,05,20,FE,W,CR 40 A / MEMORIAL DR,,,,40,30,26,40.209930,74.023460,N,,34194
2018133418NT37484,MONMOUTH,NEPTUNE TWP,12/29/2018,SA,1057,01,NEPTUNE TWP PD,,0,0,0,0,P,B,N,N,02,2,NJ 33,E,33,,00000033__,41.92,02,,01,04,02,01,01,01,02,01,10,FE,E,CR 40 A / MEMORIAL DR,,,,30,40,26,40.210710,74.017230,N,,34206
2018133418NT37501,MONMOUTH,NEPTUNE TWP,12/29/2018,SA,1319,01,NEPTUNE TWP PD,,0,1,0,0,I,B,N,N,01,3,NJ 66,E,66,,00000066__,1.16,02,,01,04,02,01,01,01,05,01,1000,FE,E,JUMPING BROOK RD,,,,50,25,26,40.222570,74.086860,N,,34139