Year(4)-CountyCode(2)-MunicipalityCode(2)-CaseNumber(9),County Name,Municipality Name,Crash Date,Crash Day of Week,Crash Time,Police Department Code,Police Department,Police Station,Total Killed,Total Injured,Pedestrians Killed,Pedestrians Injured,Severity,Intersection,Alcohol Involved,Hazmat Involved,Crash Type,Total Vehicles,Location,Location Direction,Route,Route Suffix,Std Rte Identifier,MilePost,Road System,Road Character,Road Horizontal Alignment,Road Grade,Road Surface Type,Surface Condition,Light Condition,Environmental Condition,Road Divided By,Temporary Traffic Control Zone,Distance To Cross Street,Unit Of Measurement,Direction From Cross Street,Cross Street Name,Is Ramp,Ramp To/From Route Name,Ramp To/From Route Direction,Posted Speed,Posted Speed Cross Street,First Harmful Event,Latitude,Longitude,Cell Phone In Use Flag,Other Property Damage,Reporting Badge No.
2018133418NT37522,MONMOUTH,NEPTUNE TWP,12/29/2018,SA,1644,01,NEPTUNE TWP PD,,0,0,0,0,P,B,N,N,12,1,NJ 18,N,18,,00000018__,8.00,02,,01,04,02,01,03,01,05,01,,,,,,,,65,,24,,,N,,34203
2018133418NT37612,MONMOUTH,NEPTUNE TWP,12/30/2018,SU,1215,01,NEPTUNE TWP PD,,0,0,0,0,P,I,N,N,03,2,MONMOUTH COUNTY 2,S,2,,13000002__,1.42,05,,01,04,02,01,01,01,05,01,,AT,,CR 40 A / MEMORIAL DR,,,,40,30,26,,,N,,34191
2018133418NT37615,MONMOUTH,NEPTUNE TWP,12/30/2018,SU,1258,01,NEPTUNE TWP PD,,0,2,0,0,I,I,N,N,03,2,MONMOUTH COUNTY 5,N,5,,13000005__,.90,05,,01,04,02,01,01,01,05,01,,AT,,9TH AVE,,,,30,25,26,,,N,,34191
2018133418NT37680,MONMOUTH,NEPTUNE TWP,12/31/2018,MO,0646,01,NEPTUNE TWP PD,,0,0,0,0,P,B,N,N,11,1,NJ 33,W,33,,00000033__,40.05,02,,01,04,02,04,02,01,05,01,,,,,T,NJ 18,NB,40,,46,40.206260,74.052300,N,ON RAMP GUARDRAIL  DOT NOTIFIED.,34192
2018133418NT37748,MONMOUTH,NEPTUNE TWP,12/31/2018,MO,1703,01,NEPTUNE TWP PD,,0,0,0,0,P,B,N,N,01,2,NJ 66,E,66,,00000066__,.71,02,,01,05,02,01,06,01,03,01,200,FE,E,CEDAR VILLAGE BLVD,,,,50,25,26,40.229510,74.054720,N,,34194
2018133418NT37754,MONMOUTH,NEPTUNE TWP,12/31/2018,MO,1745,01,NEPTUNE TWP PD,,0,0,0,0,P,B,N,N,01,2,NJ 35,E,35,,00000035__,21.64,02,,01,04,02,02,06,02,05,01,50,FE,E,NJ 66,,,,35,50,26,,,N,,34203
2018133418NT37762,MONMOUTH,NEPTUNE TWP,12/31/2018,MO,1745,01,NEPTUNE TWP PD,,0,1,0,0,I,I,N,N,14,1,MONMOUTH COUNTY 40 A,S,40,A,13000040A_,1.14,05,,01,04,02,02,06,02,05,01,,AT,,CR 2 / 6TH AVE,,,,40,25,21,,,N,,34203
2018133418OT20037,MONMOUTH,NEPTUNE TWP,08/10/2018,FR,1555,01,OCEAN TWP PD (MONMOUTH),ZONE 55,0,0,0,0,P,B,N,N,02,2,NJ 35,N,35,,00000035__,24.70,02,,01,04,02,01,01,01,02,01,,,,,,,,50,,26,40.226320,74.037530,N,,37259
2018133518NC00019,MONMOUTH,NEPTUNE CITY BORO,01/01/2018,MO,1800,01,NEPTUNE CITY PD,,0,1,0,0,I,I,N,N,03,2,MONMOUTH COUNTY 17 III,W,17,3,130000173_,.95,05,,01,04,02,01,06,01,05,01,,AT,,LAWRENCE DR / OXFORD WAY,,,,35,25,26,40.204630,74.042440,N,,35127
2018133518NC00026,MONMOUTH,NEPTUNE CITY BORO,01/02/2018,TU,0136,01,NEPTUNE CITY PD,,0,0,0,0,P,B,N,N,06,2,RIVERDALE AVE **,N,,,13351049__,.00,07,,01,04,02,00,00,00,05,01,250,FE,S,CR 17 III / W SYLVANIA AVE,,,,25,35,28,,,N,,35128
2018133518NC00082,MONMOUTH,NEPTUNE CITY BORO,01/03/2018,WE,1744,01,NEPTUNE CITY PD,,0,0,0,0,P,B,N,N,01,2,BRIGHTON AVE,N,,,13351060__,.03,07,,01,06,02,01,06,01,04,01,12,FE,N,CR 17 III / W SYLVANIA AVE,,,,25,35,26,,,N,,35117
2018133518NC00149,MONMOUTH,NEPTUNE CITY BORO,01/06/2018,SA,1432,01,NEPTUNE CITY PD,,0,0,0,0,P,B,N,N,06,2,311 W SYLVANIA AVE,E,,,,,09,,01,04,02,03,01,01,05,01,,,,PRIVATE PROPERTY PARKING LOT,,,,15,,26,,,N,,35126
2018133518NC00185,MONMOUTH,NEPTUNE CITY BORO,01/08/2018,MO,0825,01,NEPTUNE CITY PD,,0,0,0,0,P,B,N,N,11,1,NJ 35,S,35,,00000035__,22.16,02,,03,04,02,02,01,01,02,01,371,FE,N,BOSTON RD,,,,35,25,56,40.192510,74.024500,N,,35058
2018133518NC00229,MONMOUTH,NEPTUNE CITY BORO,01/09/2018,TU,1115,01,NEPTUNE CITY PD,,0,0,0,0,P,B,N,N,06,2,TUCKER DRIVE,N,,,,,07,,01,04,02,02,01,01,05,01,100,FE,S,CR 17,,,,25,35,28,,,N,,35128
2018133518NC00283,MONMOUTH,NEPTUNE CITY BORO,01/11/2018,TH,1914,01,NEPTUNE CITY PD,,0,0,0,0,P,I,N,N,07,2,NJ 35,S,35,,00000035__,22.53,02,,02,04,02,02,06,01,02,01,,AT,,CR 17 / MERRITT AVE / SYLVANIA AVE,,,,35,,26,40.196150,74.027390,N,,35121
2018133518NC00376,MONMOUTH,NEPTUNE CITY BORO,01/14/2018,SU,2336,01,NEPTUNE CITY PD,,0,0,0,0,P,I,N,N,03,2,MONMOUTH COUNTY 40 A,S,40,A,13000040A_,1.29,05,,01,04,02,01,06,01,05,01,,AT,,4TH AVE,,,,40,25,26,40.201150,74.020340,N,,35127
2018133518NC00453,MONMOUTH,NEPTUNE CITY BORO,01/17/2018,WE,1725,01,NEPTUNE CITY PD,,0,0,0,0,P,B,N,N,06,2,HILLSIDE AVE **,W,,,13351033__,.30,07,,01,04,02,01,06,01,05,01,78,FE,W,NJ 35,,,,25,35,28,,,N,,35124
2018133518NC00518,MONMOUTH,NEPTUNE CITY BORO,01/19/2018,FR,1543,01,NEPTUNE CITY PD,,0,1,0,0,I,I,N,N,03,2,MONMOUTH COUNTY 40 A,S,40,A,13000040A_,1.29,05,,01,04,02,01,01,01,04,01,,AT,,4TH AVE,,,,40,25,26,40.201290,74.020080,N,UTILITY POLE OWNED BY NJ TRASIT,35117
2018133518NC00649,MONMOUTH,NEPTUNE CITY BORO,01/25/2018,TH,1303,01,NEPTUNE CITY PD,,0,0,0,0,P,I,N,N,02,2,BRIGHTON AVE,N,,,13351060__,.00,07,,01,06,02,01,01,01,05,01,,AT,S,NJ 33 / CORLIES AVE,,,,25,,26,,,N,,35126
2018133518NC00856,MONMOUTH,NEPTUNE CITY BORO,02/01/2018,TH,1522,01,NEPTUNE CITY PD,,0,0,0,0,P,B,N,N,06,2,WEST END AVE **,S,,,13351053__,.00,07,,01,05,02,01,01,01,05,01,76,FE,S,CR 17 / W SYLVANIA AVE,,,,25,35,28,,,N,,35058
2018133518NC01297,MONMOUTH,NEPTUNE CITY BORO,02/16/2018,FR,1355,01,NEPTUNE CITY PD,,1,0,1,0,F,B,N,N,13,1,NJ 33,E,33,,00000033__,40.30,02,,01,06,02,01,01,05,05,01,85,FE,W,OAK DR / WALNUT AVE,,,,40,25,22,40.206410,74.048010,N,,35121
2018133518NC01447,MONMOUTH,NEPTUNE CITY BORO,02/22/2018,TH,0814,01,NEPTUNE CITY PD,,0,0,0,0,P,B,N,N,02,2,NJ 33,E,33,,00000033__,40.28,02,,01,06,02,01,01,01,05,01,236,FE,W,OAK DR / WALNUT AVE,,,,40,25,26,40.206580,74.047240,N,,35121
2018133518NC01530,MONMOUTH,NEPTUNE CITY BORO,02/26/2018,MO,0827,01,NEPTUNE CITY PD,,0,1,0,0,I,B,N,N,11,1,NJ 33,E,33,,00000033__,40.51,02,,01,04,02,01,01,01,05,01,374,FE,E,CR 2 / OXFORD WAY,,,,40,25,56,40.206850,74.045440,N,UTILITY POLE #BT93 WAS STRUCK  ALONG WITH A SANDWICH BOARD FROM A STORE,35121
2018133518NC01646,MONMOUTH,NEPTUNE CITY BORO,03/01/2018,TH,1524,01,NEPTUNE CITY PD,,0,0,0,0,P,B,N,N,02,2,NJ 33,E,33,,00000033__,40.21,02,,01,04,02,01,01,05,05,01,600,FE,W,OAK DR / WALNUT AVE,,,,40,25,26,,,N,,35128
2018133518NC01724,MONMOUTH,NEPTUNE CITY BORO,03/04/2018,SU,1515,01,NEPTUNE CITY PD,,0,0,0,0,P,I,N,N,03,2,FIFTH AVE,E,,,,,07,,01,04,02,01,01,01,05,01,,AT,,UNION AVE,,,,25,25,26,40.203900,74.029820,N,,35121
2018133518NC01794,MONMOUTH,NEPTUNE CITY BORO,03/06/2018,TU,1537,01,NEPTUNE CITY PD,,0,1,0,0,I,I,N,N,01,2,MONMOUTH COUNTY 40 A,N,40,A,13000040A_,1.36,05,,01,04,02,01,01,01,05,01,,AT,,3RD AVE,,,,40,25,26,,,N,,35124
2018133518NC01821,MONMOUTH,NEPTUNE CITY BORO,03/07/2018,WE,1605,01,NEPTUNE CITY PD,,0,0,0,0,P,B,N,N,11,1,MONMOUTH COUNTY 40 A,S,40,A,13000040A_,1.90,05,,03,05,02,03,01,03,05,01,,,,,T,NJ 35,SB,40,,56,,,N,,35128
2018133518NC01840,MONMOUTH,NEPTUNE CITY BORO,03/08/2018,TH,0939,01,NEPTUNE CITY PD,,0,1,0,0,I,I,N,N,03,2,NJ 35,,35,,00000035__,22.46,02,,01,04,02,01,01,01,05,,,AT,,S WALL ST,,,,35,25,26,40.195970,74.027080,N,,35102
2018133518NC02010,MONMOUTH,NEPTUNE CITY BORO,03/13/2018,TU,1558,01,NEPTUNE CITY PD,,0,1,0,0,I,I,N,N,03,2,MONMOUTH COUNTY 2,E,2,,13000002__,.04,05,,01,04,02,01,01,01,05,01,,AT,,SPRINGDALE AVENUE,,,,30,25,26,40.206070,74.037210,N,,35127
2018133518NC02206,MONMOUTH,NEPTUNE CITY BORO,03/20/2018,TU,1625,01,NEPTUNE CITY PD,,0,1,0,0,I,I,N,N,01,2,MONMOUTH COUNTY 17 III,W,17,3,130000173_,.58,05,,01,04,02,02,01,06,05,01,,AT,,LOCUST AVE,,,,35,25,26,40.200960,74.037510,N,,35058
2018133518NC02225,MONMOUTH,NEPTUNE CITY BORO,03/21/2018,WE,2009,01,NEPTUNE CITY PD,,0,0,0,0,P,B,N,N,11,1,MONMOUTH COUNTY 17 III,W,17,3,130000173_,.94,05,,03,04,02,03,06,03,05,01,38,FE,W,LAWRENCE DR / OXFORD WAY,,,,35,25,56,40.204630,74.042440,N,USPS MAIL BOX,35121
2018133518NC02322,MONMOUTH,NEPTUNE CITY BORO,03/24/2018,SA,1831,01,NEPTUNE CITY PD,NEPTUNE CITY,0,0,0,0,P,B,N,N,08,2,MONMOUTH COUNTY 17 III,S,17,3,130000173_,1.39,05,,01,04,02,01,01,01,05,01,65,FE,E,BRIGHTON AVE,,,,35,25,26,,,N,,35116
2018133518NC02354,MONMOUTH,NEPTUNE CITY BORO,03/26/2018,MO,0927,01,NEPTUNE CITY PD,,0,0,0,0,P,B,N,N,06,2,MONMOUTH COUNTY 5,N,5,,13000005__,.30,05,,01,04,02,01,00,03,04,01,6,FE,S,FOREST AVE,,,,35,25,28,40.198320,74.023590,N,,35117
2018133518NC02363,MONMOUTH,NEPTUNE CITY BORO,03/26/2018,MO,1734,01,NEPTUNE CITY PD,,0,0,0,0,P,B,N,N,06,2,RIDGE AVE,S,,,,,07,,01,04,02,01,01,01,05,01,253,FE,S,W WALL ST,,,,25,25,26,40.198510,74.027440,N,,35121
2018133518NC02492,MONMOUTH,NEPTUNE CITY BORO,03/31/2018,SA,1107,01,NEPTUNE CITY PD,,0,0,0,0,P,B,N,N,99,1,NJ 35,N,35,,00000035__,22.65,02,,02,06,02,01,01,01,05,01,87,FE,S,WOODLAND AVE,,,,35,25,,,,N,,35102
2018133518NC02515,MONMOUTH,NEPTUNE CITY BORO,03/31/2018,SA,2325,01,NEPTUNE CITY PD,,0,1,0,0,I,I,Y,N,11,1,MONMOUTH COUNTY 17 III,W,17,3,130000173_,.56,05,,01,04,02,01,06,01,05,01,,AT,,CR 17 / EAST END AVE,,,,35,30,52,40.200960,74.037510,N,TELEPHONE POLE OWNED BY VERIZON,35121
2018133518NC02517,MONMOUTH,NEPTUNE CITY BORO,04/01/2018,SU,0300,01,NEPTUNE CITY PD,,0,0,0,0,P,I,N,N,99,1,NJ 35,S,35,,00000035__,22.65,02,,02,04,02,00,00,00,05,01,,AT,,MORRIS AVE,,,,35,25,00,,,N,NJDOT SIGN FOR SPLIT IN THE ROAD,35128
2018133518NC02541,MONMOUTH,NEPTUNE CITY BORO,04/02/2018,MO,0832,01,NEPTUNE CITY PD,,0,0,0,0,P,I,N,N,03,2,NJ 35,E,35,,00000035__,23.02,02,,01,04,02,05,01,03,05,01,,AT,,5TH AVE,,,,35,25,26,,,N,,35124
2018133518NC02644,MONMOUTH,NEPTUNE CITY BORO,04/05/2018,TH,1903,01,NEPTUNE CITY PD,,0,0,0,0,P,I,N,N,03,2,NJ 33,E,33,,00000033__,40.55,02,,01,04,02,01,01,01,05,01,,AT,,WAKEFIELD RD,,,,40,25,26,,,N,,35126
2018133518NC02728,MONMOUTH,NEPTUNE CITY BORO,04/09/2018,MO,0758,01,NEPTUNE CITY PD,,0,0,0,0,P,B,Y,N,06,2,SPRINGDALE AVE,N,,,,,07,,01,04,02,01,01,01,05,01,66,FE,S,FIFTH AVE,,,,25,25,28,40.205200,74.037460,N,,35117
2018133518NC03000,MONMOUTH,NEPTUNE CITY BORO,04/15/2018,SU,1732,01,NEPTUNE CITY PD,,0,0,0,0,P,B,N,N,01,2,NJ 35,S,35,,00000035__,22.71,02,,01,04,02,02,01,02,05,01,102,FE,S,SUMMIT AVE,,,,35,25,26,40.199120,74.028970,N,,35073
2018133518NC03394,MONMOUTH,NEPTUNE CITY BORO,04/24/2018,TU,1446,01,NEPTUNE CITY PD,,0,0,0,0,P,B,N,N,08,2,UNION AVE,N,,,,,07,,01,04,02,01,01,01,05,01,177,FE,N,FIFTH AVE,,,,25,25,26,40.203900,74.029820,N,,35121
2018133518NC03432,MONMOUTH,NEPTUNE CITY BORO,04/26/2018,TH,0805,01,NEPTUNE CITY PD,,0,1,0,1,I,I,N,N,13,1,MONMOUTH COUNTY 17 III,W,17,3,130000173_,.51,05,,01,04,02,01,01,01,05,01,,AT,,BENNETT AVE,,,,35,25,26,40.200430,74.036360,N,,35127
2018133518NC03447,MONMOUTH,NEPTUNE CITY BORO,04/26/2018,TH,1739,01,NEPTUNE CITY PD,,0,0,0,0,P,B,N,N,03,2,BRIGHTON AVE,N,,,13351060__,.01,07,,02,04,02,01,01,01,05,01,122,FE,S,CR 17 III / W SYLVANIA AVE,,,,25,35,26,40.205490,74.051030,N,,35127
2018133518NC03448,MONMOUTH,NEPTUNE CITY BORO,04/26/2018,TH,1738,01,NEPTUNE CITY PD,,0,1,0,0,I,I,N,N,01,2,MONMOUTH COUNTY 17 III,W,17,3,130000173_,.07,05,,01,04,02,01,01,01,05,01,,AT,,WINDSOR CT,,,,35,25,26,40.197390,74.029520,N,,35089
2018133518NC03451,MONMOUTH,NEPTUNE CITY BORO,04/26/2018,TH,1811,01,NEPTUNE CITY PD,,0,2,0,0,I,I,N,N,07,2,MONMOUTH COUNTY 17 III,S,17,3,130000173_,1.39,05,,01,04,02,01,01,01,05,01,,AT,,BRIGHTON AVE,,,,35,25,26,,,N,,35124
2018133518NC03463,MONMOUTH,NEPTUNE CITY BORO,04/27/2018,FR,0805,01,NEPTUNE CITY PD,,0,0,0,0,P,B,N,N,06,2,FIFTH AVENUE,W,,,,,07,,01,04,02,02,01,02,05,01,500,FE,W,NJ 35,,,,25,35,28,,,N,,35128
2018133518NC03502,MONMOUTH,NEPTUNE CITY BORO,04/28/2018,SA,1510,01,NEPTUNE CITY PD,,0,0,0,0,P,I,N,N,03,2,NJ 35,N,35,,00000035__,22.30,02,,01,04,02,01,01,01,05,01,,AT,,CR 5 / STEINER AVE,,,,35,35,26,40.194120,74.025110,N,,35073
2018133518NC03531,MONMOUTH,NEPTUNE CITY BORO,04/29/2018,SU,1427,01,NEPTUNE CITY PD,,0,2,0,0,I,B,N,N,07,2,NJ 33,E,33,,00000033__,40.30,02,,01,06,02,01,01,01,05,01,120,FE,W,OAK DR / WALNUT AVE,,,,40,25,26,40.206580,74.047240,N,,35121
2018133518NC03558,MONMOUTH,NEPTUNE CITY BORO,04/30/2018,MO,1503,01,NEPTUNE CITY PD,,0,0,0,0,P,B,N,N,01,2,MONMOUTH COUNTY 17 III,W,17,3,130000173_,1.10,05,,01,04,02,01,01,01,05,01,167,FE,W,OAK DR,,,,35,25,26,40.205430,74.046430,N,,35058
2018133518NC03589,MONMOUTH,NEPTUNE CITY BORO,05/01/2018,TU,1030,01,NEPTUNE CITY PD,,0,0,0,0,P,B,N,N,11,1,MONMOUTH COUNTY 17 III,W,17,3,130000173_,.62,05,,02,05,02,01,01,01,05,01,522,FE,W,SPRINGDALE AVE / TFH WAY,,,,35,25,,40.194460,74.025500,N,SEE NARRATIVE,35106
2018133518NC03648,MONMOUTH,NEPTUNE CITY BORO,05/03/2018,TH,1350,01,NEPTUNE CITY PD,,0,0,0,0,P,B,N,N,03,2,MONMOUTH COUNTY 17 III,E,17,3,130000173_,.10,05,,01,04,02,01,01,01,05,01,112,FE,W,LIPMAN PL,,,,35,25,26,40.197600,74.029990,N,,35102
2018133518NC03677,MONMOUTH,NEPTUNE CITY BORO,05/04/2018,FR,0909,01,NEPTUNE CITY PD,,0,1,0,0,I,B,N,N,06,2,HAWTHORNE AVE,S,,,,,07,,01,05,02,01,01,01,05,01,44,FE,S,SUMMIT AVE,,,,25,25,28,,,N,,35058
2018133518NC03688,MONMOUTH,NEPTUNE CITY BORO,05/04/2018,FR,1740,01,NEPTUNE CITY PD,,0,0,0,0,P,I,N,N,01,2,NJ 35,N,35,,00000035__,22.37,02,,01,04,02,01,01,01,05,01,,AT,,BELLE PL,,,,35,25,26,40.194900,74.025980,N,,35106
2018133518NC03803,MONMOUTH,NEPTUNE CITY BORO,05/08/2018,TU,1812,01,NEPTUNE CITY PD,,0,1,0,0,I,B,N,N,14,1,MONMOUTH COUNTY 17 III,E,17,3,130000173_,.94,05,,01,06,02,01,01,01,05,01,1000,FE,W,OAK DR,,,,35,25,21,,,N,,35128
2018133518NC03863,MONMOUTH,NEPTUNE CITY BORO,05/10/2018,TH,1727,01,NEPTUNE CITY PD,,0,0,0,0,P,B,N,N,01,2,NJ 35,E,35,,00000035__,22.45,02,,01,04,02,01,01,01,05,01,35,FE,W,S WALL ST,,,,35,25,26,,,N,,35124
2018133518NC03882,MONMOUTH,NEPTUNE CITY BORO,05/11/2018,FR,0912,01,NEPTUNE CITY PD,,0,0,0,0,P,B,N,N,03,2,MONMOUTH COUNTY 17 III,E,17,3,130000173_,1.39,05,,01,04,02,01,01,01,05,01,15,FE,E,BRIGHTON AVE,,,,35,25,26,,,N,,35126
2018133518NC04009,MONMOUTH,NEPTUNE CITY BORO,05/15/2018,TU,1107,01,NEPTUNE CITY PD,,0,0,0,0,P,B,N,N,11,1,FLEX CRAFT DR,N,,,,,07,,02,06,02,01,01,01,05,01,338,FE,S,CR 17,,,,25,35,56,40.201970,74.041770,N,,35058
2018133518NC04100,MONMOUTH,NEPTUNE CITY BORO,05/18/2018,FR,1830,01,NEPTUNE CITY PD,,0,0,0,0,P,I,N,N,01,2,MONMOUTH COUNTY 17 III,E,17,3,130000173_,.23,05,,01,04,02,01,01,01,05,01,,AT,,UNION AVE,,,,35,25,26,,,N,,35089
2018133518NC04119,MONMOUTH,NEPTUNE CITY BORO,05/19/2018,SA,1505,01,NEPTUNE CITY PD,,0,1,0,0,I,B,N,N,11,1,NJ 35,S,35,,00000035__,22.05,02,,03,06,01,02,01,02,02,01,,,W,,F,NJ 35,SB,25,,56,,,N,,35124
2018133518NC04149,MONMOUTH,NEPTUNE CITY BORO,05/20/2018,SU,1833,01,NEPTUNE CITY PD,,0,0,0,0,P,B,N,N,11,1,NJ 33,E,33,,00000033__,40.33,02,,01,04,02,01,01,01,05,01,65,FE,E,OAK DR / WALNUT AVE,,,,40,25,,40.206480,74.046150,N,LIGHT STANCHION,35127
2018133518NC04173,MONMOUTH,NEPTUNE CITY BORO,05/21/2018,MO,1256,01,NEPTUNE CITY PD,,0,1,0,0,I,B,N,N,10,1,NJ 35,S,35,,00000035__,22.95,02,,01,04,02,01,01,01,05,01,10,FE,S,4TH AVE,,,,35,25,01,,,N,,35117
2018133518NC04180,MONMOUTH,NEPTUNE CITY BORO,05/21/2018,MO,1800,01,NEPTUNE CITY PD,,0,1,0,0,I,I,N,N,02,2,NJ 35,S,35,,00000035__,22.88,02,,01,04,02,01,01,01,05,01,,AT,,3RD AVE,,,,35,35,26,40.201380,74.027140,N,,35073
2018133518NC04277,MONMOUTH,NEPTUNE CITY BORO,05/24/2018,TH,1211,01,NEPTUNE CITY PD,,0,1,0,0,I,B,N,N,11,1,NJ 35,E,35,,00000035__,22.05,02,,03,06,02,01,01,01,03,01,,,W,,T,NJ 71,,35,,01,40.192510,74.024500,N,,35106
2018133518NC04368,MONMOUTH,NEPTUNE CITY BORO,05/26/2018,SA,1450,01,NEPTUNE CITY PD,,0,0,0,0,P,B,N,N,01,2,MONMOUTH COUNTY 5,S,5,,13000005__,.01,05,,01,04,02,01,01,01,05,01,34,FE,N,NJ 35 / W SYLVANIA AVE,,,,30,,26,40.194120,74.025110,N,,35102
2018133518NC04384,MONMOUTH,NEPTUNE CITY BORO,05/26/2018,SA,2121,01,NEPTUNE CITY PD,,0,1,0,0,I,B,N,N,01,2,NJ 35,S,35,,00000035__,22.41,02,,01,04,02,02,06,02,05,01,46,FE,S,BRADLEY ST / GREEN AVE,,,,35,25,26,40.195560,74.026690,N,,35121
2018133518NC04472,MONMOUTH,NEPTUNE CITY BORO,05/29/2018,TU,1602,01,NEPTUNE CITY PD,,0,0,0,0,P,I,N,N,07,2,MONMOUTH COUNTY 40 A,S,40,A,13000040A_,1.29,05,,01,04,02,01,01,01,05,01,,AT,,4TH AVE,,,,40,25,,,,N,,35116
2018133518NC04514,MONMOUTH,NEPTUNE CITY BORO,05/31/2018,TH,0806,01,NEPTUNE CITY PD,,0,0,0,0,P,I,N,N,03,2,NJ 35,S,35,,00000035__,22.30,02,,01,04,02,02,01,02,05,01,,AT,,CR 5 / STEINER AVE,,,,35,35,26,40.194120,74.025110,N,,35121
2018133518NC04676,MONMOUTH,NEPTUNE CITY BORO,06/06/2018,WE,0554,01,NEPTUNE CITY PD,,0,0,0,0,P,B,N,N,11,1,MONMOUTH COUNTY 17 III,E,17,3,130000173_,.62,05,,02,04,02,01,01,01,05,01,30,FE,W,RIVERDALE AVE,,,,35,25,56,40.201340,74.038330,N,JCP&L POLE #JC4_8 (MIDDLE NUMBER UNREADABLE),35121
2018133518NC04705,MONMOUTH,NEPTUNE CITY BORO,06/07/2018,TH,0640,01,NEPTUNE CITY PD,,0,0,0,0,P,B,N,N,06,2,FIFTH AVENUE,E,,,,,07,,01,04,02,01,00,01,05,01,129,FE,E,SPRINGDALE AVENUE,,,,25,25,28,,,N,,35116
2018133518NC04715,MONMOUTH,NEPTUNE CITY BORO,06/07/2018,TH,1519,01,NEPTUNE CITY PD,,0,0,0,0,P,B,N,N,02,2,NJ 35,N,35,,00000035__,22.41,02,,02,07,02,01,01,01,02,01,579,FE,E,CR 5 / STEINER AVE,,,,35,35,26,40.194040,74.024540,N,,35106
2018133518NC04735,MONMOUTH,NEPTUNE CITY BORO,06/08/2018,FR,1757,01,NEPTUNE CITY PD,,0,0,0,0,P,B,N,N,03,2,NJ 33,E,33,,00000033__,40.32,02,,01,04,02,01,01,01,05,01,25,FE,W,OAK DR / WALNUT AVE,,,,40,25,26,,,N,,35102
2018133518NC04812,MONMOUTH,NEPTUNE CITY BORO,06/10/2018,SU,2201,01,NEPTUNE CITY PD,,0,0,0,0,P,I,N,N,02,2,BRIGHTON AVE,N,,,13351060__,.00,07,,01,06,02,02,06,02,05,01,,AT,,NJ 33 / CORLIES AVE,,,,25,40,26,,,N,,35126
2018133518NC04819,MONMOUTH,NEPTUNE CITY BORO,06/11/2018,MO,0803,01,NEPTUNE CITY PD,,0,0,0,0,P,B,N,N,01,2,NJ 35,E,35,,00000035__,22.49,02,,01,04,02,02,01,01,05,01,52,FE,E,MYRON AVE,,,,35,25,26,40.196150,74.027390,N,,35127
2018133518NC04825,MONMOUTH,NEPTUNE CITY BORO,06/11/2018,MO,1055,01,NEPTUNE CITY PD,,0,1,0,0,I,I,N,N,03,2,MONMOUTH COUNTY 17 III,N,17,3,130000173_,1.39,05,,01,06,02,01,01,01,05,01,,AT,,BRIGHTON AVE,,,,25,35,26,40.205680,74.050590,N,,35127
2018133518NC04895,MONMOUTH,NEPTUNE CITY BORO,06/13/2018,WE,1956,01,NEPTUNE CITY PD,,0,0,0,0,P,B,N,N,01,3,MONMOUTH COUNTY 17 III,E,17,3,130000173_,1.38,05,,01,04,02,01,01,01,05,01,77,FE,W,BRIGHTON AVE,,,,35,25,26,40.205490,74.051030,N,,
2018133518NC04910,MONMOUTH,NEPTUNE CITY BORO,06/14/2018,TH,1200,01,NEPTUNE CITY PD,,0,0,0,0,P,B,N,N,01,2,MONMOUTH COUNTY 17 III,E,17,3,130000173_,.53,05,,01,06,02,01,01,01,05,01,154,FE,E,TUCKER DR,,,,35,25,26,40.200370,74.036230,N,,35121
2018133518NC04928,MONMOUTH,NEPTUNE CITY BORO,06/14/2018,TH,2110,01,NEPTUNE CITY PD,,0,0,0,0,P,B,N,N,01,2,NJ 35,S,35,,00000035__,23.02,02,,01,04,02,01,06,01,05,01,350,FE,N,4TH AVE,,,,35,25,26,,,N,,35128
2018133518NC05007,MONMOUTH,NEPTUNE CITY BORO,06/17/2018,SU,1625,01,NEPTUNE CITY PD,,0,1,0,0,I,B,Y,N,11,1,NJ 35,N,35,,00000035__,22.19,02,,03,06,02,01,01,01,01,01,589,FE,S,CR 5 / STEINER AVE,,,,35,35,56,,,N,,35121
2018133518NC05033,MONMOUTH,NEPTUNE CITY BORO,06/18/2018,MO,1658,01,NEPTUNE CITY PD,,0,0,0,0,P,B,N,N,01,2,MONMOUTH COUNTY 17 III,E,17,3,130000173_,.54,05,,01,04,02,01,01,01,05,01,200,FE,W,LOCUST AVE,,,,35,25,26,,,N,,35128
2018133518NC05082,MONMOUTH,NEPTUNE CITY BORO,06/20/2018,WE,0804,01,NEPTUNE CITY PD,,0,1,0,0,I,I,N,N,14,1,MONMOUTH COUNTY 17 IV,N,17,4,130000174_,.00,05,,01,04,02,01,01,01,05,01,,AT,,NJ 17 / W SYLVANIA AVE,,,,30,35,21,40.200760,74.037110,N,,35106
2018133518NC05111,MONMOUTH,NEPTUNE CITY BORO,06/21/2018,TH,1138,01,NEPTUNE CITY PD,,0,0,0,0,P,B,N,N,01,2,MONMOUTH COUNTY 17 III,W,17,3,130000173_,.38,05,,01,04,02,01,01,01,05,01,210,FE,W,CR 17 / NEPTUNE AVE / SHELL RD,,,,35,,26,,,N,,35089
2018133518NC05157,MONMOUTH,NEPTUNE CITY BORO,06/22/2018,FR,2156,01,NEPTUNE CITY PD,,0,0,0,0,P,I,N,N,03,2,MONMOUTH COUNTY 40 A,N,40,A,13000040A_,1.29,05,,01,04,02,02,06,02,05,01,,AT,,4TH AVE,,,,40,25,26,,,N,,35128