Year(4)-CountyCode(2)-MunicipalityCode(2)-CaseNumber(9),County Name,Municipality Name,Crash Date,Crash Day of Week,Crash Time,Police Department Code,Police Department,Police Station,Total Killed,Total Injured,Pedestrians Killed,Pedestrians Injured,Severity,Intersection,Alcohol Involved,Hazmat Involved,Crash Type,Total Vehicles,Location,Location Direction,Route,Route Suffix,Std Rte Identifier,MilePost,Road System,Road Character,Road Horizontal Alignment,Road Grade,Road Surface Type,Surface Condition,Light Condition,Environmental Condition,Road Divided By,Temporary Traffic Control Zone,Distance To Cross Street,Unit Of Measurement,Direction From Cross Street,Cross Street Name,Is Ramp,Ramp To/From Route Name,Ramp To/From Route Direction,Posted Speed,Posted Speed Cross Street,First Harmful Event,Latitude,Longitude,Cell Phone In Use Flag,Other Property Damage,Reporting Badge No.
2018133518NC09772,MONMOUTH,NEPTUNE CITY BORO,11/19/2018,MO,1446,01,NEPTUNE CITY PD,,0,0,0,0,P,I,N,N,03,2,NJ 35,N,35,,00000035__,22.21,02,,02,05,02,01,01,01,02,01,,AT,S,,F,SYLVANIA AVENUE (AV?,WB,35,,26,,,N,,35131
2018133518NC09796,MONMOUTH,NEPTUNE CITY BORO,11/20/2018,TU,1305,01,NEPTUNE CITY PD,,0,1,0,0,I,B,N,N,01,2,BRIGHTON AVE,N,,,13351060__,.01,07,,01,06,02,01,01,01,05,01,30,FE,S,NJ 33 / CORLIES AVE,,,,25,40,26,,,N,,35131
2018133518NC09887,MONMOUTH,NEPTUNE CITY BORO,11/24/2018,SA,1325,01,NEPTUNE CITY PD,,0,0,0,0,P,B,N,N,01,2,MONMOUTH COUNTY 17 III,E,17,3,130000173_,.44,05,,01,06,02,01,01,05,05,01,102,FE,W,CR 17 / NEPTUNE AVE / SHELL RD,,,,35,25,26,40.199790,74.034920,N,,35121
2018133518NC10001,MONMOUTH,NEPTUNE CITY BORO,11/28/2018,WE,1311,01,NEPTUNE CITY PD,,0,1,0,0,I,I,N,N,01,2,MONMOUTH COUNTY 40 A,N,40,A,13000040A_,1.42,05,,01,04,02,01,01,01,05,01,,AT,S,EVERGREEN AVE,,,,40,25,26,,,N,,35131
2018133518NC10046,MONMOUTH,NEPTUNE CITY BORO,11/30/2018,FR,0758,01,NEPTUNE CITY PD,,0,0,0,0,P,I,N,N,01,2,MONMOUTH COUNTY 17 III,E,17,3,130000173_,.72,05,,01,04,02,02,01,01,05,01,,AT,,SPRINGDALE AVE / TFH WAY,,,,35,25,26,40.202380,74.039290,N,,35127
2018133518NC10159,MONMOUTH,NEPTUNE CITY BORO,12/03/2018,MO,1241,01,NEPTUNE CITY PD,,0,0,0,0,P,B,N,N,03,2,THIRD AVE **,E,,,13351031__,.27,07,,01,04,02,01,01,01,05,01,65,FE,W,LAUREL AVE,,,,25,25,26,,,N,,35131
2018133518NC10168,MONMOUTH,NEPTUNE CITY BORO,12/03/2018,MO,1749,01,NEPTUNE CITY PD,,0,0,0,0,P,B,N,N,07,2,NJ 33,E,33,,00000033__,40.30,02,,01,06,02,01,06,01,04,01,105,FE,W,OAK DR / WALNUT AVE,,,,40,25,26,40.206640,74.047370,N,,35117
2018133518NC10184,MONMOUTH,NEPTUNE CITY BORO,12/04/2018,TU,1241,01,NEPTUNE CITY PD,,0,1,0,0,I,I,N,N,01,2,NJ 35,S,35,,00000035__,23.02,02,,01,04,02,01,01,01,05,01,,AT,,5TH AVE,,,,35,25,26,,,N,,35131
2018133518NC10226,MONMOUTH,NEPTUNE CITY BORO,12/05/2018,WE,1638,01,NEPTUNE CITY PD,,0,2,0,0,I,I,N,N,03,2,THIRD AVE **,W,,,13351031__,.20,07,,01,04,02,01,03,01,05,01,,AT,,UNION AVE,,,,25,25,26,,,N,FIRE HYDRANT (MARKS),35129
2018133518NC10327,MONMOUTH,NEPTUNE CITY BORO,12/10/2018,MO,0747,01,NEPTUNE CITY PD,,0,1,0,1,I,B,N,N,13,1,MONMOUTH COUNTY 17 III,E,17,3,130000173_,.36,05,,01,07,02,01,01,01,05,01,15,FE,S,HAWTHORNE AVE,,,,35,25,22,,,N,,35129
2018133518NC10624,MONMOUTH,NEPTUNE CITY BORO,12/21/2018,FR,0959,01,NEPTUNE CITY PD,,0,0,0,0,P,I,N,N,02,2,NJ 33,E,33,,00000033__,40.13,02,,01,04,02,02,01,02,01,01,,AT,,BRIGHTON AVE,,,,40,25,26,,,N,,35126
2018133518NC10674,MONMOUTH,NEPTUNE CITY BORO,12/23/2018,SU,1324,01,NEPTUNE CITY PD,,0,0,0,0,P,I,N,N,03,2,NJ 35,S,35,,00000035__,23.02,02,,01,04,02,01,01,01,05,01,,AT,,FIFTH AVE,,,,35,25,26,40.203260,74.025830,N,,35102
2018133518NC10752,MONMOUTH,NEPTUNE CITY BORO,12/27/2018,TH,1212,01,NEPTUNE CITY PD,,0,0,0,0,P,B,N,N,11,1,NJ 35,S,35,,00000035__,22.21,02,,02,05,02,01,01,01,02,01,100,FE,S,OAK TER,,,,35,25,,,,N,,35126
2018133518NC10777,MONMOUTH,NEPTUNE CITY BORO,12/28/2018,FR,1104,01,NEPTUNE CITY PD,,0,0,0,0,P,I,N,N,07,2,NJ 35,W,35,,00000035__,22.30,02,,01,04,02,02,01,02,05,01,,AT,,CR 5 / STEINER AVE,,,,35,25,26,,,N,,35128
2018133518NC10846,MONMOUTH,NEPTUNE CITY BORO,12/30/2018,SU,1604,01,NEPTUNE CITY PD,,0,1,0,0,I,B,N,N,02,2,MONMOUTH COUNTY 17 III,E,17,3,130000173_,.52,05,,01,04,02,01,01,05,05,01,93,FE,W,TUCKER DR,,,,35,25,26,,,N,,35130
2018133618-511,MONMOUTH,TINTON FALLS BORO,01/14/2018,SU,1836,01,KEYPORT PD,KEYPORT,0,0,0,0,P,B,N,N,01,2,NJ 35,N,35,,00000035__,31.01,02,,01,06,02,01,06,01,01,,100,FE,,,T,GARDEN STATE PARKWAY,NB,30,,26,,,N,,2233
2018133618FT07795,MONMOUTH,TINTON FALLS BORO,06/18/2018,MO,1820,01,TINTON FALLS PD,,0,0,0,0,P,B,N,N,08,2,4000 ASBURY AVE,E,,,,,09,,01,04,02,01,01,01,,,,,,,,,,15,,26,,,N,,36071
2018133618FT08029,MONMOUTH,TINTON FALLS BORO,06/23/2018,SA,2212,01,TINTON FALLS PD,,0,0,0,0,P,I,N,N,07,2,MONMOUTH COUNTY 51,N,51,,13000051__,1.24,05,,01,04,02,01,05,01,04,,,AT,,PINE BROOK RD,,,,40,40,26,,,N,,36053
2018133618FT08142,MONMOUTH,TINTON FALLS BORO,06/27/2018,WE,0900,01,TINTON FALLS PD,,0,0,0,0,P,B,N,N,01,3,MONMOUTH COUNTY 13 A,E,13,A,13000013A_,2.03,05,,01,04,02,01,01,01,05,01,15,FE,W,CR 13 / SHREWSBURY AVE,,,,40,40,26,40.323240,74.072960,N,,
2018133618FT08191,MONMOUTH,TINTON FALLS BORO,06/28/2018,TH,0914,01,TINTON FALLS PD,,0,1,0,0,I,B,N,N,01,2,MONMOUTH COUNTY 51,N,51,,13000051__,4.28,05,,01,04,02,01,01,01,05,01,100,FE,S,PICA PL,,,,40,25,26,40.335400,74.086280,N,,36078
2018133618FT08224,MONMOUTH,TINTON FALLS BORO,06/29/2018,FR,0750,01,TINTON FALLS PD,,0,0,0,0,P,I,N,N,03,2,MONMOUTH COUNTY 38,N,38,,13000038__,,05,,01,04,02,01,01,01,05,01,,AT,S,EXIT 105 OFF RAMP,,,,40,25,26,40.282750,74.089310,N,,36054
2018133618FT08345,MONMOUTH,TINTON FALLS BORO,07/01/2018,SU,2010,01,TINTON FALLS PD,TINTON FALLS,0,1,0,0,I,B,Y,N,01,2,NJ 18,N,18,,00000018__,14.20,02,,02,04,02,01,03,01,05,01,,,,,,,,55,,26,40.281200,74.082310,N,,36075
2018133618FT08351,MONMOUTH,TINTON FALLS BORO,07/01/2018,SU,2154,01,TINTON FALLS PD,,0,3,0,0,I,I,N,N,07,2,NJ 18,W,18,,00000018__,13.92,02,,01,04,02,01,06,01,03,01,,AT,,CR 51 / HOPE RD,,,,50,40,26,40.286570,74.078610,N,,36064
2018133618FT08390,MONMOUTH,TINTON FALLS BORO,07/02/2018,MO,1443,01,TINTON FALLS PD,,0,0,0,0,P,B,N,N,01,2,ROUTE 520,E,520,,00000520__,16.20,05,,01,04,02,01,01,01,05,01,50,FE,W,CR 13 / SHREWSBURY AVE,,,,40,40,26,40.337280,74.074970,N,,36065
2018133618FT08443,MONMOUTH,TINTON FALLS BORO,07/03/2018,TU,1214,01,TINTON FALLS PD,,0,0,0,0,P,B,N,N,01,3,ROUTE 520,E,520,,00000520__,15.70,05,,01,04,02,01,01,01,05,01,300,FE,E,ROUTE 537 / CR 51 / HANCE AVE,,,,40,40,26,40.336430,74.085820,N,,
2018133618FT08458,MONMOUTH,TINTON FALLS BORO,07/03/2018,TU,1712,01,TINTON FALLS PD,,0,0,0,0,P,I,N,N,07,2,MONMOUTH COUNTY 13 A,E,13,A,13000013A_,1.62,05,,01,04,02,01,01,01,05,01,,AT,,CR 51 / HOPE RD,,,,40,40,26,40.321570,74.080370,N,,36065
2018133618FT08488,MONMOUTH,TINTON FALLS BORO,07/04/2018,WE,1538,01,TINTON FALLS PD,,0,2,0,0,I,B,N,N,11,1,ROUTE 537,E,537,,00000537__,63.52,05,,01,04,02,01,01,01,05,01,100,FE,W,CR 51 / HOPE RD,,,,40,40,52,40.302910,74.079530,N,POLE NUMBER BT454SHR,36079
2018133618FT08567,MONMOUTH,TINTON FALLS BORO,07/06/2018,FR,1417,01,TINTON FALLS PD,,0,4,0,0,I,I,N,N,03,2,MAYBERRY DRIVE,W,,,,,07,,01,04,02,02,01,01,05,01,,AT,,SQUANKUM ROAD,,,,25,25,26,40.281690,74.107250,N,,36065
2018133618FT08575,MONMOUTH,TINTON FALLS BORO,07/06/2018,FR,1644,01,TINTON FALLS PD,,0,0,0,0,P,B,N,N,01,2,GREEN GROVE RD,S,,,13341417__,2.03,07,,01,04,02,02,01,01,05,01,15,FE,N,CR 16,,,,40,45,26,40.234450,74.077450,N,,36065
2018133618FT08714,MONMOUTH,TINTON FALLS BORO,07/09/2018,MO,1607,01,TINTON FALLS PD,,0,1,0,0,I,B,N,N,01,2,MONMOUTH COUNTY 51,,51,,13000051__,1.63,05,,01,04,02,01,01,01,04,,75,FE,N,CORREDIGER RD,,,,40,25,26,40.297470,74.078840,N,,36049
2018133618FT08741,MONMOUTH,TINTON FALLS BORO,07/10/2018,TU,1009,01,TINTON FALLS PD,,0,0,0,0,P,B,N,N,08,2,3000 ESSEX RD,,,,,,09,,01,04,02,01,01,01,,,,,,,,,,,,28,40.234310,74.087700,N,,36079
2018133618FT08777,MONMOUTH,TINTON FALLS BORO,07/11/2018,WE,0853,01,TINTON FALLS PD,,0,0,0,0,P,B,N,N,02,2,NJ 18,S,18,,00000018__,14.49,02,,01,04,02,01,01,01,01,,100,FE,S,CR 38 / WAYSIDE RD,,,,55,40,26,40.280650,74.079750,N,,36049
2018133618FT08831,MONMOUTH,TINTON FALLS BORO,07/12/2018,TH,1226,01,TINTON FALLS PD,,0,0,0,0,P,B,N,N,01,2,HOWARD AVE,N,,,,,07,,01,04,02,01,01,01,,,10,FE,S,ROUTE 520,,,,25,40,26,40.336830,74.076530,N,,36076
2018133618FT08834,MONMOUTH,TINTON FALLS BORO,07/12/2018,TH,1302,01,TINTON FALLS PD,,0,0,0,0,P,B,N,N,01,2,MONMOUTH COUNTY 51,,51,,13000051__,3.38,05,,01,04,02,01,01,01,04,,10,FE,N,CR 13A / SYCAMORE AVE,,,,40,40,26,40.321140,74.082080,N,,36049
2018133618FT08843,MONMOUTH,TINTON FALLS BORO,07/12/2018,TH,1550,01,TINTON FALLS PD,,0,2,0,0,I,I,N,N,03,2,MONMOUTH COUNTY 13 A,,13,A,13000013A_,1.53,05,,01,04,02,01,01,01,04,,,AT,,CR 51 / HANCE AVE,,,,40,40,26,40.321140,74.082080,N,,36049
2018133618FT08876,MONMOUTH,TINTON FALLS BORO,07/13/2018,FR,1417,01,TINTON FALLS PD,,0,0,0,0,P,B,N,N,15,1,MONMOUTH COUNTY 38,N,38,,13000038__,,05,,01,04,02,01,01,01,05,,300,FE,S,STAVBRO RD,,,,40,25,39,,,N,,36037
2018133618FT08888,MONMOUTH,TINTON FALLS BORO,07/13/2018,FR,1638,01,TINTON FALLS PD,,0,0,0,0,P,B,N,N,08,2,2566 GUAM RD,,,,,,09,,01,04,02,01,01,01,,,,,,,,,,,,26,40.296030,74.080460,N,,36057
2018133618FT08912,MONMOUTH,TINTON FALLS BORO,07/14/2018,SA,1323,01,TINTON FALLS PD,,0,2,0,0,I,I,N,N,01,2,MONMOUTH COUNTY 51,S,51,,13000051__,.89,05,,01,04,02,01,01,01,04,01,,AT,,NJ 36 / GARDEN STATE PARKWAY SPUR,,,,50,50,26,,,N,,36051
2018133618FT08924,MONMOUTH,TINTON FALLS BORO,07/14/2018,SA,1842,01,TINTON FALLS PD,TINTON FALLS PD,0,0,0,0,P,B,N,N,06,2,CHERRY STREET,E,,,,,07,,01,04,02,01,01,01,05,,150,FE,E,CR 51,,,,25,40,26,40.331430,74.083710,N,,36070
2018133618FT09626,MONMOUTH,TINTON FALLS BORO,07/31/2018,TU,2115,01,TINTON FALLS PD,,0,0,0,0,P,B,N,N,01,2,NJ 33,E,33,,00000033__,,02,,02,04,02,01,06,01,03,01,,,,,,NJ 33,WB,50,,26,40.217170,74.104530,N,,36076
2018133618FT09844,MONMOUTH,TINTON FALLS BORO,08/06/2018,MO,1937,01,TINTON FALLS PD,TINTON FALLS,0,1,0,0,I,B,N,N,01,2,MONMOUTH COUNTY 50,N,50,,13000050__,.66,05,,01,04,02,01,01,01,04,01,20,FE,S,RIVERDALE AVE W,,,,40,25,26,,,N,,36075
2018133618FT09869,MONMOUTH,TINTON FALLS BORO,08/07/2018,TU,1203,01,TINTON FALLS PD,,0,0,0,0,P,B,N,N,01,2,MONMOUTH COUNTY 38,S,38,,13000038__,,05,,01,04,02,01,01,01,,,10,FE,S,STAVBRO LANE,,,,40,25,26,40.284080,74.092650,N,,36057
2018133618FT09870,MONMOUTH,TINTON FALLS BORO,08/07/2018,TU,1214,01,TINTON FALLS PD,,0,0,0,0,P,B,N,N,06,3,556 TINTON AVE,N,,,,,09,,01,04,02,01,01,01,05,,,,,,,,,15,,28,40.298420,74.090960,N,,
2018133618FT09887,MONMOUTH,TINTON FALLS BORO,08/07/2018,TU,1801,01,TINTON FALLS PD,,0,0,0,0,P,B,N,N,11,1,1 RADAR WAY,S,,,,,09,,01,04,02,01,01,01,,,,,,,,,,25,,50,40.295670,74.081790,N,HANDICAPPED SIGN DAMAGED IN FRONT OF KIELY BUILDING LOCATED AT 1 RADAR WAY,36064
2018133618FT09973,MONMOUTH,TINTON FALLS BORO,08/09/2018,TH,1625,01,TINTON FALLS PD,,0,0,0,0,P,B,N,N,03,2,MONMOUTH COUNTY 38,S,38,,13000038__,.89,05,,01,04,02,01,01,01,04,01,200,FE,N,PINE BROOK RD,,,,40,35,26,40.289170,74.095090,N,,36080
2018133618FT10010,MONMOUTH,TINTON FALLS BORO,08/10/2018,FR,1444,01,TINTON FALLS PD,,0,1,0,0,I,B,N,N,02,2,NJ 18,S,18,,00000018__,14.50,02,,01,04,02,01,01,01,01,01,50,FE,S,CR 38 / WAYSIDE RD,,,,55,40,26,,,N,GUARD RAIL,36060
2018133618FT10109,MONMOUTH,TINTON FALLS BORO,08/13/2018,MO,1211,01,TINTON FALLS PD,,0,2,0,0,I,B,N,N,11,1,NJ 18,N,18,,00000018__,15.51,02,,01,04,02,02,01,02,01,,5280,FE,N,CR 38 / WAYSIDE RD,,,,65,40,,40.283990,74.108060,N,,36049
2018133618FT10133,MONMOUTH,TINTON FALLS BORO,08/13/2018,MO,2255,01,TINTON FALLS PD,NJ0133600,0,1,0,0,I,I,N,N,03,2,MONMOUTH COUNTY 51,S,51,,13000051__,3.38,05,,01,04,02,01,06,01,05,01,,AT,E,CR 13A / SYCAMORE AVE,,,,40,40,26,,,N,,36071
2018133618FT10228,MONMOUTH,TINTON FALLS BORO,08/16/2018,TH,1055,01,TINTON FALLS PD,,0,0,0,0,P,B,N,N,07,2,FRONTIER WAY,W,,,,,07,,01,04,02,01,01,01,05,01,100,FE,E,CANONBALL DR.,,,,25,25,26,40.244490,74.092340,N,,36037
2018133618FT10259,MONMOUTH,TINTON FALLS BORO,08/17/2018,FR,0929,01,TINTON FALLS PD,,0,0,0,0,P,B,N,N,01,2,ROUTE 520,E,520,,00000520__,16.09,05,,01,04,02,01,01,01,04,01,20,FE,W,HOWARD AVE,,,,40,25,26,40.336310,74.087180,N,,36080
2018133618FT10377,MONMOUTH,TINTON FALLS BORO,08/20/2018,MO,1149,01,TINTON FALLS PD,,0,1,0,0,I,B,N,N,11,1,ROUTE 537,,537,,00000537__,62.17,05,,01,04,02,01,01,01,04,,75,FE,S,CR 13 ALT / SYCAMORE ST / WATER ST,,,,35,40,56,40.304310,74.100200,N,UTILITY POLE NUMBERS JC1053TF/BT404SHR  FIRE HYDRANT  MAILBOX OF 689 TINTON AVE.,36049
2018133618FT10395,MONMOUTH,TINTON FALLS BORO,08/20/2018,MO,1616,01,TINTON FALLS PD,,0,0,0,0,P,B,N,N,01,3,MONMOUTH COUNTY 51,,51,,13000051__,1.64,05,,01,04,02,01,01,01,04,,100,FE,N,CORREDIGER RD,,,,40,25,26,40.297470,74.078840,N,,
2018133618FT10407,MONMOUTH,TINTON FALLS BORO,08/20/2018,MO,2114,01,TINTON FALLS PD,,0,0,0,0,P,B,N,N,03,2,MONMOUTH COUNTY 13,S,13,,13000013__,,05,,02,04,02,01,06,01,05,01,75,FE,S,WINDING BROOK WAY,,,,40,25,26,40.330940,74.073940,N,,36074
2018133618FT10415,MONMOUTH,TINTON FALLS BORO,08/21/2018,TU,0755,01,TINTON FALLS PD,,0,1,0,0,I,B,N,N,01,2,GREEN GROVE RD,S,,,13341417__,2.03,07,,03,04,02,01,01,01,02,01,10,FE,N,CR 16,,,,40,40,26,40.235110,74.077870,N,,36037
2018133618FT10494,MONMOUTH,TINTON FALLS BORO,08/22/2018,WE,1859,01,TINTON FALLS PD,TINTON FALLS PD,0,0,0,0,P,B,N,N,01,2,NJ 33,W,33,,00000033__,37.07,02,,01,04,02,01,01,01,04,,500,FE,W,NJ 66,,,,50,50,26,40.217790,74.110290,N,,36070
2018133618FT10532,MONMOUTH,TINTON FALLS BORO,08/23/2018,TH,1434,01,TINTON FALLS PD,,0,0,0,0,P,I,N,N,03,2,CHERRY ST,,,,,,07,,01,04,02,01,01,01,04,,,AT,,SPRINGDALE AVE,,,,25,25,26,40.331850,74.081610,N,,36049
2018133618FT10574,MONMOUTH,TINTON FALLS BORO,08/24/2018,FR,1654,01,TINTON FALLS PD,TINTON FALLS,0,3,0,0,I,B,N,N,07,2,NJ 33,W,33,,00000033__,,02,,01,04,02,01,01,01,05,01,5280,FE,E,WYCKOFF ROAD,,,,50,50,26,,,N,,36064
2018133618FT10581,MONMOUTH,TINTON FALLS BORO,08/24/2018,FR,1939,01,TINTON FALLS PD,,0,0,0,0,P,B,N,N,01,2,MONMOUTH COUNTY 16,E,16,,13000016__,2.33,05,,01,05,02,01,03,01,,,25,FE,W,ESSEX RD,,,,40,35,26,40.237100,74.082450,N,,36054
2018133618FT10614,MONMOUTH,TINTON FALLS BORO,08/25/2018,SA,1617,01,TINTON FALLS PD,,0,1,0,0,I,I,N,N,14,1,MONMOUTH COUNTY 13 A,E,13,A,13000013A_,2.03,05,,01,04,02,01,01,01,05,01,,AT,,CR 13 / SHREWSBURY AVE,,,,40,40,21,,,N,,36060
2018133618FT10631,MONMOUTH,TINTON FALLS BORO,08/26/2018,SU,1110,01,TINTON FALLS PD,,0,0,0,0,P,I,N,N,03,2,MONMOUTH COUNTY 13 A,E,13,A,13000013A_,1.53,05,,01,04,02,01,01,01,05,01,,AT,,CR 51 / HANCE AVE,,,,40,40,26,40.321140,74.082080,N,,36060
2018133618FT10899,MONMOUTH,TINTON FALLS BORO,09/02/2018,SU,0325,01,TINTON FALLS PD,,0,1,0,0,I,B,Y,N,11,1,PARK RD,E,,,,,07,,01,04,02,01,07,01,05,01,300,FE,W,CR 51,,,,25,40,56,40.287870,74.079620,N,DAMAGE TO JCPL POLE # JC1371. POLE SPLIT AT THE BASE AND NEEDED TO BE REPLACED,36076
2018133618FT10960,MONMOUTH,TINTON FALLS BORO,09/04/2018,TU,0951,01,TINTON FALLS PD,,0,0,0,0,P,B,N,N,03,2,MONMOUTH COUNTY 13,S,13,,13000013__,.85,05,,01,04,02,01,01,01,04,01,400,FE,S,CR 13A / SYCAMORE AVE,,,,40,40,26,40.321440,74.074000,N,,36037
2018133618FT11000,MONMOUTH,TINTON FALLS BORO,09/05/2018,WE,1042,01,TINTON FALLS PD,,0,1,0,0,I,B,N,N,14,1,MONMOUTH COUNTY 13,S,13,,13000013__,1.06,05,,03,04,02,01,01,01,04,01,10,FE,S,GILBERT ST S,,,,40,25,21,40.330940,74.073940,N,,36080
2018133618FT11009,MONMOUTH,TINTON FALLS BORO,09/05/2018,WE,1232,01,TINTON FALLS PD,,0,1,0,0,I,I,N,N,03,2,MONMOUTH COUNTY 13 A,W,13,A,13000013A_,1.53,05,,01,04,02,01,01,01,05,01,,AT,,CR 51 / HANCE AVE,,,,40,40,26,40.321140,74.082080,N,,36065
2018133618FT11050,MONMOUTH,TINTON FALLS BORO,09/06/2018,TH,0957,01,TINTON FALLS PD,,0,0,0,0,P,B,N,N,01,2,MONMOUTH COUNTY 13,S,13,,13000013__,.00,05,,01,04,02,01,01,01,05,01,10,FE,N,NJ 35,,,,40,40,26,40.311800,74.064470,N,,36065
2018133618FT11051,MONMOUTH,TINTON FALLS BORO,09/06/2018,TH,1007,01,TINTON FALLS PD,TINTON FALLS,0,0,0,0,P,B,N,N,01,2,MONMOUTH COUNTY 13,S,13,,13000013__,1.47,05,,01,04,02,01,01,01,04,,10,FE,N,APPLE ST,,,,40,25,26,40.330930,74.073980,N,,36073
2018133618FT11151,MONMOUTH,TINTON FALLS BORO,09/08/2018,SA,0758,01,TINTON FALLS PD,,0,0,0,0,P,B,N,N,01,2,MONMOUTH COUNTY 50,N,50,,13000050__,.68,05,,01,04,02,02,01,02,,01,15,FE,S,NORMANDY RD,,,,35,45,26,40.315820,74.112340,N,,36057
2018133618FT11242,MONMOUTH,TINTON FALLS BORO,09/10/2018,MO,1734,01,TINTON FALLS PD,,0,1,0,0,I,B,N,N,01,2,MONMOUTH COUNTY 51,S,51,,13000051__,1.66,05,,01,04,02,02,01,02,04,,200,FE,N,CORREDIGER RD,,,,40,25,26,40.300790,74.079490,N,,36076
2018133618FT11271,MONMOUTH,TINTON FALLS BORO,09/11/2018,TU,0921,01,TINTON FALLS PD,,0,0,0,0,P,B,N,N,01,2,ROUTE 520,E,520,,00000520__,15.66,05,,01,04,02,02,01,05,02,01,100,FE,E,ROUTE 537 / CR 51 / HANCE AVE,,,,40,40,26,40.336120,74.084640,N,,36037
2018133618FT11275,MONMOUTH,TINTON FALLS BORO,09/11/2018,TU,1030,01,TINTON FALLS PD,,0,0,0,0,P,B,N,N,01,2,MONMOUTH COUNTY 13 A,W,13,A,13000013A_,.00,05,,01,04,02,01,01,05,04,01,10,FE,E,ROUTE 537 / TINTON AVE,,,,40,40,26,40.304310,74.100300,N,,36037
2018133618FT11296,MONMOUTH,TINTON FALLS BORO,09/11/2018,TU,2052,01,TINTON FALLS PD,,0,0,0,0,P,I,N,N,03,2,MONMOUTH COUNTY 38,S,38,,13000038__,3.36,05,,01,04,02,02,01,02,05,01,,AT,,W PARK AVE,,,,35,35,26,,,N,,36063
2018133618FT11307,MONMOUTH,TINTON FALLS BORO,09/12/2018,WE,0725,01,TINTON FALLS PD,,0,0,0,0,P,B,N,N,01,2,ROUTE 537,,537,,00000537__,62.12,05,,01,04,02,02,01,05,04,,300,FE,S,CR 13 ALT / SYCAMORE ST / WATER ST,,,,25,40,26,40.307090,74.107440,N,,36049
2018133618FT11321,MONMOUTH,TINTON FALLS BORO,09/12/2018,WE,1230,01,TINTON FALLS PD,,0,0,0,0,P,B,N,N,01,2,NJ 33,,33,,00000033__,37.09,02,,01,04,01,01,01,01,99,,500,FE,E,WARDELL RD,,,,50,40,26,,,N,,36049
2018133618OT22986,MONMOUTH,TINTON FALLS BORO,09/12/2018,WE,0014,01,TINTON FALLS PD,ZONE 51,0,1,0,0,I,B,N,N,11,1,GREEN GROVE RD,N,,,13341417__,3.76,07,,01,04,02,02,06,04,05,01,25,FE,N,WEST PARK AVE,,,,40,45,54,40.268520,74.071040,N,BRUSH  NJ NATURAL GAS GAUGE  AND WOODEN POST,37298
2018133618TF00028,MONMOUTH,TINTON FALLS BORO,01/01/2018,MO,1846,01,TINTON FALLS PD,,0,0,0,0,P,I,N,N,12,1,RIVERDALE AVENUE WEST,W,,,,,07,,01,04,02,01,07,01,,,,AT,,CEDAR PLACE,,,,25,25,25,40.318940,74.103550,N,"V1 STRUCK AND INJURED MR. KEVIN TERHUNE'S DOG  """"KONA  """" A 2.5 YEAR OLD HUSKY ?",36057
2018133618TF00047,MONMOUTH,TINTON FALLS BORO,01/02/2018,TU,1238,01,TINTON FALLS PD,,0,0,0,0,P,B,N,N,01,2,ROUTE 520,,520,,00000520__,15.83,05,,01,04,02,01,01,01,04,,200,FE,E,SPRINGDALE AVE,,,,40,25,26,40.336970,74.078890,N,,36049
2018133618TF00083,MONMOUTH,TINTON FALLS BORO,01/03/2018,WE,0730,01,TINTON FALLS PD,,0,1,0,0,I,B,N,N,01,2,NJ 33,,33,,00000033__,37.06,02,,02,06,02,01,01,01,03,,300,FE,E,WARDELL RD,,,,50,40,26,40.299730,74.091950,N,,36049
2018133618TF00085,MONMOUTH,TINTON FALLS BORO,01/03/2018,WE,0748,01,TINTON FALLS PD,,0,0,0,0,P,B,N,N,01,2,HERITAGE BLVD,,,,,,07,,01,04,02,01,01,01,04,,20,FE,N,JONATHAN DR,,,,25,25,26,40.244990,74.095560,N,,36049
2018133618TF00108,MONMOUTH,TINTON FALLS BORO,01/03/2018,WE,1416,01,TINTON FALLS PD,,0,0,0,0,P,B,N,N,03,2,NJ 33,E,33,,00000033__,37.02,02,,01,04,02,01,01,01,03,,100,FE,E,WARDELL RD,,,,50,40,26,40.299730,74.091950,N,,36064
2018133618TF00110,MONMOUTH,TINTON FALLS BORO,01/03/2018,WE,1457,01,TINTON FALLS PD,,0,0,0,0,P,B,N,N,01,2,MONMOUTH COUNTY 38,S,38,,13000038__,2.21,05,,01,04,02,01,01,01,05,01,10,FE,S,ROUTE 547 / SHAFTO RD,,,,40,50,26,40.270040,74.082390,N,,36065
2018133618TF00115,MONMOUTH,TINTON FALLS BORO,01/03/2018,WE,1616,01,TINTON FALLS PD,,0,2,0,0,I,I,N,N,03,2,MONMOUTH COUNTY 13 A,W,13,A,13000013A_,1.53,05,,01,04,02,01,03,01,05,01,,AT,,CR 51 / HANCE AVE,,,,40,40,26,40.321140,74.082080,N,,36065