Year(4)-CountyCode(2)-MunicipalityCode(2)-CaseNumber(9),County Name,Municipality Name,Crash Date,Crash Day of Week,Crash Time,Police Department Code,Police Department,Police Station,Total Killed,Total Injured,Pedestrians Killed,Pedestrians Injured,Severity,Intersection,Alcohol Involved,Hazmat Involved,Crash Type,Total Vehicles,Location,Location Direction,Route,Route Suffix,Std Rte Identifier,MilePost,Road System,Road Character,Road Horizontal Alignment,Road Grade,Road Surface Type,Surface Condition,Light Condition,Environmental Condition,Road Divided By,Temporary Traffic Control Zone,Distance To Cross Street,Unit Of Measurement,Direction From Cross Street,Cross Street Name,Is Ramp,Ramp To/From Route Name,Ramp To/From Route Direction,Posted Speed,Posted Speed Cross Street,First Harmful Event,Latitude,Longitude,Cell Phone In Use Flag,Other Property Damage,Reporting Badge No.
2018133618TF11727,MONMOUTH,TINTON FALLS BORO,09/22/2018,SA,1302,01,TINTON FALLS PD,,0,0,0,0,P,B,N,N,01,2,NJ 33,E,33,,00000033__,37.13,02,,02,06,02,01,01,01,03,,50,FE,W,AUTUMN DR,,,,50,10,26,40.216950,74.103840,N,,36054
2018133618TF11798,MONMOUTH,TINTON FALLS BORO,09/24/2018,MO,1515,01,TINTON FALLS PD,,0,0,0,0,P,B,N,N,11,1,3002 ESSEX ROAD,E,,,,,09,,02,06,02,01,01,01,05,01,,,,,,,,15,,69,40.234300,74.087700,N,BUILDING-ROOF AWNING WOOD BEAM CHIPPED.,36063
2018133618TF11852,MONMOUTH,TINTON FALLS BORO,09/25/2018,TU,2121,01,TINTON FALLS PD,,0,0,0,0,P,B,N,N,02,2,MONMOUTH COUNTY 50,N,50,,13000050__,.09,05,,01,04,02,01,06,01,04,,450,FE,N,ROUTE 537 / TINTON AVE,,,,40,40,26,40.308500,74.107700,N,,36056
2018133618TF11863,MONMOUTH,TINTON FALLS BORO,09/26/2018,WE,0830,01,TINTON FALLS PD,,0,0,0,0,P,B,N,N,01,2,MONMOUTH COUNTY 51,S,51,,13000051__,.02,05,,01,04,02,02,01,05,04,,100,FE,N,ROUTE 547 / SHAFTO RD / WYCKOFF RD,,,,50,40,26,40.275590,74.072570,N,,36049
2018133618TF11898,MONMOUTH,TINTON FALLS BORO,09/26/2018,WE,2127,01,TINTON FALLS PD,,0,2,0,0,I,I,N,N,07,2,ROUTE 547,N,547,,00000547__,25.33,05,,01,04,02,01,06,01,05,01,,AT,,CR 38 / WAYSIDE RD,,,,50,40,26,40.270040,74.082390,N,,36077
2018133618TF11921,MONMOUTH,TINTON FALLS BORO,09/27/2018,TH,1307,01,TINTON FALLS PD,,0,0,0,0,P,B,N,N,15,2,MONMOUTH COUNTY 50,N,50,,13000050__,.67,05,,01,04,02,01,01,01,04,,50,FE,N,RIVERDALE AVE W,,,,35,25,30,40.315540,74.112180,N,,36049
2018133618TF11931,MONMOUTH,TINTON FALLS BORO,09/27/2018,TH,1616,01,TINTON FALLS PD,TINTON FALLS,0,0,0,0,P,B,N,N,01,2,ROUTE 520,E,520,,00000520__,16.12,05,,01,04,02,01,01,01,04,,500,FE,W,CR 13 / SHREWSBURY AVE,,,,40,40,26,40.337170,74.076220,N,,36064
2018133618TF11941,MONMOUTH,TINTON FALLS BORO,09/27/2018,TH,1933,01,TINTON FALLS PD,TINTON FALLS PD,0,1,0,0,I,I,N,N,04,2,MONMOUTH COUNTY 38,S,38,,13000038__,.85,05,,01,04,02,01,06,01,04,01,,AT,,PINE BROOK RD,,,,40,35,26,40.286650,74.094960,N,,36070
2018133618TF11949,MONMOUTH,TINTON FALLS BORO,09/28/2018,FR,0543,01,TINTON FALLS PD,,0,1,0,0,I,B,N,N,11,1,NJ 18,N,18,,00000018__,15.01,02,,01,04,02,02,05,02,03,01,2640,FE,N,CR 38 / WAYSIDE RD,,,,65,40,60,40.284000,74.108060,N,MILE POST SIGN 15.8,36037
2018133618TF11978,MONMOUTH,TINTON FALLS BORO,09/28/2018,FR,1724,01,TINTON FALLS PD,,0,0,0,0,P,B,N,N,02,2,ROUTE 547,N,547,,00000547__,25.28,05,,01,04,02,01,01,01,05,01,250,FE,S,CR 38 / WAYSIDE RD,,,,40,50,26,40.270040,74.082390,N,,36065
2018133618TF12018,MONMOUTH,TINTON FALLS BORO,09/29/2018,SA,1714,01,TINTON FALLS PD,,0,0,0,0,P,B,N,N,01,2,FIREHOUSE RD **,N,,,13361018__,.06,07,,01,04,02,01,01,01,05,01,10,FE,S,CR 13A / SYCAMORE AVE,,,,25,40,26,40.305050,74.099730,N,,36065
2018133618TF12034,MONMOUTH,TINTON FALLS BORO,09/30/2018,SU,0137,01,TINTON FALLS PD,TINTON FALLS,0,0,0,0,P,B,N,N,12,1,ROUTE 547,N,547,,00000547__,24.50,05,,01,04,02,01,07,01,,,250,FE,S,ROSE GLEN DR,,,,50,25,24,40.261660,74.088980,N,,36073
2018133618TF12064,MONMOUTH,TINTON FALLS BORO,10/01/2018,MO,1116,01,TINTON FALLS PD,TINTON FALLS,0,0,0,0,P,B,N,N,08,2,TOPEKA CT,S,,,,,07,,01,04,02,01,01,01,,,75,FE,E,HERITAGE BLVD.,,,,25,25,26,40.254520,74.085640,N,,36075
2018133618TF12092,MONMOUTH,TINTON FALLS BORO,10/02/2018,TU,0742,01,TINTON FALLS PD,,0,0,0,0,P,B,N,N,15,2,NJ 33,E,33,,00000033__,37.16,02,,01,04,02,01,01,01,,,1320,FE,E,ROUTE 547,,,,50,50,30,40.220780,74.112880,N,,36057
2018133618TF12116,MONMOUTH,TINTON FALLS BORO,10/02/2018,TU,1559,01,TINTON FALLS PD,,0,0,0,0,P,B,N,N,01,2,MONMOUTH COUNTY 51,S,51,,13000051__,1.62,05,,01,04,02,01,01,01,04,01,20,FE,S,COMMVAULT WAY,,,,40,25,26,40.307600,74.080650,N,,36074
2018133618TF12122,MONMOUTH,TINTON FALLS BORO,10/02/2018,TU,1804,01,TINTON FALLS PD,TINTON FALLS,0,0,0,0,P,B,N,N,01,2,MONMOUTH COUNTY 51,S,51,,13000051__,3.29,07,,01,04,02,01,01,01,05,01,5,FE,N,CR 13A / SYCAMORE AVE,,,,40,40,26,40.321140,74.082080,N,,36075
2018133618TF12138,MONMOUTH,TINTON FALLS BORO,10/03/2018,WE,0727,01,TINTON FALLS PD,,0,0,0,0,P,I,N,N,03,2,MONMOUTH COUNTY 13,S,13,,13000013__,1.36,05,,01,04,02,01,01,01,04,,,AT,,EXECUTIVE DR,,,,40,25,26,,,N,,36049
2018133618TF12183,MONMOUTH,TINTON FALLS BORO,10/04/2018,TH,0819,01,TINTON FALLS PD,,0,0,0,0,P,B,N,N,01,2,MONMOUTH COUNTY 13 A,W,13,A,13000013A_,1.66,05,,01,04,02,01,01,01,04,,200,FE,E,CR 51 / HOPE RD,,,,40,40,26,40.302960,74.079560,N,,36049
2018133618TF12215,MONMOUTH,TINTON FALLS BORO,10/05/2018,FR,0745,01,TINTON FALLS PD,,0,0,0,0,P,B,N,N,01,2,ROUTE 520,E,520,,00000520__,15.63,05,,01,06,02,01,01,01,02,01,30,FE,W,ROUTE 537 / CR 51 / HANCE AVE,,,,50,40,26,40.336770,74.081710,N,,36037
2018133618TF12234,MONMOUTH,TINTON FALLS BORO,10/05/2018,FR,1451,01,TINTON FALLS PD,,0,0,0,0,P,B,N,N,01,2,MONMOUTH COUNTY 51,S,51,,13000051__,.86,05,,01,04,02,01,01,01,,,150,FE,S,NJ 36 / GARDEN STATE PARKWAY SPUR,,,,50,50,26,40.287180,74.078730,N,,36057
2018133618TF12249,MONMOUTH,TINTON FALLS BORO,10/06/2018,SA,0341,01,TINTON FALLS PD,,0,1,0,0,I,I,N,N,11,1,MONMOUTH COUNTY 13 A,E,13,A,13000013A_,.22,05,,02,04,02,01,06,01,04,01,,AT,,OLD FARM RD,,,,40,25,56,40.307160,74.098310,N,JCP&L/VERIZON POLE AND ELECTRICAL EQUIPMENT,36060
2018133618TF12382,MONMOUTH,TINTON FALLS BORO,10/09/2018,TU,1014,01,TINTON FALLS PD,,0,0,0,0,P,B,N,N,05,2,MONMOUTH COUNTY 13,S,13,,13000013__,.93,05,,01,04,02,01,01,05,04,,5,FE,S,CR 13A / SYCAMORE AVE,,,,40,40,26,,,N,,36049
2018133618TF12410,MONMOUTH,TINTON FALLS BORO,10/09/2018,TU,1456,01,TINTON FALLS PD,,0,1,0,0,I,B,N,N,08,2,ST PAUL COURT,W,,,,,07,,01,04,02,01,01,01,,,650,FE,E,HERITAGE BLVD,,,,25,25,26,40.255710,74.085310,N,,36065
2018133618TF12419,MONMOUTH,TINTON FALLS BORO,10/09/2018,TU,1840,01,TINTON FALLS PD,NJ0133600,0,0,0,0,P,B,N,N,01,2,NJ 33,W,33,,00000033__,37.35,02,,01,04,02,01,06,01,05,,1000,FE,E,NJ 66,,,,50,50,26,,,N,,36071
2018133618TF12422,MONMOUTH,TINTON FALLS BORO,10/09/2018,TU,1933,01,TINTON FALLS PD,,0,0,0,0,P,B,N,N,01,2,MONMOUTH COUNTY 51,S,51,,13000051__,1.62,05,,01,04,02,01,05,05,04,,10,FE,N,CORREDIGER RD,,,,40,25,26,,,N,,36053
2018133618TF12495,MONMOUTH,TINTON FALLS BORO,10/11/2018,TH,1104,01,TINTON FALLS PD,,0,0,0,0,P,B,N,N,11,1,NJ 18,N,18,,00000018__,15.51,02,,02,04,02,02,01,02,03,01,5280,FE,N,CR 38 / WAYSIDE RD,,,,65,40,58,40.283030,74.111620,N,,36037
2018133618TF12510,MONMOUTH,TINTON FALLS BORO,10/11/2018,TH,1625,01,TINTON FALLS PD,TINTON FALLS,0,2,0,0,I,I,N,N,07,2,ROUTE 547,S,547,,00000547__,24.06,05,,01,04,02,01,01,01,04,01,,AT,,W PARK AVE,,,,50,35,26,40.270040,74.082390,N,THE BASE TO THE TRAFFIC LIGHT POLE AT THE INTERSECTION WAS DAMAGED.,36064
2018133618TF12518,MONMOUTH,TINTON FALLS BORO,10/11/2018,TH,1743,01,TINTON FALLS PD,,0,2,0,0,I,I,N,N,03,2,MONMOUTH COUNTY 51,N,51,,13000051__,2.58,07,,01,04,02,02,03,02,,,,AT,,SOCIETY HILL WAY,,,,40,25,26,40.313000,74.080450,N,,36057
2018133618TF12557,MONMOUTH,TINTON FALLS BORO,10/12/2018,FR,1230,01,TINTON FALLS PD,,0,0,0,0,P,B,N,N,06,2,3000 ESSEX ROAD,,,,,,09,,01,04,02,01,01,01,,,,,,,,,,,,28,40.234300,74.087700,N,,36065
2018133618TF12576,MONMOUTH,TINTON FALLS BORO,10/12/2018,FR,1608,01,TINTON FALLS PD,,0,0,0,0,P,B,N,N,01,3,MONMOUTH COUNTY 13 A,E,13,A,13000013A_,1.58,05,,01,04,02,01,01,01,05,01,250,FE,E,CR 51 / HANCE AVE,,,,40,40,26,,,N,,
2018133618TF12633,MONMOUTH,TINTON FALLS BORO,10/14/2018,SU,0539,01,TINTON FALLS PD,TINTON FALLS,0,0,0,0,P,B,N,N,11,1,CENTRE PLAZA **,W,,,13361194__,-.02,07,,01,04,02,01,04,01,05,,100,FE,W,CR 51 / HOPE RD,,,,25,50,56,,,N,,36073
2018133618TF12664,MONMOUTH,TINTON FALLS BORO,10/15/2018,MO,0547,01,TINTON FALLS PD,,0,1,0,0,I,I,N,N,03,2,MONMOUTH COUNTY 51,S,51,,13000051__,2.78,07,,01,06,02,02,06,99,04,01,,AT,,EDISON AVE,,,,40,40,26,40.314420,74.079560,N,,36037
2018133618TF12723,MONMOUTH,TINTON FALLS BORO,10/16/2018,TU,1658,01,TINTON FALLS PD,,0,0,0,0,P,B,N,N,01,2,MONMOUTH COUNTY 51,W,51,,13000051__,3.29,07,,01,04,02,01,01,01,04,,5,FE,N,CR 13A / SYCAMORE AVE,,,,40,40,26,40.321140,74.082080,N,,36079
2018133618TF12759,MONMOUTH,TINTON FALLS BORO,10/17/2018,WE,1233,01,TINTON FALLS PD,,0,0,0,0,P,B,N,N,05,2,2000 SHAFTO ROAD,,,,,,09,,02,04,02,01,01,01,,,,,,,,,,,,26,40.257980,74.090940,N,,36065
2018133618TF12775,MONMOUTH,TINTON FALLS BORO,10/17/2018,WE,1612,01,TINTON FALLS PD,,0,0,0,0,P,B,N,N,02,2,MONMOUTH COUNTY 38,S,38,,13000038__,.90,05,,01,04,02,01,01,01,05,01,275,FE,N,PINE BROOK RD,,,,40,40,26,40.286650,74.094960,N,,36065
2018133618TF12777,MONMOUTH,TINTON FALLS BORO,10/17/2018,WE,1702,01,TINTON FALLS PD,,0,0,0,0,P,I,N,N,06,2,THISTLEDOWN ST **,W,,,,,09,,01,04,02,01,01,01,,,,AT,,DES MOINES COURT,,,,25,25,28,40.255380,74.083600,N,,36065
2018133618TF12799,MONMOUTH,TINTON FALLS BORO,10/18/2018,TH,0721,01,TINTON FALLS PD,,0,1,0,0,I,I,N,N,04,3,ROUTE 537,W,537,,00000537__,63.54,05,,01,04,02,01,01,01,04,01,,AT,,CR 51 / HOPE RD,,,,40,40,26,40.302960,74.079560,N,,
2018133618TF12833,MONMOUTH,TINTON FALLS BORO,10/18/2018,TH,1839,01,TINTON FALLS PD,,0,0,0,0,P,B,N,N,12,2,MONMOUTH COUNTY 38,N,38,,13000038__,-.02,05,,03,04,02,01,06,01,04,,100,FE,S,ROUTE 537 / TINTON AVE,,,,40,40,24,40.298950,74.095000,N,,36076
2018133618TF12854,MONMOUTH,TINTON FALLS BORO,10/19/2018,FR,1028,01,TINTON FALLS PD,,0,0,0,0,P,I,N,N,01,2,NJ 66,E,66,,00000066__,.11,02,,01,04,02,01,01,01,03,01,,AT,,NJ 33,,,,50,50,26,40.217880,74.104920,N,,36037
2018133618TF12855,MONMOUTH,TINTON FALLS BORO,10/19/2018,FR,1050,01,TINTON FALLS PD,,0,0,0,0,P,R,N,N,01,2,MONMOUTH COUNTY 13,S,13,,13000013__,.32,05,,01,04,02,01,01,01,05,01,300,FE,S,WINDING BROOK WAY,,,,40,25,26,40.323140,74.072880,N,,36074
2018133618TF12856,MONMOUTH,TINTON FALLS BORO,10/19/2018,FR,1108,01,TINTON FALLS PD,,0,1,0,0,I,B,N,N,02,2,ROUTE 547,N,547,,00000547__,22.23,05,,01,04,02,01,01,01,04,,500,FE,S,COMMERCE DR,,,,50,25,26,40.229440,74.107320,N,,36057
2018133618TF12860,MONMOUTH,TINTON FALLS BORO,10/19/2018,FR,1312,01,TINTON FALLS PD,,0,0,0,0,P,B,N,N,01,2,NJ 66,W,66,,00000066__,.00,02,,03,04,02,01,01,01,03,01,10,FE,E,NJ 33,,,,50,50,26,40.217710,74.106300,N,,36075
2018133618TF12864,MONMOUTH,TINTON FALLS BORO,10/19/2018,FR,1418,01,TINTON FALLS PD,TINTON FALLS,0,0,0,0,P,B,N,N,01,2,NJ 33,W,33,,00000033__,37.01,02,,01,04,02,01,01,01,05,01,50,FE,E,WARDELL RD,,,,50,40,26,40.217440,74.103250,N,,36075
2018133618TF12871,MONMOUTH,TINTON FALLS BORO,10/19/2018,FR,1619,01,TINTON FALLS PD,,0,2,0,0,I,B,N,N,01,2,ROUTE 520,E,520,,00000520__,15.65,05,,01,04,02,02,01,01,02,,50,FE,E,ROUTE 537 / CR 51 / HANCE AVE,,,,40,40,26,40.336430,74.085820,N,,36079
2018133618TF12872,MONMOUTH,TINTON FALLS BORO,10/19/2018,FR,1635,01,TINTON FALLS PD,TINTON FALLS,0,0,0,0,P,B,N,N,03,2,MONMOUTH COUNTY 16,E,16,,13000016__,1.94,05,,01,04,02,01,01,01,05,01,1500,FE,W,PINE ST / ESSEX RD,,,,45,25,26,40.247590,74.101550,N,,36075
2018133618TF12895,MONMOUTH,TINTON FALLS BORO,10/20/2018,SA,0833,01,TINTON FALLS PD,,0,2,0,0,I,I,N,N,05,2,MONMOUTH COUNTY 38,N,38,,13000038__,3.54,05,,01,04,02,02,01,02,,,,AT,,GREEN GROVE RD,,,,35,35,26,40.256840,74.073910,N,,36057
2018133618TF12907,MONMOUTH,TINTON FALLS BORO,10/20/2018,SA,1306,01,TINTON FALLS PD,,0,0,0,0,P,I,N,N,07,2,ROUTE 537,W,537,,00000537__,61.78,05,,02,04,02,01,01,01,,,,AT,,NJ 50 / SWIMMING RIVER RD,,,,50,40,26,40.307310,74.106750,N,,36054
2018133618TF12971,MONMOUTH,TINTON FALLS BORO,10/22/2018,MO,0732,01,TINTON FALLS PD,,0,0,0,0,P,B,N,N,01,2,MONMOUTH COUNTY 38,N,38,,13000038__,.60,05,,01,04,02,01,01,01,04,01,1320,FE,S,PINE BROOK RD,,,,40,40,26,40.286650,74.094960,N,,36037
2018133618TF12972,MONMOUTH,TINTON FALLS BORO,10/22/2018,MO,0733,01,TINTON FALLS PD,,0,0,0,0,P,B,N,N,01,2,MONMOUTH COUNTY 38,N,38,,13000038__,.76,05,,01,04,02,01,01,01,,01,450,FE,S,PINE BROOK RD,,,,40,40,26,40.286650,74.094960,N,,36065
2018133618TF13016,MONMOUTH,TINTON FALLS BORO,10/23/2018,TU,0248,01,TINTON FALLS PD,,0,1,0,0,I,B,N,N,12,1,ROUTE 547,N,547,,00000547__,21.68,05,,01,05,02,01,07,01,04,01,7920,FE,S,CR 16 / ASBURY AVE,,,,50,45,24,,,N,,36076
2018133618TF13031,MONMOUTH,TINTON FALLS BORO,10/23/2018,TU,0939,01,TINTON FALLS PD,,0,0,0,0,P,B,N,N,01,2,MONMOUTH COUNTY 51,N,51,,13000051__,2.77,07,,01,04,02,01,01,01,04,01,40,FE,S,EDISON AVE,,,,40,25,26,40.314250,74.080390,N,,36037
2018133618TF13087,MONMOUTH,TINTON FALLS BORO,10/24/2018,WE,1355,01,TINTON FALLS PD,,0,0,0,0,P,I,N,N,03,2,MONMOUTH COUNTY 13 A,W,13,A,13000013A_,.61,05,,01,04,02,01,01,01,04,,,AT,,REED RD,,,,40,25,26,40.311850,74.094310,N,,36049
2018133618TF13088,MONMOUTH,TINTON FALLS BORO,10/24/2018,WE,1434,01,TINTON FALLS PD,TINTON FALLS PD,0,0,0,0,P,B,N,N,03,2,MONMOUTH COUNTY 16,E,16,,13000016__,1.59,05,,01,04,02,01,01,01,04,,500,FE,E,FOX CHASE DR / CANNONBALL DR,,,,45,25,26,,,N,,36070
2018133618TF13118,MONMOUTH,TINTON FALLS BORO,10/25/2018,TH,0743,01,TINTON FALLS PD,,0,1,0,0,I,B,N,N,02,2,NJ 18,S,18,,00000018__,14.51,02,,01,04,02,01,01,01,01,,20,FE,S,CR 38 / WAYSIDE RD,,,,55,40,26,40.299730,74.091950,N,,36049
2018133618TF13119,MONMOUTH,TINTON FALLS BORO,10/25/2018,TH,0748,01,TINTON FALLS PD,,0,0,0,0,P,B,N,N,01,2,NJ 18,S,18,,00000018__,15.01,02,,01,04,02,01,01,01,01,,2640,FE,N,CR 38 / WAYSIDE RD,,,,65,40,26,,,N,,36060
2018133618TF13136,MONMOUTH,TINTON FALLS BORO,10/25/2018,TH,1333,01,TINTON FALLS PD,,0,0,0,0,P,I,N,N,07,2,MONMOUTH COUNTY 38,S,38,,13000038__,3.36,05,,01,04,02,01,01,01,04,01,,AT,,W PARK AVE,,,,35,40,26,40.262580,74.077260,N,,36037
2018133618TF13140,MONMOUTH,TINTON FALLS BORO,10/25/2018,TH,1442,01,TINTON FALLS PD,,0,0,0,0,P,B,N,N,02,2,MONMOUTH COUNTY 38,S,38,,13000038__,1.38,05,,03,06,02,01,01,01,04,,300,FE,N,,T,NJ 18,SB,40,,26,40.283730,74.092140,N,,36057
2018133618TF13141,MONMOUTH,TINTON FALLS BORO,10/25/2018,TH,1514,01,TINTON FALLS PD,,0,0,0,0,P,I,N,N,07,2,ROUTE 537,W,537,,00000537__,61.78,05,,01,04,02,01,01,01,04,,,AT,,NJ 50 / SWIMMING RIVER RD,,,,35,35,26,40.307310,74.106750,N,,36049
2018133618TF13145,MONMOUTH,TINTON FALLS BORO,10/25/2018,TH,1606,01,TINTON FALLS PD,,0,0,0,0,P,B,N,N,06,2,3000 ESSEX ROAD,,,,,,09,,02,04,02,01,01,01,,,,,,,,,,,,28,40.234300,74.087700,N,,36057
2018133618TF13189,MONMOUTH,TINTON FALLS BORO,10/26/2018,FR,1628,01,TINTON FALLS PD,TINTON FALLS,0,0,0,0,P,B,N,N,02,2,MONMOUTH COUNTY 16,E,16,,13000016__,1.97,05,,01,04,02,01,03,01,04,,1320,FE,W,PINE ST / ESSEX RD,,,,45,25,26,,,N,,36067
2018133618TF13235,MONMOUTH,TINTON FALLS BORO,10/27/2018,SA,1413,01,TINTON FALLS PD,,0,0,0,0,P,B,N,N,11,1,NJ 18,N,18,,00000018__,15.60,02,,01,04,02,02,01,02,03,,,,,,,,,65,,46,,,N,GUARDRAIL - MINOR DAMAGE,36053
2018133618TF13238,MONMOUTH,TINTON FALLS BORO,10/27/2018,SA,1612,01,TINTON FALLS PD,,0,0,0,0,P,B,N,N,11,1,NJ 18,S,18,,00000018__,14.40,02,,01,04,02,02,01,02,03,01,100,FE,S,,F,CR 38/WAYSIDE RD.,SB,55,,45,,,N,,36053
2018133618TF13296,MONMOUTH,TINTON FALLS BORO,10/29/2018,MO,0803,01,TINTON FALLS PD,,0,0,0,0,P,B,N,N,11,1,NJ 18,S,18,,00000018__,15.00,02,,03,06,02,02,01,01,05,01,,,,,F,CR 38/WAYSIDE RD.,SB,55,,50,40.280910,74.088520,N,YIELD SIGN,36037
2018133618TF13360,MONMOUTH,TINTON FALLS BORO,10/30/2018,TU,1209,01,TINTON FALLS PD,,0,0,0,0,P,B,N,N,15,2,ROUTE 537,E,537,,00000537__,62.16,05,,01,04,02,01,01,01,05,01,1320,FE,W,SPRING MEADOW DR,,,,35,25,39,40.302890,74.098820,N,,36060
2018133618TF13538,MONMOUTH,TINTON FALLS BORO,11/03/2018,SA,1609,01,TINTON FALLS PD,,0,0,0,0,P,B,N,N,12,1,GREEN GROVE RD,S,,,13341417__,3.41,07,,01,04,02,01,01,01,,,528,FE,S,TAYLORS RUN,,,,40,25,24,40.254660,74.074250,N,,36057
2018133618TF13570,MONMOUTH,TINTON FALLS BORO,11/04/2018,SU,1141,01,TINTON FALLS PD,,0,1,0,0,I,B,N,N,11,1,ROUTE 547,N,547,,00000547__,21.85,05,,01,04,02,01,01,01,05,01,2640,FE,N,SHARK RIVER RD,,,,50,35,52,40.236560,74.106750,N,#: JC 337TF,36077
2018133618TF13586,MONMOUTH,TINTON FALLS BORO,11/04/2018,SU,2242,01,TINTON FALLS PD,TINTON FALLS,0,0,0,0,P,B,N,N,12,1,ROUTE 547,S,547,,00000547__,25.37,05,,01,04,02,01,06,01,05,01,200,FE,N,CR 38 / WAYSIDE RD,,,,50,40,24,40.270040,74.082390,N,,36075
2018133618TF13598,MONMOUTH,TINTON FALLS BORO,11/05/2018,MO,0931,01,TINTON FALLS PD,,0,0,0,0,P,B,N,N,02,2,NJ 18,S,18,,00000018__,14.45,02,,01,04,02,02,01,02,03,01,300,FE,S,CR 38 / WAYSIDE RD,,,,65,40,26,40.282670,74.096380,N,,36065
2018133618TF13604,MONMOUTH,TINTON FALLS BORO,11/05/2018,MO,1111,01,TINTON FALLS PD,,0,1,0,0,I,B,N,N,11,1,NJ 18,N,18,,00000018__,15.01,02,,01,04,02,02,01,02,03,01,2640,FE,N,CR 38 / WAYSIDE RD,,,,65,40,46,40.284000,74.108060,N,,36037
2018133618TF13640,MONMOUTH,TINTON FALLS BORO,11/06/2018,TU,0901,01,TINTON FALLS PD,,0,1,0,0,I,B,N,N,01,2,ROUTE 520,E,520,,00000520__,16.05,05,,01,04,02,02,01,02,05,01,50,FE,E,STEVEN AVE,,,,40,25,26,40.337020,74.078190,N,,36065
2018133618TF13641,MONMOUTH,TINTON FALLS BORO,11/06/2018,TU,0909,01,TINTON FALLS PD,,0,2,0,0,I,B,N,N,01,3,ROUTE 547,S,547,,00000547__,22.99,05,,01,04,02,02,01,02,04,,1000,FE,S,CR 16 / ASBURY AVE,,,,50,45,26,40.221190,74.122650,N,,
2018133618TF13650,MONMOUTH,TINTON FALLS BORO,11/06/2018,TU,1259,01,TINTON FALLS PD,,0,0,0,0,P,I,N,N,07,2,MONMOUTH COUNTY 38,N,38,,13000038__,.85,05,,01,04,02,02,01,02,04,,,AT,,PINE BROOK RD,,,,40,40,26,40.286650,74.094960,N,,36049
2018133618TF13656,MONMOUTH,TINTON FALLS BORO,11/06/2018,TU,1507,01,TINTON FALLS PD,,0,1,0,0,I,B,N,N,11,1,MONMOUTH COUNTY 13 A,E,13,A,13000013A_,1.53,05,,01,04,02,02,01,02,05,01,20,FE,E,CR 51 / HANCE AVE,,,,40,40,60,40.321140,74.082080,N,,36065
2018133618TF13694,MONMOUTH,TINTON FALLS BORO,11/07/2018,WE,1441,01,TINTON FALLS PD,,0,0,0,0,P,I,N,N,03,2,GREEN GROVE RD,S,,,13341417__,2.90,07,,01,04,02,01,01,01,04,,,AT,,DEAL RD,,,,40,45,26,40.246380,74.075620,N,,36057
2018133618TF13818,MONMOUTH,TINTON FALLS BORO,11/10/2018,SA,1754,01,TINTON FALLS PD,,0,0,0,0,P,B,N,N,12,1,MONMOUTH COUNTY 16,W,16,,13000016__,1.61,05,,01,04,02,01,03,01,04,,600,FE,E,FOX CHASE DR / CANNONBALL DR,,,,45,25,24,,,N,,36053
2018133618TF13835,MONMOUTH,TINTON FALLS BORO,11/11/2018,SU,0643,01,TINTON FALLS PD,NJ0133600,0,0,0,0,P,B,N,N,12,1,NJ 18,S,18,,00000018__,13.91,02,,01,04,02,01,02,01,01,,1000,FE,S,CR 51 / HOPE RD,,,,55,50,24,,,N,,36071
2018133618TF13850,MONMOUTH,TINTON FALLS BORO,11/11/2018,SU,2307,01,TINTON FALLS PD,NJ0133600,0,0,0,0,P,B,N,N,12,1,NJ 33,E,33,,00000033__,,02,,01,04,02,01,06,01,01,,200,FE,N,JUMPING BROOK ROAD,,,,50,25,24,,,N,,36071
2018133618TF13855,MONMOUTH,TINTON FALLS BORO,11/12/2018,MO,0745,01,TINTON FALLS PD,,0,0,0,0,P,B,N,N,01,2,ROUTE 547,N,547,,00000547__,25.69,05,,01,04,02,01,01,01,,,15,FE,S,CR 51 / HOPE RD,,,,40,50,26,40.275510,74.072480,N,,36057
2018133618TF13893,MONMOUTH,TINTON FALLS BORO,11/12/2018,MO,1813,01,TINTON FALLS PD,TINTON FALLS,0,2,0,0,I,I,N,N,07,3,MONMOUTH COUNTY 51,N,51,,13000051__,1.62,05,,01,04,02,01,06,01,04,,,AT,,CORREDIGER RD,,,,40,25,26,40.297460,74.078840,N,,