Year(4)-CountyCode(2)-MunicipalityCode(2)-CaseNumber(9),County Name,Municipality Name,Crash Date,Crash Day of Week,Crash Time,Police Department Code,Police Department,Police Station,Total Killed,Total Injured,Pedestrians Killed,Pedestrians Injured,Severity,Intersection,Alcohol Involved,Hazmat Involved,Crash Type,Total Vehicles,Location,Location Direction,Route,Route Suffix,Std Rte Identifier,MilePost,Road System,Road Character,Road Horizontal Alignment,Road Grade,Road Surface Type,Surface Condition,Light Condition,Environmental Condition,Road Divided By,Temporary Traffic Control Zone,Distance To Cross Street,Unit Of Measurement,Direction From Cross Street,Cross Street Name,Is Ramp,Ramp To/From Route Name,Ramp To/From Route Direction,Posted Speed,Posted Speed Cross Street,First Harmful Event,Latitude,Longitude,Cell Phone In Use Flag,Other Property Damage,Reporting Badge No.
2018133618TF13909,MONMOUTH,TINTON FALLS BORO,11/13/2018,TU,0628,01,TINTON FALLS PD,,0,0,0,0,P,B,N,N,11,1,NJ 18,N,18,,00000018__,15.01,02,,02,04,02,02,02,02,03,01,2640,FE,N,CR 38 / WAYSIDE RD,,,,65,40,99,40.284000,74.108060,N,,36037
2018133618TF13910,MONMOUTH,TINTON FALLS BORO,11/13/2018,TU,0647,01,TINTON FALLS PD,,0,1,0,0,I,B,N,N,10,1,NJ 18,N,18,,00000018__,15.01,02,,02,05,02,02,02,02,03,,2640,FE,N,CR 38 / WAYSIDE RD,,,,65,40,01,40.284370,74.104320,N,DAMAGE TO FENCING  PROPERTY OF NJ STATE DOT,36057
2018133618TF13912,MONMOUTH,TINTON FALLS BORO,11/13/2018,TU,0715,01,TINTON FALLS PD,,0,2,0,0,I,I,N,N,01,3,MONMOUTH COUNTY 51,N,51,,13000051__,4.27,05,,01,04,02,02,01,02,04,,,AT,,ORCHARD ST,,,,40,25,26,40.336430,74.085820,N,,
2018133618TF13922,MONMOUTH,TINTON FALLS BORO,11/13/2018,TU,1156,01,TINTON FALLS PD,,0,0,0,0,P,B,N,N,01,2,ROUTE 520,E,520,,00000520__,16.17,05,,01,04,02,02,01,05,04,,200,FE,W,CR 13 / SHREWSBURY AVE,,,,40,40,26,40.337060,74.077640,N,,36049
2018133618TF13928,MONMOUTH,TINTON FALLS BORO,11/13/2018,TU,1428,01,TINTON FALLS PD,,0,0,0,0,P,I,N,N,07,2,MONMOUTH COUNTY 51,N,51,,13000051__,4.00,05,,01,04,02,01,01,01,,,,AT,,APPLE ST,,,,40,25,26,40.329670,74.083030,N,,36057
2018133618TF14046,MONMOUTH,TINTON FALLS BORO,11/15/2018,TH,1536,01,TINTON FALLS PD,,0,0,0,0,P,B,N,N,03,2,961 SYCAMORE AVE,,,,,,09,,01,04,02,05,01,06,05,,,,,,,,,,,26,40.315350,74.090890,N,,36049
2018133618TF14051,MONMOUTH,TINTON FALLS BORO,11/15/2018,TH,1714,01,TINTON FALLS PD,,0,0,0,0,P,B,N,N,01,2,ROUTE 547,N,547,,00000547__,25.69,05,,01,04,02,02,06,02,05,01,10,FE,S,CR 51 / HOPE RD,,,,40,50,26,40.275510,74.072480,N,,36065
2018133618TF14091,MONMOUTH,TINTON FALLS BORO,11/16/2018,FR,1144,01,TINTON FALLS PD,,0,0,0,0,P,I,N,N,07,3,MONMOUTH COUNTY 13,S,13,,13000013__,1.47,05,,01,04,02,01,01,01,,,,AT,,APPLE ST,,,,40,25,26,40.330930,74.073980,N,,36057
2018133618TF14092,MONMOUTH,TINTON FALLS BORO,11/16/2018,FR,1207,01,TINTON FALLS PD,TINTON FALLS PD,0,0,0,0,P,B,N,N,01,2,MONMOUTH COUNTY 13 A,E,13,A,13000013A_,2.03,05,,01,04,02,01,01,01,05,,10,FE,W,CR 13 / SHREWSBURY AVE,,,,40,40,26,40.323130,74.072950,N,,36070
2018133618TF14101,MONMOUTH,TINTON FALLS BORO,11/16/2018,FR,1542,01,TINTON FALLS PD,,0,0,0,0,P,B,N,N,11,1,SQUANKUM ROAD,W,,,,,07,,01,04,02,01,01,01,,,25,FE,W,HAMILTON ROAD,,,,25,25,59,40.284070,74.101840,N,7 SQUANKUM RD,36057
2018133618TF14102,MONMOUTH,TINTON FALLS BORO,11/16/2018,FR,1600,01,TINTON FALLS PD,,0,0,0,0,P,B,N,N,01,2,SHARK RIVER RD **,W,,,13361001__,.00,07,,03,04,02,01,01,01,05,,10,FE,N,NJ 66,,,,35,50,26,40.217430,74.102710,N,,36077
2018133618TF14111,MONMOUTH,TINTON FALLS BORO,11/16/2018,FR,1909,01,TINTON FALLS PD,TINTON FALLS,0,0,0,0,P,B,N,N,02,2,GREEN GROVE RD,S,,,13341417__,2.03,07,,01,04,02,01,06,01,04,,15,FE,S,CR 16 / ASBURY AVE,,,,40,45,26,40.240230,74.088160,N,,36075
2018133618TF14176,MONMOUTH,TINTON FALLS BORO,11/18/2018,SU,0739,01,TINTON FALLS PD,TINTON FALLS PD,0,0,0,0,P,B,N,N,01,2,PINEBROOK ROAD,E,,,,,07,,03,04,02,01,01,01,02,,10,FE,W,HOPE ROAD,,,,40,40,26,40.302960,74.079560,N,,36070
2018133618TF14199,MONMOUTH,TINTON FALLS BORO,11/18/2018,SU,2039,01,TINTON FALLS PD,,0,0,0,0,P,I,N,N,07,2,MONMOUTH COUNTY 51,S,51,,13000051__,1.24,05,,01,04,02,01,06,01,04,,,AT,,PINE BROOK RD,,,,40,40,26,40.302960,74.079560,N,,36054
2018133618TF14255,MONMOUTH,TINTON FALLS BORO,11/19/2018,MO,1820,01,TINTON FALLS PD,TINTON FALLS,0,2,0,0,I,B,N,N,04,2,ROUTE 547,S,547,,00000547__,25.08,05,,01,04,02,01,07,01,,,10,FE,S,CR 38 / TORNILLO WAY / WAYSIDE RD,,,,50,25,26,,,N,,36073
2018133618TF14274,MONMOUTH,TINTON FALLS BORO,11/19/2018,MO,2212,01,TINTON FALLS PD,NJ0133600,0,2,0,0,I,I,N,N,12,1,ROUTE 547,S,547,,00000547__,24.06,05,,01,04,02,01,06,01,05,01,,AT,E,W PARK AVE,,,,50,35,24,,,N,,36071
2018133618TF14280,MONMOUTH,TINTON FALLS BORO,11/20/2018,TU,0724,01,TINTON FALLS PD,,0,0,0,0,P,B,N,N,01,2,ROUTE 537,N,537,,00000537__,62.17,05,,01,05,02,02,01,05,05,01,75,FE,S,CR 13 ALT / SYCAMORE ST / WATER ST,,,,35,40,26,40.304260,74.099160,N,,36037
2018133618TF14282,MONMOUTH,TINTON FALLS BORO,11/20/2018,TU,0816,01,TINTON FALLS PD,,0,0,0,0,P,I,N,N,01,2,MONMOUTH COUNTY 13 A,W,13,A,13000013A_,.89,05,,01,04,02,02,01,02,04,,,AT,,HOMESTEAD PKWY W,,,,40,25,26,,,N,,36049
2018133618TF14305,MONMOUTH,TINTON FALLS BORO,11/20/2018,TU,1716,01,TINTON FALLS PD,,0,2,0,0,I,I,N,N,07,2,MONMOUTH COUNTY 38,N,38,,13000038__,2.21,05,,01,04,02,01,03,05,,,,AT,,ROUTE 547 / SHAFTO RD,,,,50,40,26,,,N,,36053
2018133618TF14329,MONMOUTH,TINTON FALLS BORO,11/21/2018,WE,0811,01,TINTON FALLS PD,TINTON FALLS PD,0,0,0,0,P,B,N,N,01,2,MONMOUTH COUNTY 16,E,16,,13000016__,1.97,05,,01,04,02,01,01,01,05,,1320,FE,W,PINE ST / ESSEX RD,,,,45,35,26,,,N,,36070
2018133618TF14352,MONMOUTH,TINTON FALLS BORO,11/21/2018,WE,1749,01,TINTON FALLS PD,TINTON FALLS PD,0,0,0,0,P,B,N,N,02,2,NJ 66,E,66,,00000066__,.00,02,,01,07,02,01,06,01,05,,20,FE,E,NJ 33,,,,50,50,26,40.217890,74.099180,N,,36070
2018133618TF14353,MONMOUTH,TINTON FALLS BORO,11/21/2018,WE,1840,01,TINTON FALLS PD,TINTON FALLS PD,0,0,0,0,P,B,N,N,03,2,ROUTE 520,E,520,,00000520__,16.02,05,,01,04,02,01,06,01,05,,1000,FE,W,CR 13 / SHREWSBURY AVE,,,,40,45,26,40.336840,74.075670,N,,36064
2018133618TF14365,MONMOUTH,TINTON FALLS BORO,11/22/2018,TH,0002,01,TINTON FALLS PD,TINTON FALLS,0,0,0,0,P,B,N,N,11,1,MONMOUTH COUNTY 38,S,38,,13000038__,.00,05,,01,04,02,01,06,01,02,,2,FE,S,ROUTE 537 / TINTON AVE,,,,40,40,56,40.298950,74.095000,N,STREET SIGN ON MEDIAN,36075
2018133618TF14386,MONMOUTH,TINTON FALLS BORO,11/22/2018,TH,1916,01,TINTON FALLS PD,TINTON FALLS,0,0,0,0,P,B,N,N,12,1,NJ 33,E,33,,00000033__,37.28,02,,01,04,02,01,06,01,05,01,1500,FE,E,CR 547/SHAFTO ROAD,,,,50,50,24,40.220780,74.112880,N,,36075
2018133618TF14394,MONMOUTH,TINTON FALLS BORO,11/22/2018,TH,2249,01,TINTON FALLS PD,,0,0,0,0,P,B,N,N,12,1,NJ 33,W,33,,00000033__,36.50,02,,01,04,02,01,06,01,05,,2640,FE,W,WARDELL RD,,,,50,40,24,40.218680,74.117840,N,,36079
2018133618TF14438,MONMOUTH,TINTON FALLS BORO,11/23/2018,FR,1923,01,TINTON FALLS PD,NJ0133600,0,0,0,0,P,B,N,N,01,2,PARK RD **,E,,,13361104__,.00,07,,01,04,02,01,06,01,05,01,15,FE,W,CR 51 / HOPE RD,,,,25,40,26,,,N,,36071
2018133618TF14493,MONMOUTH,TINTON FALLS BORO,11/24/2018,SA,2045,01,TINTON FALLS PD,,0,0,0,0,P,B,N,N,11,1,NJ 18,N,18,,00000018__,15.90,02,,01,04,02,02,05,02,01,,,,,,,,,65,,60,40.283070,74.096980,N,,36076
2018133618TF14539,MONMOUTH,TINTON FALLS BORO,11/25/2018,SU,1743,01,TINTON FALLS PD,,0,0,0,0,P,B,N,N,12,1,NJ 33,W,33,,00000033__,37.25,02,,01,04,02,01,05,01,,,1320,FE,E,WARDELL RD,,,,50,50,24,40.220780,74.112880,N,,36057
2018133618TF14574,MONMOUTH,TINTON FALLS BORO,11/26/2018,MO,1530,01,TINTON FALLS PD,,0,0,0,0,P,B,N,N,11,1,NJ 18,N,18,,00000018__,15.51,02,,01,04,02,02,01,02,01,,5280,FE,N,CR 38 / WAYSIDE RD,,,,65,40,50,40.284370,74.104320,N,KEEP RIGHT EXCEPT TO PASS SIGN BELONGING TO STATE OF NJ,36049
2018133618TF14597,MONMOUTH,TINTON FALLS BORO,11/27/2018,TU,0901,01,TINTON FALLS PD,,0,0,0,0,P,B,N,N,08,2,PEBBLE CREEK CT,,,,,,07,,00,04,02,01,01,01,05,,150,FE,W,SUNSET DR,,,,25,25,28,40.299160,74.096750,N,,36037
2018133618TF14612,MONMOUTH,TINTON FALLS BORO,11/27/2018,TU,1524,01,TINTON FALLS PD,,0,1,0,0,I,I,N,N,07,2,ROUTE 537,N,537,,00000537__,62.18,05,,01,04,02,01,01,01,05,,,AT,,CR 13 ALT / SYCAMORE ST / WATER ST,,,,35,40,26,40.304310,74.100300,N,,36049
2018133618TF14613,MONMOUTH,TINTON FALLS BORO,11/27/2018,TU,1620,01,TINTON FALLS PD,,0,0,0,0,P,B,N,N,01,2,ROUTE 547,N,547,,00000547__,25.68,05,,01,05,02,01,01,01,05,,50,FE,S,CR 51 / HOPE RD,,,,40,40,26,40.275510,74.072480,N,,36077
2018133618TF14720,MONMOUTH,TINTON FALLS BORO,11/29/2018,TH,1243,01,TINTON FALLS PD,,0,0,0,0,P,B,N,N,01,2,MONMOUTH COUNTY 51,N,51,,13000051__,3.29,07,,01,04,02,01,01,01,05,01,10,FE,S,CR 13A / SYCAMORE AVE,,,,40,40,26,40.302960,74.079560,N,,36065
2018133618TF14760,MONMOUTH,TINTON FALLS BORO,11/30/2018,FR,0728,01,TINTON FALLS PD,,0,0,0,0,P,B,N,N,12,1,WEST PARK AVE,E,,,13361373__,.59,07,,01,04,02,01,01,01,05,,1500,FE,W,CR 38 / WAYSIDE RD,,,,35,50,24,40.259300,74.078570,N,,36077
2018133618TF14788,MONMOUTH,TINTON FALLS BORO,11/30/2018,FR,1655,01,TINTON FALLS PD,,0,1,0,0,I,I,N,N,07,2,ROUTE 520,E,520,,00000520__,15.64,05,,01,04,02,01,01,01,02,,,AT,,ROUTE 537 / CR 51 / HANCE AVE,,,,40,40,26,,,N,,36055
2018133618TF14836,MONMOUTH,TINTON FALLS BORO,12/01/2018,SA,1649,01,TINTON FALLS PD,,0,0,0,0,P,B,N,N,12,1,GREEN GROVE RD,S,,,13341417__,2.05,07,,01,04,02,02,06,02,,,100,FE,N,CR 16 / ASBURY AVE,,,,40,45,24,40.236440,74.078700,N,,36055
2018133618TF14847,MONMOUTH,TINTON FALLS BORO,12/01/2018,SA,2135,01,TINTON FALLS PD,,0,2,0,0,I,I,N,N,03,2,MONMOUTH COUNTY 13 A,W,13,A,13000013A_,1.53,05,,01,04,02,02,06,02,05,,,AT,,CR 51 / HANCE AVE,,,,40,40,26,40.321170,74.082090,N,,36079
2018133618TF14857,MONMOUTH,TINTON FALLS BORO,12/02/2018,SU,0944,01,TINTON FALLS PD,,0,0,0,0,P,B,N,N,03,2,MONMOUTH COUNTY 13 A,W,13,A,13000013A_,1.87,05,,01,04,02,02,01,02,05,01,1320,FE,E,CR 51 / HOPE RD,,,,40,40,26,40.322270,74.078890,N,,36060
2018133618TF14869,MONMOUTH,TINTON FALLS BORO,12/02/2018,SU,1618,01,TINTON FALLS PD,,0,0,0,0,P,B,N,N,03,2,ESSEX RD **,S,,,13361096__,.00,07,,01,06,02,02,07,02,05,,25,FE,S,CR 16 / ASBURY AVE,,,,35,45,26,40.240230,74.088160,N,,36077
2018133618TF14881,MONMOUTH,TINTON FALLS BORO,12/03/2018,MO,0726,01,TINTON FALLS PD,,0,2,0,0,I,B,N,N,04,2,ROUTE 537,E,537,,00000537__,62.06,05,,03,04,02,02,01,01,05,01,650,FE,W,CR 13 ALT / SYCAMORE ST / WATER ST,,,,35,40,26,40.304510,74.102740,N,,36065
2018133618TF14917,MONMOUTH,TINTON FALLS BORO,12/03/2018,MO,1917,01,TINTON FALLS PD,,0,0,0,0,P,I,N,N,07,2,MONMOUTH COUNTY 38,S,38,,13000038__,2.21,05,,01,04,02,01,07,01,05,,,AT,,ROUTE 547 / SHAFTO RD,,,,50,40,26,40.270040,74.082390,N,,36063
2018133618TF14920,MONMOUTH,TINTON FALLS BORO,12/03/2018,MO,1937,01,TINTON FALLS PD,,0,0,0,0,P,B,N,N,12,1,ROUTE 547,S,547,,00000547__,23.26,05,,01,04,02,01,05,01,05,,400,FE,N,CR 16 / ASBURY AVE,,,,50,45,24,,,N,,36053
2018133618TF14929,MONMOUTH,TINTON FALLS BORO,12/04/2018,TU,0456,01,TINTON FALLS PD,,0,0,0,0,P,B,N,N,12,1,NJ 33,W,33,,00000033__,36.66,02,,01,04,02,01,06,01,05,,2640,FE,W,NJ 66,,,,50,50,24,,,N,,36056
2018133618TF15001,MONMOUTH,TINTON FALLS BORO,12/05/2018,WE,1535,01,TINTON FALLS PD,,0,0,0,0,P,B,N,N,06,2,3000 ESSEX RD,,,,,,09,,02,04,02,01,01,01,05,,,,,,,,,,,28,40.234300,74.087700,N,,36074
2018133618TF15088,MONMOUTH,TINTON FALLS BORO,12/06/2018,TH,1707,01,TINTON FALLS PD,,0,0,0,0,P,R,N,N,08,2,MONMOUTH COUNTY 38,N,38,,13000038__,.81,05,,01,04,02,01,06,01,05,,200,FE,S,PINE BROOK RD,,,,40,40,26,40.293820,74.094300,N,,36079
2018133618TF15137,MONMOUTH,TINTON FALLS BORO,12/08/2018,SA,0740,01,TINTON FALLS PD,,0,0,0,0,P,B,N,N,04,2,MONMOUTH COUNTY 16,W,16,,13000016__,2.31,05,,01,04,02,01,01,01,04,01,450,FE,E,PINE ST / ESSEX RD,,,,45,25,26,40.237100,74.082450,N,,36065
2018133618TF15147,MONMOUTH,TINTON FALLS BORO,12/08/2018,SA,1447,01,TINTON FALLS PD,NJ0133600,0,0,0,0,P,B,N,N,06,2,CHERRY ST **,E,,,13361066__,.49,07,,01,06,02,01,01,01,05,,200,FE,W,CR 13 / SHREWSBURY AVE,,,,25,40,28,,,N,,36071
2018133618TF15219,MONMOUTH,TINTON FALLS BORO,12/10/2018,MO,1113,01,TINTON FALLS PD,,0,1,0,0,I,B,N,N,04,2,PARK RD **,,,,13361104__,-.14,07,,01,04,02,01,01,01,05,,750,FE,W,CR 51 / HOPE RD,,,,25,40,26,40.293150,74.084270,N,,36049
2018133618TF15227,MONMOUTH,TINTON FALLS BORO,12/10/2018,MO,1351,01,TINTON FALLS PD,,0,0,0,0,P,I,N,N,02,2,ROUTE 537,E,537,,00000537__,,05,,01,04,02,01,01,01,02,,,AT,,,,,,40,,26,40.298950,74.095000,N,,36037
2018133618TF15274,MONMOUTH,TINTON FALLS BORO,12/11/2018,TU,1002,01,TINTON FALLS PD,,0,0,0,0,P,B,N,N,01,2,MONMOUTH COUNTY 13,S,13,,13000013__,.94,05,,01,05,02,01,01,01,04,01,75,FE,N,CR 13A / SYCAMORE AVE,,,,40,40,26,40.323130,74.072950,N,,36037
2018133618TF15282,MONMOUTH,TINTON FALLS BORO,12/11/2018,TU,1334,01,TINTON FALLS PD,,0,0,0,0,P,B,N,N,08,2,MONMOUTH COUNTY 38,S,38,,13000038__,.60,05,,01,04,02,01,01,01,04,,1320,FE,S,PINE BROOK RD,,,,40,40,26,40.283730,74.092140,N,,36049
2018133618TF15345,MONMOUTH,TINTON FALLS BORO,12/12/2018,WE,2339,01,TINTON FALLS PD,,0,0,0,0,P,I,Y,N,03,2,WEST PARK AVE,S,,,13361373__,.99,07,,01,04,02,01,07,01,04,01,,AT,E,GREEN GROVE RD / HOPE RD,,,,40,40,26,40.259270,74.073540,N,GRASSY AREA ON THE S/E C/O HOPE RD AND WEST PARK AVENUE,36080
2018133618TF15347,MONMOUTH,TINTON FALLS BORO,12/13/2018,TH,0520,01,TINTON FALLS PD,,0,0,0,0,P,B,N,N,12,1,NJ 33,W,33,,00000033__,36.66,02,,01,04,02,01,06,01,04,,2640,FE,W,NJ 66,,,,50,50,24,40.218430,74.107450,N,,36056
2018133618TF15352,MONMOUTH,TINTON FALLS BORO,12/13/2018,TH,0723,01,TINTON FALLS PD,,0,1,0,0,I,B,N,N,11,1,NJ 33,W,33,,00000033__,36.91,02,,01,04,02,01,01,01,05,01,450,FE,W,WARDELL RD,,,,50,40,60,40.217820,74.107300,N,,36065
2018133618TF15419,MONMOUTH,TINTON FALLS BORO,12/14/2018,FR,1036,01,TINTON FALLS PD,,0,0,0,0,P,B,N,N,15,1,NJ 18,S,18,,00000018__,14.51,02,,03,04,02,01,01,01,,,,,,,F,CR 38/WAYSIDE RD,SB,25,,39,40.281410,74.081120,N,,36054
2018133618TF15434,MONMOUTH,TINTON FALLS BORO,12/14/2018,FR,1500,01,TINTON FALLS PD,,0,0,0,0,P,B,N,N,03,2,MONMOUTH COUNTY 13,S,13,,13000013__,1.06,05,,01,04,02,02,01,01,04,,20,FE,N,GILBERT ST S,,,,40,25,26,40.327290,74.073940,N,,36079
2018133618TF15439,MONMOUTH,TINTON FALLS BORO,12/14/2018,FR,1929,01,TINTON FALLS PD,TINTON FALLS PD,0,1,0,0,I,B,Y,N,06,2,STRATFORD RD **,S,,,13361046__,.13,07,,01,04,02,02,07,01,05,,100,FE,S,DEVON CT,,,,25,25,28,40.309200,74.085450,N,,36070
2018133618TF15482,MONMOUTH,TINTON FALLS BORO,12/15/2018,SA,1642,01,TINTON FALLS PD,,0,0,0,0,P,I,N,N,02,2,ROUTE 547,E,547,,00000547__,25.69,05,,01,04,02,02,06,01,,,,AT,,CR 51 / HOPE RD,,,,40,50,26,40.313000,74.080450,N,,36054
2018133618TF15527,MONMOUTH,TINTON FALLS BORO,12/16/2018,SU,1935,01,TINTON FALLS PD,TINTON FALLS,0,0,0,0,P,B,N,N,11,1,MONMOUTH COUNTY 38,S,38,,13000038__,3.21,05,,01,04,02,02,06,02,04,,5280,FE,E,ROUTE 547 / SHAFTO RD,,,,40,50,52,40.293820,74.094300,N,POLE JS463TF IN FRONT OF 1049 WAYSIDE ROAD  TINTON FALLS NJ,36064
2018133618TF15548,MONMOUTH,TINTON FALLS BORO,12/17/2018,MO,0846,01,TINTON FALLS PD,,0,1,0,0,I,B,N,N,01,2,MONMOUTH COUNTY 38,S,38,,13000038__,1.08,05,,01,04,02,02,01,01,05,01,50,FE,S,STAVBRO LN,,,,40,25,26,40.284080,74.092650,N,,36037
2018133618TF15556,MONMOUTH,TINTON FALLS BORO,12/17/2018,MO,1137,01,TINTON FALLS PD,,0,0,0,0,P,B,N,N,06,2,1162 PINE BROOK RD; AJ PER,,,,,,09,,01,04,02,01,01,01,,,,,,,,,,,,28,40.289960,74.081790,N,,36037
2018133618TF15619,MONMOUTH,TINTON FALLS BORO,12/18/2018,TU,1308,01,TINTON FALLS PD,,0,0,0,0,P,B,N,N,15,1,MONMOUTH COUNTY 38,S,38,,13000038__,1.42,05,,01,04,02,01,01,01,05,01,200,FE,N,NJ 18,,,,40,65,99,40.278610,74.087570,N,,36065
2018133618TF15628,MONMOUTH,TINTON FALLS BORO,12/18/2018,TU,1500,01,TINTON FALLS PD,,0,0,0,0,P,B,N,N,01,2,NJ 33,E,33,,00000033__,37.10,02,,02,04,02,01,01,01,03,01,200,FE,W,AUTUMN DR,,,,50,25,26,40.216950,74.103840,N,,36065
2018133618TF15648,MONMOUTH,TINTON FALLS BORO,12/19/2018,WE,0410,01,TINTON FALLS PD,TINTON FALLS,0,0,0,0,P,B,N,N,12,1,ROUTE 537,E,537,,00000537__,63.07,05,,01,04,02,01,07,01,05,,2500,FE,W,CR 51 / HOPE RD,,,,40,40,24,,,N,,36073
2018133618TF15653,MONMOUTH,TINTON FALLS BORO,12/19/2018,WE,0746,01,TINTON FALLS PD,,0,1,0,0,I,B,N,N,01,3,MONMOUTH COUNTY 16,E,16,,13000016__,1.50,05,,01,04,02,01,01,01,05,,25,FE,W,FOX CHASE DR / CANNONBALL DR,,,,45,30,26,40.240230,74.088160,N,,36079
2018133618TF15668,MONMOUTH,TINTON FALLS BORO,12/19/2018,WE,1538,01,TINTON FALLS PD,,0,0,0,0,P,B,N,N,01,2,MONMOUTH COUNTY 38,S,38,,13000038__,2.42,05,,03,04,02,01,01,01,02,01,5,FE,N,ROUTE 547 / SHAFTO RD,,,,40,50,26,40.245040,74.101850,N,,36079
2018133618TF15672,MONMOUTH,TINTON FALLS BORO,12/19/2018,WE,1603,01,TINTON FALLS PD,,0,0,0,0,P,B,N,N,03,2,MONMOUTH COUNTY 13,S,13,,13000013__,.94,05,,01,04,02,01,01,01,05,,75,FE,N,CR 13A / SYCAMORE AVE,,,,40,40,26,40.330940,74.073940,N,,36074
2018133618TF15675,MONMOUTH,TINTON FALLS BORO,12/19/2018,WE,1903,01,TINTON FALLS PD,,0,1,0,0,I,B,N,N,01,2,MONMOUTH COUNTY 13 A,E,13,A,13000013A_,.09,05,,01,04,02,01,06,01,05,01,500,FE,E,ROUTE 537 / TINTON AVE,,,,40,40,26,40.305770,74.099780,N,,36077
2018133618TF15728,MONMOUTH,TINTON FALLS BORO,12/20/2018,TH,1721,01,TINTON FALLS PD,,0,0,0,0,P,B,N,N,01,2,MONMOUTH COUNTY 13,S,13,,13000013__,1.36,05,,01,04,02,02,06,02,04,,10,FE,N,EXECUTIVE DR,,,,40,25,26,40.323140,74.072880,N,,36079
2018133618TF15753,MONMOUTH,TINTON FALLS BORO,12/21/2018,FR,0630,01,TINTON FALLS PD,,0,0,0,0,P,B,N,N,11,1,NJ 18,N,18,,00000018__,15.51,02,,02,04,02,02,01,02,03,01,5280,FE,N,CR 38 / WAYSIDE RD,,,,65,40,59,40.283060,74.096980,N,FENCE LOCATED ON THE SHOULDER OF STATE ROUTE 18,36065
2018133618TF15759,MONMOUTH,TINTON FALLS BORO,12/21/2018,FR,0806,01,TINTON FALLS PD,NJ0133600,0,0,0,0,P,I,N,N,01,2,MONMOUTH COUNTY 13,E,13,,13000013__,.93,05,,01,04,02,02,01,02,05,,,AT,,CR 13A / SYCAMORE AVE,,,,40,40,26,,,N,,36071
2018133618TF15763,MONMOUTH,TINTON FALLS BORO,12/21/2018,FR,1003,01,TINTON FALLS PD,,0,0,0,0,P,B,N,N,01,2,MONMOUTH COUNTY 13,S,13,,13000013__,1.04,05,,01,06,02,02,01,02,04,01,100,FE,S,GILBERT ST S,,,,40,25,26,40.326170,74.073990,N,,36037
2018133618TF15830,MONMOUTH,TINTON FALLS BORO,12/22/2018,SA,1248,01,TINTON FALLS PD,,0,0,0,0,P,B,N,N,02,2,MONMOUTH COUNTY 51,S,51,,13000051__,.75,05,,01,04,02,01,01,01,05,01,750,FE,S,NJ 36 / GARDEN STATE PARKWAY SPUR,,,,50,50,26,40.287180,74.078730,N,,36065
2018133618TF15831,MONMOUTH,TINTON FALLS BORO,12/22/2018,SA,1302,01,TINTON FALLS PD,,0,0,0,0,P,B,N,N,01,2,ROUTE 520,E,520,,00000520__,16.20,05,,01,04,02,01,01,01,05,01,50,FE,W,CR 13 / SHREWSBURY AVE,,,,40,40,26,40.337300,74.074840,N,,36065
2018133618TF15900,MONMOUTH,TINTON FALLS BORO,12/24/2018,MO,0642,01,TINTON FALLS PD,,0,0,0,0,P,B,N,N,11,1,TORNILLO WAY **,S,,,13361089__,-.50,07,,03,04,02,02,05,02,05,,2640,FE,S,ROUTE 537 / SHAFTO RD,,,,25,50,60,40.265890,74.082150,N,,36079
2018133618TF15942,MONMOUTH,TINTON FALLS BORO,12/26/2018,WE,0558,01,TINTON FALLS PD,TINTON FALLS PD,0,1,0,0,I,B,N,N,11,1,JUMPING BROOK RD,S,,,,,07,,02,04,02,01,07,01,05,,1320,FE,N,NJ 66,,,,25,50,61,40.231190,74.080410,N,MAILBOX AT 1961 JUMPING BROOK ROAD; UTILITY POLE (#JC68),36070
2018133618TF15949,MONMOUTH,TINTON FALLS BORO,12/26/2018,WE,0848,01,TINTON FALLS PD,,0,2,0,0,I,I,N,N,03,2,WEST PARK AVE,S,,,13361373__,.99,07,,01,04,02,01,01,01,05,,,AT,,GREEN GROVE RD / HOPE RD,,,,40,35,26,,,N,,36078
2018133618TF15961,MONMOUTH,TINTON FALLS BORO,12/26/2018,WE,1420,01,TINTON FALLS PD,,0,1,0,0,I,B,N,N,01,2,NJ 33,E,33,,00000033__,,02,,01,04,02,01,01,01,05,,400,FE,E,CR 547/SHAFTO ROAD,,,,50,50,26,40.219650,74.119110,N,,36078
2018133618TF15978,MONMOUTH,TINTON FALLS BORO,12/27/2018,TH,0746,01,TINTON FALLS PD,NJ0133600,0,0,0,0,P,B,N,N,11,2,GREEN GROVE RD,S,,,13341417__,3.85,07,,01,04,02,04,01,01,05,01,500,FE,E,WEST PARK AVE,,,,40,35,26,,,N,,36071