Year(4)-CountyCode(2)-MunicipalityCode(2)-CaseNumber(9),County Name,Municipality Name,Crash Date,Crash Day of Week,Crash Time,Police Department Code,Police Department,Police Station,Total Killed,Total Injured,Pedestrians Killed,Pedestrians Injured,Severity,Intersection,Alcohol Involved,Hazmat Involved,Crash Type,Total Vehicles,Location,Location Direction,Route,Route Suffix,Std Rte Identifier,MilePost,Road System,Road Character,Road Horizontal Alignment,Road Grade,Road Surface Type,Surface Condition,Light Condition,Environmental Condition,Road Divided By,Temporary Traffic Control Zone,Distance To Cross Street,Unit Of Measurement,Direction From Cross Street,Cross Street Name,Is Ramp,Ramp To/From Route Name,Ramp To/From Route Direction,Posted Speed,Posted Speed Cross Street,First Harmful Event,Latitude,Longitude,Cell Phone In Use Flag,Other Property Damage,Reporting Badge No.
2018133618TF15995,MONMOUTH,TINTON FALLS BORO,12/27/2018,TH,1636,01,TINTON FALLS PD,,0,3,0,0,I,B,N,N,07,2,MONMOUTH COUNTY 13,W,13,,13000013__,.50,05,,02,04,02,01,06,01,04,,100,FE,S,WINDING BROOK WAY,,,,40,25,26,40.323140,74.072880,N,,36076
2018133618TF16018,MONMOUTH,TINTON FALLS BORO,12/28/2018,FR,1112,01,TINTON FALLS PD,,0,0,0,0,P,B,N,N,01,2,MONMOUTH COUNTY 16,E,16,,13000016__,2.22,05,,01,04,02,02,01,02,05,,5,FE,W,PINE ST / ESSEX RD,,,,45,35,26,40.240230,74.088160,N,,36079
2018133618TF16062,MONMOUTH,TINTON FALLS BORO,12/29/2018,SA,1326,01,TINTON FALLS PD,,0,1,0,0,I,I,N,N,02,2,MONMOUTH COUNTY 13 A,E,13,A,13000013A_,2.03,05,,01,04,02,01,01,01,04,01,,AT,,CR 13 / SHREWSBURY AVE,,,,40,40,26,40.323130,74.072950,N,,36079
2018133618TF16065,MONMOUTH,TINTON FALLS BORO,12/29/2018,SA,1558,01,TINTON FALLS PD,,0,0,0,0,P,I,N,N,01,2,NJ 33,S,33,,00000033__,37.14,02,,03,04,02,01,01,01,02,01,,AT,,SHARK RIVER ROAD,,,,40,50,26,40.218650,74.103510,N,,36074
20181336E050-2018-00003A,MONMOUTH,TINTON FALLS BORO,01/01/2018,MO,1150,02,NEW JERSEY STATE POLICE,HOLMDEL - SQUAD,0,0,0,0,P,B,N,N,02,2,GARDEN STATE PARKWAY,N,444,,00000444__,103.90,03,,01,04,02,01,01,01,01,01,,,,,,,,65,,26,40.386550,74.177130,N,,7471
20181336E050-2018-00024A,MONMOUTH,TINTON FALLS BORO,01/04/2018,TH,0721,02,NEW JERSEY STATE POLICE,HOLMDEL - SQUAD,0,0,0,0,P,B,N,N,02,2,GARDEN STATE PARKWAY,S,444,,00000444__,109.00,03,,01,04,02,03,01,03,01,01,,,,,,,,35,,26,40.318190,74.098200,N,,7332
20181336E050-2018-00041A,MONMOUTH,TINTON FALLS BORO,01/04/2018,TH,0653,02,NEW JERSEY STATE POLICE,HOLMDEL - SQUAD,0,0,0,0,P,B,N,N,11,1,GARDEN STATE PARKWAY,N,444,,00000444__,104.30,03,,01,04,02,03,01,03,01,01,,,,,,,,65,,46,40.254660,74.080040,N,Minor guard rail damage.,6912
20181336E050-2018-00042A,MONMOUTH,TINTON FALLS BORO,01/05/2018,FR,2350,02,NEW JERSEY STATE POLICE,HOLMDEL - SQUAD,0,0,0,0,P,B,N,N,15,1,GARDEN STATE PARKWAY,N,444,,00000444__,105.60,03,,01,04,02,02,05,01,01,01,,,,,,,,65,,39,40.274120,74.079270,N,,7086
20181336E050-2018-00048A,MONMOUTH,TINTON FALLS BORO,01/08/2018,MO,0536,02,NEW JERSEY STATE POLICE,HOLMDEL - SQUAD,0,1,0,0,I,B,N,N,11,1,GARDEN STATE PARKWAY,S,444,,00000444__,106.70,03,,01,04,02,01,06,01,01,01,,,,,,,,65,,45,40.288180,74.090820,N,,6978
20181336E050-2018-00057A,MONMOUTH,TINTON FALLS BORO,01/08/2018,MO,0825,02,NEW JERSEY STATE POLICE,HOLMDEL - SQUAD,0,0,0,0,P,B,N,N,03,3,GARDEN STATE PARKWAY,N,444,,00000444__,107.00,03,,01,04,02,01,01,01,01,01,,,,,,,,65,,26,40.292390,74.090370,N,,7369
20181336E050-2018-00063A,MONMOUTH,TINTON FALLS BORO,01/10/2018,WE,0211,02,NEW JERSEY STATE POLICE,HOLMDEL - SQUAD,0,0,0,0,P,B,Y,N,11,1,GARDEN STATE PARKWAY,S,444,,00000444__,106.60,03,,01,04,02,01,05,01,01,01,,,,,,,,65,,48,40.286700,74.090430,N,GUARDRAIL OWNED BY NJTA,7570
20181336E050-2018-00073A,MONMOUTH,TINTON FALLS BORO,01/11/2018,TH,0612,02,NEW JERSEY STATE POLICE,HOLMDEL - SQUAD,0,1,0,0,I,B,N,N,11,1,GARDEN STATE PARKWAY,S,444,,00000444__,108.70,03,,01,04,02,01,02,01,01,01,,,,,,,,65,,48,40.854670,74.654750,N,NJTA CONCRETE BARRIER,7471
20181336E050-2018-00085A,MONMOUTH,TINTON FALLS BORO,01/12/2018,FR,1737,02,NEW JERSEY STATE POLICE,HOLMDEL - SQUAD,0,0,0,0,P,B,N,N,01,2,GARDEN STATE PARKWAY,S,444,,00000444__,104.60,03,,01,04,02,02,06,02,01,01,,,,,,,,65,,26,40.260150,74.081100,N,,7570
20181336E050-2018-00096A,MONMOUTH,TINTON FALLS BORO,01/14/2018,SU,1212,02,NEW JERSEY STATE POLICE,HOLMDEL - SQUAD,0,0,0,0,P,B,N,N,02,2,GARDEN STATE PARKWAY,N,444,,00000444__,103.80,03,,01,04,02,01,01,01,01,01,,,,,,,,65,,26,40.249640,74.082160,N,,6978
20181336E050-2018-00097A,MONMOUTH,TINTON FALLS BORO,01/14/2018,SU,2147,02,NEW JERSEY STATE POLICE,HOLMDEL - SQUAD,0,2,0,0,I,B,Y,N,01,2,GARDEN STATE PARKWAY,S,444,,00000444__,105.10,03,,01,04,02,01,05,01,01,01,,,,,,,,65,,26,40.267200,74.078970,Y,,7588
20181336E050-2018-00099A,MONMOUTH,TINTON FALLS BORO,01/15/2018,MO,1410,02,NEW JERSEY STATE POLICE,HOLMDEL - SQUAD,0,1,0,0,I,B,N,N,02,2,GARDEN STATE PARKWAY,S,444,,00000444__,106.10,03,,01,04,02,01,01,01,01,01,,,,,,,,65,,26,40.278120,74.083480,N,GUARDRAIL DAMAGE NJTA WOODBRIDGE NJ,7131
20181336E050-2018-00100A,MONMOUTH,TINTON FALLS BORO,01/15/2018,MO,1403,02,NEW JERSEY STATE POLICE,HOLMDEL - SQUAD,0,0,0,0,P,B,N,N,01,2,GARDEN STATE PARKWAY,N,444,,00000444__,101.70,03,,01,04,02,01,01,01,01,01,,,,,,,,65,,26,40.220060,74.097340,N,,7739
20181336E050-2018-00103A,MONMOUTH,TINTON FALLS BORO,01/15/2018,MO,2210,02,NEW JERSEY STATE POLICE,HOLMDEL - SQUAD,0,0,0,0,P,B,Y,N,11,1,GARDEN STATE PARKWAY,N,444,,00000444__,104.20,03,,03,04,02,01,06,01,04,01,,,,,,,,65,,49,40.256630,74.079770,N,NJTA Guardrail and Traffic Barrels,7453
20181336E050-2018-00115A,MONMOUTH,TINTON FALLS BORO,01/17/2018,WE,1606,02,NEW JERSEY STATE POLICE,HOLMDEL - SQUAD,0,0,0,0,P,B,N,N,02,2,GARDEN STATE PARKWAY,N,444,,00000444__,105.20,03,,01,04,02,01,01,01,03,01,,,,,,,,65,,26,40.267490,74.077890,N,,6357
20181336E050-2018-00116A,MONMOUTH,TINTON FALLS BORO,01/18/2018,TH,0915,02,NEW JERSEY STATE POLICE,HOLMDEL - SQUAD,0,1,0,0,I,B,N,N,01,2,GARDEN STATE PARKWAY,S,444,,00000444__,103.10,03,,03,04,02,01,01,01,02,01,,,,,T,CR 16 /  ASBURY AVE,EB,65,,26,40.240730,74.087890,N,,7439
20181336E050-2018-00121A,MONMOUTH,TINTON FALLS BORO,01/16/2018,TU,0454,02,NEW JERSEY STATE POLICE,HOLMDEL - SQUAD,0,0,0,0,P,B,N,N,11,1,GARDEN STATE PARKWAY,N,444,,00000444__,106.00,03,,01,04,02,01,06,01,01,01,,,,,,,,65,,47,40.286440,74.080420,N,NJTA - Metal Guardrail.,7411
20181336E050-2018-00122A,MONMOUTH,TINTON FALLS BORO,01/16/2018,TU,1022,02,NEW JERSEY STATE POLICE,HOLMDEL - SQUAD,0,1,0,0,I,B,N,N,02,2,GARDEN STATE PARKWAY,N,444,,00000444__,108.30,03,,01,04,02,01,01,01,01,01,,,,,,,,65,,26,40.310760,74.094780,N,,7411
20181336E050-2018-00132A,MONMOUTH,TINTON FALLS BORO,01/20/2018,SA,2043,02,NEW JERSEY STATE POLICE,HOLMDEL - SQUAD,0,0,0,0,P,B,N,N,02,2,GARDEN STATE PARKWAY,S,444,,00000444__,109.00,03,,01,04,02,01,04,01,01,01,,,,,,,,65,,26,40.352690,74.471830,N,,7382
20181336E050-2018-00133A,MONMOUTH,TINTON FALLS BORO,01/21/2018,SU,1816,02,NEW JERSEY STATE POLICE,HOLMDEL - SQUAD,0,1,0,0,I,B,Y,N,11,1,GARDEN STATE PARKWAY,N,444,,00000444__,104.00,03,,01,04,02,02,06,02,01,01,,,,,,,,65,,46,40.251180,74.081480,N,NJTA GURADRAIL,7471
20181336E050-2018-00135A,MONMOUTH,TINTON FALLS BORO,01/21/2018,SU,2132,02,NEW JERSEY STATE POLICE,HOLMDEL - SQUAD,0,0,0,0,P,B,N,N,12,1,GARDEN STATE PARKWAY,N,444,,00000444__,102.90,03,,01,04,02,01,05,01,01,01,,,,,,,,65,,24,40.236420,74.089430,N,,7660
20181336E050-2018-00136A,MONMOUTH,TINTON FALLS BORO,01/22/2018,MO,0401,02,NEW JERSEY STATE POLICE,HOLMDEL - SQUAD,0,0,0,0,P,B,N,N,11,1,GARDEN STATE PARKWAY,N,444,,00000444__,100.90,03,,01,04,02,01,06,01,01,01,,,,,,,,65,,46,40.208530,74.097190,N,NJTR Guardrail.,7639
20181336E050-2018-00144A,MONMOUTH,TINTON FALLS BORO,01/22/2018,MO,1544,02,NEW JERSEY STATE POLICE,HOLMDEL - SQUAD,0,0,0,0,P,B,N,N,02,2,GARDEN STATE PARKWAY,S,444,,00000444__,103.90,03,,01,04,02,01,01,01,01,01,,,,,,,,65,,26,40.250070,74.082450,N,,7588
20181336E050-2018-00154A,MONMOUTH,TINTON FALLS BORO,01/24/2018,WE,1819,02,NEW JERSEY STATE POLICE,HOLMDEL - SQUAD,0,0,0,0,P,B,N,N,01,2,GARDEN STATE PARKWAY,S,444,,00000444__,101.00,03,,01,04,02,02,06,02,01,01,,,,,,,,65,,26,40.211060,74.098800,N,,7471
20181336E050-2018-00164A,MONMOUTH,TINTON FALLS BORO,01/27/2018,SA,0619,02,NEW JERSEY STATE POLICE,HOLMDEL - SQUAD,0,0,0,0,P,B,N,N,11,1,GARDEN STATE PARKWAY,N,444,,00000444__,106.90,03,,01,04,02,04,06,01,01,01,,,,,,,,55,,46,40.386550,74.177130,N,NJTA Guiderail,7576
20181336E050-2018-00165A,MONMOUTH,TINTON FALLS BORO,01/27/2018,SA,0705,02,NEW JERSEY STATE POLICE,HOLMDEL - SQUAD,0,0,0,0,P,B,N,N,11,1,GARDEN STATE PARKWAY,S,444,,00000444__,108.70,03,,01,04,02,04,01,01,01,01,,,,,,,,65,,46,40.316480,74.098150,N,NJTA Guiderail,7588
20181336E050-2018-00166A,MONMOUTH,TINTON FALLS BORO,01/27/2018,SA,0742,02,NEW JERSEY STATE POLICE,HOLMDEL - SQUAD,0,0,0,0,P,B,N,N,02,2,GARDEN STATE PARKWAY,S,444,,00000444__,107.70,03,,01,04,02,01,01,01,01,01,,,,,,,,65,,26,40.302440,74.093870,N,,7588
20181336E050-2018-00167A,MONMOUTH,TINTON FALLS BORO,01/27/2018,SA,0846,02,NEW JERSEY STATE POLICE,HOLMDEL - SQUAD,0,0,0,0,P,B,N,N,01,2,GARDEN STATE PARKWAY,N,444,,00000444__,106.70,03,,01,04,02,01,01,01,01,01,,,,,,,,55,,26,40.386550,74.177130,N,,7576
20181336E050-2018-00181A,MONMOUTH,TINTON FALLS BORO,01/11/2018,TH,1730,02,NEW JERSEY STATE POLICE,HOLMDEL - SQUAD,0,0,0,0,P,B,N,N,01,2,GARDEN STATE PARKWAY,S,444,,00000444__,104.70,03,,01,04,02,01,01,01,01,01,,,,,,,,65,,26,40.262030,74.080160,N,,7448
20181336E050-2018-00191A,MONMOUTH,TINTON FALLS BORO,01/11/2018,TH,1701,02,NEW JERSEY STATE POLICE,HOLMDEL - SQUAD,0,1,0,0,I,B,N,N,01,2,GARDEN STATE PARKWAY,S,444,,00000444__,101.00,03,,01,04,02,01,01,01,01,01,,,,,,,,65,,26,40.210280,74.098540,N,,7448
20181336E050-2018-00207A,MONMOUTH,TINTON FALLS BORO,02/01/2018,TH,0627,02,NEW JERSEY STATE POLICE,HOLMDEL - SQUAD,0,0,0,0,P,B,N,N,02,2,GARDEN STATE PARKWAY,N,444,,00000444__,108.60,03,,01,04,02,01,07,01,01,01,,,,,,,,65,,26,40.313750,74.095870,N,,7514
20181336E050-2018-00221A,MONMOUTH,TINTON FALLS BORO,02/04/2018,SU,1336,02,NEW JERSEY STATE POLICE,HOLMDEL - SQUAD,0,0,0,0,P,B,N,N,06,2,GARDEN STATE PARKWAY,S,444,,00000444__,103.70,03,,01,04,02,01,01,01,01,01,,,,,,,,65,,26,40.247340,74.083510,N,,7639
20181336E050-2018-00230A,MONMOUTH,TINTON FALLS BORO,02/06/2018,TU,0230,02,NEW JERSEY STATE POLICE,HOLMDEL - SQUAD,0,0,0,0,P,B,N,N,12,1,GARDEN STATE PARKWAY,S,444,,00000444__,103.40,03,,01,04,02,01,05,01,01,01,,,,,,,,55,,24,40.243450,74.086050,N,,7383
20181336E050-2018-00231A,MONMOUTH,TINTON FALLS BORO,02/06/2018,TU,1307,02,NEW JERSEY STATE POLICE,HOLMDEL - SQUAD,0,0,0,0,P,B,N,N,11,1,GARDEN STATE PARKWAY,S,444,,00000444__,106.30,03,,01,04,02,01,01,01,01,01,,,,,,,,65,,46,40.280660,74.085290,N,NJTA metal guardrail,7361
20181336E050-2018-00232A,MONMOUTH,TINTON FALLS BORO,02/06/2018,TU,0811,02,NEW JERSEY STATE POLICE,HOLMDEL - SQUAD,0,0,0,0,P,B,N,N,01,5,GARDEN STATE PARKWAY,N,444,,00000444__,103.40,03,,01,04,02,01,01,01,01,01,,,,,,,,65,,26,40.242770,74.084650,N,,7639
20181336E050-2018-00241A,MONMOUTH,TINTON FALLS BORO,02/04/2018,SU,1913,02,NEW JERSEY STATE POLICE,HOLMDEL - SQUAD,0,1,0,0,I,B,N,N,11,1,GARDEN STATE PARKWAY,S,444,,00000444__,106.30,03,,01,04,02,02,04,02,01,01,,,,,,,,,,46,40.280660,74.085290,N,NJTA GUARDRAIL,7208
20181336E050-2018-00243A,MONMOUTH,TINTON FALLS BORO,02/08/2018,TH,0744,02,NEW JERSEY STATE POLICE,HOLMDEL - SQUAD,0,0,0,0,P,B,N,N,01,2,GARDEN STATE PARKWAY,N,444,,00000444__,103.80,03,,01,04,02,01,01,01,01,01,,,,,,,,65,,26,40.248270,74.082030,N,,7471
20181336E050-2018-00244A,MONMOUTH,TINTON FALLS BORO,02/08/2018,TH,0805,02,NEW JERSEY STATE POLICE,HOLMDEL - SQUAD,0,0,0,0,P,B,N,N,01,2,GARDEN STATE PARKWAY,N,444,,00000444__,103.60,03,,01,04,02,01,01,01,01,01,,,,,,,,65,,26,40.245450,74.083090,N,,7471
20181336E050-2018-00245A,MONMOUTH,TINTON FALLS BORO,02/08/2018,TH,0837,02,NEW JERSEY STATE POLICE,HOLMDEL - SQUAD,0,0,0,0,P,B,N,N,01,2,GARDEN STATE PARKWAY,N,444,,00000444__,103.30,03,,01,04,02,01,01,01,01,01,,,,,,,,65,,26,40.241480,74.085510,N,,7471
20181336E050-2018-00249A,MONMOUTH,TINTON FALLS BORO,02/08/2018,TH,1459,02,NEW JERSEY STATE POLICE,HOLMDEL - SQUAD,0,0,0,0,P,B,N,N,01,2,GARDEN STATE PARKWAY,S,444,,00000444__,105.00,03,,01,04,02,01,01,01,05,01,,,,,,,,65,,26,40.236600,74.984400,N,,7382
20181336E050-2018-00259A,MONMOUTH,TINTON FALLS BORO,02/10/2018,SA,1040,02,NEW JERSEY STATE POLICE,HOLMDEL - SQUAD,0,0,0,0,P,B,N,N,12,1,GARDEN STATE PARKWAY,N,444,,00000444__,102.00,03,,01,04,02,01,01,01,01,01,,,,,,,,65,,24,40.224420,74.096500,N,,7804
20181336E050-2018-00265A,MONMOUTH,TINTON FALLS BORO,02/11/2018,SU,0836,02,NEW JERSEY STATE POLICE,HOLMDEL - SQUAD,0,0,0,0,P,B,N,N,11,1,GARDEN STATE PARKWAY,N,444,,00000444__,106.20,03,,01,04,02,02,01,02,01,01,,,,,,,,65,,46,40.281760,74.084850,N,NJTA metal guardrail,7361
20181336E050-2018-00280A,MONMOUTH,TINTON FALLS BORO,02/12/2018,MO,1434,02,NEW JERSEY STATE POLICE,HOLMDEL - SQUAD,0,0,0,0,P,B,N,N,01,2,GARDEN STATE PARKWAY,E,444,,00000444__,105.00,03,,01,04,02,01,01,01,01,01,,,,,,,,35,,26,40.386550,74.177130,N,,7448
20181336E050-2018-00286A,MONMOUTH,TINTON FALLS BORO,02/15/2018,TH,1018,02,NEW JERSEY STATE POLICE,HOLMDEL - SQUAD,0,0,0,0,P,B,N,N,02,2,GARDEN STATE PARKWAY,S,444,,00000444__,105.20,03,,01,04,02,01,01,01,01,01,,,,,,,,65,,26,40.268160,74.078950,N,,6978
20181336E050-2018-00289A,MONMOUTH,TINTON FALLS BORO,02/15/2018,TH,2227,02,NEW JERSEY STATE POLICE,HOLMDEL - SQUAD,0,1,0,0,I,B,Y,N,11,1,GARDEN STATE PARKWAY,N,444,,00000444__,104.80,03,,01,04,02,02,05,02,01,01,,,,,,,,65,,60,40.262590,74.078480,N,NJTA TREES.,7383
20181336E050-2018-00290A,MONMOUTH,TINTON FALLS BORO,02/15/2018,TH,1846,02,NEW JERSEY STATE POLICE,HOLMDEL - SQUAD,0,0,0,0,P,B,N,N,02,2,GARDEN STATE PARKWAY,N,444,,00000444__,102.30,03,,01,04,02,01,05,01,01,01,,,,,,,,55,,26,40.228620,74.094800,N,,7383
20181336E050-2018-00326A,MONMOUTH,TINTON FALLS BORO,02/17/2018,SA,2059,02,NEW JERSEY STATE POLICE,HOLMDEL - SQUAD,0,0,0,0,P,B,N,N,02,2,GARDEN STATE PARKWAY,N,444,,00000444__,104.00,03,,01,04,02,03,06,03,03,01,,,,,,,,65,,26,40.251180,74.081480,N,,6725
20181336E050-2018-00331A,MONMOUTH,TINTON FALLS BORO,02/22/2018,TH,1802,02,NEW JERSEY STATE POLICE,HOLMDEL - SQUAD,0,0,0,0,P,B,Y,N,01,2,GARDEN STATE PARKWAY,S,444,,00000444__,101.00,03,,01,04,02,01,05,01,01,01,,,,,,,,65,,26,40.211060,74.098800,N,,7660
20181336E050-2018-00334A,MONMOUTH,TINTON FALLS BORO,02/23/2018,FR,0756,02,NEW JERSEY STATE POLICE,HOLMDEL - SQUAD,0,0,0,0,P,B,N,N,01,2,GARDEN STATE PARKWAY,S,444,,00000444__,106.60,03,,01,04,02,02,01,02,01,01,,,,,,,,65,,26,40.286700,74.090430,N,,7576
20181336E050-2018-00335A,MONMOUTH,TINTON FALLS BORO,02/23/2018,FR,1607,02,NEW JERSEY STATE POLICE,HOLMDEL - SQUAD,0,0,0,0,P,B,N,N,01,2,GARDEN STATE PARKWAY,S,444,,00000444__,105.00,03,,01,04,02,02,01,05,01,01,,,,,,,,65,,26,40.265800,74.079270,N,,7661
20181336E050-2018-00341A,MONMOUTH,TINTON FALLS BORO,02/23/2018,FR,2152,02,NEW JERSEY STATE POLICE,HOLMDEL - SQUAD,0,1,0,0,I,B,N,N,02,2,GARDEN STATE PARKWAY,S,444,,00000444__,108.20,03,,01,04,02,01,05,01,01,01,,,,,,,,65,,26,39.126540,74.615180,N,NJTA GUARDRAIL DAMAGE,7439
20181336E050-2018-00354A,MONMOUTH,TINTON FALLS BORO,02/25/2018,SU,1035,02,NEW JERSEY STATE POLICE,HOLMDEL - SQUAD,0,0,0,0,P,B,N,N,11,1,GARDEN STATE PARKWAY,N,444,,00000444__,103.90,03,,01,04,02,02,01,02,01,01,,,,,,,,65,,48,40.249200,74.082100,N,,7578
20181336E050-2018-00362A,MONMOUTH,TINTON FALLS BORO,02/26/2018,MO,0833,02,NEW JERSEY STATE POLICE,HOLMDEL - SQUAD,0,0,0,0,P,B,N,N,01,2,GARDEN STATE PARKWAY,N,444,,00000444__,103.40,03,,01,04,02,01,01,01,01,01,,,,,,,,65,,26,40.304300,74.100400,N,,7639
20181336E050-2018-00372A,MONMOUTH,TINTON FALLS BORO,02/21/2018,WE,1146,02,NEW JERSEY STATE POLICE,HOLMDEL - SQUAD,0,0,0,0,P,B,N,N,01,2,GARDEN STATE PARKWAY,N,444,,00000444__,104.00,03,,01,04,02,01,01,01,01,01,,,,,,,,65,,26,40.251180,74.081480,N,,7448
20181336E050-2018-00375A,MONMOUTH,TINTON FALLS BORO,02/28/2018,WE,1004,02,NEW JERSEY STATE POLICE,HOLMDEL - SQUAD,0,0,0,0,P,B,N,N,01,2,GARDEN STATE PARKWAY,N,444,,00000444__,102.00,03,,01,04,02,01,01,01,02,01,,FE,N,NJ 66,,,,65,,26,40.239210,74.085570,N,,7380
20181336E050-2018-00379A,MONMOUTH,TINTON FALLS BORO,02/28/2018,WE,1609,02,NEW JERSEY STATE POLICE,HOLMDEL - SQUAD,0,0,0,0,P,B,N,N,06,2,GARDEN STATE PARKWAY,N,444,,00000444__,102.00,03,,01,04,02,01,01,01,01,01,,,,,,,,65,,26,40.286030,74.078690,N,,7570
20181336E050-2018-00387A,MONMOUTH,TINTON FALLS BORO,03/01/2018,TH,1758,02,NEW JERSEY STATE POLICE,HOLMDEL - SQUAD,0,3,0,0,I,B,N,N,01,2,GARDEN STATE PARKWAY,N,444,,00000444__,101.50,03,,01,04,02,02,06,02,03,01,,,,,,,,65,,26,40.217160,74.097500,N,,6357
20181336E050-2018-00388A,MONMOUTH,TINTON FALLS BORO,03/02/2018,FR,1012,02,NEW JERSEY STATE POLICE,HOLMDEL - SQUAD,0,0,0,0,P,B,N,N,11,1,GARDEN STATE PARKWAY,S,444,,00000444__,106.70,03,,01,04,02,03,01,03,01,01,,,,,,,,65,,46,40.288080,74.090910,N,NJTA GUARDRAIL,7471
20181336E050-2018-00390A,MONMOUTH,TINTON FALLS BORO,03/02/2018,FR,1037,02,NEW JERSEY STATE POLICE,HOLMDEL - SQUAD,0,0,0,0,P,B,N,N,06,2,GARDEN STATE PARKWAY,S,444,,00000444__,105.10,03,,01,04,02,03,01,03,01,01,,,,,,,,65,,26,40.264520,74.079490,N,GUARDRAIL,7382
20181336E050-2018-00412A,MONMOUTH,TINTON FALLS BORO,03/05/2018,MO,1925,02,NEW JERSEY STATE POLICE,HOLMDEL - SQUAD,0,0,0,0,P,B,N,N,01,3,GARDEN STATE PARKWAY,S,444,,00000444__,103.00,03,,01,04,02,01,05,01,01,01,,,,,,,,65,,26,40.238380,74.089690,N,,7332
20181336E050-2018-00414A,MONMOUTH,TINTON FALLS BORO,03/05/2018,MO,0924,02,NEW JERSEY STATE POLICE,HOLMDEL - SQUAD,0,0,0,0,P,B,N,N,15,2,GARDEN STATE PARKWAY,N,444,,00000444__,109.00,03,,01,04,02,01,01,01,01,01,,,,,,,,65,,30,40.320550,74.097640,N,,7369
20181336E050-2018-00422A,MONMOUTH,TINTON FALLS BORO,03/06/2018,TU,1701,02,NEW JERSEY STATE POLICE,HOLMDEL - SQUAD,0,0,0,0,P,B,N,N,11,1,GARDEN STATE PARKWAY,N,444,,00000444__,105.00,03,,03,04,02,01,01,01,03,01,,,,,,,,65,,54,40.284200,74.083800,N,LIGHT UTILITY POLE #NJTA-GSP 27-3-C,7380
20181336E050-2018-00423A,MONMOUTH,TINTON FALLS BORO,03/06/2018,TU,2204,02,NEW JERSEY STATE POLICE,HOLMDEL - SQUAD,0,0,0,0,P,B,N,N,02,2,GARDEN STATE PARKWAY,N,444,,00000444__,102.30,03,,01,04,02,01,05,01,01,01,,,,,,,,65,,26,40.228630,74.094800,N,,7332
20181336E050-2018-00427A,MONMOUTH,TINTON FALLS BORO,03/07/2018,WE,1238,02,NEW JERSEY STATE POLICE,HOLMDEL - SQUAD,0,0,0,0,P,B,N,N,11,1,GARDEN STATE PARKWAY,N,444,,00000444__,106.30,03,,01,04,02,05,01,06,01,01,,,,,,,,65,,46,40.283260,74.085150,N,GUARDRAIL,7578
20181336E050-2018-00429A,MONMOUTH,TINTON FALLS BORO,03/07/2018,WE,1311,02,NEW JERSEY STATE POLICE,HOLMDEL - SQUAD,0,0,0,0,P,B,N,N,11,1,GARDEN STATE PARKWAY,S,444,,00000444__,106.70,03,,01,04,02,03,01,03,01,01,,,,,,,,45,,46,39.401650,74.907310,N,NJTA GUARDRAIL,7227
20181336E050-2018-00432A,MONMOUTH,TINTON FALLS BORO,03/07/2018,WE,1306,02,NEW JERSEY STATE POLICE,HOLMDEL - SQUAD,0,0,0,0,P,B,N,N,11,1,GARDEN STATE PARKWAY,S,444,,00000444__,105.60,03,,01,04,02,05,01,03,01,01,,,,,,,,45,,46,40.271300,74.079580,N,NJTA GUARDRAIL,6811
20181336E050-2018-00433A,MONMOUTH,TINTON FALLS BORO,03/07/2018,WE,1416,02,NEW JERSEY STATE POLICE,HOLMDEL - SQUAD,0,0,0,0,P,B,N,N,11,1,GARDEN STATE PARKWAY,S,444,,00000444__,101.70,03,,01,04,02,03,01,03,01,01,,,,,,,,65,,56,40.220000,74.099820,N,,7578
20181336E050-2018-00439A,MONMOUTH,TINTON FALLS BORO,03/07/2018,WE,1237,02,NEW JERSEY STATE POLICE,HOLMDEL - SQUAD,0,0,0,0,P,B,N,N,11,1,GARDEN STATE PARKWAY,S,444,,00000444__,102.40,03,,01,04,02,02,01,06,01,01,,,,,,,,65,,47,40.654400,74.188400,N,GUARDRAIL,7382