Year(4)-CountyCode(2)-MunicipalityCode(2)-CaseNumber(9),County Name,Municipality Name,Crash Date,Crash Day of Week,Crash Time,Police Department Code,Police Department,Police Station,Total Killed,Total Injured,Pedestrians Killed,Pedestrians Injured,Severity,Intersection,Alcohol Involved,Hazmat Involved,Crash Type,Total Vehicles,Location,Location Direction,Route,Route Suffix,Std Rte Identifier,MilePost,Road System,Road Character,Road Horizontal Alignment,Road Grade,Road Surface Type,Surface Condition,Light Condition,Environmental Condition,Road Divided By,Temporary Traffic Control Zone,Distance To Cross Street,Unit Of Measurement,Direction From Cross Street,Cross Street Name,Is Ramp,Ramp To/From Route Name,Ramp To/From Route Direction,Posted Speed,Posted Speed Cross Street,First Harmful Event,Latitude,Longitude,Cell Phone In Use Flag,Other Property Damage,Reporting Badge No.
20181336E050-2018-01679A,MONMOUTH,TINTON FALLS BORO,08/04/2018,SA,1408,02,NEW JERSEY STATE POLICE,HOLMDEL - SQUAD,0,0,0,0,P,B,N,N,11,2,GARDEN STATE PARKWAY,N,444,,00000444__,101.00,03,,01,04,02,01,01,01,03,01,,,,,,,,65,,53,40.386550,74.177130,N,LIGHT POLE #HE05 RIGHT SHOULDER. NJTA P.O. Box 5042 WOODBRIDGE  NJ 07095,7779
20181336E050-2018-01696A,MONMOUTH,TINTON FALLS BORO,08/09/2018,TH,0304,02,NEW JERSEY STATE POLICE,HOLMDEL - SQUAD,0,0,0,0,P,B,Y,N,11,1,GARDEN STATE PARKWAY,S,444,,00000444__,103.10,03,,01,04,02,01,06,01,01,01,,,,,,,,65,,46,40.239620,74.088720,N,NJTA GUARDRAIL DAMAGE.,7639
20181336E050-2018-01703A,MONMOUTH,TINTON FALLS BORO,08/10/2018,FR,,02,NEW JERSEY STATE POLICE,HOLMDEL - SQUAD,0,0,0,0,P,B,N,N,12,1,GARDEN STATE PARKWAY,S,444,,00000444__,106.30,03,,01,04,02,01,06,01,01,01,,,,,,,,65,,24,40.282710,74.088110,N,,7471
20181336E050-2018-01707A,MONMOUTH,TINTON FALLS BORO,08/10/2018,FR,0131,02,NEW JERSEY STATE POLICE,HOLMDEL - SQUAD,0,1,0,0,I,B,Y,N,11,1,GARDEN STATE PARKWAY,S,444,,00000444__,103.00,03,,01,04,02,01,05,01,03,01,,,,,,,,65,,60,40.238380,74.089690,N,,7578
20181336E050-2018-01710A,MONMOUTH,TINTON FALLS BORO,08/07/2018,TU,0936,02,NEW JERSEY STATE POLICE,HOLMDEL - SQUAD,0,0,0,0,P,B,N,N,02,2,GARDEN STATE PARKWAY,N,444,,00000444__,107.60,03,,01,04,02,01,01,01,01,01,,,,,,,,65,,26,40.300920,74.092090,N,,7380
20181336E050-2018-01718A,MONMOUTH,TINTON FALLS BORO,08/11/2018,SA,1428,02,NEW JERSEY STATE POLICE,HOLMDEL - SQUAD,0,0,0,0,P,B,N,N,02,2,GARDEN STATE PARKWAY,S,444,,00000444__,107.00,03,,01,05,02,02,01,02,01,01,,,,,,,,65,,26,40.289310,74.091160,N,,7576
20181336E050-2018-01733A,MONMOUTH,TINTON FALLS BORO,08/13/2018,MO,1151,02,NEW JERSEY STATE POLICE,HOLMDEL - SQUAD,0,0,0,0,P,B,N,N,02,2,GARDEN STATE PARKWAY,S,444,,00000444__,103.10,03,,01,04,02,02,01,02,03,01,,,,,,,,65,,26,40.239620,74.088720,N,,6880
20181336E050-2018-01748A,MONMOUTH,TINTON FALLS BORO,08/01/2018,WE,0832,02,NEW JERSEY STATE POLICE,HOLMDEL - SQUAD,0,0,0,0,P,B,N,N,02,2,GARDEN STATE PARKWAY,S,444,,00000444__,102.60,03,,01,04,02,01,01,01,01,01,,,,,,,,65,,26,40.233510,74.093800,N,,7448
20181336E050-2018-01751A,MONMOUTH,TINTON FALLS BORO,08/13/2018,MO,1133,02,NEW JERSEY STATE POLICE,HOLMDEL - SQUAD,0,1,0,0,I,B,N,N,11,1,GARDEN STATE PARKWAY,S,444,,00000444__,109.10,03,,01,04,02,02,01,02,01,01,,,,,,,,65,,60,39.601230,74.706450,N,,7227
20181336E050-2018-01766A,MONMOUTH,TINTON FALLS BORO,08/14/2018,TU,2017,02,NEW JERSEY STATE POLICE,HOLMDEL - SQUAD,0,0,0,0,P,B,N,N,11,1,GARDEN STATE PARKWAY,S,444,,00000444__,106.00,03,,02,05,02,02,06,02,01,01,,,,,F,NJ 36,,25,,46,40.289310,74.091160,N,GUARDRAIL  NJTA PO BOX 5042 WOODBRIDGE NJ.,7448
20181336E050-2018-01770A,MONMOUTH,TINTON FALLS BORO,08/15/2018,WE,1403,02,NEW JERSEY STATE POLICE,HOLMDEL - SQUAD,0,2,0,0,I,B,N,N,01,3,GARDEN STATE PARKWAY,S,444,,00000444__,108.60,03,,01,04,02,01,01,01,01,01,,,,,,,,65,,26,40.312510,74.096560,N,,7576
20181336E050-2018-01774A,MONMOUTH,TINTON FALLS BORO,08/16/2018,TH,1632,02,NEW JERSEY STATE POLICE,HOLMDEL - SQUAD,0,2,0,0,I,B,N,N,01,4,GARDEN STATE PARKWAY,S,444,,00000444__,108.20,03,,01,04,02,01,01,01,01,01,,,,,,,,65,,26,40.309520,74.095640,N,,7661
20181336E050-2018-01783A,MONMOUTH,TINTON FALLS BORO,08/03/2018,FR,1441,02,NEW JERSEY STATE POLICE,HOLMDEL - SQUAD,0,0,0,0,P,B,N,N,01,2,GARDEN STATE PARKWAY,S,444,,00000444__,102.10,03,,01,04,02,01,01,01,03,01,,,,,,,,65,,26,40.226910,74.097740,N,,7779
20181336E050-2018-01784A,MONMOUTH,TINTON FALLS BORO,08/03/2018,FR,1457,02,NEW JERSEY STATE POLICE,HOLMDEL - SQUAD,0,0,0,0,P,B,N,N,01,2,GARDEN STATE PARKWAY,N,444,,00000444__,102.30,03,,01,04,02,01,01,01,03,01,,,,,,,,65,,26,40.228630,74.094800,N,,7779
20181336E050-2018-01786A,MONMOUTH,TINTON FALLS BORO,08/17/2018,FR,1057,02,NEW JERSEY STATE POLICE,HOLMDEL - SQUAD,0,0,0,0,P,B,N,N,02,2,GARDEN STATE PARKWAY,E,444,,00000444__,106.00,03,,01,04,02,01,01,01,01,01,,,,,,,,25,,26,40.289310,74.091160,N,,7453
20181336E050-2018-01792A,MONMOUTH,TINTON FALLS BORO,08/18/2018,SA,1041,02,NEW JERSEY STATE POLICE,HOLMDEL - SQUAD,0,0,0,0,P,B,N,N,01,2,GARDEN STATE PARKWAY,S,444,,00000444__,108.50,03,,01,04,02,01,01,01,01,01,,,,,,,,65,,26,40.247740,74.082810,N,,7578
20181336E050-2018-01793A,MONMOUTH,TINTON FALLS BORO,08/18/2018,SA,1358,02,NEW JERSEY STATE POLICE,HOLMDEL - SQUAD,0,0,0,0,P,B,N,N,99,1,GARDEN STATE PARKWAY,N,444,,00000444__,102.10,03,,01,04,02,01,01,01,03,01,,,,,,,,65,,12,40.225840,74.096030,N,,7578
20181336E050-2018-01808A,MONMOUTH,TINTON FALLS BORO,08/18/2018,SA,1447,02,NEW JERSEY STATE POLICE,HOLMDEL - SQUAD,0,1,0,0,I,B,N,N,02,2,GARDEN STATE PARKWAY,N,444,,00000444__,101.10,03,,01,04,02,01,01,01,01,01,,,,,,,,65,,26,40.211410,74.097240,N,,7227
20181336E050-2018-01809A,MONMOUTH,TINTON FALLS BORO,08/18/2018,SA,1414,02,NEW JERSEY STATE POLICE,HOLMDEL - SQUAD,0,1,0,0,I,B,N,N,02,3,GARDEN STATE PARKWAY,N,444,,00000444__,104.40,03,,01,04,02,01,01,01,04,01,,,,,,,,65,,26,39.840340,74.706410,N,,7227
20181336E050-2018-01812A,MONMOUTH,TINTON FALLS BORO,08/17/2018,FR,1718,02,NEW JERSEY STATE POLICE,HOLMDEL - SQUAD,0,0,0,0,P,B,N,N,01,2,GARDEN STATE PARKWAY,S,444,,00000444__,104.30,03,,01,04,02,01,01,01,01,01,,,,,,,,65,,26,40.255850,74.081800,N,,7448
20181336E050-2018-01815A,MONMOUTH,TINTON FALLS BORO,08/21/2018,TU,0724,02,NEW JERSEY STATE POLICE,HOLMDEL - SQUAD,0,0,0,0,P,B,N,N,01,2,GARDEN STATE PARKWAY,N,444,,00000444__,101.40,03,,03,06,02,01,01,01,05,01,,,,,,,,65,,26,40.221530,74.097150,N,,7361
20181336E050-2018-01826A,MONMOUTH,TINTON FALLS BORO,08/21/2018,TU,0443,02,NEW JERSEY STATE POLICE,HOLMDEL - SQUAD,0,1,0,0,I,B,N,N,11,1,GARDEN STATE PARKWAY,N,444,,00000444__,106.00,03,,01,04,02,01,05,01,01,01,,,,,,,,65,,46,40.304300,74.100400,N,NJTA Guardrail,7739
20181336E050-2018-01828A,MONMOUTH,TINTON FALLS BORO,08/23/2018,TH,1319,02,NEW JERSEY STATE POLICE,HOLMDEL - SQUAD,0,0,0,0,P,B,N,N,11,1,GARDEN STATE PARKWAY,S,444,,00000444__,108.40,03,,01,04,02,01,01,01,01,01,,,,,,,,65,,54,40.311800,74.096300,N,NJTA GUIDERAIL,7578
20181336E050-2018-01834A,MONMOUTH,TINTON FALLS BORO,08/20/2018,MO,1943,02,NEW JERSEY STATE POLICE,HOLMDEL - SQUAD,0,0,0,0,P,B,N,N,12,1,GARDEN STATE PARKWAY,N,444,,00000444__,101.00,03,,01,04,02,01,01,01,01,01,,,,,,,,65,,24,40.211060,74.098800,N,,7448
20181336E050-2018-01837A,MONMOUTH,TINTON FALLS BORO,08/23/2018,TH,2152,02,NEW JERSEY STATE POLICE,HOLMDEL - SQUAD,0,0,0,0,P,B,N,N,12,1,GARDEN STATE PARKWAY,S,444,,00000444__,108.60,03,,01,04,02,01,05,01,01,01,,,,,,,,65,,24,40.315090,74.097750,N,,7332
20181336E050-2018-01846A,MONMOUTH,TINTON FALLS BORO,08/24/2018,FR,1604,02,NEW JERSEY STATE POLICE,HOLMDEL - SQUAD,0,0,0,0,P,B,N,N,01,2,GARDEN STATE PARKWAY,S,444,,00000444__,104.00,03,,01,04,02,01,01,01,01,01,,,,,,,,65,,26,40.251510,74.082210,N,,7661
20181336E050-2018-01847A,MONMOUTH,TINTON FALLS BORO,08/23/2018,TH,1724,02,NEW JERSEY STATE POLICE,HOLMDEL - SQUAD,0,0,0,0,P,B,N,N,02,2,GARDEN STATE PARKWAY,N,444,,00000444__,101.90,03,,01,04,02,01,01,01,01,01,,,,,,,,65,,26,40.222980,74.096870,N,,7448
20181336E050-2018-01850A,MONMOUTH,TINTON FALLS BORO,08/25/2018,SA,1305,02,NEW JERSEY STATE POLICE,HOLMDEL - SQUAD,0,0,0,0,P,B,Y,N,02,2,GARDEN STATE PARKWAY,N,444,,00000444__,106.60,03,,01,04,02,01,01,01,01,01,,,,,,,,65,,26,40.286970,74.087950,N,,7382
20181336E050-2018-01853A,MONMOUTH,TINTON FALLS BORO,08/25/2018,SA,1811,02,NEW JERSEY STATE POLICE,HOLMDEL - SQUAD,0,0,0,0,P,B,N,N,02,2,GARDEN STATE PARKWAY,N,444,,00000444__,104.00,03,,01,04,02,01,01,01,01,01,,,,,,,,65,,26,40.251180,74.081480,N,,7380
20181336E050-2018-01856A,MONMOUTH,TINTON FALLS BORO,08/25/2018,SA,1558,02,NEW JERSEY STATE POLICE,HOLMDEL - SQUAD,0,1,0,0,I,B,N,N,01,2,GARDEN STATE PARKWAY,S,444,,00000444__,108.60,03,,01,04,02,01,01,01,01,01,,,,,,,,65,,26,40.315090,74.097750,N,,7369
20181336E050-2018-01860A,MONMOUTH,TINTON FALLS BORO,08/26/2018,SU,1903,02,NEW JERSEY STATE POLICE,HOLMDEL - SQUAD,0,0,0,0,P,B,N,N,12,1,GARDEN STATE PARKWAY,S,444,,00000444__,106.30,03,,01,04,02,01,03,01,01,01,,,,,,,,65,,24,40.282710,74.088110,N,,7382
20181336E050-2018-01875A,MONMOUTH,TINTON FALLS BORO,08/26/2018,SU,2130,02,NEW JERSEY STATE POLICE,HOLMDEL - SQUAD,0,1,0,0,I,B,N,N,02,2,GARDEN STATE PARKWAY,S,444,,00000444__,108.80,03,,01,04,02,01,05,01,03,01,,,,,,,,65,,26,40.386550,74.177130,N,,6357
20181336E050-2018-01881A,MONMOUTH,TINTON FALLS BORO,08/22/2018,WE,1303,02,NEW JERSEY STATE POLICE,HOLMDEL - SQUAD,0,0,0,0,P,B,N,N,15,2,GARDEN STATE PARKWAY,S,444,,00000444__,108.50,03,,01,04,02,01,01,01,01,01,,,,,,,,65,,30,40.313720,74.097250,N,,7199
20181336E050-2018-01884A,MONMOUTH,TINTON FALLS BORO,08/28/2018,TU,0843,02,NEW JERSEY STATE POLICE,HOLMDEL - SQUAD,0,0,0,0,P,B,N,N,01,3,GARDEN STATE PARKWAY,N,444,,00000444__,103.80,03,,01,04,02,01,01,01,01,01,,,,,,,,65,,26,40.248270,74.082030,N,,7739
20181336E050-2018-01885A,MONMOUTH,TINTON FALLS BORO,08/28/2018,TU,0816,02,NEW JERSEY STATE POLICE,HOLMDEL - SQUAD,0,0,0,0,P,B,N,N,01,2,GARDEN STATE PARKWAY,N,444,,00000444__,107.00,03,,01,04,02,01,01,01,01,01,,,,,,,,65,,26,40.292390,74.090370,N,,7739
20181336E050-2018-01888A,MONMOUTH,TINTON FALLS BORO,08/29/2018,WE,0915,02,NEW JERSEY STATE POLICE,HOLMDEL - SQUAD,0,2,0,0,I,B,N,N,01,2,GARDEN STATE PARKWAY,N,444,,00000444__,101.80,03,,01,04,02,01,01,01,03,01,,,,,,,,65,,26,40.221530,74.097150,N,,7578
20181336E050-2018-01905A,MONMOUTH,TINTON FALLS BORO,08/30/2018,TH,1728,02,NEW JERSEY STATE POLICE,HOLMDEL - SQUAD,0,4,0,0,I,B,N,N,01,3,GARDEN STATE PARKWAY,S,444,,00000444__,104.30,03,,01,04,02,01,01,01,01,01,,,,,,,,65,,26,40.255850,74.081800,N,,7380
20181336E050-2018-01917A,MONMOUTH,TINTON FALLS BORO,08/23/2018,TH,1737,02,NEW JERSEY STATE POLICE,HOLMDEL - SQUAD,0,0,0,0,P,B,N,N,01,2,GARDEN STATE PARKWAY,S,444,,00000444__,104.20,03,,01,04,02,01,01,01,01,01,,,,,,,,65,,26,40.254380,74.081870,N,,7448
20181336E050-2018-01918A,MONMOUTH,TINTON FALLS BORO,09/02/2018,SU,1656,02,NEW JERSEY STATE POLICE,HOLMDEL - SQUAD,0,0,0,0,P,B,N,N,02,2,GARDEN STATE PARKWAY,N,444,,00000444__,103.90,03,,01,04,02,01,01,01,01,01,,,,,,,,65,,26,40.248610,74.082220,N,,7660
20181336E050-2018-01924A,MONMOUTH,TINTON FALLS BORO,09/03/2018,MO,0402,02,NEW JERSEY STATE POLICE,HOLMDEL - SQUAD,0,0,0,0,P,B,N,N,11,1,GARDEN STATE PARKWAY,N,444,,00000444__,108.50,03,,01,04,02,01,06,01,01,01,,,,,,,,65,,60,40.313520,74.095810,N,,7639
20181336E050-2018-01929A,MONMOUTH,TINTON FALLS BORO,09/03/2018,MO,1509,02,NEW JERSEY STATE POLICE,HOLMDEL - SQUAD,0,2,0,0,I,B,N,N,01,3,GARDEN STATE PARKWAY,N,444,,00000444__,106.10,03,,01,04,02,01,01,01,01,01,,,,,,,,65,,26,40.280570,74.083780,N,,7380
20181336E050-2018-01935A,MONMOUTH,TINTON FALLS BORO,09/03/2018,MO,2014,02,NEW JERSEY STATE POLICE,HOLMDEL - SQUAD,0,0,0,0,P,B,N,N,01,2,GARDEN STATE PARKWAY,N,444,,00000444__,109.10,03,,01,04,02,01,06,01,01,01,,,,,,,,65,,26,40.321980,74.097760,N,,7470
20181336E050-2018-01938A,MONMOUTH,TINTON FALLS BORO,09/03/2018,MO,2358,02,NEW JERSEY STATE POLICE,HOLMDEL - SQUAD,0,0,0,0,P,B,N,N,15,1,GARDEN STATE PARKWAY,N,444,,00000444__,101.10,03,,01,04,02,01,07,01,01,01,,,,,,,,65,,39,40.211410,74.097240,N,,7804
20181336E050-2018-01940A,MONMOUTH,TINTON FALLS BORO,09/04/2018,TU,1244,02,NEW JERSEY STATE POLICE,HOLMDEL - SQUAD,0,0,0,0,P,B,N,N,02,2,GARDEN STATE PARKWAY,S,444,,00000444__,107.40,03,,01,04,02,01,01,01,01,01,,,,,,,,65,,26,40.296940,74.092490,N,,7380
20181336E050-2018-01948A,MONMOUTH,TINTON FALLS BORO,09/02/2018,SU,1950,02,NEW JERSEY STATE POLICE,HOLMDEL - SQUAD,0,4,0,0,I,B,N,N,01,3,GARDEN STATE PARKWAY,N,444,,00000444__,105.60,03,,01,04,02,01,02,01,01,01,,,,,,,,65,,26,40.273670,74.079290,N,,7382
20181336E050-2018-01960A,MONMOUTH,TINTON FALLS BORO,09/08/2018,SA,0458,02,NEW JERSEY STATE POLICE,HOLMDEL - SQUAD,0,0,0,0,P,B,N,N,11,1,GARDEN STATE PARKWAY,S,444,,00000444__,104.70,03,,01,04,02,02,05,02,01,01,,,,,,,,65,,46,40.258890,74.081190,N,NJTA Guardrail,7332
20181336E050-2018-01980A,MONMOUTH,TINTON FALLS BORO,09/10/2018,MO,1035,02,NEW JERSEY STATE POLICE,HOLMDEL - SQUAD,0,0,0,0,P,B,N,N,11,1,GARDEN STATE PARKWAY,S,444,,00000444__,104.00,03,,01,05,02,02,01,02,01,01,,,,,,,,65,,60,40.251510,74.082210,N,,7660
20181336E050-2018-01988A,MONMOUTH,TINTON FALLS BORO,09/10/2018,MO,1552,02,NEW JERSEY STATE POLICE,HOLMDEL - SQUAD,0,1,0,0,I,B,N,N,01,2,GARDEN STATE PARKWAY,N,444,,00000444__,105.00,03,,01,04,02,01,01,01,01,01,,,,,,,,30,,26,40.289310,74.091160,N,,7578
20181336E050-2018-02002A,MONMOUTH,TINTON FALLS BORO,09/11/2018,TU,1122,02,NEW JERSEY STATE POLICE,HOLMDEL - SQUAD,0,0,0,0,P,B,N,N,11,1,GARDEN STATE PARKWAY,N,444,,00000444__,101.00,03,,01,04,02,02,01,02,01,01,,,,,,,,65,,46,40.213650,74.125480,N,guardrail,7199
20181336E050-2018-02010A,MONMOUTH,TINTON FALLS BORO,09/12/2018,WE,1024,02,NEW JERSEY STATE POLICE,HOLMDEL - SQUAD,0,0,0,0,P,B,N,N,02,2,GARDEN STATE PARKWAY,N,444,,00000444__,106.10,03,,01,04,02,01,01,04,01,01,,,,,,,,65,,26,40.280780,74.083260,N,,7514
20181336E050-2018-02015A,MONMOUTH,TINTON FALLS BORO,09/13/2018,TH,1648,02,NEW JERSEY STATE POLICE,HOLMDEL - SQUAD,0,0,0,0,P,B,N,N,01,2,GARDEN STATE PARKWAY,S,444,,00000444__,108.60,03,,01,04,02,01,01,01,01,01,,,,,,,,65,,26,40.314920,74.097700,N,,7439
20181336E050-2018-02016A,MONMOUTH,TINTON FALLS BORO,09/13/2018,TH,1737,02,NEW JERSEY STATE POLICE,HOLMDEL - SQUAD,0,0,0,0,P,B,N,N,01,2,GARDEN STATE PARKWAY,S,444,,00000444__,106.00,03,,01,04,02,02,01,02,03,01,,,,,,,,65,,26,40.282310,74.086400,N,,7439
20181336E050-2018-02019A,MONMOUTH,TINTON FALLS BORO,09/12/2018,WE,1805,02,NEW JERSEY STATE POLICE,HOLMDEL - SQUAD,0,0,0,0,P,B,N,N,03,2,GARDEN STATE PARKWAY,S,444,,00000444__,105.00,03,,01,04,02,01,01,01,05,01,,,,,,,,15,,26,40.561650,74.651510,N,,7470
20181336E050-2018-02030A,MONMOUTH,TINTON FALLS BORO,09/14/2018,FR,1726,02,NEW JERSEY STATE POLICE,HOLMDEL - SQUAD,0,0,0,0,P,B,N,N,01,2,GARDEN STATE PARKWAY,S,444,,00000444__,101.60,03,,01,04,02,01,01,01,03,01,,,,,,,,65,,26,40.218750,74.099290,N,,7779
20181336E050-2018-02036A,MONMOUTH,TINTON FALLS BORO,09/14/2018,FR,1548,02,NEW JERSEY STATE POLICE,HOLMDEL - SQUAD,0,1,0,0,I,B,N,N,01,2,GARDEN STATE PARKWAY,S,444,,00000444__,104.00,03,,01,04,02,01,01,01,01,01,,,,,,,,65,,26,40.251510,74.082210,N,,7382
20181336E050-2018-02039A,MONMOUTH,TINTON FALLS BORO,09/16/2018,SU,,02,NEW JERSEY STATE POLICE,HOLMDEL - SQUAD,0,2,0,0,I,B,N,N,01,2,GARDEN STATE PARKWAY,S,444,,00000444__,109.00,03,,01,04,02,01,05,01,01,01,,,,,,,,65,,26,40.320830,74.098840,N,,7779
20181336E050-2018-02059A,MONMOUTH,TINTON FALLS BORO,09/18/2018,TU,1720,02,NEW JERSEY STATE POLICE,HOLMDEL - SQUAD,0,1,0,0,I,B,N,N,01,3,GARDEN STATE PARKWAY,S,444,,00000444__,102.00,03,,01,04,02,02,01,02,01,01,,,,,,,,65,,26,40.230300,74.095740,N,,7380
20181336E050-2018-02073A,MONMOUTH,TINTON FALLS BORO,09/20/2018,TH,2108,02,NEW JERSEY STATE POLICE,HOLMDEL - SQUAD,0,0,0,0,P,B,N,N,01,2,GARDEN STATE PARKWAY,N,444,,00000444__,103.90,03,,01,04,02,01,06,01,01,01,,,,,,,,65,,26,40.249720,74.081740,N,,7576
20181336E050-2018-02076A,MONMOUTH,TINTON FALLS BORO,09/21/2018,FR,0700,02,NEW JERSEY STATE POLICE,HOLMDEL - SQUAD,0,0,0,0,P,B,N,N,02,2,GARDEN STATE PARKWAY,N,444,,00000444__,107.00,03,,01,04,02,01,01,01,01,01,,,,,,,,65,,26,40.292270,74.090650,N,5FT OF GUARDRAIL DAMAGE RIGHT SHOULDER
NJTA,7470
20181336E050-2018-02077A,MONMOUTH,TINTON FALLS BORO,09/21/2018,FR,1359,02,NEW JERSEY STATE POLICE,HOLMDEL - SQUAD,0,0,0,0,P,B,N,N,08,2,GARDEN STATE PARKWAY,N,444,,00000444__,106.10,03,,01,04,02,01,01,01,01,01,,,,,,,NB,65,,26,40.280780,74.083260,N,,7439
20181336E050-2018-02084A,MONMOUTH,TINTON FALLS BORO,09/21/2018,FR,1633,02,NEW JERSEY STATE POLICE,HOLMDEL - SQUAD,0,0,0,0,P,B,N,N,01,2,GARDEN STATE PARKWAY,S,444,,00000444__,104.30,03,,01,04,02,01,01,01,01,01,,,,,,,,65,,26,40.166780,74.100560,N,,7361
20181336E050-2018-02086A,MONMOUTH,TINTON FALLS BORO,09/22/2018,SA,1737,02,NEW JERSEY STATE POLICE,HOLMDEL - SQUAD,0,0,0,0,P,B,N,N,02,2,GARDEN STATE PARKWAY,N,444,,00000444__,104.00,03,,01,04,02,01,01,01,01,01,,,,,,,,15,,26,40.386590,74.177590,N,,7514
20181336E050-2018-02095A,MONMOUTH,TINTON FALLS BORO,09/24/2018,MO,0958,02,NEW JERSEY STATE POLICE,HOLMDEL - SQUAD,0,0,0,0,P,B,N,N,01,2,GARDEN STATE PARKWAY,S,444,,00000444__,102.00,03,,03,04,02,01,01,01,01,01,,,,,,,,25,,26,40.220430,74.098240,N,,7660
20181336E050-2018-02100A,MONMOUTH,TINTON FALLS BORO,09/24/2018,MO,2119,02,NEW JERSEY STATE POLICE,HOLMDEL - SQUAD,0,0,0,0,P,B,N,N,15,1,GARDEN STATE PARKWAY,S,444,,00000444__,109.00,03,,01,04,02,01,05,01,03,01,,,,,,,,65,,39,40.318190,74.098200,N,,7453
20181336E050-2018-02121A,MONMOUTH,TINTON FALLS BORO,09/25/2018,TU,2154,02,NEW JERSEY STATE POLICE,HOLMDEL - SQUAD,0,0,0,0,P,B,N,N,01,2,GARDEN STATE PARKWAY,N,444,,00000444__,104.10,03,,01,04,02,02,06,02,01,01,,,,,,,,65,,26,40.252550,74.080970,N,,7471
20181336E050-2018-02125A,MONMOUTH,TINTON FALLS BORO,09/26/2018,WE,0753,02,NEW JERSEY STATE POLICE,HOLMDEL - SQUAD,0,0,0,0,P,B,N,N,01,2,GARDEN STATE PARKWAY,N,444,,00000444__,108.20,03,,01,04,02,02,01,02,01,01,,,,,,,,65,,26,40.335610,74.098320,N,,7804
20181336E050-2018-02126A,MONMOUTH,TINTON FALLS BORO,09/26/2018,WE,0855,02,NEW JERSEY STATE POLICE,HOLMDEL - SQUAD,0,0,0,0,P,B,N,N,15,1,GARDEN STATE PARKWAY,N,444,,00000444__,101.00,03,,01,04,02,01,01,01,03,01,,,,,,,,65,,39,40.209960,74.097190,N,,7439
20181336E050-2018-02176A,MONMOUTH,TINTON FALLS BORO,10/01/2018,MO,1909,02,NEW JERSEY STATE POLICE,HOLMDEL - SQUAD,0,0,0,0,P,B,N,N,12,1,GARDEN STATE PARKWAY,N,444,,00000444__,106.40,03,,01,04,02,01,06,01,01,01,,,,,,,,65,,24,40.284490,74.086090,N,,7470
20181336E050-2018-02177A,MONMOUTH,TINTON FALLS BORO,10/01/2018,MO,2038,02,NEW JERSEY STATE POLICE,HOLMDEL - SQUAD,0,0,0,0,P,B,N,N,15,1,GARDEN STATE PARKWAY,N,444,,00000444__,103.40,03,,01,04,02,01,06,01,03,01,,,,,,,,65,,39,40.242770,74.084650,N,,7361
20181336E050-2018-02208A,MONMOUTH,TINTON FALLS BORO,10/06/2018,SA,1512,02,NEW JERSEY STATE POLICE,HOLMDEL - SQUAD,0,1,0,0,I,B,N,N,11,1,GARDEN STATE PARKWAY,S,444,,00000444__,103.90,03,,01,04,02,01,01,01,01,01,,,,,,,,65,,60,40.261710,74.080420,N,,7576
20181336E050-2018-02209A,MONMOUTH,TINTON FALLS BORO,10/05/2018,FR,2221,02,NEW JERSEY STATE POLICE,HOLMDEL - SQUAD,0,0,0,0,P,B,N,N,12,1,GARDEN STATE PARKWAY,S,444,,00000444__,107.70,03,,01,04,02,01,05,01,03,01,,,,,,,,65,,24,40.302440,74.093870,N,,7129
20181336E050-2018-02210A,MONMOUTH,TINTON FALLS BORO,10/05/2018,FR,2221,02,NEW JERSEY STATE POLICE,HOLMDEL - SQUAD,0,0,0,0,P,B,N,N,12,1,GARDEN STATE PARKWAY,S,444,,00000444__,107.70,03,,01,04,02,01,05,01,03,01,,,,,,,,65,,24,40.302440,74.093870,N,,7129
20181336E050-2018-02229A,MONMOUTH,TINTON FALLS BORO,10/08/2018,MO,1619,02,NEW JERSEY STATE POLICE,HOLMDEL - SQUAD,0,0,0,0,P,B,N,N,01,2,GARDEN STATE PARKWAY,S,444,,00000444__,100.90,03,,01,04,02,02,01,02,01,01,,,,,,,,65,,26,40.209610,74.098640,N,,7382