Year(4)-CountyCode(2)-MunicipalityCode(2)-CaseNumber(9),County Name,Municipality Name,Crash Date,Crash Day of Week,Crash Time,Police Department Code,Police Department,Police Station,Total Killed,Total Injured,Pedestrians Killed,Pedestrians Injured,Severity,Intersection,Alcohol Involved,Hazmat Involved,Crash Type,Total Vehicles,Location,Location Direction,Route,Route Suffix,Std Rte Identifier,MilePost,Road System,Road Character,Road Horizontal Alignment,Road Grade,Road Surface Type,Surface Condition,Light Condition,Environmental Condition,Road Divided By,Temporary Traffic Control Zone,Distance To Cross Street,Unit Of Measurement,Direction From Cross Street,Cross Street Name,Is Ramp,Ramp To/From Route Name,Ramp To/From Route Direction,Posted Speed,Posted Speed Cross Street,First Harmful Event,Latitude,Longitude,Cell Phone In Use Flag,Other Property Damage,Reporting Badge No.
2018133718OT01305,MONMOUTH,OCEAN TWP,01/18/2018,TH,1116,01,OCEAN TWP PD (MONMOUTH),51,0,0,0,0,P,B,N,N,01,2,NJ 35,S,35,,00000035__,27.69,02,,01,04,02,01,01,01,01,01,1000,FE,S,KINGS HWY,,,,50,35,26,,,N,,37241
2018133718OT01349,MONMOUTH,OCEAN TWP,01/18/2018,TH,1810,01,OCEAN TWP PD (MONMOUTH),ZONE 54,0,0,0,0,P,I,N,N,01,2,NJ 35,S,35,,00000035__,26.10,02,,01,04,02,01,06,01,01,01,,AT,,BLOOMFIELD AVE,,,,50,25,26,,,N,,37277
2018133718OT01423,MONMOUTH,OCEAN TWP,01/19/2018,FR,1411,01,OCEAN TWP PD (MONMOUTH),ZONE 51,0,0,0,0,P,B,N,N,03,2,WEST PARK AVE,W,,,13361373__,,07,,01,04,02,01,01,01,99,01,10,FE,W,COLT ROAD,,,,40,25,26,40.264390,74.045150,N,,37263
2018133718OT01445,MONMOUTH,OCEAN TWP,01/19/2018,FR,1725,01,OCEAN TWP PD (MONMOUTH),51,0,0,0,0,P,B,N,N,01,2,NJ 35,S,35,,00000035__,26.77,02,,01,04,02,01,06,01,01,01,5,FE,S,WILLOW DR,,,,50,25,26,40.253850,74.040740,N,,37248
2018133718OT01468,MONMOUTH,OCEAN TWP,01/20/2018,SA,0809,01,OCEAN TWP PD (MONMOUTH),ZONE 53,0,0,0,0,P,I,N,N,11,1,MONMOUTH COUNTY 15,S,15,,13000015__,3.13,05,,01,04,01,01,06,01,05,01,,AT,,PARK AVE,,,,35,35,56,40.269440,74.015680,N,DECORATIVE SLATES ON PROPERTY OF 78 MONMOUTH ROAD : OWNER:TIMOTHY SMITH,37263
2018133718OT01535,MONMOUTH,OCEAN TWP,01/21/2018,SU,0510,01,OCEAN TWP PD (MONMOUTH),ZONE 53,0,1,0,0,I,B,Y,N,11,1,MONMOUTH COUNTY 15,N,15,,13000015__,3.39,05,,01,04,02,01,06,01,05,01,100,FE,S,LAKE AVE,,,,35,25,50,40.273520,74.016580,N,"VERIZON TELEPHONE POLE # 403460OT/ """"NO PARKING"""" AND DEER WARNING SIGNS",37290
2018133718OT01536,MONMOUTH,OCEAN TWP,01/21/2018,SU,0556,01,OCEAN TWP PD (MONMOUTH),53,0,0,0,0,P,B,N,N,06,2,MONMOUTH COUNTY 15,N,15,,13000015__,3.39,05,,01,04,02,01,06,01,05,05,100,FE,S,LAKE AVE,,,,35,25,28,,,N,,37289
2018133718OT01538,MONMOUTH,OCEAN TWP,01/21/2018,SU,0616,01,OCEAN TWP PD (MONMOUTH),ZONE 53,0,0,0,0,P,B,N,N,11,1,MONMOUTH COUNTY 15,S,15,,13000015__,3.38,05,,01,04,02,01,06,01,05,01,150,FE,S,LAKE AVE,,,,35,25,69,40.273520,74.016580,N,,37262
2018133718OT01552,MONMOUTH,OCEAN TWP,01/21/2018,SU,1227,01,OCEAN TWP PD (MONMOUTH),ZONE # 55,0,0,0,0,P,B,N,N,11,1,WICKAPECKO DR,S,,,13371419__,.00,07,,01,04,02,00,00,00,05,01,10,FE,S,ROSELD AVE,,,,35,25,62,,,N,FIRE HYDRANT # 9143,37240
2018133718OT01555,MONMOUTH,OCEAN TWP,01/21/2018,SU,1153,01,OCEAN TWP PD (MONMOUTH),54 ZONE,0,0,0,0,P,B,N,N,01,2,NJ 66,W,66,,00000066__,3.20,02,,01,04,02,01,01,01,03,01,20,FE,E,SOUTH MALL DR,,,,50,,26,,,N,,37270
2018133718OT01594,MONMOUTH,OCEAN TWP,01/22/2018,MO,0800,01,OCEAN TWP PD (MONMOUTH),ZONE 54,0,0,0,0,P,B,N,N,01,2,NJ 18,N,18,,00000018__,11.29,02,,01,04,02,02,01,05,03,01,400,FE,S,DEAL RD,,,,65,45,26,40.247850,74.055050,N,,37282
2018133718OT01681,MONMOUTH,OCEAN TWP,01/23/2018,TU,1015,01,OCEAN TWP PD (MONMOUTH),54,0,0,0,0,P,B,N,N,11,1,NJ 18,S,18,,00000018__,10.41,02,,01,04,02,02,01,02,03,01,3000,FE,N,NJ 66 / ASBURY AVE,,,,65,50,56,40.228490,74.050440,N,,37246
2018133718OT01713,MONMOUTH,OCEAN TWP,01/23/2018,TU,1823,01,OCEAN TWP PD (MONMOUTH),55-ZONE,0,0,0,0,P,B,N,N,01,2,NJ 35,N,35,,00000035__,24.90,02,,02,04,02,02,06,01,02,01,,,,,,,,50,,26,40.227590,74.038250,N,,37243
2018133718OT01929,MONMOUTH,OCEAN TWP,01/26/2018,FR,1118,01,OCEAN TWP PD (MONMOUTH),54,0,0,0,0,P,I,N,N,07,2,DEAL RD,E,,,13371368__,,07,,02,04,02,01,01,01,05,01,,AT,,COLD INDIAN SPRINGS ROAD,,,,45,40,26,40.250050,74.056630,N,,37237
2018133718OT01941,MONMOUTH,OCEAN TWP,01/26/2018,FR,1258,01,OCEAN TWP PD (MONMOUTH),ZONE 52,0,0,0,0,P,B,N,N,01,2,DEAL RD,W,,,13371368__,1.44,07,,01,04,02,01,01,01,05,01,50,FE,E,NJ 35,,,,40,50,26,40.251790,74.039720,N,,37273
2018133718OT01987,MONMOUTH,OCEAN TWP,01/27/2018,SA,0623,01,OCEAN TWP PD (MONMOUTH),1337,0,0,0,0,P,B,N,N,11,1,NJ 18,N,18,,00000018__,9.88,02,,01,04,02,04,02,01,03,01,200,FE,N,NJ 66 / ASBURY AVE,,,,65,50,60,40.228550,74.049510,N,,37291
2018133718OT01991,MONMOUTH,OCEAN TWP,01/27/2018,SA,0650,01,OCEAN TWP PD (MONMOUTH),54,0,1,0,0,I,B,N,N,10,1,NJ 18,N,18,,00000018__,9.93,02,,01,04,02,04,02,01,03,01,500,FE,N,NJ 66 / ASBURY AVE,,,,65,50,01,40.228550,74.049510,N,,37227
2018133718OT02069,MONMOUTH,OCEAN TWP,01/28/2018,SU,0013,01,OCEAN TWP PD (MONMOUTH),1337,0,0,0,0,P,B,N,N,12,1,NJ 18,N,18,,00000018__,12.05,02,,01,04,02,01,05,01,03,01,100,FE,S,WEST PARK AVE,,,,65,45,24,40.260400,74.056540,N,,37291
2018133718OT02075,MONMOUTH,OCEAN TWP,01/28/2018,SU,0203,01,OCEAN TWP PD (MONMOUTH),52 ZONE,0,0,0,0,P,B,N,N,12,1,DEAL RD,N,,,13371368__,1.24,07,,01,04,02,01,06,01,05,01,200,FE,E,LOGAN RD,,,,40,35,24,40.252120,74.035070,N,,37295
2018133718OT02106,MONMOUTH,OCEAN TWP,01/28/2018,SU,1307,01,OCEAN TWP PD (MONMOUTH),ZONE:54,0,0,0,0,P,B,N,N,01,2,NJ 35,S,35,,00000035__,26.12,02,,01,04,02,02,01,02,01,01,100,FE,N,BLOOMFIELD AVE,,,,50,25,26,40.244830,74.038960,N,,37278
2018133718OT02117,MONMOUTH,OCEAN TWP,01/28/2018,SU,1517,01,OCEAN TWP PD (MONMOUTH),ZONE 55,0,0,0,0,P,B,N,N,02,2,SOUTH MALL DRIVE,N,,,,,09,,02,04,02,02,01,01,02,01,75,FE,N,ROUTE 66 WEST,,,,,50,26,40.227600,74.043390,N,,37280
2018133718OT02122,MONMOUTH,OCEAN TWP,01/28/2018,SU,1604,01,OCEAN TWP PD (MONMOUTH),ZONE:54,0,0,0,0,P,B,N,N,03,2,MONMOUTH COUNTY 40,E,40,,13000040__,.00,05,,01,04,02,02,01,01,05,01,750,FE,W,NJ 35,,,,35,50,26,40.235480,74.040570,N,,37278
2018133718OT02165,MONMOUTH,OCEAN TWP,01/29/2018,MO,1016,01,OCEAN TWP PD (MONMOUTH),54 ZONE,0,0,0,0,P,I,N,N,02,2,NJ 66,W,66,,00000066__,3.25,02,,01,04,02,01,01,01,05,01,,AT,S,SOUTH MALL DRIVE,,,,50,25,26,40.232260,74.043610,N,,37299
2018133718OT02174,MONMOUTH,OCEAN TWP,01/29/2018,MO,1143,01,OCEAN TWP PD (MONMOUTH),53,0,0,0,0,P,B,N,N,01,2,WHALEPOND RD,N,,,13371369__,1.12,07,,01,04,02,01,01,05,05,01,60,FE,S,WEST PARK AVENUE,,,,35,35,26,40.269300,74.026490,N,,37237
2018133718OT02209,MONMOUTH,OCEAN TWP,01/29/2018,MO,1219,01,OCEAN TWP PD (MONMOUTH),ZONE 52,0,0,0,0,P,I,N,N,03,2,NJ 35,S,35,,00000035__,26.58,02,,01,04,02,01,01,05,01,01,,AT,,DEAL RD,,,,50,45,26,40.249840,74.060900,N,,37298
2018133718OT02250,MONMOUTH,OCEAN TWP,01/30/2018,TU,0444,01,OCEAN TWP PD (MONMOUTH),ZONE 51,0,0,0,0,P,B,N,N,11,1,NJ 18,N,18,,00000018__,12.00,02,,03,05,02,03,06,03,03,01,200,FE,,,F,WEST PARK AVE,EB,50,,60,40.260400,74.056540,N,,37257
2018133718OT02254,MONMOUTH,OCEAN TWP,01/30/2018,TU,0631,01,OCEAN TWP PD (MONMOUTH),51,0,0,0,0,P,B,N,N,11,1,NJ 18,S,18,,00000018__,12.00,02,,03,04,02,03,02,03,03,01,300,FE,,,T,WEST PARK AVE,EB,65,,60,40.260400,74.056540,N,,37248
2018133718OT02255,MONMOUTH,OCEAN TWP,01/30/2018,TU,0646,01,OCEAN TWP PD (MONMOUTH),54,0,0,0,0,P,B,N,N,11,1,NJ 35,S,35,,00000035__,26.57,02,,01,04,02,03,01,03,05,01,50,FE,S,DEAL RD,,,,65,45,60,,,N,,37289
2018133718OT02257,MONMOUTH,OCEAN TWP,01/30/2018,TU,0702,01,OCEAN TWP PD (MONMOUTH),ZONE 51,0,0,0,0,P,B,N,N,11,1,NJ 18,S,18,,00000018__,12.09,02,,01,04,02,03,01,03,03,01,100,FE,N,WEST PARK AVE,,,,65,45,46,,,N,STATE HWY 18 GUARD RAIL,37277
2018133718OT02259,MONMOUTH,OCEAN TWP,01/30/2018,TU,0716,01,OCEAN TWP PD (MONMOUTH),54,0,0,0,0,P,B,N,N,11,1,COLD INDIAN SPRINGS RD,N,,,,,07,,02,05,02,04,02,06,05,01,500,FE,S,DEAL ROAD,,,,40,45,56,,,N,,37237
2018133718OT02262,MONMOUTH,OCEAN TWP,01/30/2018,TU,0705,01,OCEAN TWP PD (MONMOUTH),ZONE 51,0,0,0,0,P,B,N,N,01,2,NJ 18,S,18,,00000018__,12.09,02,,01,04,02,03,01,03,03,01,100,FE,N,WEST PARK AVE,,,,65,45,26,,,N,,37277
2018133718OT02264,MONMOUTH,OCEAN TWP,01/30/2018,TU,0717,01,OCEAN TWP PD (MONMOUTH),55,0,0,0,0,P,B,N,N,01,2,MONMOUTH COUNTY 40,W,40,,13000040__,.00,05,,01,04,02,05,01,03,05,01,20,FE,E,NJ 35,,,,35,50,26,40.235700,74.037980,N,,37244
2018133718OT02271,MONMOUTH,OCEAN TWP,01/30/2018,TU,0716,01,OCEAN TWP PD (MONMOUTH),54,0,0,0,0,P,B,N,N,01,4,COLD INDIAN SPRINGS RD,N,,,,,07,,02,05,02,04,02,06,05,01,500,FE,S,DEAL ROAD,,,,40,45,26,,,N,,
2018133718OT02275,MONMOUTH,OCEAN TWP,01/30/2018,TU,0801,01,OCEAN TWP PD (MONMOUTH),51,0,1,0,0,I,B,N,N,01,3,NJ 18,N,18,,00000018__,11.36,02,,01,04,02,04,01,03,03,01,50,FE,S,DEAL RD,,,,65,40,26,40.251230,74.055130,N,,
2018133718OT02279,MONMOUTH,OCEAN TWP,01/30/2018,TU,0709,01,OCEAN TWP PD (MONMOUTH),ZONE 51,0,1,0,0,I,B,N,N,01,2,NJ 18,S,18,,00000018__,12.08,02,,,04,01,01,00,01,00,01,75,FE,N,WEST PARK AVE,,,,65,45,26,,,N,,37277
2018133718OT02286,MONMOUTH,OCEAN TWP,01/30/2018,TU,1014,01,OCEAN TWP PD (MONMOUTH),ZONE # 52,0,0,0,0,P,B,N,N,01,2,WEST PARK AVE,W,,,13361373__,2.73,07,,01,04,02,03,01,03,05,01,50,FE,E,NJ 35,,,,40,50,26,40.263790,74.040420,N,,37240
2018133718OT02301,MONMOUTH,OCEAN TWP,01/30/2018,TU,1452,01,OCEAN TWP PD (MONMOUTH),ZONE 55,0,0,0,0,P,I,N,N,03,2,LOGAN RD,N,,,13371367__,.59,07,,01,04,02,02,01,03,05,01,,AT,,ROSELD AVE,,,,35,25,26,40.242530,74.032540,N,,37279
2018133718OT02355,MONMOUTH,OCEAN TWP,01/31/2018,WE,1028,01,OCEAN TWP PD (MONMOUTH),55,0,0,0,0,P,B,N,N,01,2,NJ 35,N,35,,00000035__,24.90,02,,02,04,02,01,01,01,02,01,,,,,,,,50,,26,,,N,,37241
2018133718OT02372,MONMOUTH,OCEAN TWP,01/31/2018,WE,1404,01,OCEAN TWP PD (MONMOUTH),51,0,1,0,0,I,I,N,N,02,2,NJ 35,S,35,,00000035__,27.40,02,,01,04,02,01,01,01,01,01,,AT,,COLT RD,,,,50,25,26,40.260670,74.043890,N,,37246
2018133718OT02386,MONMOUTH,OCEAN TWP,01/31/2018,WE,1539,01,OCEAN TWP PD (MONMOUTH),ZONE 51,0,0,0,0,P,B,N,N,01,2,COLT RD,N,,,,,07,,01,04,02,01,01,01,05,01,10,FE,S,WEST PARK AVE,,,,25,40,26,40.263910,74.044100,N,,37259
2018133718OT02460,MONMOUTH,OCEAN TWP,02/01/2018,TH,0912,01,OCEAN TWP PD (MONMOUTH),51 ZONE,0,1,0,0,I,B,N,N,01,2,POPLAR RD,N,,,13371194__,.00,07,,01,04,02,01,01,01,05,01,25,FE,S,WEST PARK AVE,,,,40,40,26,40.261490,74.052060,N,,37266
2018133718OT02498,MONMOUTH,OCEAN TWP,02/01/2018,TH,1205,01,OCEAN TWP PD (MONMOUTH),54,0,0,0,0,P,B,N,N,08,2,ROSE AVE,W,,,,,07,,01,04,02,01,01,01,05,01,500,FE,W,KNEELEY BLVD,,,,25,25,26,,,N,,37241
2018133718OT02579,MONMOUTH,OCEAN TWP,02/02/2018,FR,1003,01,OCEAN TWP PD (MONMOUTH),ZONE  53,0,0,0,0,P,B,N,N,06,2,LEWIS STREET,N,,,,,07,,01,04,02,01,01,05,05,01,250,FE,N,ROOSEVELT AVENUE,,,,25,35,28,40.260320,74.010320,N,,37263
2018133718OT02649,MONMOUTH,OCEAN TWP,02/03/2018,SA,0239,01,OCEAN TWP PD (MONMOUTH),53,1,1,0,0,F,B,N,N,11,1,SOUTH LINCOLN AVENUE,E,,,,,07,,03,04,02,01,06,01,05,01,100,FE,W,OAKWOOD AVENUE,,,,35,25,54,,,N,UTILITY POLE GUIDE WIRE  STONE DRIVEWAY COLUMN  MULTIPLE TREES AND BUSHES.,37237
2018133718OT02656,MONMOUTH,OCEAN TWP,02/03/2018,SA,1049,01,OCEAN TWP PD (MONMOUTH),ZONE 53,0,0,0,0,P,B,N,N,01,2,MONMOUTH COUNTY 15,S,15,,13000015__,2.09,05,,01,04,02,01,01,01,05,01,25,FE,N,GRANT AVE,,,,35,30,26,40.255180,74.011750,N,,37263
2018133718OT02670,MONMOUTH,OCEAN TWP,02/03/2018,SA,1354,01,OCEAN TWP PD (MONMOUTH),ZONE 54,0,0,0,0,P,I,N,N,07,2,MONMOUTH COUNTY 16,W,16,,13000016__,3.52,05,,01,04,02,01,01,01,05,01,,AT,,BOWNE RD,,,,45,40,26,40.230760,74.060630,N,,37279
2018133718OT02688,MONMOUTH,OCEAN TWP,02/03/2018,SA,2145,01,OCEAN TWP PD (MONMOUTH),ZONE 51,0,0,0,0,P,I,N,N,01,2,WEST PARK AVE,E,,,13361373__,2.72,07,,01,04,02,01,01,01,,01,,AT,,NJ 35,,,,30,45,26,,,N,,37297
2018133718OT02689,MONMOUTH,OCEAN TWP,02/03/2018,SA,1912,01,OCEAN TWP PD (MONMOUTH),ZONE 52,0,0,0,0,P,B,N,N,01,2,NJ 35,N,35,,00000035__,26.03,02,,01,04,02,01,06,01,01,01,50,FE,S,ALLAIRE AVE,,,,50,25,26,40.244210,74.037880,N,,37290
2018133718OT02723,MONMOUTH,OCEAN TWP,02/04/2018,SU,1332,01,OCEAN TWP PD (MONMOUTH),51,0,0,0,0,P,B,N,N,02,2,MONMOUTH COUNTY 40,E,40,,13000040__,.04,05,,01,04,02,01,01,01,05,01,200,FE,E,NJ 35,,,,35,50,26,40.235480,74.040570,N,,37248
2018133718OT02831,MONMOUTH,OCEAN TWP,02/05/2018,MO,1610,01,OCEAN TWP PD (MONMOUTH),ZONE 55,0,0,0,0,P,B,N,N,01,2,NJ 35,N,35,,00000035__,25.09,02,,01,04,02,01,01,01,01,01,50,FE,S,LOGAN RD,,,,50,35,26,40.230940,74.038740,N,,37293
2018133718OT02835,MONMOUTH,OCEAN TWP,02/05/2018,MO,1711,01,OCEAN TWP PD (MONMOUTH),ZONE 55,0,0,0,0,P,B,N,N,06,2,DARLENE AVE,W,,,,,07,,01,04,02,01,01,01,05,01,500,FE,E,LOGAN ROAD,,,,25,35,28,40.240810,74.030580,N,,37280
2018133718OT02836,MONMOUTH,OCEAN TWP,02/05/2018,MO,1716,01,OCEAN TWP PD (MONMOUTH),ZONE 55,0,0,0,0,P,B,N,N,06,2,APPLEBY DR,W,,,,,07,,01,04,02,02,06,02,05,01,50,FE,E,WALNUT AVENUE,,,,25,25,29,40.230780,74.028770,N,,37274
2018133718OT02843,MONMOUTH,OCEAN TWP,02/05/2018,MO,1807,01,OCEAN TWP PD (MONMOUTH),ZONE 52,0,0,0,0,P,B,N,N,06,2,701 DEAL ROAD,,,,,,09,,01,04,02,01,06,01,05,01,,,,,,,,,,28,40.253500,74.034750,N,,37282
2018133718OT02910,MONMOUTH,OCEAN TWP,02/06/2018,TU,1302,01,OCEAN TWP PD (MONMOUTH),1337,0,0,0,0,P,I,N,N,15,1,NJ 35,N,35,,00000035__,26.04,02,,01,04,02,01,01,01,01,02,,AT,,ALLAIRE AVE,,,,50,25,39,40.266920,74.042140,N,,37291
2018133718OT02942,MONMOUTH,OCEAN TWP,02/06/2018,TU,1729,01,OCEAN TWP PD (MONMOUTH),ZONE 55,0,1,0,0,I,B,Y,N,01,2,NJ 35,N,35,,00000035__,25.45,02,,01,04,02,01,03,01,01,01,10,FE,S,US 40 / SUNSET AVE,,,,50,35,26,40.235700,74.037980,N,,37274
2018133718OT03023,MONMOUTH,OCEAN TWP,02/07/2018,WE,1738,01,OCEAN TWP PD (MONMOUTH),ZONE 52,0,0,0,0,P,B,N,N,15,1,NJ 35,N,35,,00000035__,26.15,02,,01,04,02,02,03,02,01,01,20,FE,N,FRANKLIN AVE,,,,50,25,30,40.246130,74.038480,N,,37296
2018133718OT03055,MONMOUTH,OCEAN TWP,02/08/2018,TH,0828,01,OCEAN TWP PD (MONMOUTH),54,0,0,0,0,P,B,N,N,01,2,NJ 18,N,18,,00000018__,11.20,02,,03,06,02,01,01,01,05,01,15,FE,,,T,DEAL RD,EB,65,,26,40.250400,74.054210,N,,37289
2018133718OT03107,MONMOUTH,OCEAN TWP,02/08/2018,TH,1730,01,OCEAN TWP PD (MONMOUTH),53,0,0,0,0,P,B,N,N,06,2,BEECROFT PLACE,W,,,,,07,,01,04,02,01,01,01,05,01,25,FE,W,CR 15,,,,25,35,28,40.268710,74.015230,N,,37248
2018133718OT03115,MONMOUTH,OCEAN TWP,02/08/2018,TH,2050,01,OCEAN TWP PD (MONMOUTH),ZONE #53,0,0,0,0,P,B,N,N,11,1,DEAL RD,W,,,13371368__,,07,,01,04,02,01,06,01,05,01,10,FE,E,STEVEN RD,,,,40,25,50,40.253550,74.023100,N,STREET SIGN,37240
2018133718OT03121,MONMOUTH,OCEAN TWP,02/08/2018,TH,2201,01,OCEAN TWP PD (MONMOUTH),51,0,0,0,0,P,B,N,N,01,2,WEST PARK AVE,E,,,13361373__,2.75,07,,01,04,02,01,06,01,05,01,15,FE,W,NJ 35,,,,40,50,26,40.263790,74.040420,N,,37244
2018133718OT03147,MONMOUTH,OCEAN TWP,02/09/2018,FR,0913,01,OCEAN TWP PD (MONMOUTH),ZONE 52,0,0,0,0,P,I,N,N,03,2,NJ 35,N,35,,00000035__,27.13,02,,01,04,02,01,01,01,01,01,,AT,,AUTH AVE,,,,50,25,26,,,N,,37293
2018133718OT03188,MONMOUTH,OCEAN TWP,02/09/2018,FR,1527,01,OCEAN TWP PD (MONMOUTH),ZONE 55,0,0,0,0,P,I,N,N,03,2,WICKAPECKO DR,N,,,13371419__,.43,07,,01,04,02,01,01,01,05,01,,AT,,CORLIES AVENUE,,,,35,35,26,40.240870,74.022760,N,,37280
2018133718OT03196,MONMOUTH,OCEAN TWP,02/09/2018,FR,1743,01,OCEAN TWP PD (MONMOUTH),ZONE 55,0,1,0,0,I,I,N,N,07,2,NJ 35,N,35,,00000035__,25.45,02,,01,04,02,01,06,01,01,01,,AT,,US 40 / SUNSET AVE,,,,50,35,26,40.235700,74.037980,N,,37280
2018133718OT03271,MONMOUTH,OCEAN TWP,02/11/2018,SU,0001,01,OCEAN TWP PD (MONMOUTH),53,0,0,0,0,P,I,N,N,03,2,PARK AVE,W,,,13371370__,.34,07,,01,04,02,02,07,02,05,01,,AT,,LARCHWOOD AVE,,,,35,35,26,40.269210,74.009140,N,,37227
2018133718OT03287,MONMOUTH,OCEAN TWP,02/11/2018,SU,0954,01,OCEAN TWP PD (MONMOUTH),54 ZONE,0,0,0,0,P,B,N,N,01,2,NJ 18,N,18,,00000018__,11.20,02,,01,04,02,02,01,02,03,01,10,FE,,,T,DEAL ROAD,EB,65,,26,40.250400,74.054210,N,,37295
2018133718OT03333,MONMOUTH,OCEAN TWP,02/11/2018,SU,2118,01,OCEAN TWP PD (MONMOUTH),ZONE 54,0,0,0,0,P,B,N,N,01,2,DEAL RD,E,,,13371368__,1.43,07,,01,04,02,02,06,02,05,01,25,FE,W,NJ 35,,,,40,50,26,40.253370,74.024010,N,,37255
2018133718OT03491,MONMOUTH,OCEAN TWP,02/13/2018,TU,1452,01,OCEAN TWP PD (MONMOUTH),54,0,0,0,0,P,B,N,N,01,2,NJ 35,N,35,,00000035__,24.90,02,,02,06,02,01,01,01,05,01,,,,,,,,50,,26,,,N,,37289
2018133718OT03512,MONMOUTH,OCEAN TWP,02/13/2018,TU,1720,01,OCEAN TWP PD (MONMOUTH),ZONE 51,0,0,0,0,P,B,N,N,01,2,NJ 35,S,35,,00000035__,26.77,02,,01,04,02,01,03,01,01,01,20,FE,S,WILLOW DR,,,,50,25,26,40.254560,74.039960,N,,37299
2018133718OT03517,MONMOUTH,OCEAN TWP,02/13/2018,TU,1820,01,OCEAN TWP PD (MONMOUTH),54,0,0,0,0,P,B,N,N,02,2,DEAL RD,E,,,13371368__,1.41,07,,01,04,02,01,06,01,05,01,100,FE,W,NJ 35,,,,45,50,26,40.251800,74.039720,N,,37248
2018133718OT03581,MONMOUTH,OCEAN TWP,02/14/2018,WE,1150,01,OCEAN TWP PD (MONMOUTH),54,0,0,0,0,P,B,N,N,01,2,NJ 35,N,35,,00000035__,24.90,02,,02,06,02,01,01,01,02,01,,,,,,,,50,,26,40.226140,74.037380,N,,37227
2018133718OT03601,MONMOUTH,OCEAN TWP,02/14/2018,WE,1421,01,OCEAN TWP PD (MONMOUTH),ZONE 53,0,1,0,0,I,B,N,N,01,2,DEAL RD,E,,,13371368__,.11,07,,01,04,02,01,01,01,05,01,15,FE,W,HARVARD COURT,,,,40,25,26,40.253280,74.014810,N,,37273
2018133718OT03648,MONMOUTH,OCEAN TWP,02/15/2018,TH,0658,01,OCEAN TWP PD (MONMOUTH),ZONE 54,0,0,0,0,P,B,N,N,11,1,NJ 18,N,18,,00000018__,9.88,02,,01,04,02,02,01,01,03,01,200,FE,N,NJ 66 / ASBURY AVE,,,,65,50,46,40.228520,74.049970,N,DRIVER STRUCK GUARDRAIL FACE NEAR MM 10,37297
2018133718OT03676,MONMOUTH,OCEAN TWP,02/15/2018,TH,1212,01,OCEAN TWP PD (MONMOUTH),ZONE 54,0,0,0,0,P,B,N,N,01,2,NJ 35,S,35,,00000035__,26.11,02,,01,04,02,01,01,05,01,01,50,FE,N,BLOOMFIELD AVE,,,,50,25,26,40.244990,74.038020,N,,37293
2018133718OT03685,MONMOUTH,OCEAN TWP,02/15/2018,TH,1252,01,OCEAN TWP PD (MONMOUTH),1337,0,1,0,0,I,B,N,N,01,2,NJ 35,N,35,,00000035__,24.90,02,,02,06,02,01,01,01,02,01,,,,,,,,50,,26,40.226140,74.037380,N,,37291
2018133718OT03711,MONMOUTH,OCEAN TWP,02/15/2018,TH,1754,01,OCEAN TWP PD (MONMOUTH),ZONE 55,0,1,0,0,I,B,N,N,01,2,NJ 66,W,66,,00000066__,2.53,02,,01,06,02,01,03,01,02,01,100,FE,E,CR 16 / ASBURY AVE / PARK RD,,,,50,45,26,40.230470,74.059170,N,,37274
2018133718OT03798,MONMOUTH,OCEAN TWP,02/16/2018,FR,1640,01,OCEAN TWP PD (MONMOUTH),ZONE 51,0,0,0,0,P,B,N,N,01,2,WEST PARK AVE,E,,,13361373__,2.66,07,,01,04,02,02,03,02,04,01,300,FE,W,NJ 35,,,,40,50,26,40.263700,74.043330,N,,37298
2018133718OT03804,MONMOUTH,OCEAN TWP,02/16/2018,FR,1844,01,OCEAN TWP PD (MONMOUTH),ZONE 51,0,0,0,0,P,B,N,N,02,2,NJ 35,S,35,,00000035__,27.57,02,,01,04,02,01,06,01,01,01,550,FE,N,WEST PARK AVE,,,,50,40,26,,,N,CONCRETE JERSEY BARRIER ( SCRAPES),37277
2018133718OT03810,MONMOUTH,OCEAN TWP,02/16/2018,FR,2038,01,OCEAN TWP PD (MONMOUTH),ZONE 52,0,1,0,0,I,B,N,N,01,2,WHALEPOND RD,S,,,13371369__,.22,07,,01,04,02,01,06,05,05,01,50,FE,S,SHADOW LAWN DRIVE,,,,40,25,26,,,N,,37263
2018133718OT03861,MONMOUTH,OCEAN TWP,02/17/2018,SA,1548,01,OCEAN TWP PD (MONMOUTH),ZONE 51,0,1,0,0,I,I,N,N,03,2,WEST PARK AVE,W,,,13361373__,2.45,07,,01,04,02,01,01,01,04,01,,AT,,CINDY LANE,,,,40,35,26,,,N,,37298
2018133718OT03874,MONMOUTH,OCEAN TWP,02/17/2018,SA,1845,01,OCEAN TWP PD (MONMOUTH),ZONE 51,0,1,0,0,I,B,N,N,03,2,KINGS HWY,S,,,,,07,,01,04,02,01,03,01,05,01,200,FE,N,WEST PARK AVE,,,,35,40,26,,,N,,37298
2018133718OT03882,MONMOUTH,OCEAN TWP,02/17/2018,SA,2058,01,OCEAN TWP PD (MONMOUTH),ZONE 55,0,0,0,0,P,B,N,N,11,1,WICKAPECKO DR,N,,,13371419__,.53,07,,01,04,02,03,06,03,05,01,30,FE,S,BRIDLEMERE AVE,,,,35,25,52,,,N,UTILITY POLE# JC1691OT  IN FRONT OF 45 WICKAPECKO DR.,37223
2018133718OT03916,MONMOUTH,OCEAN TWP,02/18/2018,SU,1438,01,OCEAN TWP PD (MONMOUTH),ZONE 54,0,1,0,0,I,B,N,N,11,1,NJ 18,S,18,,00000018__,11.28,02,,01,04,02,01,01,01,03,01,500,FE,S,DEAL RD,,,,65,45,46,40.231480,74.050390,N,GUARDRAIL APPROX 500 FT SOUTH OF DEAL ROAD ON SR 18 SOUTH,37296