Year(4)-CountyCode(2)-MunicipalityCode(2)-CaseNumber(9),County Name,Municipality Name,Crash Date,Crash Day of Week,Crash Time,Police Department Code,Police Department,Police Station,Total Killed,Total Injured,Pedestrians Killed,Pedestrians Injured,Severity,Intersection,Alcohol Involved,Hazmat Involved,Crash Type,Total Vehicles,Location,Location Direction,Route,Route Suffix,Std Rte Identifier,MilePost,Road System,Road Character,Road Horizontal Alignment,Road Grade,Road Surface Type,Surface Condition,Light Condition,Environmental Condition,Road Divided By,Temporary Traffic Control Zone,Distance To Cross Street,Unit Of Measurement,Direction From Cross Street,Cross Street Name,Is Ramp,Ramp To/From Route Name,Ramp To/From Route Direction,Posted Speed,Posted Speed Cross Street,First Harmful Event,Latitude,Longitude,Cell Phone In Use Flag,Other Property Damage,Reporting Badge No.
2018133718OT11235,MONMOUTH,OCEAN TWP,05/09/2018,WE,0753,01,OCEAN TWP PD (MONMOUTH),ZONE 52,0,0,0,0,P,B,N,N,02,2,NJ 35,N,35,,00000035__,26.03,02,,01,04,02,01,01,01,01,01,30,FE,S,ALLAIRE AVE,,,,50,25,26,,,N,,37277
2018133718OT11294,MONMOUTH,OCEAN TWP,05/09/2018,WE,1435,01,OCEAN TWP PD (MONMOUTH),52,0,1,0,0,I,I,N,N,03,2,DOW AVE,W,,,,,07,,01,04,02,01,01,01,05,01,,AT,,HOLBROOK ST,,,,35,25,26,,,N,,37241
2018133718OT11313,MONMOUTH,OCEAN TWP,05/09/2018,WE,1743,01,OCEAN TWP PD (MONMOUTH),ZONE 51,0,0,0,0,P,B,N,N,11,1,GREEN GROVE RD,S,,,13341417__,2.90,07,,01,04,02,01,01,01,05,01,1000,FE,S,DEAL ROAD,,,,40,35,60,40.246850,74.075270,N,CURB AND TREE,37297
2018133718OT11374,MONMOUTH,OCEAN TWP,05/10/2018,TH,1020,01,OCEAN TWP PD (MONMOUTH),ZONE 54,0,0,0,0,P,B,N,N,08,2,CENTRE STREET,S,,,,,07,,01,04,02,01,01,01,05,01,20,FE,N,BOWNE ROAD,,,,25,40,26,40.231140,74.061190,N,,37282
2018133718OT11399,MONMOUTH,OCEAN TWP,05/10/2018,TH,1427,01,OCEAN TWP PD (MONMOUTH),ZONE 54,0,0,0,0,P,B,N,N,01,2,NJ 35,N,35,,00000035__,24.90,02,,02,04,02,01,01,01,02,01,,,,,,,,50,,26,40.226140,74.037380,N,,37282
2018133718OT11416,MONMOUTH,OCEAN TWP,05/10/2018,TH,1659,01,OCEAN TWP PD (MONMOUTH),51 ZONE,0,1,0,0,I,B,N,N,11,1,WEST PARK AVE,E,,,13361373__,2.72,07,,01,04,02,01,01,01,05,01,100,FE,W,NJ 35,,,,40,50,60,40.264530,74.042050,N,TREE AT 2100 SR 35,37266
2018133718OT11461,MONMOUTH,OCEAN TWP,05/11/2018,FR,0906,01,OCEAN TWP PD (MONMOUTH),55,0,0,0,0,P,B,N,N,06,2,EDGEWOOD AVE,N,,,,,07,,01,04,02,01,01,01,05,01,100,FE,S,SUNSET AVE,,,,25,35,28,40.229920,74.021430,N,,37248
2018133718OT11497,MONMOUTH,OCEAN TWP,05/11/2018,FR,1502,01,OCEAN TWP PD (MONMOUTH),ZONE 55,0,0,0,0,P,B,N,N,02,2,NJ 35,N,35,,00000035__,24.90,02,,01,04,02,01,01,01,05,01,,,,,,,,50,,26,40.226140,74.037380,N,,37290
2018133718OT11534,MONMOUTH,OCEAN TWP,05/11/2018,FR,2149,01,OCEAN TWP PD (MONMOUTH),53,0,0,0,0,P,B,N,N,06,2,ELBERON BLVD,N,,,,,07,,01,04,02,01,01,01,05,01,500,FE,S,ROOSEVELT AVE,,,,25,35,28,40.258770,74.003720,N,,37289
2018133718OT11561,MONMOUTH,OCEAN TWP,05/12/2018,SA,1850,01,OCEAN TWP PD (MONMOUTH),ZONE 54,0,0,0,0,P,B,N,N,07,2,GREEN GROVE RD,N,,,13341417__,2.03,07,,01,04,02,02,01,02,05,01,75,FE,N,MC 16/ASBURY AVE,,,,40,45,26,40.234420,74.077380,N,,37298
2018133718OT11591,MONMOUTH,OCEAN TWP,05/13/2018,SU,0617,01,OCEAN TWP PD (MONMOUTH),54,0,0,0,0,P,B,N,N,11,1,NJ 18,N,18,,00000018__,9.84,02,,03,04,02,01,02,05,03,01,250,FE,,,F,NJ 66,WB,65,,56,40.228550,74.049510,N,SIGN - RT 18 MILE 10,37248
2018133718OT11599,MONMOUTH,OCEAN TWP,05/13/2018,SU,1249,01,OCEAN TWP PD (MONMOUTH),ZONE 55,0,0,0,0,P,I,N,N,03,2,MONMOUTH COUNTY 40,E,40,,13000040__,.64,05,,01,04,02,02,01,02,05,01,,AT,,OPDYKE AVE,,,,35,25,26,40.232110,74.026530,N,,37290
2018133718OT11600,MONMOUTH,OCEAN TWP,05/13/2018,SU,1253,01,OCEAN TWP PD (MONMOUTH),55,0,0,0,0,P,B,N,N,01,2,ALLAIRE AVE,E,,,,,07,,01,04,02,02,01,02,05,01,20,FE,W,LOGAN RD.,,,,25,35,26,40.243050,74.032780,N,,37248
2018133718OT11605,MONMOUTH,OCEAN TWP,05/13/2018,SU,1507,01,OCEAN TWP PD (MONMOUTH),ZONE 54,0,0,0,0,P,B,N,N,15,3,DEAL RD,E,,,13371368__,2.29,07,,01,04,01,02,01,05,05,01,30,FE,W,NJ 18,,,,45,65,30,40.250400,74.054210,N,,37223
2018133718OT11670,MONMOUTH,OCEAN TWP,05/14/2018,MO,1236,01,OCEAN TWP PD (MONMOUTH),ZONE 54,0,0,0,0,P,B,N,N,01,2,NJ 35,S,35,,00000035__,25.45,02,,01,04,02,01,01,01,01,,10,FE,N,US 40 / SUNSET AVE,,,,50,35,26,40.235700,74.037980,N,,
2018133718OT11692,MONMOUTH,OCEAN TWP,05/14/2018,MO,1545,01,OCEAN TWP PD (MONMOUTH),53,0,0,0,0,P,B,N,N,11,1,417 W LINCOLN AVE,,,,,,09,,01,04,02,01,01,01,05,01,,,,,,,,,,69,,,N,417 WEST LINCOLN AVE,37241
2018133718OT11763,MONMOUTH,OCEAN TWP,05/15/2018,TU,1355,01,OCEAN TWP PD (MONMOUTH),52 ZONE,0,2,0,0,I,B,N,N,01,2,NJ 35,N,35,,00000035__,26.63,02,,01,04,02,01,01,01,01,01,250,FE,N,DEAL RD,,,,50,40,26,40.251800,74.039720,N,,37266
2018133718OT11902,MONMOUTH,OCEAN TWP,05/17/2018,TH,0715,01,OCEAN TWP PD (MONMOUTH),54,0,0,0,0,P,B,N,N,11,1,NJ 66,W,66,,00000066__,3.00,02,,03,04,02,02,01,02,03,01,300,FE,,,T,NJ 18,NB,50,,56,40.228550,74.049510,N,,37248
2018133718OT11904,MONMOUTH,OCEAN TWP,05/17/2018,TH,0719,01,OCEAN TWP PD (MONMOUTH),ZONE # 51,0,1,0,0,I,B,N,N,02,2,NJ 35,S,35,,00000035__,26.81,02,,01,04,02,02,01,02,01,01,200,FE,N,WILLOW DR,,,,50,,26,40.255250,74.041060,N,,37240
2018133718OT11965,MONMOUTH,OCEAN TWP,05/17/2018,TH,2254,01,OCEAN TWP PD (MONMOUTH),ZONE 54,0,0,0,0,P,B,N,N,02,2,NJ 66,W,66,,00000066__,2.51,02,,02,04,02,01,07,01,01,01,25,FE,E,CR 16 / ASBURY AVE / PARK RD,,,,50,45,26,40.230240,74.060380,N,,37292
2018133718OT12064,MONMOUTH,OCEAN TWP,05/19/2018,SA,1558,01,OCEAN TWP PD (MONMOUTH),54,0,0,0,0,P,B,N,N,01,3,MONMOUTH COUNTY 16,W,16,,13000016__,3.07,05,,01,04,02,02,01,01,05,01,300,FE,E,SHARON DR,,,,45,25,26,40.232550,74.069030,N,,37246
2018133718OT12076,MONMOUTH,OCEAN TWP,05/19/2018,SA,2012,01,OCEAN TWP PD (MONMOUTH),52,0,0,0,0,P,B,N,N,01,2,DEAL RD,W,,,13371368__,1.43,07,,01,04,02,02,03,02,05,01,20,FE,E,NJ 35,,,,40,50,26,40.251800,74.039720,N,,37299
2018133718OT12107,MONMOUTH,OCEAN TWP,05/20/2018,SU,0922,01,OCEAN TWP PD (MONMOUTH),55,0,0,0,0,P,B,N,N,07,2,MONMOUTH COUNTY 40,W,40,,13000040__,.66,05,,01,04,02,01,01,01,05,01,200,FE,W,WICKAPECKO DR,,,,35,35,26,40.231800,74.025500,N,,37246
2018133718OT12115,MONMOUTH,OCEAN TWP,05/20/2018,SU,1115,01,OCEAN TWP PD (MONMOUTH),52,0,0,0,0,P,B,N,N,06,2,DOW AVE,E,,,,,07,,01,04,02,01,01,01,05,01,100,FE,E,MELVILLE ST,,,,35,25,28,,,N,,37241
2018133718OT12130,MONMOUTH,OCEAN TWP,05/20/2018,SU,1411,01,OCEAN TWP PD (MONMOUTH),ZONE 54,0,0,0,0,P,B,N,N,01,2,NJ 18,N,18,,00000018__,11.37,02,,03,04,02,01,01,01,05,01,15,FE,,,T,DEAL ROAD,EB,65,,26,40.250400,74.054210,N,,37259
2018133718OT12243,MONMOUTH,OCEAN TWP,05/21/2018,MO,1605,01,OCEAN TWP PD (MONMOUTH),ZONE 54,0,0,0,0,P,B,Y,N,11,1,LAWRENCE AVE,W,,,,,07,,01,04,02,01,01,01,05,01,30,FE,W,NJ 35,,,,25,50,56,40.242420,74.038040,N,,37223
2018133718OT12346,MONMOUTH,OCEAN TWP,05/22/2018,TU,1615,01,OCEAN TWP PD (MONMOUTH),ZONE 55,0,0,0,0,P,B,N,N,02,2,NJ 35,N,35,,00000035__,24.90,02,,01,04,02,02,01,02,02,01,,,,,,,,50,,26,40.226140,74.037380,N,,37290
2018133718OT12411,MONMOUTH,OCEAN TWP,05/23/2018,WE,1015,01,OCEAN TWP PD (MONMOUTH),ZONE 54,0,0,0,0,P,B,N,N,01,2,DEAL RD,E,,,13371368__,1.43,07,,01,04,02,01,01,01,05,01,50,FE,W,NJ 35,,,,40,50,26,40.251470,74.039190,N,,37280
2018133718OT12462,MONMOUTH,OCEAN TWP,05/23/2018,WE,1720,01,OCEAN TWP PD (MONMOUTH),53,0,1,0,0,I,B,N,N,01,2,MONMOUTH COUNTY 15,S,15,,13000015__,2.50,05,,01,04,02,01,01,01,05,01,100,FE,N,ROOSEVELT AVE,,,,35,35,26,40.260690,74.011830,N,,37227
2018133718OT12534,MONMOUTH,OCEAN TWP,05/24/2018,TH,0746,01,OCEAN TWP PD (MONMOUTH),ZONE 51,0,0,0,0,P,B,N,N,05,2,WEST PARK AVE,E,,,13361373__,2.42,07,,01,04,02,01,01,01,05,01,25,FE,E,RALEIGH CT WEST,,,,40,,26,40.263390,74.047260,N,,37259
2018133718OT12594,MONMOUTH,OCEAN TWP,05/24/2018,TH,1303,01,OCEAN TWP PD (MONMOUTH),53,0,0,0,0,P,B,N,N,06,2,NJ 71,S,71,,00000071__,11.40,02,,01,04,02,01,01,01,02,01,20,FE,N,ROOSEVELT AVE,,,,35,35,28,40.259820,74.000250,N,,37227
2018133718OT12601,MONMOUTH,OCEAN TWP,05/24/2018,TH,1326,01,OCEAN TWP PD (MONMOUTH),ZONE 51,0,0,0,0,P,B,N,N,02,2,NJ 35,S,35,,00000035__,27.40,02,,01,04,02,01,01,01,01,01,25,FE,N,COLT RD,,,,50,25,26,40.260670,74.043890,N,,37259
2018133718OT12615,MONMOUTH,OCEAN TWP,05/24/2018,TH,1457,01,OCEAN TWP PD (MONMOUTH),ZONE 51,0,0,0,0,P,B,N,N,01,2,COLT RD,N,,,,,07,,01,04,02,01,01,01,02,01,10,FE,S,WEST PARK AVE,,,,25,40,26,40.263910,74.044100,N,,37259
2018133718OT12677,MONMOUTH,OCEAN TWP,05/25/2018,FR,0650,01,OCEAN TWP PD (MONMOUTH),51,0,0,0,0,P,B,N,N,12,1,WEST PARK AVE,E,,,13361373__,.99,07,,01,05,02,01,01,01,05,01,750,FE,E,HOPE ROAD,,,,45,40,24,40.261240,74.063220,N,,37248
2018133718OT12739,MONMOUTH,OCEAN TWP,05/25/2018,FR,1604,01,OCEAN TWP PD (MONMOUTH),ZONE # 53,0,0,0,0,P,B,N,N,01,2,MONMOUTH COUNTY 15,S,15,,13000015__,3.29,05,,01,04,02,01,01,01,05,01,300,FE,N,W PARK AVE,,,,35,35,26,40.270970,74.015870,N,,37240
2018133718OT12756,MONMOUTH,OCEAN TWP,05/25/2018,FR,2232,01,OCEAN TWP PD (MONMOUTH),ZONE 53,0,0,0,0,P,B,N,N,08,2,WOODROW ST,N,,,,,07,,01,04,02,01,01,01,05,01,500,FE,N,WEST PARK AVE,,,,25,35,28,,,N,,37298
2018133718OT12757,MONMOUTH,OCEAN TWP,05/25/2018,FR,1952,01,OCEAN TWP PD (MONMOUTH),ZONE 54,0,0,0,0,P,B,N,N,02,2,NJ 66,E,66,,00000066__,3.25,02,,01,04,02,01,03,01,03,01,15,FE,W,SOUTH MALL DRIVE,,,,50,,26,40.228350,74.044410,N,,37286
2018133718OT12856,MONMOUTH,OCEAN TWP,05/26/2018,SA,2208,01,OCEAN TWP PD (MONMOUTH),55 ZONE,0,0,0,0,P,B,N,N,08,2,TURNER AVE,N,,,,,07,,01,04,02,02,04,05,05,01,100,FE,N,APPLEBY DR,,,,25,25,28,40.232980,74.035080,N,,37261
2018133718OT12993,MONMOUTH,OCEAN TWP,05/28/2018,MO,1320,01,OCEAN TWP PD (MONMOUTH),ZONE 54,0,0,0,0,P,B,N,N,01,2,MONMOUTH COUNTY 40,E,40,,13000040__,-.04,05,,01,04,02,01,01,01,05,01,200,FE,W,NJ 35,,,,35,50,26,40.235700,74.037980,N,,37273
2018133718OT13065,MONMOUTH,OCEAN TWP,05/29/2018,TU,0200,01,OCEAN TWP PD (MONMOUTH),ZONE 51,0,0,0,0,P,B,N,N,15,1,BOWNE RD,N,,,13341420__,1.57,07,,01,04,02,01,06,01,05,01,150,FE,N,MATILDA DRIVE,,,,40,25,39,40.256830,74.073910,N,TRASH CAN SERIAL #: T10 905679; RECYCLING CAN SERIAL # R10 904484 (732 BOWNE RD),37255
2018133718OT13066,MONMOUTH,OCEAN TWP,05/29/2018,TU,0717,01,OCEAN TWP PD (MONMOUTH),55 ZONE,0,0,0,0,P,B,N,N,02,2,NJ 35,N,35,,00000035__,24.90,02,,02,04,02,01,01,01,02,01,,,,,,,,50,,26,40.226140,74.037380,N,,37266
2018133718OT13091,MONMOUTH,OCEAN TWP,05/29/2018,TU,1315,01,OCEAN TWP PD (MONMOUTH),53,0,0,0,0,P,B,N,N,08,2,ELMWOOD RD,W,,,,,07,,01,04,02,01,01,01,05,01,100,FE,N,WELLS AVE,,,,25,25,28,40.262360,74.016180,N,,37278
2018133718OT13146,MONMOUTH,OCEAN TWP,05/29/2018,TU,2355,01,OCEAN TWP PD (MONMOUTH),51,0,1,0,0,I,B,N,N,09,2,WEST PARK AVE,E,,,13361373__,.99,07,,01,05,02,01,07,01,05,01,5,FE,E,HOPE ROAD,,,,45,40,26,40.259260,74.073540,N,,37291
2018133718OT13228,MONMOUTH,OCEAN TWP,05/30/2018,WE,1711,01,OCEAN TWP PD (MONMOUTH),ZONE # 51,0,0,0,0,P,B,N,N,01,3,NJ 35,S,35,,00000035__,27.56,02,,01,04,02,01,01,01,01,01,500,FE,N,WEST PARK AVE,,,,50,40,26,40.266900,74.042670,N,,
2018133718OT13303,MONMOUTH,OCEAN TWP,05/31/2018,TH,1235,01,OCEAN TWP PD (MONMOUTH),ZONE 54,0,0,0,0,P,B,N,N,01,2,NJ 18,N,18,,00000018__,11.37,02,,03,07,02,02,01,01,03,01,15,FE,,,T,DEAL ROAD,EB,65,,26,40.250400,74.054210,N,,37292
2018133718OT13310,MONMOUTH,OCEAN TWP,05/31/2018,TH,1312,01,OCEAN TWP PD (MONMOUTH),ZONE 54,0,2,0,0,I,B,N,N,01,3,NJ 35,S,35,,00000035__,26.58,02,,01,04,02,01,01,01,01,01,10,FE,S,DEAL RD,,,,50,45,26,,,N,,
2018133718OT13353,MONMOUTH,OCEAN TWP,05/31/2018,TH,1946,01,OCEAN TWP PD (MONMOUTH),ZONE 53,0,0,0,0,P,B,N,N,01,2,MONMOUTH COUNTY 15,S,15,,13000015__,1.66,05,,01,04,02,02,01,04,05,01,25,FE,N,ROSELD AVE,,,,40,25,26,,,N,,37298
2018133718OT13395,MONMOUTH,OCEAN TWP,06/01/2018,FR,0801,01,OCEAN TWP PD (MONMOUTH),54,0,0,0,0,P,B,N,N,01,2,NJ 18,N,18,,00000018__,11.28,02,,01,04,02,02,01,05,03,01,500,FE,S,DEAL RD,,,,65,45,26,,,N,,37241
2018133718OT13402,MONMOUTH,OCEAN TWP,06/01/2018,FR,0818,01,OCEAN TWP PD (MONMOUTH),53,0,0,0,0,P,I,N,N,03,2,MONMOUTH COUNTY 15,N,15,,13000015__,2.89,05,,01,04,02,02,01,01,05,01,,AT,,W LINCOLN AVE,,,,35,35,26,40.266560,74.014640,N,,37246
2018133718OT13429,MONMOUTH,OCEAN TWP,06/01/2018,FR,1329,01,OCEAN TWP PD (MONMOUTH),51 ZONE,0,0,0,0,P,B,N,N,03,2,DEAL RD,W,,,13371368__,1.43,07,,01,04,02,01,01,01,04,01,350,FE,W,NJ 35,,,,45,50,26,40.251790,74.039720,N,,37266
2018133718OT13525,MONMOUTH,OCEAN TWP,06/02/2018,SA,1352,01,OCEAN TWP PD (MONMOUTH),ZONE 51,0,0,0,0,P,B,N,N,01,2,WEST PARK AVE,W,,,13361373__,2.65,07,,01,04,02,01,01,01,05,01,20,FE,E,KINGS HIGHWAY,,,,40,35,26,40.259270,74.073490,N,,37255
2018133718OT13573,MONMOUTH,OCEAN TWP,06/02/2018,SA,2341,01,OCEAN TWP PD (MONMOUTH),51 ZONE,0,3,0,0,I,B,N,N,01,2,DEAL RD,E,,,13371368__,1.43,07,,01,04,02,01,06,01,05,01,50,FE,W,NJ 35,,,,45,50,26,40.251800,74.039720,N,,37295
2018133718OT13574,MONMOUTH,OCEAN TWP,06/02/2018,SA,2348,01,OCEAN TWP PD (MONMOUTH),54,0,0,0,0,P,I,N,N,07,2,POPLAR RD,W,,,13371194__,.78,07,,01,04,02,01,05,01,05,01,,AT,,DEAL ROAD,,,,45,40,26,40.250550,74.049910,N,,37270
2018133718OT13649,MONMOUTH,OCEAN TWP,06/04/2018,MO,1014,01,OCEAN TWP PD (MONMOUTH),54,0,0,0,0,P,B,N,N,01,2,NJ 66,W,66,,00000066__,3.25,02,,01,06,02,01,01,01,03,01,30,FE,W,SOUTH MALL DR.,,,,50,,26,,,N,,37244
2018133718OT13677,MONMOUTH,OCEAN TWP,06/04/2018,MO,1550,01,OCEAN TWP PD (MONMOUTH),ZONE 53,0,0,0,0,P,B,N,N,02,2,MONMOUTH COUNTY 15,S,15,,13000015__,2.48,05,,01,04,02,01,01,01,05,01,15,FE,N,ROOSEVELT AVE,,,,35,35,26,40.260690,74.011830,N,,37286
2018133718OT13680,MONMOUTH,OCEAN TWP,06/04/2018,MO,1631,01,OCEAN TWP PD (MONMOUTH),51,0,0,0,0,P,B,N,N,03,2,NJ 35,S,35,,00000035__,27.49,02,,01,04,02,01,01,01,01,01,100,FE,N,WEST PARK AVE,,,,50,40,26,40.264650,74.041930,N,NJ AMERICAN WATER #313 FIRE HYDRANT DAMAGED,37248
2018133718OT13695,MONMOUTH,OCEAN TWP,06/04/2018,MO,2048,01,OCEAN TWP PD (MONMOUTH),ZONE 54,0,0,0,0,P,B,N,N,12,1,NJ 18,S,18,,00000018__,10.34,02,,01,04,02,01,05,01,03,01,2640,FE,N,NJ 66 / ASBURY AVE,,,,65,50,24,,,N,,37283
2018133718OT13730,MONMOUTH,OCEAN TWP,06/05/2018,TU,1032,01,OCEAN TWP PD (MONMOUTH),ZONE 51,0,0,0,0,P,B,N,N,01,2,WEST PARK AVE,E,,,13361373__,2.72,07,,01,04,02,01,01,01,05,01,25,FE,W,NJ 35,,,,40,50,26,40.264790,74.042520,N,,37223
2018133718OT13792,MONMOUTH,OCEAN TWP,06/06/2018,WE,0634,01,OCEAN TWP PD (MONMOUTH),54,0,0,0,0,P,B,N,N,12,1,NJ 18,S,18,,00000018__,10.07,02,,01,04,02,01,01,01,03,01,1200,FE,N,NJ 66 / ASBURY AVE,,,,65,50,24,40.230030,74.050380,N,,37227
2018133718OT13828,MONMOUTH,OCEAN TWP,06/06/2018,WE,1221,01,OCEAN TWP PD (MONMOUTH),ZONE: 54,0,0,0,0,P,B,N,N,01,2,NJ 66,W,66,,00000066__,2.75,02,,01,06,02,01,01,01,03,01,50,FE,E,CEDAR VILLAGE BLVD,,,,50,25,26,40.229350,74.054770,N,,37278
2018133718OT13845,MONMOUTH,OCEAN TWP,06/06/2018,WE,1455,01,OCEAN TWP PD (MONMOUTH),ZONE 51,0,0,0,0,P,I,N,N,03,2,POPLAR RD,E,,,13371194__,.78,07,,01,04,02,01,01,01,05,01,,AT,,DEAL ROAD,,,,45,40,26,40.250550,74.049910,N,,37255
2018133718OT13966,MONMOUTH,OCEAN TWP,06/07/2018,TH,1925,01,OCEAN TWP PD (MONMOUTH),ZONE 55,0,0,0,0,P,B,N,N,01,2,NJ 35,N,35,,00000035__,25.10,02,,01,04,02,01,01,01,01,01,25,FE,S,LOGAN RD,,,,50,35,26,40.230940,74.038740,N,,37297
2018133718OT14041,MONMOUTH,OCEAN TWP,06/08/2018,FR,1419,01,OCEAN TWP PD (MONMOUTH),ZONE 53,0,0,0,0,P,I,N,N,03,2,MONMOUTH COUNTY 15,S,15,,13000015__,1.95,05,,01,04,02,01,01,01,05,,,AT,,DEAL RD,,,,40,40,26,40.253170,74.012600,N,,37263
2018133718OT14261,MONMOUTH,OCEAN TWP,06/11/2018,MO,1714,01,OCEAN TWP PD (MONMOUTH),ZONE 51,0,0,0,0,P,B,N,N,02,2,NJ 35,S,35,,00000035__,26.92,02,,01,04,02,01,01,01,01,01,800,FE,N,WILLOW DR,,,,50,,26,40.269770,74.042520,N,,37255
2018133718OT14326,MONMOUTH,OCEAN TWP,06/12/2018,TU,0751,01,OCEAN TWP PD (MONMOUTH),53,0,0,0,0,P,B,N,N,01,2,MONMOUTH COUNTY 15,S,15,,13000015__,3.22,05,,01,04,02,01,01,01,05,01,30,FE,S,W PARK AVE,,,,35,35,26,40.270970,74.015870,N,,37237
2018133718OT14466,MONMOUTH,OCEAN TWP,06/13/2018,WE,1412,01,OCEAN TWP PD (MONMOUTH),54,0,0,0,0,P,B,N,N,01,2,NJ 66,W,66,,00000066__,2.76,02,,01,04,02,01,01,01,03,01,20,FE,E,HILLSIDE AVE,,,,50,25,26,,,N,,37264
2018133718OT14484,MONMOUTH,OCEAN TWP,06/13/2018,WE,1641,01,OCEAN TWP PD (MONMOUTH),54,0,0,0,0,P,B,N,N,01,3,DEAL RD,E,,,13371368__,1.62,07,,01,04,02,01,01,01,04,01,25,FE,W,RUSTIC DRIVE,,,,45,,26,40.251230,74.042870,N,,
2018133718OT14533,MONMOUTH,OCEAN TWP,06/14/2018,TH,0921,01,OCEAN TWP PD (MONMOUTH),ZONE 53,0,0,0,0,P,B,N,N,02,2,NJ 71,S,71,,00000071__,11.40,02,,01,04,02,01,01,01,02,01,2,FE,N,ROOSEVELT AVE,,,,35,35,26,40.259590,74.000070,N,,37263
2018133718OT14586,MONMOUTH,OCEAN TWP,06/14/2018,TH,1704,01,OCEAN TWP PD (MONMOUTH),ZONE 54,0,0,0,0,P,B,N,N,01,2,DEAL RD,E,,,13371368__,1.62,07,,01,04,02,01,01,01,04,01,25,FE,W,RUSTIC DR,,,,45,,26,40.251230,74.042870,N,,37290
2018133718OT14605,MONMOUTH,OCEAN TWP,06/14/2018,TH,2052,01,OCEAN TWP PD (MONMOUTH),ZONE 55,0,0,0,0,P,B,N,N,01,2,NJ 35,N,35,,00000035__,24.90,02,,02,04,02,01,06,01,02,01,,,,,,,,50,,26,40.225800,74.038820,N,,37286
2018133718OT14656,MONMOUTH,OCEAN TWP,06/15/2018,FR,1336,01,OCEAN TWP PD (MONMOUTH),53,0,0,0,0,P,B,N,N,06,2,NJ 71,S,71,,00000071__,11.42,02,,01,04,02,01,01,01,02,01,100,FE,N,ROOSEVELT AVE,,,,35,35,28,40.259590,74.000070,N,,37246
2018133718OT14663,MONMOUTH,OCEAN TWP,06/15/2018,FR,1414,01,OCEAN TWP PD (MONMOUTH),ZONE 54,0,0,0,0,P,B,N,N,03,2,MONMOUTH COUNTY 40,W,40,,13000040__,-.14,05,,01,04,02,01,01,01,05,01,750,FE,W,NJ 35,,,,35,50,26,40.234630,74.034590,N,,37255
2018133718OT14679,MONMOUTH,OCEAN TWP,06/15/2018,FR,1615,01,OCEAN TWP PD (MONMOUTH),54,0,0,0,0,P,B,N,N,03,2,NJ 35,N,35,,00000035__,24.90,02,,01,04,02,01,01,01,02,01,,,,,,,,50,,26,,,N,,37241
2018133718OT14750,MONMOUTH,OCEAN TWP,06/16/2018,SA,1543,01,OCEAN TWP PD (MONMOUTH),52,0,0,0,0,P,B,N,N,08,2,DOW AVE,E,,,,,07,,01,04,02,01,01,01,05,01,400,FE,W,WHALEPOND RD,,,,35,35,28,,,N,,37241
2018133718OT14833,MONMOUTH,OCEAN TWP,06/18/2018,MO,0453,01,OCEAN TWP PD (MONMOUTH),55 ZONE,0,0,0,0,P,B,Y,N,11,1,NJ 35,E,35,,00000035__,26.50,02,,03,06,02,01,06,01,01,01,75,FE,,,T,DEAL ROAD,EB,50,,56,40.251810,74.039410,N,JCPL POLE #JC1418OT WAS STRUCK AND DOT SIGN WAS ALSO DAMAGED,37295
2018133718OT14858,MONMOUTH,OCEAN TWP,06/18/2018,MO,0951,01,OCEAN TWP PD (MONMOUTH),ZONE 54,0,0,0,0,P,B,N,N,01,2,NJ 18,N,18,,00000018__,11.20,02,,03,04,02,01,01,01,03,01,10,FE,,,T,DEAL RD.,EB,50,,26,40.247860,74.055050,N,,37281
2018133718OT14866,MONMOUTH,OCEAN TWP,06/18/2018,MO,1201,01,OCEAN TWP PD (MONMOUTH),ZONE 55,0,0,0,0,P,B,N,N,01,2,ALLAIRE AVE,E,,,,,07,,01,04,02,01,01,01,05,01,10,FE,W,LOGAN RD,,,,25,35,26,,,N,,37281
2018133718OT14868,MONMOUTH,OCEAN TWP,06/18/2018,MO,1225,01,OCEAN TWP PD (MONMOUTH),ZONE 54,0,0,0,0,P,I,N,N,03,2,SUNSET AVE,E,,,,,07,,01,04,02,01,01,01,05,01,,AT,,NORTH MALL DR.,,,,35,,26,40.233750,74.042350,N,,37281
2018133718OT14870,MONMOUTH,OCEAN TWP,06/18/2018,MO,1233,01,OCEAN TWP PD (MONMOUTH),ZONE 55,0,0,0,0,P,B,N,N,02,2,MONMOUTH COUNTY 40,E,40,,13000040__,.15,05,,01,04,02,01,01,01,05,01,50,FE,W,LOGAN RD,,,,35,35,26,40.234730,74.034930,N,,37223
2018133718OT14875,MONMOUTH,OCEAN TWP,06/18/2018,MO,1318,01,OCEAN TWP PD (MONMOUTH),ZONE 52,0,0,0,0,P,B,N,N,01,2,NJ 35,N,35,,00000035__,27.50,02,,03,04,02,01,01,01,01,01,15,FE,,,T,WEST PARK AVE,WB,50,,26,,,N,,37277
2018133718OT14932,MONMOUTH,OCEAN TWP,06/19/2018,TU,0754,01,OCEAN TWP PD (MONMOUTH),ZONE 54,0,0,0,0,P,B,N,N,11,1,NJ 18,S,18,,00000018__,9.93,02,,01,05,02,01,01,01,03,01,500,FE,N,NJ 66 / ASBURY AVE,,,,65,50,56,,,N,CURB AND TREES,37277
2018133718OT15059,MONMOUTH,OCEAN TWP,06/20/2018,WE,1543,01,OCEAN TWP PD (MONMOUTH),ZONE 55,0,0,0,0,P,B,N,N,06,2,FAIRMONT AVE,W,,,,,07,,01,04,02,01,01,01,05,01,100,FE,E,NJ 35,,,,25,50,28,,,N,,37277