Year(4)-CountyCode(2)-MunicipalityCode(2)-CaseNumber(9),County Name,Municipality Name,Crash Date,Crash Day of Week,Crash Time,Police Department Code,Police Department,Police Station,Total Killed,Total Injured,Pedestrians Killed,Pedestrians Injured,Severity,Intersection,Alcohol Involved,Hazmat Involved,Crash Type,Total Vehicles,Location,Location Direction,Route,Route Suffix,Std Rte Identifier,MilePost,Road System,Road Character,Road Horizontal Alignment,Road Grade,Road Surface Type,Surface Condition,Light Condition,Environmental Condition,Road Divided By,Temporary Traffic Control Zone,Distance To Cross Street,Unit Of Measurement,Direction From Cross Street,Cross Street Name,Is Ramp,Ramp To/From Route Name,Ramp To/From Route Direction,Posted Speed,Posted Speed Cross Street,First Harmful Event,Latitude,Longitude,Cell Phone In Use Flag,Other Property Damage,Reporting Badge No.
2018133718OT17706,MONMOUTH,OCEAN TWP,07/18/2018,WE,1840,01,OCEAN TWP PD (MONMOUTH),54,0,0,0,0,P,I,N,N,03,2,NJ 35,N,35,,00000035__,26.04,02,,01,04,02,01,01,01,01,01,,AT,,ALLAIRE AVE,,,,50,25,26,40.244180,74.037710,N,,37246
2018133718OT17760,MONMOUTH,OCEAN TWP,07/19/2018,TH,1012,01,OCEAN TWP PD (MONMOUTH),ZONE 51,0,0,0,0,P,B,N,N,01,2,COLT RD,E,,,,,07,,03,04,02,01,01,01,02,01,5,FE,W,NJ 35,,,,25,50,26,40.262020,74.043380,N,,37255
2018133718OT17793,MONMOUTH,OCEAN TWP,07/19/2018,TH,1529,01,OCEAN TWP PD (MONMOUTH),52,0,0,0,0,P,B,N,N,02,2,DEAL RD,W,,,13371368__,1.43,07,,01,04,02,01,01,01,05,01,80,FE,E,NJ 35,,,,40,50,26,40.251480,74.039190,N,,37227
2018133718OT17798,MONMOUTH,OCEAN TWP,07/19/2018,TH,1557,01,OCEAN TWP PD (MONMOUTH),53,0,0,0,0,P,B,N,N,01,2,MONMOUTH COUNTY 15,S,15,,13000015__,3.22,05,,01,04,02,01,01,01,05,01,30,FE,S,W PARK AVE,,,,35,35,26,40.270970,74.015870,N,,37227
2018133718OT17811,MONMOUTH,OCEAN TWP,07/19/2018,TH,1755,01,OCEAN TWP PD (MONMOUTH),51,0,0,0,0,P,B,N,N,02,2,WEST PARK AVE,W,,,,,07,,01,04,02,01,01,01,04,01,25,FE,E,COLT RD,,,,40,25,26,,,N,,37241
2018133718OT17877,MONMOUTH,OCEAN TWP,07/20/2018,FR,0842,01,OCEAN TWP PD (MONMOUTH),ZONE 52,0,0,0,0,P,B,N,N,08,2,WHALEPOND RD,N,,,13371369__,.72,07,,01,04,02,01,01,01,05,01,25,FE,,TRENTON AVE,,,,40,25,28,40.263880,74.024260,N,,37290
2018133718OT17925,MONMOUTH,OCEAN TWP,07/20/2018,FR,1319,01,OCEAN TWP PD (MONMOUTH),ZONE 54,0,0,0,0,P,B,N,N,01,2,DEAL RD,E,,,13371368__,1.43,07,,01,04,02,01,01,01,05,01,25,FE,W,NJ 35,,,,40,50,26,,,N,,37277
2018133718OT17932,MONMOUTH,OCEAN TWP,07/20/2018,FR,1414,01,OCEAN TWP PD (MONMOUTH),ZONE 54,0,0,0,0,P,I,N,N,02,2,NJ 66,W,66,,00000066__,3.25,02,,01,04,02,01,01,01,03,01,,AT,,S RING RD,,,,50,25,26,40.228550,74.047580,N,,37259
2018133718OT17947,MONMOUTH,OCEAN TWP,07/20/2018,FR,1544,01,OCEAN TWP PD (MONMOUTH),ZONE 52,0,0,0,0,P,B,N,N,01,2,WEST PARK AVE,W,,,13361373__,2.72,07,,01,04,02,01,01,01,05,01,8,FE,E,NJ 35,,,,35,50,26,40.263630,74.042420,N,,37223
2018133718OT17957,MONMOUTH,OCEAN TWP,07/20/2018,FR,1638,01,OCEAN TWP PD (MONMOUTH),ZONE 54,0,0,0,0,P,B,N,N,02,2,NJ 66,W,66,,00000066__,3.40,02,,01,04,02,01,01,01,02,01,20,FE,E,SO MALL DR,,,,50,,26,,,N,,37290
2018133718OT17960,MONMOUTH,OCEAN TWP,07/20/2018,FR,1703,01,OCEAN TWP PD (MONMOUTH),ZONE 54,0,0,0,0,P,B,N,N,03,2,MONMOUTH COUNTY 40,E,40,,13000040__,.00,05,,01,04,02,01,01,01,05,01,25,FE,W,NJ 35,,,,35,50,26,40.234680,74.037540,N,,37263
2018133718OT18046,MONMOUTH,OCEAN TWP,07/21/2018,SA,1748,01,OCEAN TWP PD (OCEAN),ZONE # 52,0,0,0,0,P,B,N,N,11,1,STEVENS RD,N,,,,,07,,01,04,02,02,01,02,05,01,50,FE,N,DWIGHT DR,,,,25,25,52,40.253000,74.020190,N,UTILITY POLE #JC539OT,37240
2018133718OT18092,MONMOUTH,OCEAN TWP,07/22/2018,SU,1651,01,OCEAN TWP PD (MONMOUTH),ZONE 51,0,0,0,0,P,B,N,N,01,2,COLT ROAD,E,,,,,07,,01,04,02,02,01,02,05,01,20,FE,W,NJ 35,,,,25,50,26,40.261740,74.041480,N,,37282
2018133718OT18097,MONMOUTH,OCEAN TWP,07/20/2018,FR,1828,01,OCEAN TWP PD (MONMOUTH),ZONE 53,0,0,0,0,P,B,N,N,06,2,DWIGHT DR,,,,,,07,,01,04,02,01,03,01,05,01,,,W,STEVEN RD,,,,25,25,28,40.253000,74.020190,N,,37298
2018133718OT18098,MONMOUTH,OCEAN TWP,07/22/2018,SU,1832,01,OCEAN TWP PD (MONMOUTH),ZONE 54,0,0,0,0,P,B,N,N,11,1,NJ 66,W,66,,00000066__,3.01,02,,03,06,02,02,01,02,01,01,75,FE,,,T,NJ 18,SB,50,,56,40.231380,74.049770,N,GOUGES ON NORTHERN CURB  DENT DAMAGE TO NORTHERN GUARDRAIL.,37282
2018133718OT18131,MONMOUTH,OCEAN TWP,07/23/2018,MO,0852,01,OCEAN TWP PD (MONMOUTH),ZONE 53,0,0,0,0,P,B,N,N,11,2,ROOSEVELT AVE,E,,,13371371__,.61,07,,01,04,02,02,01,05,05,01,100,FE,W,NORWOOD AVE,,,,35,35,69,40.259590,74.000070,N,TELEPHONE POLE BT 1809 OT; 256 NORWOOD AVE #256 (BENCH),37255
2018133718OT18142,MONMOUTH,OCEAN TWP,07/23/2018,MO,0940,01,OCEAN TWP PD (MONMOUTH),ZONE 55,0,0,0,0,P,B,N,N,11,1,DORIS AVE,W,,,,,07,,01,04,02,01,01,01,05,01,500,FE,W,LOGAN RD,,,,25,35,54,40.239140,74.033710,N,LIGHT POLE IN BETWEEN 1207 AND 1209 DORIS AVENUE,37280
2018133718OT18170,MONMOUTH,OCEAN TWP,07/23/2018,MO,1423,01,OCEAN TWP PD (MONMOUTH),52 ZONE,0,0,0,0,P,B,N,N,01,2,ALLAIRE AVE,E,,,,,07,,01,04,02,01,01,01,05,01,20,FE,W,LOGAN RD,,,,25,35,26,40.243050,74.032780,N,,37266
2018133718OT18193,MONMOUTH,OCEAN TWP,07/23/2018,MO,1614,01,OCEAN TWP PD (MONMOUTH),ZONE 51,0,2,0,0,I,B,N,N,01,3,WEST PARK AVE,E,,,13361373__,2.50,07,,01,04,02,01,01,01,05,01,50,FE,E,RALEIGH COURT EAST,,,,40,,26,40.261830,74.044920,N,,
2018133718OT18250,MONMOUTH,OCEAN TWP,07/24/2018,TU,0344,01,OCEAN TWP PD (MONMOUTH),ZONE 44,0,0,0,0,P,B,N,N,06,2,FRANKLIN AVE,W,,,,,07,,01,04,02,01,06,01,05,01,250,FE,W,LOGAN ROAD,,,,25,35,28,40.245190,74.035040,N,,37297
2018133718OT18274,MONMOUTH,OCEAN TWP,07/24/2018,TU,1104,01,OCEAN TWP PD (MONMOUTH),ZONE 54,0,0,0,0,P,I,N,N,02,2,NJ 66,W,66,,00000066__,3.25,02,,02,04,02,01,01,01,02,01,,AT,,MALL DR,,,,50,25,26,40.227290,74.043510,N,,37280
2018133718OT18290,MONMOUTH,OCEAN TWP,07/24/2018,TU,1249,01,OCEAN TWP PD (MONMOUTH),ZONE 52,0,0,0,0,P,B,N,N,03,2,DEAL RD,E,,,13371368__,.19,07,,01,04,02,01,01,01,05,01,200,FE,W,WENNING COURT,,,,40,25,26,40.254320,74.017310,N,,37273
2018133718OT18308,MONMOUTH,OCEAN TWP,07/24/2018,TU,1522,01,OCEAN TWP PD (MONMOUTH),52 ZONE,0,1,0,0,I,I,N,N,03,2,CAROL AVE,E,,,,,07,,01,04,02,01,01,01,05,01,,AT,,HOLBROOK ST,,,,25,25,26,40.263340,74.038090,N,,37266
2018133718OT18328,MONMOUTH,OCEAN TWP,07/24/2018,TU,1743,01,OCEAN TWP PD (MONMOUTH),52,0,0,0,0,P,I,N,N,07,2,WEST PARK AVE,E,,,13361373__,2.82,07,,01,04,02,01,01,01,05,01,,AT,,KLEIN ST,,,,40,25,26,,,N,LANDSCAPING AT 712 WEST PARK AVE.,37241
2018133718OT18352,MONMOUTH,OCEAN TWP,07/25/2018,WE,2140,01,OCEAN TWP PD (MONMOUTH),53,0,1,0,0,I,B,N,N,01,2,NJ 71,S,71,,00000071__,11.41,02,,01,04,02,01,07,01,02,01,50,FE,N,ROOSEVELT AVE,,,,35,35,26,40.266080,74.000940,N,,37291
2018133718OT18367,MONMOUTH,OCEAN TWP,07/25/2018,WE,0621,01,OCEAN TWP PD (MONMOUTH),ZONE 54,0,0,0,0,P,B,N,N,11,1,NJ 18,N,18,,00000018__,9.84,02,,01,04,02,02,02,02,03,01,20,FE,N,NJ 66 / ASBURY AVE,,,,65,50,46,40.230490,74.049710,N,GUARDRAIL (SCRAPES) OWNER: NJ DOT TRENTON  NJ,37279
2018133718OT18385,MONMOUTH,OCEAN TWP,07/25/2018,WE,1057,01,OCEAN TWP PD (MONMOUTH),ZONE 55,0,0,0,0,P,B,N,N,01,2,NJ 35,N,35,,00000035__,24.90,02,,02,04,02,01,01,01,02,01,,,,,,,,50,,26,,,N,,37277
2018133718OT18400,MONMOUTH,OCEAN TWP,07/25/2018,WE,1343,01,OCEAN TWP PD (MONMOUTH),ZONE 54,0,0,0,0,P,I,N,N,02,2,DEAL RD,W,,,13371368__,2.35,07,,01,05,02,02,01,05,05,01,,AT,,COLD INDIAN SPRINGS,,,,45,40,26,40.250050,74.056630,N,,37290
2018133718OT18428,MONMOUTH,OCEAN TWP,07/25/2018,WE,1744,01,OCEAN TWP PD (MONMOUTH),53,0,0,0,0,P,I,N,N,03,2,NJ 71,S,71,,00000071__,11.72,02,,01,04,02,02,01,02,05,01,,AT,,SOUTH LINCOLN AVE,,,,35,35,26,,,N,,37244
2018133718OT18510,MONMOUTH,OCEAN TWP,07/26/2018,TH,1352,01,OCEAN TWP PD (MONMOUTH),ZONE 53,0,0,0,0,P,B,N,N,06,2,NJ 71,S,71,,00000071__,11.41,02,,01,04,02,01,01,01,02,01,50,FE,N,ROOSEVELT AVE,,,,35,35,28,,,N,,37277
2018133718OT18553,MONMOUTH,OCEAN TWP,07/26/2018,TH,2104,01,OCEAN TWP PD (MONMOUTH),51,0,0,0,0,P,B,N,N,03,2,WEST PARK AVE,E,,,,,07,,01,04,02,01,06,01,05,01,50,FE,E,COLT ROAD,,,,40,25,26,40.250410,74.054210,N,,37289
2018133718OT18597,MONMOUTH,OCEAN TWP,07/27/2018,FR,0942,01,OCEAN TWP PD (MONMOUTH),ZONE 53,0,1,0,0,I,B,N,N,01,2,MONMOUTH COUNTY 15,N,15,,13000015__,3.23,05,,01,04,02,01,01,01,05,01,15,FE,S,W PARK AVE,,,,35,35,26,,,N,,37259
2018133718OT18635,MONMOUTH,OCEAN TWP,07/27/2018,FR,1450,01,OCEAN TWP PD (MONMOUTH),53 ZONE,0,0,0,0,P,I,N,N,03,2,NJ 71,S,71,,00000071__,11.64,02,,01,04,02,01,01,01,05,01,,AT,,BERGEN AVE / ELBERON AVE,,,,35,25,26,40.262820,74.000030,N,,37266
2018133718OT18709,MONMOUTH,OCEAN TWP,07/28/2018,SA,0901,01,OCEAN TWP PD (MONMOUTH),ZONE: 55,0,0,0,0,P,B,N,N,06,2,WICKAPECKO DR,S,,,13371419__,1.08,07,,01,04,02,01,01,01,05,01,500,FE,S,CR 40/SUNSET AVE,,,,35,35,28,40.230800,74.026090,N,,37278
2018133718OT18714,MONMOUTH,OCEAN TWP,07/28/2018,SA,0944,01,OCEAN TWP PD (MONMOUTH),ZONE 54,0,0,0,0,P,B,N,N,01,2,NJ 18,N,18,,00000018__,11.37,02,,03,04,02,01,01,01,03,01,10,FE,,,T,DEAL RD,EB,65,,26,40.250050,74.058320,N,,37259
2018133718OT18788,MONMOUTH,OCEAN TWP,07/29/2018,SU,0938,01,OCEAN TWP PD (MONMOUTH),ZONE: 54,0,2,0,0,I,B,N,N,01,2,NJ 35,S,35,,00000035__,26.13,02,,01,04,02,01,01,01,01,01,500,FE,N,ALLAIRE AVE,,,,50,25,26,40.244210,74.037880,N,,37278
2018133718OT18840,MONMOUTH,OCEAN TWP,07/29/2018,SU,2011,01,OCEAN TWP PD (MONMOUTH),53,0,1,0,0,I,B,N,N,08,2,MONMOUTH COUNTY 15,N,15,,13000015__,2.07,05,,01,04,02,01,03,01,05,01,100,FE,S,GRANT AVE,,,,35,30,26,40.255940,74.011440,N,,37291
2018133718OT18842,MONMOUTH,OCEAN TWP,07/29/2018,SU,2019,01,OCEAN TWP PD (MONMOUTH),ZONE 53,0,0,0,0,P,B,N,N,01,2,MONMOUTH COUNTY 15,S,15,,13000015__,3.23,05,,01,04,02,01,03,01,04,01,20,FE,N,W PARK AVE,,,,35,35,26,40.270970,74.015870,N,,37299
2018133718OT18892,MONMOUTH,OCEAN TWP,07/30/2018,MO,1016,01,OCEAN TWP PD (MONMOUTH),ZONE 55,0,0,0,0,P,I,N,N,03,2,MONMOUTH COUNTY 31,W,31,,13000031__,.62,05,,01,04,02,01,01,01,05,01,,AT,,STAFFA ST,,,,35,25,26,40.238230,74.011580,N,,37273
2018133718OT18906,MONMOUTH,OCEAN TWP,07/30/2018,MO,1306,01,OCEAN TWP PD (MONMOUTH),ZONE 51,0,1,0,0,I,B,N,N,01,2,NJ 35,S,35,,00000035__,26.77,02,,01,06,02,01,01,01,01,01,25,FE,S,WILLOW DR,,,,50,25,26,40.253860,74.040750,N,,37290
2018133718OT18927,MONMOUTH,OCEAN TWP,07/30/2018,MO,1645,01,OCEAN TWP PD (MONMOUTH),ZONE 51,0,0,0,0,P,B,N,N,01,2,COLT RD,E,,,,,07,,01,04,02,01,01,05,02,01,10,FE,W,NJ 35,,,,25,50,26,40.262820,74.041710,N,,37290
2018133718OT18931,MONMOUTH,OCEAN TWP,07/30/2018,MO,2228,01,OCEAN TWP PD (MONMOUTH),ZONE 55,0,0,0,0,P,B,N,N,02,2,NJ 35,N,35,,00000035__,24.80,02,,01,04,02,01,01,01,02,01,,,,,,,,50,,26,,,N,TIRE MARKS ON THE GRASS WHERE V1 SLID ONTO.,37298
2018133718OT18957,MONMOUTH,OCEAN TWP,07/30/2018,MO,2230,01,OCEAN TWP PD (MONMOUTH),53,0,1,0,1,I,B,N,N,14,1,PARK AVE,N,,,13371370__,.00,07,,01,05,02,01,06,01,05,01,10,FE,E,CR 15/MONMOUTH RD,,,,35,35,21,40.269540,74.015450,N,,37289
2018133718OT18979,MONMOUTH,OCEAN TWP,07/31/2018,TU,0905,01,OCEAN TWP PD (MONMOUTH),ZONE 51,0,0,0,0,P,I,N,N,11,1,WEST PARK AVE,W,,,13361373__,2.45,07,,01,04,02,01,01,01,05,01,,AT,,CINDY LA,,,,40,35,51,40.263220,74.046670,N,TRAFFIC LIGHT STANDARD AT THE NORTHEAST CORNER OF WEST PARK AVE AND CINDY LANE,37223
2018133718OT18996,MONMOUTH,OCEAN TWP,07/31/2018,TU,1236,01,OCEAN TWP PD (MONMOUTH),ZONE 52,0,0,0,0,P,I,N,N,07,2,NJ 35,N,35,,00000035__,26.58,02,,01,04,02,01,01,01,01,01,,AT,,DEAL RD,,,,50,40,26,40.251820,74.039410,N,,37273
2018133718OT19015,MONMOUTH,OCEAN TWP,07/31/2018,TU,1614,01,OCEAN TWP PD (MONMOUTH),ZONE 55,0,0,0,0,P,B,N,N,01,2,NJ 35,N,35,,00000035__,24.90,02,,02,04,02,01,01,01,02,01,,,,,,,,50,,26,40.226320,74.037530,N,,37279
2018133718OT19086,MONMOUTH,OCEAN TWP,08/01/2018,WE,0657,01,OCEAN TWP PD (MONMOUTH),ZONE 53,0,0,0,0,P,I,N,N,01,2,MONMOUTH COUNTY 15,N,15,,13000015__,2.34,05,,01,04,02,02,01,02,05,01,,AT,,REDMOND AVE,,,,35,25,26,40.258610,74.011410,N,,37280
2018133718OT19094,MONMOUTH,OCEAN TWP,08/01/2018,WE,0925,01,OCEAN TWP PD (MONMOUTH),ZONE 54,0,0,0,0,P,B,N,N,01,3,DEAL RD,E,,,13371368__,1.34,07,,01,04,02,01,01,05,04,01,500,FE,W,NJ 35,,,,40,50,26,40.249060,74.055580,N,,
2018133718OT19098,MONMOUTH,OCEAN TWP,08/01/2018,WE,1009,01,OCEAN TWP PD (MONMOUTH),ZONE: 54,0,0,0,0,P,B,N,N,02,2,NJ 35,S,35,,00000035__,25.93,02,,01,04,02,01,01,01,01,01,200,FE,N,LAWRENCE AVE,,,,50,25,26,40.241980,74.037440,N,,37278
2018133718OT19145,MONMOUTH,OCEAN TWP,08/01/2018,WE,1743,01,OCEAN TWP PD (MONMOUTH),54,0,0,0,0,P,B,N,N,01,2,DEAL RD,E,,,,,07,,01,04,02,01,01,01,04,03,50,FE,E,POPLAR RD.,,,,45,40,26,40.250520,74.049910,N,,37248
2018133718OT19204,MONMOUTH,OCEAN TWP,08/02/2018,TH,0852,01,OCEAN TWP PD (MONMOUTH),ZONE 55,0,1,0,0,I,I,N,N,03,3,LOGAN RD,N,,,13371367__,.59,07,,01,04,02,01,01,01,05,01,,AT,,ROSELD AVE,,,,35,25,26,40.242530,74.032540,N,,
2018133718OT19226,MONMOUTH,OCEAN TWP,08/02/2018,TH,1434,01,OCEAN TWP PD (MONMOUTH),ZONE 55,0,0,0,0,P,B,N,N,01,2,NJ 35,N,35,,00000035__,24.90,02,,01,04,02,01,01,05,02,01,,,,,,,,50,,26,,,N,,37255
2018133718OT19241,MONMOUTH,OCEAN TWP,08/02/2018,TH,1614,01,OCEAN TWP PD (MONMOUTH),ZONE: 52,0,0,0,0,P,B,N,N,01,2,DEAL RD,E,,,13371368__,.85,07,,01,04,02,01,01,01,05,01,250,FE,E,DONALD ROAD,,,,40,25,26,40.252510,74.027150,N,,37278
2018133718OT19242,MONMOUTH,OCEAN TWP,08/02/2018,TH,1612,01,OCEAN TWP PD (MONMOUTH),ZONE 51,0,0,0,0,P,B,N,N,03,2,WEST PARK AVE,W,,,13361373__,2.45,07,,01,04,02,01,01,01,05,01,300,FE,E,CINDY LANE,,,,40,35,26,40.264630,74.042040,N,,37255
2018133718OT19244,MONMOUTH,OCEAN TWP,08/02/2018,TH,1626,01,OCEAN TWP PD (MONMOUTH),ZONE 51,0,0,0,0,P,B,N,N,01,2,WEST PARK AVE,E,,,13361373__,2.72,07,,01,04,02,01,01,01,05,01,75,FE,W,NJ 35,,,,40,50,26,40.263710,74.043330,N,,37280
2018133718OT19306,MONMOUTH,OCEAN TWP,08/03/2018,FR,0856,01,OCEAN TWP PD (MONMOUTH),ZONE 53,0,1,0,0,I,I,N,N,14,1,LARCHWOOD AVE,W,,,,,07,,02,04,02,01,01,01,05,01,,AT,,S. LINCOLN AVE,,,,35,35,21,40.266160,74.008780,N,,37273
2018133718OT19337,MONMOUTH,OCEAN TWP,08/03/2018,FR,1529,01,OCEAN TWP PD (MONMOUTH),55,0,0,0,0,P,B,N,N,06,2,VINA AVE **,S,,,13371251__,.21,07,,01,04,02,00,00,00,05,01,75,FE,N,S WANAMASSA RD,,,,25,25,28,,,N,,37270
2018133718OT19344,MONMOUTH,OCEAN TWP,08/03/2018,FR,1636,01,OCEAN TWP PD (MONMOUTH),ZONE 52,0,0,0,0,P,B,N,N,11,1,WEST PARK AVE,W,,,13361373__,3.17,07,,01,04,02,01,01,01,05,01,10,FE,E,LESSER PKWY,,,,40,25,52,40.266140,74.031070,N,JCPL POLE #JC1490 OT,37281
2018133718OT19358,MONMOUTH,OCEAN TWP,08/03/2018,FR,2132,01,OCEAN TWP PD (MONMOUTH),ZONE 54,0,0,0,0,P,B,Y,N,01,2,MONMOUTH COUNTY 16,W,16,,13000016__,2.60,05,,01,04,02,02,03,01,05,01,25,FE,E,GREEN GROVE RD,,,,40,40,26,,,N,,37283
2018133718OT19380,MONMOUTH,OCEAN TWP,08/04/2018,SA,0826,01,OCEAN TWP PD (MONMOUTH),53,0,0,0,0,P,B,N,N,01,2,DEAL RD,E,,,13371368__,.56,07,,01,04,02,02,01,02,05,01,5,FE,W,WHALEPOND RD,,,,40,35,26,40.253510,74.019680,N,,37270
2018133718OT19475,MONMOUTH,OCEAN TWP,08/05/2018,SU,1348,01,OCEAN TWP PD (MONMOUTH),55,0,0,0,0,P,B,N,N,01,2,NJ 35,S,35,,00000035__,24.80,02,,02,04,02,01,01,01,02,01,,,,,,,,50,,26,40.226320,74.037750,N,,37248
2018133718OT19478,MONMOUTH,OCEAN TWP,08/05/2018,SU,1435,01,OCEAN TWP PD (MONMOUTH),ZONE 52,0,0,0,0,P,B,N,N,06,2,ORANGE ST **,S,,,,,07,,01,04,02,01,00,00,05,01,20,FE,S,LEMON COURT,,,,25,25,28,40.265740,74.027590,N,,37263
2018133718OT19496,MONMOUTH,OCEAN TWP,08/05/2018,SU,2002,01,OCEAN TWP PD (MONMOUTH),ZONE 55,0,0,0,0,P,B,N,N,02,2,NJ 35,N,35,,00000035__,24.90,02,,01,04,02,01,01,01,02,01,,,N,BERKELEY AVE,,,,50,25,26,40.226640,74.037880,N,,37298
2018133718OT19514,MONMOUTH,OCEAN TWP,08/06/2018,MO,0215,01,OCEAN TWP PD (MONMOUTH),ZONE 54,0,0,0,0,P,B,Y,N,11,1,NJ 35,S,35,,00000035__,25.25,02,,01,04,02,01,06,01,01,01,100,FE,N,EAST MALL DR,,,,50,,48,40.231430,74.039500,N,,37298
2018133718OT19524,MONMOUTH,OCEAN TWP,08/06/2018,MO,0854,01,OCEAN TWP PD (MONMOUTH),51,0,0,0,0,P,B,N,N,01,2,WEST PARK AVE,E,,,13361373__,2.23,07,,01,04,02,01,01,01,04,01,100,FE,W,COLT RD,,,,40,25,26,,,N,,37241
2018133718OT19551,MONMOUTH,OCEAN TWP,08/06/2018,MO,1409,01,OCEAN TWP PD (MONMOUTH),ZONE 54,0,0,0,0,P,B,N,N,01,2,BOWNE RD,N,,,13341420__,.92,07,,01,04,02,01,01,01,05,01,15,FE,S,COLD INDIAN SPRINGS RD,,,,40,40,26,40.241200,74.066840,N,,37259
2018133718OT19563,MONMOUTH,OCEAN TWP,08/03/2018,FR,1130,01,OCEAN TWP PD (MONMOUTH),53,0,0,0,0,P,B,N,N,08,2,67 LARCHWOOD AVENUE,,,,,,09,,01,04,02,01,01,01,05,01,,,,,,,,,,28,,,N,,37246
2018133718OT19565,MONMOUTH,OCEAN TWP,08/06/2018,MO,1605,01,OCEAN TWP PD (MONMOUTH),ZONE 55,0,0,0,0,P,I,N,N,03,2,WICKAPECKO DR,S,,,13371419__,1.22,07,,01,04,02,01,01,01,05,01,,AT,,APPLEBY DR / S WANAMASSA DR,,,,35,25,26,,,N,,37259
2018133718OT19629,MONMOUTH,OCEAN TWP,08/07/2018,TU,0915,01,OCEAN TWP PD (MONMOUTH),ZONE 51,0,0,0,0,P,I,N,N,03,2,WEST PARK AVE,E,,,13361373__,2.23,07,,01,04,02,01,01,01,04,01,,AT,,COLT ROAD,,,,40,25,26,40.264100,74.045180,N,,37280
2018133718OT19639,MONMOUTH,OCEAN TWP,08/07/2018,TU,1131,01,OCEAN TWP PD (MONMOUTH),54,0,0,0,0,P,B,N,N,02,2,DEAL RD,E,,,13371368__,1.40,07,,01,04,02,01,01,01,05,01,150,FE,W,NJ 35,,,,45,50,26,40.250370,74.039110,N,,37246
2018133718OT19644,MONMOUTH,OCEAN TWP,08/07/2018,TU,1222,01,OCEAN TWP PD (MONMOUTH),53,0,0,0,0,P,I,N,N,03,2,MONMOUTH COUNTY 15,N,15,,13000015__,2.09,05,,01,04,02,01,01,01,05,01,,AT,,GRANT AVE,,,,40,30,26,40.255180,74.011750,N,,37241
2018133718OT19657,MONMOUTH,OCEAN TWP,08/07/2018,TU,1514,01,OCEAN TWP PD (MONMOUTH),54,0,0,0,0,P,I,N,N,01,2,NJ 66,W,66,,00000066__,3.25,02,,01,04,02,01,01,01,02,01,,AT,,SOUTH MALL DRIVE,,,,50,,26,,,N,,37246
2018133718OT19784,MONMOUTH,OCEAN TWP,08/08/2018,WE,1712,01,OCEAN TWP PD (MONMOUTH),ZONE # 54,0,0,0,0,P,B,N,N,01,2,NJ 18,N,18,,00000018__,11.20,02,,03,06,02,01,01,01,03,01,20,FE,,,T,DEAL RD.,EB,65,,26,40.250050,74.058320,N,,37240
2018133718OT19845,MONMOUTH,OCEAN TWP,08/09/2018,TH,0946,01,OCEAN TWP PD (MONMOUTH),ZONE 52,0,1,0,0,I,I,N,N,01,2,WEST PARK AVE,W,,,13361373__,2.88,07,,01,04,02,01,01,01,05,01,,AT,,GARRITY PL,,,,40,25,26,40.265500,74.040690,Y,,37223
2018133718OT19878,MONMOUTH,OCEAN TWP,08/09/2018,TH,1522,01,OCEAN TWP PD (MONMOUTH),ZONE 54,0,0,0,0,P,B,N,N,02,2,NJ 66,W,66,,00000066__,2.51,02,,01,04,02,01,01,01,03,01,20,FE,E,CR 16 / ASBURY AVE / PARK RD,,,,50,45,26,40.230640,74.059920,N,,37263
2018133718OT19880,MONMOUTH,OCEAN TWP,08/09/2018,TH,1524,01,OCEAN TWP PD (MONMOUTH),ZONE 51,0,0,0,0,P,B,N,N,01,2,WEST PARK AVE,E,,,13361373__,3.25,07,,01,04,02,01,01,01,04,01,50,FE,E,COLT ROAD,,,,40,25,26,40.263630,74.042420,N,,37293
2018133718OT19950,MONMOUTH,OCEAN TWP,08/10/2018,FR,0359,01,OCEAN TWP PD (MONMOUTH),ZONE 52,0,0,0,0,P,B,N,N,12,1,WEST PARK AVE,E,,,13361373__,3.54,07,,01,04,02,01,06,01,05,01,300,FE,W,WHALEPOND RD,,,,40,35,24,40.271210,74.015430,N,,37296
2018133718OT19981,MONMOUTH,OCEAN TWP,08/10/2018,FR,1151,01,OCEAN TWP PD (MONMOUTH),ZONE 55,0,0,0,0,P,B,N,N,06,2,MONMOUTH COUNTY 31,W,31,,13000031__,.63,05,,01,04,02,01,01,01,05,01,75,FE,E,STAFFA ST,,,,35,25,28,40.238240,74.011580,N,,37259
2018133718OT20044,MONMOUTH,OCEAN TWP,08/10/2018,FR,1614,01,OCEAN TWP PD (MONMOUTH),ZONE 54,0,0,0,0,P,B,N,N,02,2,NJ 66,W,66,,00000066__,3.20,02,,01,05,02,01,01,01,03,01,400,FE,W,SOUTH MALL DRIVE,,,,50,25,26,40.228550,74.047580,N,,37278
2018133718OT20046,MONMOUTH,OCEAN TWP,08/10/2018,FR,1620,01,OCEAN TWP PD (MONMOUTH),ZONE 53,0,1,0,0,I,B,N,N,01,2,WEST PARK AVE,E,,,13361373__,4.03,07,,01,04,02,01,01,01,05,01,75,FE,W,WOODROW ST,,,,35,25,26,40.264630,74.042040,N,,37255
2018133718OT20110,MONMOUTH,OCEAN TWP,08/11/2018,SA,1206,01,OCEAN TWP PD (MONMOUTH),ZONE 55,0,1,0,0,I,B,N,N,01,2,MONMOUTH COUNTY 40,W,40,,13000040__,.21,05,,01,04,02,01,01,05,05,01,25,FE,E,TURNER AVE,,,,35,25,26,40.229270,74.018390,N,,37255