Year(4)-CountyCode(2)-MunicipalityCode(2)-CaseNumber(9),County Name,Municipality Name,Crash Date,Crash Day of Week,Crash Time,Police Department Code,Police Department,Police Station,Total Killed,Total Injured,Pedestrians Killed,Pedestrians Injured,Severity,Intersection,Alcohol Involved,Hazmat Involved,Crash Type,Total Vehicles,Location,Location Direction,Route,Route Suffix,Std Rte Identifier,MilePost,Road System,Road Character,Road Horizontal Alignment,Road Grade,Road Surface Type,Surface Condition,Light Condition,Environmental Condition,Road Divided By,Temporary Traffic Control Zone,Distance To Cross Street,Unit Of Measurement,Direction From Cross Street,Cross Street Name,Is Ramp,Ramp To/From Route Name,Ramp To/From Route Direction,Posted Speed,Posted Speed Cross Street,First Harmful Event,Latitude,Longitude,Cell Phone In Use Flag,Other Property Damage,Reporting Badge No.
2018133718OT22803,MONMOUTH,OCEAN TWP,09/09/2018,SU,0955,01,OCEAN TWP PD (MONMOUTH),54 ZONE,0,0,0,0,P,B,N,N,11,1,NJ 18,N,18,,00000018__,9.85,02,,03,06,02,02,01,02,02,01,,,,,F,NJ 66,WB,65,,56,40.229130,74.052780,N,4-5 SECTION OF GUARD RAIL,37266
2018133718OT22807,MONMOUTH,OCEAN TWP,09/09/2018,SU,1108,01,OCEAN TWP PD (MONMOUTH),ZONE 54,0,4,0,0,I,B,N,N,01,3,NJ 35,S,35,,00000035__,25.47,02,,01,04,02,02,01,02,01,01,125,FE,N,US 40 / SUNSET AVE,,,,50,35,26,40.265450,74.042550,N,,
2018133718OT22810,MONMOUTH,OCEAN TWP,09/09/2018,SU,1209,01,OCEAN TWP PD (MONMOUTH),54 ZONE,0,0,0,0,P,B,N,N,01,2,NJ 35,W,35,,00000035__,24.80,02,,02,04,02,02,01,02,02,01,,,,,,,,50,,26,40.226320,74.037750,N,,37266
2018133718OT22812,MONMOUTH,OCEAN TWP,09/09/2018,SU,1304,01,OCEAN TWP PD (MONMOUTH),ZONE 54,0,0,0,0,P,B,N,N,02,2,NJ 18,N,18,,00000018__,9.85,02,,01,04,02,02,01,02,03,01,5,FE,N,NJ 66 / ASBURY AVE,,,,65,50,26,40.229130,74.052780,N,,37255
2018133718OT22821,MONMOUTH,OCEAN TWP,09/09/2018,SU,1513,01,OCEAN TWP PD (MONMOUTH),55,0,1,0,0,I,I,N,N,03,2,MONMOUTH COUNTY 31,N,31,,13000031__,.00,05,,01,04,02,02,01,02,05,01,,AT,,WICKAPECKO DR,,,,35,40,26,40.240870,74.022760,N,,37227
2018133718OT22827,MONMOUTH,OCEAN TWP,09/09/2018,SU,1629,01,OCEAN TWP PD (MONMOUTH),54,0,0,0,0,P,B,N,N,11,1,NJ 18,S,18,,00000018__,10.00,02,,03,06,02,02,01,02,02,01,,,,,F,NJ 66,WB,65,,56,40.229130,74.052780,N,,37246
2018133718OT22828,MONMOUTH,OCEAN TWP,09/09/2018,SU,1744,01,OCEAN TWP PD (MONMOUTH),51,0,0,0,0,P,B,N,N,11,1,NJ 35,S,35,,00000035__,27.11,02,,01,04,02,02,01,02,01,01,100,FE,S,AUTH AVE,,,,,,62,40.259200,74.041530,N,FIRE HYDRANT IN FRONT OF 1712 SR 35,37246
2018133718OT22851,MONMOUTH,OCEAN TWP,09/10/2018,MO,0937,01,OCEAN TWP PD (MONMOUTH),ZONE 55,0,0,0,0,P,I,N,N,03,2,LAKEVIEW AVE **,E,,,13371237__,.16,07,,01,04,02,02,01,02,05,01,,AT,,COLONIAL AVE,,,,25,25,26,40.226890,74.032050,N,,37223
2018133718OT22852,MONMOUTH,OCEAN TWP,09/10/2018,MO,1004,01,OCEAN TWP PD (MONMOUTH),ZONE 54,0,0,0,0,P,B,N,N,01,2,COLD INDIAN SPRINGS RD,S,,,,,07,,01,04,02,02,01,02,05,01,10,FE,N,CR 16,,,,35,40,26,40.234050,74.075890,N,,37263
2018133718OT22871,MONMOUTH,OCEAN TWP,09/10/2018,MO,1415,01,OCEAN TWP PD (MONMOUTH),ZONE 55,0,0,0,0,P,B,N,N,15,1,ROSELD AVE,E,,,13371366__,1.01,07,,03,04,02,02,01,02,05,01,1200,FE,W,CR 15 / MONMOUTH RD,,,,25,35,39,,,N,HEDGES BELONGING TO DEAL GOLF AND COUNTRY CLUB,37277
2018133718OT22884,MONMOUTH,OCEAN TWP,09/10/2018,MO,1637,01,OCEAN TWP PD (MONMOUTH),ZONE 54,0,2,0,0,I,B,N,N,01,2,NJ 35,S,35,,00000035__,26.12,02,,01,04,02,02,01,02,01,01,100,FE,N,BLOOMFIELD AVE,,,,50,25,26,40.245000,74.038020,N,,37263
2018133718OT22890,MONMOUTH,OCEAN TWP,09/10/2018,MO,1749,01,OCEAN TWP PD (MONMOUTH),ZONE 54,0,0,0,0,P,B,N,N,03,2,SUNSET AVE,E,,,13371213__,.00,07,,01,04,02,02,01,02,05,01,20,FE,W,NJ 35,,,,35,50,26,40.235700,74.037980,N,,37223
2018133718OT22913,MONMOUTH,OCEAN TWP,09/11/2018,TU,0556,01,OCEAN TWP PD (MONMOUTH),53,0,0,0,0,P,B,N,N,09,2,PARK AVE,E,,,13371370__,.72,07,,01,04,02,02,02,04,05,01,5,FE,W,NJ 71 / NORWOOD AVE,,,,35,40,26,40.270600,74.002200,N,,37289
2018133718OT22916,MONMOUTH,OCEAN TWP,09/11/2018,TU,1321,01,OCEAN TWP PD (MONMOUTH),ZONE 54,0,0,0,0,P,B,N,N,11,1,NJ 18,S,18,,00000018__,10.00,02,,03,06,02,02,01,05,02,01,,,,,F,NJ  66,WB,65,,56,,,N,GUARD RAIL,37277
2018133718OT22958,MONMOUTH,OCEAN TWP,09/11/2018,TU,1506,01,OCEAN TWP PD (MONMOUTH),54,0,0,0,0,P,B,N,N,11,1,NJ 66,N,66,,00000066__,2.99,02,,02,04,02,02,01,02,05,01,,,,,T,NJ 18,WB,65,,56,40.228810,74.050280,N,MINOR DAMAGE TO GRASS/SHRUBS/TREES (STATE PROPERTY),37270
2018133718OT22994,MONMOUTH,OCEAN TWP,09/12/2018,WE,0658,01,OCEAN TWP PD (MONMOUTH),52,0,1,0,0,I,I,N,N,07,2,DEAL RD,E,,,13371368__,.56,07,,01,04,02,02,01,04,05,01,,AT,,WHALEPOND RD,,,,40,35,26,40.240940,74.028920,N,,37227
2018133718OT230018,MONMOUTH,OCEAN TWP,12/10/2018,MO,1312,01,OCEAN TWP PD (MONMOUTH),,0,0,0,0,P,I,N,N,03,2,MONMOUTH COUNTY 15,N,15,,13000015__,3.13,05,,01,04,02,01,01,01,05,01,,AT,,PARK AVE,,,,35,35,26,40.270050,74.015590,N,,37227
2018133718OT23048,MONMOUTH,OCEAN TWP,09/12/2018,WE,1856,01,OCEAN TWP PD (MONMOUTH),ZONE 51,0,1,0,0,I,I,N,N,01,2,DEAL RD,W,,,13371368__,1.98,07,,01,04,02,02,03,01,05,01,,AT,,POPLAR RD / ROLLER RD,,,,40,40,26,40.251330,74.053420,N,,37274
2018133718OT23102,MONMOUTH,OCEAN TWP,09/13/2018,TH,1503,01,OCEAN TWP PD (MONMOUTH),ZONE 52,0,1,0,0,I,B,N,N,01,2,DEAL RD,E,,,13371368__,1.19,07,,01,05,02,01,01,01,,01,75,FE,W,LOGAN ROAD,,,,40,35,26,40.252120,74.035070,N,,37280
2018133718OT23122,MONMOUTH,OCEAN TWP,09/13/2018,TH,1952,01,OCEAN TWP PD (MONMOUTH),53,0,1,0,0,I,I,N,N,03,2,LARCHWOOD AVE **,S,,,13531050__,1.22,07,,01,04,02,02,06,01,05,01,,AT,,PARK AVE,,,,35,35,26,40.269210,74.009140,N,,37289
2018133718OT23148,MONMOUTH,OCEAN TWP,09/14/2018,FR,0914,01,OCEAN TWP PD (MONMOUTH),51,0,1,0,0,I,B,N,N,11,1,COLD INDIAN SPRINGS RD,N,,,,,07,,01,04,02,02,01,05,05,01,50,FE,E,BOWNE RD,,,,35,40,56,40.241490,74.066500,N,TREE,37248
2018133718OT23179,MONMOUTH,OCEAN TWP,09/14/2018,FR,1638,01,OCEAN TWP PD (MONMOUTH),ZONE 52,0,0,0,0,P,I,N,N,01,2,WHALEPOND RD,S,,,13371369__,.48,07,,01,04,02,01,01,05,05,01,,AT,,FREEHOLD ST,,,,40,25,26,40.260490,74.023180,N,,37263
2018133718OT23186,MONMOUTH,OCEAN TWP,09/14/2018,FR,1836,01,OCEAN TWP PD (MONMOUTH),ZONE 55,0,0,0,0,P,B,N,N,01,2,ALLAIRE AVE **,E,,,13371330__,.27,07,,01,04,02,01,01,01,05,01,20,FE,W,LOGAN RD,,,,25,35,26,,,N,,37298
2018133718OT23214,MONMOUTH,OCEAN TWP,09/15/2018,SA,0151,01,OCEAN TWP PD (MONMOUTH),ZONE 54,0,0,0,0,P,B,N,N,02,2,NJ 35,S,35,,00000035__,24.90,02,,02,04,02,01,06,01,02,01,,,,NJ 66,,,,50,,26,40.226320,74.037750,N,,37286
2018133718OT23232,MONMOUTH,OCEAN TWP,09/15/2018,SA,1036,01,OCEAN TWP PD (MONMOUTH),ZONE 52,0,0,0,0,P,B,N,N,01,2,LOGAN RD,N,,,13371367__,1.13,07,,01,04,02,01,01,01,05,01,25,FE,S,JAMES DR,,,,35,25,26,40.248830,74.034950,N,,37263
2018133718OT23241,MONMOUTH,OCEAN TWP,09/15/2018,SA,1338,01,OCEAN TWP PD (MONMOUTH),51,0,0,0,0,P,B,N,N,02,2,WEST PARK AVE,W,,,13361373__,2.72,07,,01,04,02,01,01,01,05,01,25,FE,W,NJ 35,,,,40,50,26,40.260680,74.043890,N,,37270
2018133718OT23259,MONMOUTH,OCEAN TWP,09/15/2018,SA,1839,01,OCEAN TWP PD (MONMOUTH),ZONE 53,0,1,0,0,I,I,N,N,14,1,W LINCOLN DR **,E,,,13371065__,.40,07,,01,04,02,01,03,01,05,01,,AT,,ROSLYN DR,,,,35,25,21,40.264570,74.021410,N,,37298
2018133718OT23386,MONMOUTH,OCEAN TWP,09/17/2018,MO,1854,01,OCEAN TWP PD (MONMOUTH),51,0,0,0,0,P,B,N,N,01,2,WEST PARK AVE,W,,,13361373__,2.46,07,,01,04,02,01,03,01,05,01,50,FE,E,CINDY LN,,,,40,35,26,40.263220,74.046670,N,,37243
2018133718OT23397,MONMOUTH,OCEAN TWP,09/17/2018,MO,2134,01,OCEAN TWP PD (MONMOUTH),ZONE 42,0,0,0,0,P,B,N,N,15,1,PARK AVE,W,,,13371370__,.32,07,,01,04,02,01,05,05,05,01,100,FE,W,LARCHWOOD AVE,,,,35,35,39,40.268680,74.010280,N,,37299
2018133718OT23419,MONMOUTH,OCEAN TWP,09/18/2018,TU,0828,01,OCEAN TWP PD (MONMOUTH),53,0,0,0,0,P,I,N,N,11,1,MONMOUTH COUNTY 15,S,15,,13000015__,3.13,05,,01,04,02,02,01,02,05,01,,AT,,PARK AVE,,,,35,35,56,40.269540,74.015450,N,STREET SIGN POLE  MONMOUTH RD/PARK AVE,
2018133718OT23442,MONMOUTH,OCEAN TWP,09/18/2018,TU,1225,01,OCEAN TWP PD (MONMOUTH),51,0,1,0,0,I,B,N,N,01,2,NJ 35,S,35,,00000035__,26.60,02,,01,06,02,01,01,01,01,01,200,FE,S,WILLOW DR,,,,50,35,26,40.253860,74.040750,N,,37227
2018133718OT23472,MONMOUTH,OCEAN TWP,09/18/2018,TU,1933,01,OCEAN TWP PD (MONMOUTH),51,0,0,0,0,P,B,N,N,12,1,CINDY LN **,E,,,13371188__,.00,07,,01,04,02,02,06,01,05,01,500,FE,W,KINGS HWY,,,,35,35,24,40.265900,74.044660,N,,37293
2018133718OT23541,MONMOUTH,OCEAN TWP,09/19/2018,WE,1608,01,OCEAN TWP PD (MONMOUTH),ZONE 54,0,1,0,0,I,B,N,N,01,2,NJ 66,W,66,,00000066__,3.25,02,,03,04,02,01,01,01,02,01,10,FE,,SOUTH MALL DR,,,,50,,26,40.228550,74.047580,N,,37223
2018133718OT23543,MONMOUTH,OCEAN TWP,09/19/2018,WE,1614,01,OCEAN TWP PD (MONMOUTH),ZONE # 51,0,0,0,0,P,B,N,N,02,2,WEST PARK AVE,E,,,13361373__,2.14,07,,01,04,02,01,01,01,05,01,50,FE,W,LYNN DR / POPLAR RD,,,,40,40,26,40.256120,74.047590,N,,37240
2018133718OT23581,MONMOUTH,OCEAN TWP,09/20/2018,TH,0637,01,OCEAN TWP PD (MONMOUTH),54,0,0,0,0,P,I,N,N,07,2,MONMOUTH COUNTY 16,E,16,,13000016__,3.52,05,,01,04,02,01,02,05,05,01,,AT,,BOWNE RD,,,,45,40,26,40.229520,74.054720,N,,
2018133718OT23626,MONMOUTH,OCEAN TWP,09/20/2018,TH,1538,01,OCEAN TWP PD (MONMOUTH),54,0,0,0,0,P,B,N,N,01,2,NJ 35,N,35,,00000035__,26.04,02,,01,04,02,01,01,01,01,01,15,FE,S,ALLAIRE AVE,,,,50,25,26,40.244220,74.037880,N,,37248
2018133718OT23636,MONMOUTH,OCEAN TWP,09/20/2018,TH,1843,01,OCEAN TWP PD (MONMOUTH),ZONE 51,0,0,0,0,P,I,N,N,03,2,WEST PARK AVE,W,,,13361373__,2.55,07,,01,04,02,01,01,01,04,01,,AT,,,,,,40,,26,,,N,,37263
2018133718OT23639,MONMOUTH,OCEAN TWP,09/20/2018,TH,1854,01,OCEAN TWP PD (MONMOUTH),ZONE 54,0,0,0,0,P,B,N,N,02,2,NJ 35,S,35,,00000035__,24.90,02,,02,06,02,01,01,01,02,01,,,,,,,,50,,26,40.225800,74.038820,N,,
2018133718OT23672,MONMOUTH,OCEAN TWP,09/21/2018,FR,0809,01,OCEAN TWP PD (MONMOUTH),51,0,0,0,0,P,B,N,N,03,2,DEAL RD,E,,,13371368__,1.71,07,,01,04,02,01,01,01,05,01,500,FE,E,RUSTIC DR,,,,45,,26,40.251930,74.041240,N,,37227
2018133718OT23691,MONMOUTH,OCEAN TWP,09/21/2018,FR,1205,01,OCEAN TWP PD (MONMOUTH),ZONE 54,0,0,0,0,P,I,N,N,01,2,NJ 66,W,66,,00000066__,3.25,02,,01,04,02,01,01,01,05,01,,AT,,SOUTH MALL DR,,,,50,,26,40.229000,74.041680,N,TORO LAWNMOWER MODEL #74416 IN REAR OF V1 TRAILER  TRAILER REAR GATE,37282
2018133718OT23696,MONMOUTH,OCEAN TWP,09/21/2018,FR,1251,01,OCEAN TWP PD (MONMOUTH),51 ZONE,0,0,0,0,P,B,N,N,01,2,NJ 35,S,35,,00000035__,27.72,02,,01,04,02,01,01,01,01,02,1320,FE,N,WEST PARK AVE,,,,50,40,26,40.264620,74.042060,N,,37266
2018133718OT23702,MONMOUTH,OCEAN TWP,09/21/2018,FR,1346,01,OCEAN TWP PD (MONMOUTH),51,0,0,0,0,P,I,N,N,03,2,WEST PARK AVE,E,,,13361373__,2.42,07,,01,04,02,01,01,01,05,01,,AT,,RALEIGH CT W,,,,40,,26,40.263230,74.046670,N,,37227
2018133718OT23715,MONMOUTH,OCEAN TWP,09/21/2018,FR,1547,01,OCEAN TWP PD (MONMOUTH),ZONE 54,0,0,0,0,P,B,N,N,01,2,NJ 35,N,35,,00000035__,24.90,02,,02,06,02,01,01,01,02,01,,,,NJ 66,,,,50,,26,40.226320,74.037530,N,,37255
2018133718OT23795,MONMOUTH,OCEAN TWP,09/22/2018,SA,2009,01,OCEAN TWP PD (MONMOUTH),ZONE 54,0,0,0,0,P,B,N,N,11,1,MIDDLEBROOK DRIVE,S,,,,,07,,01,04,02,01,00,01,05,01,100,FE,N,OVERHILL RD,,,,25,25,61,40.242400,74.051720,N,MAILBOX AT 35 MIDDLEBROOK DRIVE DAMAGED,37282
2018133718OT23839,MONMOUTH,OCEAN TWP,09/23/2018,SU,1207,01,OCEAN TWP PD (MONMOUTH),54,0,0,0,0,P,B,N,N,11,1,NJ 18,S,18,,00000018__,9.86,02,,03,04,02,02,01,01,03,01,50,FE,N,NJ 66 / ASBURY AVE,,,,65,50,46,40.228810,74.050280,N,GUARDRAIL FACE DAMAGED IN TWO PLACES.,37266
2018133718OT23879,MONMOUTH,OCEAN TWP,09/24/2018,MO,0740,01,OCEAN TWP PD (MONMOUTH),54,0,1,0,0,I,B,N,N,11,1,DEAL RD,N,,,13371368__,2.28,07,,03,07,02,02,01,05,03,01,5,FE,,,F,NJ 18,EB,65,,56,40.253340,74.016180,N,,37248
2018133718OT23885,MONMOUTH,OCEAN TWP,09/24/2018,MO,0843,01,OCEAN TWP PD (MONMOUTH),ZONE 55,0,0,0,0,P,B,N,N,02,2,NJ 35,N,35,,00000035__,24.80,02,,01,04,02,01,01,01,02,01,100,FE,S,BINGHAM AVE,,,,50,25,26,40.226140,74.037380,N,,37273
2018133718OT23894,MONMOUTH,OCEAN TWP,09/24/2018,MO,1016,01,OCEAN TWP PD (MONMOUTH),ZONE 55,0,0,0,0,P,B,N,N,08,2,MONMOUTH COUNTY 40,W,40,,13000040__,.00,05,,01,04,02,01,01,01,05,01,8,FE,E,NJ 35,,,,35,50,26,40.235660,74.037820,N,,37223
2018133718OT23910,MONMOUTH,OCEAN TWP,09/24/2018,MO,1259,01,OCEAN TWP PD (MONMOUTH),ZONE 54,0,0,0,0,P,B,N,N,02,2,NJ 35,S,35,,00000035__,26.04,02,,01,04,02,01,01,01,01,01,10,FE,N,ALLAIRE AVE,,,,50,25,26,40.244220,74.037880,N,,37290
2018133718OT23920,MONMOUTH,OCEAN TWP,09/24/2018,MO,1431,01,OCEAN TWP PD (MONMOUTH),ZONE 54,0,0,0,0,P,B,N,N,01,2,NJ 66,W,66,,00000066__,2.51,02,,02,04,02,01,01,01,02,01,25,FE,E,CR 16 / ASBURY AVE / PARK RD,,,,50,45,26,40.229520,74.054720,N,,37281
2018133718OT23923,MONMOUTH,OCEAN TWP,09/24/2018,MO,1501,01,OCEAN TWP PD (MONMOUTH),54,0,0,0,0,P,B,N,N,01,2,MONMOUTH COUNTY 16,W,16,,13000016__,3.53,05,,01,04,02,01,01,01,05,01,50,FE,E,BOWNE RD,,,,45,40,26,40.224930,74.077410,N,,37248
2018133718OT23931,MONMOUTH,OCEAN TWP,09/24/2018,MO,1834,01,OCEAN TWP PD (MONMOUTH),ZONE 51,0,0,0,0,P,B,N,N,01,2,KINGS HWY **,S,,,13371299__,.00,07,,03,04,02,01,03,01,02,01,20,FE,N,WEST PARK AVE,,,,35,40,26,40.264190,74.043430,N,,37298
2018133718OT23998,MONMOUTH,OCEAN TWP,09/25/2018,TU,0945,01,OCEAN TWP PD (MONMOUTH),55,0,1,0,0,I,B,N,N,11,1,SUNSET AVE,W,,,13031365__,1.15,07,,02,04,02,01,01,05,05,01,5,FE,E,S WANAMASSA DR / WANAMASSA POINT RD,,,,35,25,56,40.229790,74.019050,N,TELEPHONE POLE #VZ40723OT AND A PEDESTRIAN CROSSING SIGN,37248
2018133718OT24043,MONMOUTH,OCEAN TWP,09/25/2018,TU,1939,01,OCEAN TWP PD (MONMOUTH),ZONE 54,0,0,0,0,P,B,N,N,01,2,GREEN GROVE RD,N,,,13341417__,2.64,07,,01,04,02,02,05,02,05,01,15,FE,S,JULIA CT,,,,40,25,26,40.243260,74.076010,N,,37286
2018133718OT24126,MONMOUTH,OCEAN TWP,09/26/2018,WE,1523,01,OCEAN TWP PD (MONMOUTH),ZONE 54,0,0,0,0,P,B,N,N,01,2,NJ 35,S,35,,00000035__,26.13,02,,01,04,02,01,01,01,01,01,500,FE,N,ALLAIRE AVE,,,,50,35,26,40.265450,74.042550,N,,37255
2018133718OT24146,MONMOUTH,OCEAN TWP,09/26/2018,WE,1725,01,OCEAN TWP PD (MONMOUTH),ZONE 52,0,1,0,0,I,B,N,N,02,2,NJ 35,N,35,,00000035__,27.72,02,,01,04,02,01,01,01,01,01,1320,FE,N,WEST PARK AVE,,,,50,40,26,40.272940,74.042650,N,,
2018133718OT24217,MONMOUTH,OCEAN TWP,09/27/2018,TH,1402,01,OCEAN TWP PD (MONMOUTH),53 ZONE,0,0,0,0,P,B,N,N,01,2,MONMOUTH COUNTY 15,S,15,,13000015__,2.48,05,,01,04,02,01,01,01,05,01,10,FE,N,ROOSEVELT AVE,,,,35,35,26,40.260700,74.011830,N,,37266
2018133718OT24220,MONMOUTH,OCEAN TWP,09/27/2018,TH,1437,01,OCEAN TWP PD (MONMOUTH),ZONE 52,0,0,0,0,P,B,N,N,06,2,WEST PARK AVENUE,,,,,,08,,01,04,02,01,01,01,05,01,,,,,,,,,,28,40.266140,74.031070,N,,37280
2018133718OT24288,MONMOUTH,OCEAN TWP,09/28/2018,FR,1116,01,OCEAN TWP PD (MONMOUTH),18OT24288,0,0,0,0,P,B,N,N,01,2,NJ 66,W,66,,00000066__,2.54,02,,01,04,02,02,01,02,03,01,10,FE,E,FREEHOLD RD,,,,50,25,26,40.230240,74.060580,N,,37281
2018133718OT24299,MONMOUTH,OCEAN TWP,09/28/2018,FR,1302,01,OCEAN TWP PD (MONMOUTH),ZONE 54,0,0,0,0,P,B,N,N,01,2,NJ 35,N,35,,00000035__,24.90,02,,01,04,02,02,01,02,02,01,,,,,,,,50,,26,40.227480,74.038140,N,,37281
2018133718OT24335,MONMOUTH,OCEAN TWP,09/28/2018,FR,2257,01,OCEAN TWP PD (MONMOUTH),ZONE 52,0,0,0,0,P,B,N,N,01,2,DEAL RD,W,,,13371368__,.85,07,,01,04,02,01,06,01,05,01,20,FE,W,DONALD RD,,,,40,25,26,,,N,,37298
2018133718OT24365,MONMOUTH,OCEAN TWP,09/29/2018,SA,1042,01,OCEAN TWP PD (MONMOUTH),ZONE 54,0,0,0,0,P,B,N,N,08,2,3410 SUNSET AVE,,,,,,09,,01,04,02,01,01,01,05,01,,,,,,,,,,28,40.235480,74.040570,N,,37279
2018133718OT24375,MONMOUTH,OCEAN TWP,09/29/2018,SA,1258,01,OCEAN TWP PD (MONMOUTH),ZONE 54,0,0,0,0,P,B,N,N,06,2,1 N MALL DR; JASONS WAREH,,,,,,09,,01,04,02,01,01,01,05,01,,,,,,,,,,28,40.234170,74.041200,N,,37279
2018133718OT24379,MONMOUTH,OCEAN TWP,09/29/2018,SA,1408,01,OCEAN TWP PD (MONMOUTH),54,0,0,0,0,P,B,N,N,01,2,NJ 35,N,35,,00000035__,24.90,02,,03,07,02,01,01,01,02,01,,,,,,,,50,,26,,,N,,37244
2018133718OT24394,MONMOUTH,OCEAN TWP,09/29/2018,SA,1757,01,OCEAN TWP PD (MONMOUTH),ZONE 53,0,0,0,0,P,I,N,N,11,1,MONMOUTH COUNTY 15,N,15,,13000015__,2.34,05,,01,04,02,01,01,01,05,01,,AT,,REDMOND AVE,,,,35,25,62,40.258610,74.011410,N,FIRE HYDRANT #26 LOCATED ON THE NORTHWEST CORNER OF MONMOUTH RD. AND REDMOND AVE,
2018133718OT24418,MONMOUTH,OCEAN TWP,09/30/2018,SU,0012,01,OCEAN TWP PD (MONMOUTH),ZONE 3,0,0,0,0,P,I,N,N,02,2,NJ 66,W,66,,00000066__,3.25,02,,01,04,02,01,06,01,03,01,,AT,,SOUTH MALL DR,,,,50,,26,40.228560,74.049510,N,,37285
2018133718OT24557,MONMOUTH,OCEAN TWP,10/01/2018,MO,1632,01,OCEAN TWP PD (MONMOUTH),ZONE 54,0,0,0,0,P,I,N,N,07,2,BOWNE RD,S,,,13341420__,1.48,07,,01,04,02,01,01,01,05,01,,AT,,DEAL RD,,,,40,45,26,40.251190,74.068920,N,,
2018133718OT24595,MONMOUTH,OCEAN TWP,10/02/2018,TU,0849,01,OCEAN TWP PD (MONMOUTH),ZONE 55,0,0,0,0,P,B,N,N,01,2,FAIRMONT AVE **,W,,,13371210__,.20,07,,01,06,02,01,01,01,02,01,25,FE,E,NJ 35,,,,25,50,26,40.236230,74.037720,N,,37273
2018133718OT24627,MONMOUTH,OCEAN TWP,10/02/2018,TU,1415,01,OCEAN TWP PD (MONMOUTH),54,0,0,0,0,P,B,N,N,01,2,ALLAIRE AVE **,W,,,13371330__,.00,07,,01,04,02,01,01,01,05,01,10,FE,E,EAGLE AVE,,,,25,25,26,,,N,,37241
2018133718OT24644,MONMOUTH,OCEAN TWP,10/02/2018,TU,1938,01,OCEAN TWP PD (MONMOUTH),1337,0,0,0,0,P,I,N,N,03,2,MONMOUTH COUNTY 15,N,15,,13000015__,2.48,05,,01,04,02,01,06,01,05,01,,AT,,ROOSEVELT AVE,,,,35,35,26,40.260460,74.009110,N,,37291
2018133718OT24710,MONMOUTH,OCEAN TWP,10/03/2018,WE,1356,01,OCEAN TWP PD (MONMOUTH),52,0,0,0,0,P,B,N,N,03,2,NJ 35,N,35,,00000035__,27.45,02,,01,04,02,01,01,01,01,01,100,FE,S,WEST PARK AVE,,,,50,35,26,40.264270,74.040730,N,,37270
2018133718OT24714,MONMOUTH,OCEAN TWP,10/03/2018,WE,1416,01,OCEAN TWP PD (MONMOUTH),ZONE 52,0,0,0,0,P,B,N,N,08,2,WHALEPOND RD,S,,,13371369__,.71,07,,01,04,02,01,01,01,,,50,FE,S,TRENTON AVE,,,,35,25,26,40.263640,74.024430,N,,37273
2018133718OT24717,MONMOUTH,OCEAN TWP,10/03/2018,WE,1556,01,OCEAN TWP PD (MONMOUTH),ZONE 54,0,1,0,0,I,B,N,N,12,1,NJ 35,S,35,,00000035__,25.43,02,,01,04,02,01,01,01,01,01,100,FE,S,US 40 / SUNSET AVE,,,,50,35,24,,,N,,37298
2018133718OT24766,MONMOUTH,OCEAN TWP,10/04/2018,TH,0644,01,OCEAN TWP PD (MONMOUTH),ZONE 51,0,0,0,0,P,I,N,N,03,2,POPLAR RD,N,,,13371194__,.39,07,,01,04,02,01,,01,,,,AT,,WILLOW DR,,,,40,25,26,40.255920,74.051520,N,,37273
2018133718OT24769,MONMOUTH,OCEAN TWP,10/04/2018,TH,0752,01,OCEAN TWP PD (MONMOUTH),ZONE 53,0,0,0,0,P,I,N,N,03,2,MONMOUTH COUNTY 15,S,15,,13000015__,3.13,05,,01,04,02,01,01,01,05,01,,AT,,PARK AVE,,,,35,35,26,40.268710,74.015230,N,,37263
2018133718OT24772,MONMOUTH,OCEAN TWP,10/04/2018,TH,0809,01,OCEAN TWP PD (MONMOUTH),53,0,1,0,0,I,B,N,N,01,2,MONMOUTH COUNTY 15,N,15,,13000015__,3.13,05,,01,04,02,01,01,01,05,01,5,FE,N,PARK AVE,,,,35,35,26,40.270060,74.015600,N,,37244
2018133718OT24936,MONMOUTH,OCEAN TWP,10/06/2018,SA,0544,01,OCEAN TWP PD (MONMOUTH),53,0,0,0,0,P,I,N,N,11,1,MONMOUTH COUNTY 15,N,15,,13000015__,1.95,05,,01,04,02,01,06,01,05,01,,AT,,DEAL RD,,,,40,40,60,40.253670,74.013470,N,V1 STRUCK A TREE,37285
2018133718OT24946,MONMOUTH,OCEAN TWP,10/06/2018,SA,1017,01,OCEAN TWP PD (MONMOUTH),ZONE 54,0,1,0,0,I,B,N,N,01,2,NJ 18,N,18,,00000018__,11.20,02,,03,06,02,02,01,02,03,01,15,FE,,,T,DEAL ROAD,EB,50,,26,40.247850,74.055050,N,,37280
2018133718OT25084,MONMOUTH,OCEAN TWP,10/08/2018,MO,1458,01,OCEAN TWP PD (MONMOUTH),ZONE 54,0,0,0,0,P,B,N,N,11,1,COLD INDIAN SPRING RD,S,,,,,07,,02,05,02,02,01,02,05,01,350,FE,S,DEAL RD,,,,35,45,56,40.248380,74.056760,N,JCP&L POLE #JC20920  GRASS AT 25 COLD INDIAN SPRINGS RD.,37290
2018133718OT25085,MONMOUTH,OCEAN TWP,10/08/2018,MO,1517,01,OCEAN TWP PD (MONMOUTH),ZONE #51,0,1,0,0,I,B,N,N,01,2,NJ 35,S,35,,00000035__,27.48,02,,01,04,02,02,01,02,01,01,30,FE,N,WEST PARK AVE,,,,50,40,26,40.263630,74.042420,N,,37240