Year(4)-CountyCode(2)-MunicipalityCode(2)-CaseNumber(9),County Name,Municipality Name,Crash Date,Crash Day of Week,Crash Time,Police Department Code,Police Department,Police Station,Total Killed,Total Injured,Pedestrians Killed,Pedestrians Injured,Severity,Intersection,Alcohol Involved,Hazmat Involved,Crash Type,Total Vehicles,Location,Location Direction,Route,Route Suffix,Std Rte Identifier,MilePost,Road System,Road Character,Road Horizontal Alignment,Road Grade,Road Surface Type,Surface Condition,Light Condition,Environmental Condition,Road Divided By,Temporary Traffic Control Zone,Distance To Cross Street,Unit Of Measurement,Direction From Cross Street,Cross Street Name,Is Ramp,Ramp To/From Route Name,Ramp To/From Route Direction,Posted Speed,Posted Speed Cross Street,First Harmful Event,Latitude,Longitude,Cell Phone In Use Flag,Other Property Damage,Reporting Badge No.
2018133718OT25097,MONMOUTH,OCEAN TWP,10/08/2018,MO,1712,01,OCEAN TWP PD (MONMOUTH),ZONE # 53,0,0,0,0,P,B,N,N,06,2,NJ 71,S,71,,00000071__,11.42,02,,01,04,02,01,01,01,02,01,100,FE,N,ROOSEVELT AVE,,,,35,35,28,,,N,,
2018133718OT25134,MONMOUTH,OCEAN TWP,10/09/2018,TU,0728,01,OCEAN TWP PD (MONMOUTH),ZONE 54,0,0,0,0,P,B,N,N,02,2,NJ 66,W,66,,00000066__,2.53,02,,01,04,02,01,01,01,02,01,100,FE,E,CR 16 / ASBURY AVE / PARK RD,,,,50,45,26,40.229510,74.054720,N,,37290
2018133718OT25137,MONMOUTH,OCEAN TWP,10/09/2018,TU,0835,01,OCEAN TWP PD (MONMOUTH),ZONE 54,0,0,0,0,P,B,N,N,01,2,NJ 18,N,18,,00000018__,11.20,02,,03,04,02,01,01,01,03,01,8,FE,,,T,DEAL RD,EB,65,,26,40.251480,74.039190,N,,37223
2018133718OT25185,MONMOUTH,OCEAN TWP,10/09/2018,TU,1837,01,OCEAN TWP PD (MONMOUTH),ZONE 51,0,0,0,0,P,I,N,N,03,2,COTSWALD CIR **,W,,,13371384__,.00,07,,01,04,02,01,06,01,05,01,,AT,,WEST PARK RD,,,,40,,26,40.262000,74.050420,N,,37298
2018133718OT25282,MONMOUTH,OCEAN TWP,10/10/2018,WE,1654,01,OCEAN TWP PD (MONMOUTH),ZONE 54,0,0,0,0,P,B,N,N,01,2,NJ 35,S,35,,00000035__,26.08,02,,01,04,02,01,01,01,01,01,200,FE,N,ALLAIRE AVE,,,,50,25,26,40.243050,74.032780,N,,
2018133718OT25284,MONMOUTH,OCEAN TWP,10/10/2018,WE,1701,01,OCEAN TWP PD (MONMOUTH),54,0,0,0,0,P,B,N,N,01,2,MONMOUTH COUNTY 16,W,16,,13000016__,3.54,05,,01,04,02,01,01,01,02,01,100,FE,E,BOWNE RD,,,,45,40,26,40.230890,74.061110,N,,37246
2018133718OT25406,MONMOUTH,OCEAN TWP,10/11/2018,TH,2005,01,OCEAN TWP PD (MONMOUTH),51,0,0,0,0,P,B,N,N,15,1,NJ 18,S,18,,00000018__,12.16,02,,01,04,02,02,06,02,03,01,500,FE,N,WEST PARK AVE,,,,65,45,39,40.229120,74.052780,N,,37297
2018133718OT25417,MONMOUTH,OCEAN TWP,10/11/2018,TH,2203,01,OCEAN TWP PD (MONMOUTH),ZONE 54,0,0,0,0,P,B,N,N,11,1,NJ 18,N,18,,00000018__,11.37,02,,03,04,02,02,07,02,03,01,5,FE,,,T,DEAL ROAD,EB,65,,56,40.247850,74.055050,N,DO NOT SIGN LOCATED AT THE TOP OF THE RAMP  FROM ROUTE 18,37274
2018133718OT25473,MONMOUTH,OCEAN TWP,10/12/2018,FR,1354,01,OCEAN TWP PD (MONMOUTH),ZONE 54,0,0,0,0,P,B,N,N,01,2,NJ 18,N,18,,00000018__,11.37,02,,01,04,02,01,01,01,05,01,15,FE,,,T,DEAL RD,EB,65,,26,40.247850,74.055050,N,,37290
2018133718OT25498,MONMOUTH,OCEAN TWP,10/12/2018,FR,2016,01,OCEAN TWP PD (MONMOUTH),ZONE 51,0,0,0,0,P,I,N,N,07,2,POPLAR RD,E,,,13371194__,.00,07,,01,04,02,01,06,01,05,01,,AT,,WEST PARK AVE,,,,40,40,26,40.261500,74.052060,N,,37298
2018133718OT25502,MONMOUTH,OCEAN TWP,10/12/2018,FR,2130,01,OCEAN TWP PD (MONMOUTH),ZONE 52,0,0,0,0,P,B,N,N,08,2,550 W PARK AVE,,,,,,08,,01,04,02,01,06,01,05,01,,,,,,,,,,28,40.266140,74.031070,N,,37257
2018133718OT25525,MONMOUTH,OCEAN TWP,10/13/2018,SA,1228,01,OCEAN TWP PD (MONMOUTH),ZONE 51,0,2,0,0,I,I,N,N,03,2,COLT RD,E,,,,,05,,01,04,02,01,01,01,05,01,,AT,,WEST PARK AVE,,,,40,25,26,40.264030,74.045380,N,,37223
2018133718OT25567,MONMOUTH,OCEAN TWP,10/14/2018,SU,0534,01,OCEAN TWP PD (MONMOUTH),ZONE 51,0,0,0,0,P,B,N,N,11,1,POPLAR RD,N,,,13371194__,.29,07,,01,04,02,01,06,01,05,01,25,FE,N,CHRISTY LN,,,,40,25,56,40.257310,74.051870,N,,37292
2018133718OT25596,MONMOUTH,OCEAN TWP,10/14/2018,SU,1842,01,OCEAN TWP PD (MONMOUTH),ZONE 53,0,0,0,0,P,B,N,N,12,1,MONMOUTH COUNTY 15,N,15,,13000015__,1.87,05,,01,04,02,01,06,01,05,01,40,FE,S,PARKER AVE,,,,40,25,24,40.270970,74.015870,N,,37298
2018133718OT25636,MONMOUTH,OCEAN TWP,10/15/2018,MO,1016,01,OCEAN TWP PD (MONMOUTH),ZONE 54,0,0,0,0,P,I,N,N,01,3,NJ 35,S,35,,00000035__,25.45,02,,01,04,02,02,01,02,01,01,,AT,,US 40 / SUNSET AVE,,,,50,35,26,,,N,,37277
2018133718OT25643,MONMOUTH,OCEAN TWP,10/15/2018,MO,1301,01,OCEAN TWP PD (MONMOUTH),ZONE 51,0,0,0,0,P,B,N,N,01,2,NJ 35,N,35,,00000035__,25.05,02,,01,04,02,01,01,01,01,01,1320,FE,N,INDUSTRIAL WAY,,,,50,40,26,40.227160,74.038890,N,,37273
2018133718OT25713,MONMOUTH,OCEAN TWP,10/16/2018,TU,0600,01,OCEAN TWP PD (MONMOUTH),51 ZONE,0,0,0,0,P,B,N,N,11,1,NJ 18,S,18,,00000018__,12.06,02,,01,04,02,01,02,01,03,01,50,FE,S,WEST PARK AVE,,,,65,45,53,40.229120,74.052780,N,DOT LIGHT POLE B364,37266
2018133718OT25714,MONMOUTH,OCEAN TWP,10/16/2018,TU,1011,01,OCEAN TWP PD (MONMOUTH),ZONE 54,0,0,0,0,P,B,N,N,01,2,MONMOUTH COUNTY 16,W,16,,13000016__,3.56,05,,01,04,02,01,01,01,05,01,200,FE,E,BOWNE RD,,,,45,40,26,40.230240,74.060580,N,,37282
2018133718OT25742,MONMOUTH,OCEAN TWP,10/16/2018,TU,1407,01,OCEAN TWP PD (MONMOUTH),ZONE 54,0,0,0,0,P,B,N,N,06,2,ROSE AVENUE,W,,,,,07,,01,04,02,01,01,01,05,01,100,FE,W,KNEELEY BLVD,,,,25,25,28,40.241030,74.044000,N,,37282
2018133718OT25798,MONMOUTH,OCEAN TWP,10/17/2018,WE,0713,01,OCEAN TWP PD (MONMOUTH),ZONE 51,0,0,0,0,P,B,N,N,08,2,885 W PARK AVE; WHAT ABO,,,,,,09,,01,04,02,01,01,01,05,01,,,,,,,,,,28,40.264490,74.046110,N,,37279
2018133718OT25799,MONMOUTH,OCEAN TWP,10/17/2018,WE,0716,01,OCEAN TWP PD (MONMOUTH),ZONE 54,0,1,0,0,I,B,N,N,12,1,NJ 18,S,18,,00000018__,10.35,02,,01,04,02,01,01,01,03,01,2640,FE,N,NJ 66 / ASBURY AVE,,,,65,50,24,40.229090,74.050240,N,,37281
2018133718OT25808,MONMOUTH,OCEAN TWP,10/17/2018,WE,0912,01,OCEAN TWP PD (MONMOUTH),ZONE 52,0,0,0,0,P,I,N,N,03,2,LOGAN RD,N,,,13371367__,.59,07,,01,04,02,01,01,01,05,01,,AT,,ROSELD AVE,,,,35,25,26,40.242560,74.032550,N,,37290
2018133718OT25819,MONMOUTH,OCEAN TWP,10/17/2018,WE,1202,01,OCEAN TWP PD (MONMOUTH),ZONE 54,0,0,0,0,P,I,N,N,02,2,SUNSET AVE,W,,,13031365__,1.10,07,,01,04,02,01,01,,05,,,AT,,N MALL DR,,,,35,25,26,40.233750,74.042350,N,,37279
2018133718OT25949,MONMOUTH,OCEAN TWP,10/18/2018,TH,1932,01,OCEAN TWP PD (MONMOUTH),54,0,1,0,0,I,B,N,N,01,2,SUNSET AVE,E,,,13371213__,.00,07,,01,04,02,01,06,01,05,01,20,FE,W,NJ 35,,,,35,50,26,40.235940,74.037460,N,,37297
2018133718OT25997,MONMOUTH,OCEAN TWP,10/19/2018,FR,1138,01,OCEAN TWP PD (MONMOUTH),ZONE 55,0,0,0,0,P,B,N,N,03,2,MONMOUTH COUNTY 40,W,40,,13000040__,.09,05,,01,04,02,01,01,01,05,01,20,FE,W,ALLEN ST,,,,35,25,26,40.235680,74.036940,N,,37282
2018133718OT26009,MONMOUTH,OCEAN TWP,10/19/2018,FR,1440,01,OCEAN TWP PD (MONMOUTH),ZONE 54,0,0,0,0,P,B,N,N,01,2,NJ 35,S,35,,00000035__,26.13,02,,01,04,02,01,01,01,01,01,500,FE,N,ALLAIRE AVE,,,,50,25,26,40.246290,74.038720,N,,37282
2018133718OT26076,MONMOUTH,OCEAN TWP,10/20/2018,SA,1129,01,OCEAN TWP PD (MONMOUTH),ZONE 54,0,1,0,0,I,B,N,N,11,1,WOOLEY WAY,N,,,,,07,,02,06,02,01,01,01,05,01,150,FE,N,JACKSON CIRCLE,,,,25,25,69,40.241100,74.068160,N,SEE BELOW,37280
2018133718OT26078,MONMOUTH,OCEAN TWP,10/20/2018,SA,1219,01,OCEAN TWP PD (MONMOUTH),52,0,2,0,0,I,B,N,N,03,2,DEAL RD,E,,,13371368__,1.47,07,,01,04,02,01,01,01,05,01,200,FE,E,NJ 35,,,,40,50,26,,,N,,37241
2018133718OT26092,MONMOUTH,OCEAN TWP,10/20/2018,SA,1800,01,OCEAN TWP PD (MONMOUTH),55 ZONE,0,0,0,0,P,B,N,N,02,2,NJ 35,N,35,,00000035__,25.38,02,,01,04,02,01,03,01,01,01,375,FE,S,US 40 / SUNSET AVE,,,,50,35,26,40.236300,74.037860,N,,37266
2018133718OT26122,MONMOUTH,OCEAN TWP,10/21/2018,SU,0257,01,OCEAN TWP PD (MONMOUTH),43 ZONE,0,0,0,0,P,B,N,N,12,1,NJ 35,S,35,,00000035__,25.93,02,,01,04,02,01,06,01,01,01,50,FE,S,HERBERT AVE,,,,50,25,24,40.241890,74.037460,N,,37288
2018133718OT26132,MONMOUTH,OCEAN TWP,10/21/2018,SU,1040,01,OCEAN TWP PD (MONMOUTH),ZONE54,0,0,0,0,P,B,N,N,02,2,NJ 66,W,66,,00000066__,2.75,02,,01,04,02,01,01,01,05,01,25,FE,E,BOWNE RD,,,,50,45,26,40.230240,74.060580,N,,37290
2018133718OT26138,MONMOUTH,OCEAN TWP,10/21/2018,SU,1252,01,OCEAN TWP PD (MONMOUTH),53,0,0,0,0,P,I,N,N,03,2,ROOSEVELT AVE,E,,,13371371__,.32,07,,01,04,02,01,01,01,05,01,,AT,,MICHAEL AVE,,,,35,25,26,40.260250,74.001320,N,,37227
2018133718OT26149,MONMOUTH,OCEAN TWP,10/21/2018,SU,1901,01,OCEAN TWP PD (MONMOUTH),55 - ZONE,0,0,0,0,P,I,N,N,11,1,WICKAPECKO DR,S,,,13371419__,.82,07,,01,04,02,01,01,01,05,01,,AT,,GRASMERE AVE,,,,35,25,52,40.235450,74.024130,N,UTILITY POLE # JC 1168 OT. PEDESTRIAN INDICATOR SIGN.,37243
2018133718OT26223,MONMOUTH,OCEAN TWP,10/22/2018,MO,1750,01,OCEAN TWP PD (MONMOUTH),ZONE 52,0,0,0,0,P,B,N,N,01,3,DEAL RD,W,,,13371368__,1.19,07,,01,06,02,01,01,01,04,01,30,FE,W,LOGAN RD,,,,40,35,26,,,N,,37277
2018133718OT26227,MONMOUTH,OCEAN TWP,10/22/2018,MO,1915,01,OCEAN TWP PD (MONMOUTH),ZONE 52,0,0,0,0,P,B,N,N,06,2,DOW AVE **,W,,,13371159__,.80,07,,01,04,02,01,03,01,05,01,15,FE,W,WESTFIELD ST,,,,35,25,28,40.261910,74.038990,N,,37296
2018133718OT26264,MONMOUTH,OCEAN TWP,10/23/2018,TU,0823,01,OCEAN TWP PD (MONMOUTH),ZONE # 55,0,0,0,0,P,B,N,N,01,2,FAIRMONT AVE **,W,,,13371210__,.20,07,,03,04,02,01,01,01,05,01,25,FE,E,NJ 35,,,,25,50,26,40.236650,74.037160,N,,37240
2018133718OT26270,MONMOUTH,OCEAN TWP,10/23/2018,TU,1028,01,OCEAN TWP PD (MONMOUTH),ZONE #52,0,0,0,0,P,B,N,N,01,2,NJ 35,N,35,,00000035__,26.58,02,,01,04,02,01,01,01,01,01,20,FE,S,DEAL RD,,,,50,40,26,40.247850,74.055050,N,,37240
2018133718OT26311,MONMOUTH,OCEAN TWP,10/23/2018,TU,1932,01,OCEAN TWP PD (MONMOUTH),54,0,0,0,0,P,B,Y,N,02,2,NJ 35,N,35,,00000035__,24.80,02,,01,04,02,01,01,01,05,01,,,,NJ 66,,,,50,,26,40.225960,74.037100,N,LIGHT POLE LOCATED AT THE INTERSECTION OF SR 35 AND BERKELEY AVE,37289
2018133718OT26389,MONMOUTH,OCEAN TWP,10/24/2018,WE,1603,01,OCEAN TWP PD (MONMOUTH),ZONE 52,0,0,0,0,P,B,N,N,01,2,NJ 35,N,35,,00000035__,26.00,02,,03,04,02,01,01,01,01,01,20,FE,,,T,ALLAIRE AVENUE,WB,50,,26,40.243050,74.032780,N,,37274
2018133718OT26392,MONMOUTH,OCEAN TWP,10/24/2018,WE,1618,01,OCEAN TWP PD (MONMOUTH),55,0,0,0,0,P,B,N,N,02,2,NJ 35,N,35,,00000035__,25.54,02,,01,04,02,01,01,01,01,01,200,FE,N,FAIRMONT AVE,,,,50,25,26,40.236240,74.037720,N,,37246
2018133718OT26416,MONMOUTH,OCEAN TWP,10/24/2018,WE,2119,01,OCEAN TWP PD (MONMOUTH),51,0,0,0,0,P,B,N,N,07,2,WEST PARK AVE,W,,,13361373__,1.80,07,,01,04,02,01,06,01,04,01,120,FE,E,NJ 18,,,,40,65,26,40.229120,74.052780,N,,37299
2018133718OT26453,MONMOUTH,OCEAN TWP,10/25/2018,TH,0852,01,OCEAN TWP PD (MONMOUTH),ZONE 53,0,0,0,0,P,B,N,N,01,2,DEAL RD,W,,,13371368__,.56,07,,01,04,02,01,01,01,05,01,15,FE,E,WHALEPOND RD,,,,40,40,26,40.247850,74.055050,N,,37255
2018133718OT26468,MONMOUTH,OCEAN TWP,10/25/2018,TH,1128,01,OCEAN TWP PD (MONMOUTH),52,0,1,0,0,I,I,N,N,14,1,WEST PARK AVE,W,,,13361373__,3.60,07,,01,04,02,01,01,01,05,01,,AT,,WHALEPOND RD,,,,40,35,21,40.269540,74.026610,N,BICYCLE,37241
2018133718OT26478,MONMOUTH,OCEAN TWP,10/25/2018,TH,1303,01,OCEAN TWP PD (MONMOUTH),55,0,0,0,0,P,B,N,N,08,2,LAUREL AVE **,E,,,13371265__,.20,07,,01,04,02,01,01,01,05,01,80,FE,E,STAFFA ST,,,,25,25,28,40.237640,74.011420,N,,37227
2018133718OT26491,MONMOUTH,OCEAN TWP,10/25/2018,TH,1444,01,OCEAN TWP PD (MONMOUTH),ZONE 54,0,0,0,0,P,B,N,N,01,2,NJ 35,S,35,,00000035__,26.58,02,,01,04,02,01,01,01,01,01,250,FE,,,F,DEAL ROAD,EB,50,,26,40.248550,74.040130,N,,37282
2018133718OT26499,MONMOUTH,OCEAN TWP,10/25/2018,TH,1530,01,OCEAN TWP PD (MONMOUTH),51 ZONE,0,0,0,0,P,B,N,N,01,2,WEST PARK AVE,W,,,13361373__,2.46,07,,01,04,02,01,01,01,04,01,45,FE,E,CINDY LN,,,,40,35,26,40.263230,74.046670,N,,37266
2018133718OT26504,MONMOUTH,OCEAN TWP,10/25/2018,TH,1619,01,OCEAN TWP PD (MONMOUTH),54,0,0,0,0,P,B,N,N,01,2,NJ 35,S,35,,00000035__,25.50,02,,01,04,02,01,01,01,01,01,15,FE,,,T,US 40 / SUNSET AVE,,50,,26,40.239670,74.039710,N,,37227
2018133718OT26532,MONMOUTH,OCEAN TWP,10/26/2018,FR,0701,01,OCEAN TWP PD (MONMOUTH),52,0,0,0,0,P,B,N,N,12,1,NJ 35,N,35,,00000035__,26.17,02,,01,04,02,01,01,01,01,01,100,FE,N,FRANKLIN AVE,,,,50,25,24,40.247850,74.055050,N,,37248
2018133718OT26632,MONMOUTH,OCEAN TWP,10/27/2018,SA,0727,01,OCEAN TWP PD (MONMOUTH),ZONE 54,0,0,0,0,P,B,N,N,99,1,GREEN GROVE RD,N,,,13341417__,2.53,07,,01,04,02,02,02,02,05,01,100,FE,N,TILTON DR,,,,40,25,39,40.241590,74.076050,N,,37290
2018133718OT26656,MONMOUTH,OCEAN TWP,10/27/2018,SA,1213,01,OCEAN TWP PD (MONMOUTH),ZONE 51,0,0,0,0,P,B,N,N,02,2,NJ 35,S,35,,00000035__,27.45,02,,01,04,02,02,01,02,01,,100,FE,S,WEST PARK AVE,,,,50,40,26,40.263200,74.042330,N,,
2018133718OT26659,MONMOUTH,OCEAN TWP,10/27/2018,SA,1230,01,OCEAN TWP PD (MONMOUTH),54,0,0,0,0,P,B,N,N,01,2,WEST PARK AVE,W,,,13361373__,3.97,07,,01,04,02,02,01,02,05,01,5,FE,E,LARKIN PL,,,,35,25,26,,,Y,,37244
2018133718OT26678,MONMOUTH,OCEAN TWP,10/27/2018,SA,1415,01,OCEAN TWP PD (MONMOUTH),ZONE 51,0,1,0,0,I,B,N,N,01,2,NJ 35,S,35,,00000035__,26.77,02,,01,04,02,02,01,02,01,01,20,FE,S,WILLOW DR,,,,50,25,26,40.254560,74.039960,N,,37290
2018133718OT26704,MONMOUTH,OCEAN TWP,10/27/2018,SA,2041,01,OCEAN TWP PD (MONMOUTH),54,0,0,0,0,P,B,N,N,02,2,NJ 66,W,66,,00000066__,2.52,02,,02,04,02,02,06,02,02,01,50,FE,E,CR 16 / ASBURY AVE / PARK RD,,,,50,45,26,40.229510,74.054720,N,,37289
2018133718OT26755,MONMOUTH,OCEAN TWP,10/28/2018,SU,1958,01,OCEAN TWP PD (MONMOUTH),ZONE 54,0,0,0,0,P,B,N,N,12,1,NJ 35,N,35,,00000035__,24.80,02,,01,04,02,01,06,01,02,01,,,,,,,,50,,24,,,N,,37279
2018133718OT26887,MONMOUTH,OCEAN TWP,10/30/2018,TU,1311,01,OCEAN TWP PD (MONMOUTH),55,0,2,0,0,I,I,N,N,03,2,WICKAPECKO DR,S,,,13371419__,1.22,07,,01,04,02,01,01,01,05,01,,AT,,APPLEBY DR / S WANAMASSA DR,,,,35,25,26,40.229780,74.026170,N,UTILITY POLE # BT 1742 OT,37237
2018133718OT26922,MONMOUTH,OCEAN TWP,10/30/2018,TU,1730,01,OCEAN TWP PD (MONMOUTH),ZONE 55,0,0,0,0,P,I,N,N,03,2,SUNSET AVE,W,,,13031365__,1.51,07,,01,04,02,01,01,01,05,01,,AT,,WICKAPECKPO DR,,,,35,35,26,40.231800,74.025510,N,,37280
2018133718OT26932,MONMOUTH,OCEAN TWP,10/30/2018,TU,1929,01,OCEAN TWP PD (MONMOUTH),51 - ZONE,0,0,0,0,P,B,N,N,01,2,WEST PARK AVE,W,,,13361373__,2.48,07,,01,04,02,01,06,01,04,01,150,FE,E,CINDY LN,,,,40,35,26,40.263830,74.046300,N,,37243
2018133718OT26936,MONMOUTH,OCEAN TWP,10/30/2018,TU,2005,01,OCEAN TWP PD (MONMOUTH),54,0,1,0,0,I,B,N,N,01,2,NJ 35,N,35,,00000035__,24.90,02,,01,04,02,01,06,01,02,01,,,,,,,,50,,26,40.230470,74.059170,N,,37297
2018133718OT27019,MONMOUTH,OCEAN TWP,10/31/2018,WE,1718,01,OCEAN TWP PD (MONMOUTH),ZONE 52,0,0,0,0,P,B,N,N,02,2,WHALEPOND RD,S,,,13371369__,1.13,07,,01,04,02,01,03,01,05,01,25,FE,N,W PARK AVE,,,,35,40,26,40.269540,74.026610,N,,37279
2018133718OT27043,MONMOUTH,OCEAN TWP,10/31/2018,WE,2211,01,OCEAN TWP PD (MONMOUTH),51,0,2,0,0,I,B,N,N,11,1,NJ 18,N,18,,00000018__,12.15,02,,01,04,02,01,06,01,01,01,400,FE,N,WEST PARK AVE,,,,65,45,46,,,N,CENTER MEDIAN ON SR 18 NORTH AND GUARD RAIL,37299
2018133718OT27112,MONMOUTH,OCEAN TWP,11/01/2018,TH,1618,01,OCEAN TWP PD (MONMOUTH),51,0,0,0,0,P,B,N,N,15,1,NJ 18,N,18,,00000018__,12.57,02,,01,04,02,01,01,01,03,01,2640,FE,N,WEST PARK AVE,,,,65,45,39,,,N,,37244
2018133718OT27115,MONMOUTH,OCEAN TWP,11/01/2018,TH,1703,01,OCEAN TWP PD (MONMOUTH),ZONE 51,0,0,0,0,P,B,N,N,02,2,NJ 35,S,35,,00000035__,27.47,02,,01,04,02,01,01,01,05,01,15,FE,S,WEST PARK AVE,,,,50,40,26,40.263630,74.042420,N,,37281
2018133718OT27153,MONMOUTH,OCEAN TWP,11/02/2018,FR,1005,01,OCEAN TWP PD (MONMOUTH),ZONE 51,0,0,0,0,P,B,N,N,11,1,NJ 18,S,18,,00000018__,12.10,02,,01,04,02,02,01,05,03,01,50,FE,,,T,W PARK AVENUE,EB,65,,53,40.229120,74.052780,N,SCRAPES AND SCRATCHES TO LIGHT POLE #A1111,37282
2018133718OT27196,MONMOUTH,OCEAN TWP,11/02/2018,FR,1723,01,OCEAN TWP PD (MONMOUTH),ZONE 51,0,0,0,0,P,B,N,N,03,2,WEST PARK AVE,W,,,13361373__,4.18,07,,01,04,02,01,03,01,05,01,50,FE,W,COLT ROAD,,,,40,25,26,40.263630,74.042420,N,,37282
2018133718OT27198,MONMOUTH,OCEAN TWP,11/02/2018,FR,1734,01,OCEAN TWP PD (MONMOUTH),ZONE 54,0,0,0,0,P,B,N,N,01,2,NJ 66,W,66,,00000066__,3.40,02,,01,04,02,01,01,01,03,01,75,FE,E,SOUTH MALL DRIVE,,,,50,,26,40.228550,74.047580,N,,37280
2018133718OT27203,MONMOUTH,OCEAN TWP,11/02/2018,FR,1846,01,OCEAN TWP PD (MONMOUTH),ZONE 54,0,1,0,0,I,B,N,N,14,1,NJ 35,S,35,,00000035__,24.80,02,,03,06,02,02,06,02,02,01,,,,,,,,50,,26,,,N,PEDALCYCLIST'S BICYCLE,37277
2018133718OT27307,MONMOUTH,OCEAN TWP,11/04/2018,SU,1139,01,OCEAN TWP PD (MONMOUTH),ZONE 55,0,0,0,0,P,B,N,N,01,2,NJ 35,N,35,,00000035__,26.03,02,,01,04,02,01,01,01,01,01,50,FE,S,ALLAIRE AVE,,,,50,35,26,40.243050,74.032780,N,,37279
2018133718OT27319,MONMOUTH,OCEAN TWP,11/04/2018,SU,1443,01,OCEAN TWP PD (MONMOUTH),54 ZONE,0,0,0,0,P,B,N,N,01,2,NJ 35,N,35,,00000035__,24.90,02,,02,04,02,01,01,01,02,01,,,,,,,,50,,26,40.226320,74.037750,N,,37266
2018133718OT27341,MONMOUTH,OCEAN TWP,11/04/2018,SU,2051,01,OCEAN TWP PD (MONMOUTH),ZONE 54,0,0,0,0,P,B,N,N,12,1,NJ 35,S,35,,00000035__,26.02,02,,01,04,02,01,06,01,01,01,100,FE,S,ALLAIRE AVE,,,,50,25,24,40.243220,74.037950,N,,37274
2018133718OT27389,MONMOUTH,OCEAN TWP,11/05/2018,MO,1425,01,OCEAN TWP PD (MONMOUTH),ZONE 54,0,0,0,0,P,B,N,N,12,1,NJ 35,S,35,,00000035__,24.81,02,,01,04,02,01,01,01,01,01,50,FE,N,ASBURY CIRCLE,,,,50,,24,40.229680,74.039280,N,,37223
2018133718OT27424,MONMOUTH,OCEAN TWP,11/06/2018,TU,0501,01,OCEAN TWP PD (MONMOUTH),ZONE 51,0,0,0,0,P,B,N,N,12,1,NJ 18,N,18,,00000018__,12.13,02,,01,04,02,02,06,02,03,01,300,FE,N,WEST PARK AVE,,,,65,40,24,40.264390,74.059790,N,,37298
2018133718OT27452,MONMOUTH,OCEAN TWP,11/06/2018,TU,1255,01,OCEAN TWP PD (MONMOUTH),ZONE 55,0,1,0,0,I,I,N,N,03,3,NJ 35,N,35,,00000035__,25.45,02,,01,04,02,02,01,02,01,01,,AT,,US 40 / SUNSET AVE,,,,50,35,26,40.235710,74.037980,N,,
2018133718OT27456,MONMOUTH,OCEAN TWP,11/06/2018,TU,1314,01,OCEAN TWP PD (MONMOUTH),ZONE 51,0,0,0,0,P,B,N,N,15,1,WEST PARK AVE,W,,,13361373__,2.15,07,,01,04,02,02,01,02,04,01,25,FE,E,LYNN DR / POPLAR RD,,,,40,40,39,40.261500,74.052060,N,,37281
2018133718OT27477,MONMOUTH,OCEAN TWP,11/06/2018,TU,1639,01,OCEAN TWP PD (MONMOUTH),ZONE # 55,0,0,0,0,P,B,N,N,01,3,WICKAPECKO DR,N,,,13371419__,.96,07,,01,06,02,02,06,02,05,01,30,FE,S,N DITTMAR DR,,,,35,25,26,40.233270,74.025020,N,,
2018133718OT27518,MONMOUTH,OCEAN TWP,11/07/2018,WE,0719,01,OCEAN TWP PD (MONMOUTH),52,0,1,0,0,I,B,N,N,11,1,TALMADGE AVE **,W,,,13371165__,.22,07,,01,04,01,02,01,01,05,01,100,FE,S,NJ 35,,,,25,50,52,40.257900,74.040520,N,SCRAPES/GOUGES TO UTILITY POLE JC14280T,37227
2018133718OT27540,MONMOUTH,OCEAN TWP,11/07/2018,WE,1247,01,OCEAN TWP PD (MONMOUTH),ZONE 55,0,0,0,0,P,B,N,N,11,1,LOGAN RD,S,,,13371367__,.46,07,,01,04,02,01,01,01,05,01,75,FE,S,DARLENE AVE,,,,35,25,69,,,N,WIRE FROM POLE BT1280OT PULLED DOWN. DAMAGE TO SIDING OF 2003 LOGAN RD.,37277
2018133718OT27551,MONMOUTH,OCEAN TWP,11/07/2018,WE,1445,01,OCEAN TWP PD (MONMOUTH),ZONE 53,0,0,0,0,P,B,N,N,08,2,GARWOOD ST **,E,,,13371069__,.15,07,,01,04,02,01,01,01,,02,10,FE,E,IDLEWOOD AVE,,,,25,25,28,40.262340,74.022680,N,,37280
2018133718OT27594,MONMOUTH,OCEAN TWP,11/08/2018,TH,0658,01,OCEAN TWP PD (MONMOUTH),ZONE 52,0,0,0,0,P,B,N,N,12,1,WEST PARK AVE,W,,,13361373__,3.08,07,,01,04,02,01,02,01,05,01,100,FE,E,OAKHURST PKWY,,,,40,25,24,40.264630,74.042040,N,,37255
2018133718OT27603,MONMOUTH,OCEAN TWP,11/08/2018,TH,0954,01,OCEAN TWP PD (MONMOUTH),52 ZONE,0,0,0,0,P,B,N,N,11,2,DEAL RD,E,,,13371368__,.19,07,,01,04,02,01,01,01,05,01,25,FE,W,WENNING CT,,,,40,25,60,40.253370,74.016180,N,,?
2018133718OT27637,MONMOUTH,OCEAN TWP,11/08/2018,TH,1530,01,OCEAN TWP PD (MONMOUTH),ZONE 54,0,0,0,0,P,B,N,N,12,1,NJ 35,S,35,,00000035__,24.81,02,,03,04,02,01,01,01,01,01,250,FE,S,NJ 66,,,,50,50,24,40.265450,74.042550,N,,37255