Year(4)-CountyCode(2)-MunicipalityCode(2)-CaseNumber(9),County Name,Municipality Name,Crash Date,Crash Day of Week,Crash Time,Police Department Code,Police Department,Police Station,Total Killed,Total Injured,Pedestrians Killed,Pedestrians Injured,Severity,Intersection,Alcohol Involved,Hazmat Involved,Crash Type,Total Vehicles,Location,Location Direction,Route,Route Suffix,Std Rte Identifier,MilePost,Road System,Road Character,Road Horizontal Alignment,Road Grade,Road Surface Type,Surface Condition,Light Condition,Environmental Condition,Road Divided By,Temporary Traffic Control Zone,Distance To Cross Street,Unit Of Measurement,Direction From Cross Street,Cross Street Name,Is Ramp,Ramp To/From Route Name,Ramp To/From Route Direction,Posted Speed,Posted Speed Cross Street,First Harmful Event,Latitude,Longitude,Cell Phone In Use Flag,Other Property Damage,Reporting Badge No.
2018133718OT27641,MONMOUTH,OCEAN TWP,11/08/2018,TH,1551,01,OCEAN TWP PD (MONMOUTH),ZONE 54,0,0,0,0,P,B,N,N,01,2,NJ 66,W,66,,00000066__,3.62,02,,02,06,02,01,01,01,02,01,5,FE,W,NJ 35,,,,50,,26,40.226320,74.037750,N,,37255
2018133718OT27668,MONMOUTH,OCEAN TWP,11/09/2018,FR,0044,01,OCEAN TWP PD (MONMOUTH),42 ZONE,0,0,0,0,P,B,N,N,12,1,NJ 71,S,71,,00000071__,12.20,02,,01,04,02,01,07,01,04,01,100,FE,N,PARK AVE,,,,35,35,24,40.270610,74.002230,N,,37288
2018133718OT27685,MONMOUTH,OCEAN TWP,11/09/2018,FR,1110,01,OCEAN TWP PD (MONMOUTH),ZONE 53,0,0,0,0,P,B,N,N,03,2,MONMOUTH COUNTY 15,N,15,,13000015__,2.71,05,,01,04,02,01,01,01,05,01,60,FE,S,HARNELL AVE,,,,35,25,26,40.264070,74.013090,N,,37273
2018133718OT27718,MONMOUTH,OCEAN TWP,11/09/2018,FR,1745,01,OCEAN TWP PD (MONMOUTH),ZONE # 54,0,0,0,0,P,B,N,N,01,2,NJ 66,W,66,,00000066__,3.30,02,,01,04,02,02,06,02,03,01,500,FE,E,SOUTH MALL DR.,,,,50,,26,40.248550,74.040130,N,,37240
2018133718OT27787,MONMOUTH,OCEAN TWP,11/10/2018,SA,1929,01,OCEAN TWP PD (MONMOUTH),52,0,0,0,0,P,B,N,N,06,2,DOW AVE **,W,,,13371159__,.79,07,,01,04,02,01,01,01,05,01,50,FE,W,WESTFIELD ST,,,,35,25,28,40.261910,74.038990,N,STONE MAILBOX ON THE PROPERTY OF 713 DOW AVE,37289
2018133718OT27805,MONMOUTH,OCEAN TWP,11/11/2018,SU,0357,01,OCEAN TWP PD (MONMOUTH),53,0,0,0,0,P,B,Y,N,11,1,MONMOUTH COUNTY 15,S,15,,13000015__,1.74,05,,01,04,02,01,06,01,05,01,400,FE,N,ROSELD AVE,,,,35,25,52,40.252650,74.012820,N,UTILITY POLE BT 40480 OT,37298
2018133718OT27816,MONMOUTH,OCEAN TWP,11/11/2018,SU,1400,01,OCEAN TWP PD (MONMOUTH),ZONE 52,0,0,0,0,P,B,N,N,01,2,WEST PARK AVE,E,,,13361373__,2.73,07,,01,04,02,01,01,01,05,01,35,FE,E,NJ 35,,,,40,50,26,40.264550,74.041430,N,,37263
2018133718OT27828,MONMOUTH,OCEAN TWP,11/11/2018,SU,1715,01,OCEAN TWP PD (MONMOUTH),ZONE 52,0,0,0,0,P,I,N,N,02,2,NJ 35,S,35,,00000035__,26.58,02,,01,04,02,01,03,01,01,01,,AT,,DEAL RD,,,,50,40,26,40.251480,74.039190,N,,37263
2018133718OT27856,MONMOUTH,OCEAN TWP,11/12/2018,MO,0745,01,OCEAN TWP PD (MONMOUTH),51,0,0,0,0,P,I,N,N,03,2,WEST PARK AVE,E,,,13361373__,.99,07,,01,04,02,01,01,01,05,01,,AT,,GREEN GROVE RD / HOPE RD,,,,45,40,26,40.255620,74.074100,N,,37227
2018133718OT27933,MONMOUTH,OCEAN TWP,11/13/2018,TU,0851,01,OCEAN TWP PD (MONMOUTH),54,0,0,0,0,P,I,N,N,02,2,NJ 66,W,66,,00000066__,3.21,02,,01,04,02,02,01,02,03,01,,AT,,NEPTUNE BLVD,,,,50,25,26,40.228550,74.047580,N,,37227
2018133718OT28010,MONMOUTH,OCEAN TWP,11/14/2018,WE,0642,01,OCEAN TWP PD (MONMOUTH),54,0,0,0,0,P,B,N,N,02,2,NJ 18,S,18,,00000018__,11.09,02,,01,04,02,01,01,01,03,01,1500,FE,S,DEAL RD,,,,65,45,26,40.234810,74.051200,N,TREES,37248
2018133718OT28015,MONMOUTH,OCEAN TWP,11/14/2018,WE,0727,01,OCEAN TWP PD (MONMOUTH),54,0,0,0,0,P,B,N,N,01,2,NJ 35,N,35,,00000035__,24.90,02,,03,04,02,01,01,01,02,01,,,,NJ 66,,,,50,,26,,,N,,37244
2018133718OT28019,MONMOUTH,OCEAN TWP,11/14/2018,WE,0849,01,OCEAN TWP PD (MONMOUTH),55,0,0,0,0,P,B,N,N,01,2,NJ 35,N,35,,00000035__,26.03,02,,01,04,02,01,01,01,01,01,30,FE,S,ALLAIRE AVE,,,,50,25,26,40.245270,74.037460,N,,37237
2018133718OT28040,MONMOUTH,OCEAN TWP,11/14/2018,WE,1317,01,OCEAN TWP PD (MONMOUTH),ZONE 51,0,0,0,0,P,B,N,N,02,2,NJ 35,S,35,,00000035__,27.45,02,,01,04,02,01,01,01,01,01,100,FE,S,WEST PARK AVE,,,,50,40,26,40.262770,74.041770,N,,37279
2018133718OT28073,MONMOUTH,OCEAN TWP,11/14/2018,WE,1913,01,OCEAN TWP PD (MONMOUTH),ZONE 54,0,0,0,0,P,B,N,N,02,2,NJ 66,W,66,,00000066__,2.53,02,,02,04,02,02,06,01,05,01,100,FE,E,CR 16 / ASBURY AVE / PARK RD,,,,50,40,26,40.229510,74.054720,N,,37292
2018133718OT28092,MONMOUTH,OCEAN TWP,11/15/2018,TH,0123,01,OCEAN TWP PD (MONMOUTH),55,0,0,0,0,P,B,N,N,12,1,NJ 35,N,35,,00000035__,26.49,02,,01,04,02,01,06,01,01,01,500,FE,S,DEAL RD,,,,50,45,24,40.248280,74.039140,N,,37289
2018133718OT28110,MONMOUTH,OCEAN TWP,11/15/2018,TH,0914,01,OCEAN TWP PD (MONMOUTH),ZONE # 55,0,0,0,0,P,B,N,N,01,2,NJ 35,N,35,,00000035__,24.90,02,,02,04,02,01,01,01,02,01,,,,NJ 66,,,,50,,26,40.226790,74.039410,N,,37240
2018133718OT28125,MONMOUTH,OCEAN TWP,11/15/2018,TH,1243,01,OCEAN TWP PD (MONMOUTH),54,0,0,0,0,P,B,N,N,01,2,DEAL RD,E,,,13371368__,1.42,07,,01,04,02,02,01,02,05,01,30,FE,W,NJ 35,,,,40,50,26,40.251480,74.039190,N,,37264
2018133718OT28135,MONMOUTH,OCEAN TWP,11/15/2018,TH,1521,01,OCEAN TWP PD (MONMOUTH),ZONE 55,0,0,0,0,P,B,N,N,01,2,NJ 35,N,35,,00000035__,24.80,02,,02,04,02,02,01,02,02,01,,,,NJ 66,,,,50,,26,40.226320,74.037530,N,,37277
2018133718OT28144,MONMOUTH,OCEAN TWP,11/15/2018,TH,1700,01,OCEAN TWP PD (MONMOUTH),55,0,1,0,1,I,B,N,N,13,1,PARK BLVD **,E,,,13371214__,.00,07,,01,04,02,02,06,02,05,01,3,FE,E,LOGAN DR,,,,35,35,22,40.236050,74.033160,N,,37241
2018133718OT28145,MONMOUTH,OCEAN TWP,11/15/2018,TH,1744,01,OCEAN TWP PD (MONMOUTH),54,0,0,0,0,P,B,N,N,01,2,NJ 18,N,18,,00000018__,10.00,02,,03,04,02,02,05,02,03,01,350,FE,,,F,NJ 66,WB,65,,26,,,N,,37264
2018133718OT28185,MONMOUTH,OCEAN TWP,11/16/2018,FR,0803,01,OCEAN TWP PD (MONMOUTH),,0,0,0,0,P,B,N,N,08,2,WHALEPOND RD,S,,,13371369__,.01,07,,01,04,02,02,01,05,05,02,40,FE,N,DEAL RD,,,,40,40,28,40.253590,74.023070,N,,37237
2018133718OT28195,MONMOUTH,OCEAN TWP,11/16/2018,FR,1030,01,OCEAN TWP PD (MONMOUTH),ZONE 54,0,0,0,0,P,B,N,N,01,2,NJ 66,W,66,,00000066__,2.53,02,,01,04,02,02,01,01,03,01,100,FE,E,CR 16 / ASBURY AVE / PARK RD,,,,50,45,26,40.230240,74.060580,N,,37282
2018133718OT28261,MONMOUTH,OCEAN TWP,11/17/2018,SA,0258,01,OCEAN TWP PD (MONMOUTH),52,0,0,0,0,P,B,N,N,06,2,ORANGE ST **,S,,,13371067__,.01,07,,02,04,02,01,05,01,05,01,60,FE,N,DOW AVE,,,,25,35,28,40.262840,74.027810,N,,37299
2018133718OT28359,MONMOUTH,OCEAN TWP,11/18/2018,SU,1234,01,OCEAN TWP PD (MONMOUTH),54,0,2,0,0,I,B,N,N,07,2,SUNSET AVE,W,,,13371213__,.22,07,,01,04,02,01,01,01,05,01,200,FE,E,RING RD,,,,35,,26,40.233750,74.042350,N,,37246
2018133718OT28369,MONMOUTH,OCEAN TWP,11/18/2018,SU,1425,01,OCEAN TWP PD (MONMOUTH),52,0,0,0,0,P,B,N,N,01,2,NJ 35,N,35,,00000035__,26.49,02,,01,04,02,01,01,01,01,01,500,FE,S,DEAL RD,,,,50,40,26,40.251840,74.039250,N,,37246
2018133718OT28426,MONMOUTH,OCEAN TWP,11/19/2018,MO,1050,01,OCEAN TWP PD (MONMOUTH),ZONE 54,0,0,0,0,P,B,N,N,01,2,NJ 35,S,35,,00000035__,26.13,02,,01,04,02,01,01,01,01,01,150,FE,N,BLOOMFIELD AVE,,,,50,25,26,40.245340,74.038530,N,,37290
2018133718OT28429,MONMOUTH,OCEAN TWP,11/19/2018,MO,1133,01,OCEAN TWP PD (OCEAN),54,0,0,0,0,P,B,N,N,06,3,1104 SR 35; WEGMANS,,,,,,09,,01,04,02,01,01,01,05,01,,,,,,,,,,28,40.239670,74.039710,N,,37244
2018133718OT28430,MONMOUTH,OCEAN TWP,11/19/2018,MO,1145,01,OCEAN TWP PD (MONMOUTH),ZONE 54,0,2,0,0,I,I,N,N,03,2,EAGLE AVE,S,,,,,07,,01,04,02,01,01,01,05,01,,AT,,ALLAIRE AVE **,,,,25,25,26,40.244660,74.039880,N,,37263
2018133718OT28434,MONMOUTH,OCEAN TWP,11/19/2018,MO,1212,01,OCEAN TWP PD (MONMOUTH),ZONE 51,0,1,0,0,I,B,N,N,01,2,COLT RD,E,,,,,07,,03,04,02,01,01,01,02,01,25,FE,W,NJ 35,,,,25,50,26,40.261150,74.042630,N,,37286
2018133718OT28465,MONMOUTH,OCEAN TWP,11/19/2018,MO,1743,01,OCEAN TWP PD (MONMOUTH),ZONE 51,0,1,0,0,I,B,N,N,01,2,WEST PARK AVE,E,,,13361373__,2.72,07,,01,04,02,01,06,01,05,01,25,FE,W,NJ 35,,,,40,50,26,40.264660,74.041930,N,,37257
2018133718OT28534,MONMOUTH,OCEAN TWP,11/20/2018,TU,1323,01,OCEAN TWP PD (MONMOUTH),ZONE #54,0,0,0,0,P,B,N,N,01,2,NJ 35,S,35,,00000035__,26.09,02,,01,04,02,01,01,01,01,01,250,FE,N,ALLAIRE AVE,,,,50,25,26,,,N,,37240
2018133718OT28545,MONMOUTH,OCEAN TWP,11/20/2018,TU,1415,01,OCEAN TWP PD (MONMOUTH),ZONE 55,0,0,0,0,P,B,N,N,02,2,NJ 35,N,35,,00000035__,,02,,01,04,02,01,01,01,03,,,,,,,,,50,,26,40.226140,74.037380,N,,37273
2018133718OT28558,MONMOUTH,OCEAN TWP,11/20/2018,TU,1739,01,OCEAN TWP PD (MONMOUTH),ZONE 54,0,0,0,0,P,B,N,N,01,2,NJ 66,W,66,,00000066__,3.00,02,,01,04,02,01,06,01,03,01,100,FE,E,NJ 18,,,,50,65,26,40.228180,74.046720,N,,37223
2018133718OT28615,MONMOUTH,OCEAN TWP,11/21/2018,WE,1300,01,OCEAN TWP PD (MONMOUTH),ZONE 53,0,0,0,0,P,B,N,N,06,2,BROWN PL **,W,,,13371058__,.00,07,,01,04,02,01,00,01,05,01,20,FE,W,CR 15 / MONMOUTH RD,,,,25,35,28,40.271920,74.017410,N,,37255
2018133718OT28619,MONMOUTH,OCEAN TWP,11/21/2018,WE,1411,01,OCEAN TWP PD (MONMOUTH),ZONE 51,0,1,0,0,I,I,N,N,11,1,WEST PARK AVE,E,,,13361373__,2.45,07,,01,04,02,01,01,01,05,01,,AT,,CINDY LN,,,,40,35,51,40.263220,74.046670,N,,37282
2018133718OT28660,MONMOUTH,OCEAN TWP,11/22/2018,TH,0050,01,OCEAN TWP PD (MONMOUTH),51,0,0,0,0,P,B,N,N,12,1,NJ 18,S,18,,00000018__,12.15,02,,01,04,02,01,06,01,01,01,400,FE,N,WEST PARK AVE,,,,65,45,24,,,N,,37244
2018133718OT28729,MONMOUTH,OCEAN TWP,11/23/2018,FR,1415,01,OCEAN TWP PD (MONMOUTH),51,0,0,0,0,P,B,N,N,01,2,NJ 35,S,35,,00000035__,26.81,02,,01,05,02,01,01,01,01,01,200,FE,N,WILLOW DR,,,,50,25,26,,,N,,37241
2018133718OT28859,MONMOUTH,OCEAN TWP,11/25/2018,SU,1923,01,OCEAN TWP PD (MONMOUTH),ZONE 55,0,0,0,0,P,B,N,N,02,2,NJ 35,N,35,,00000035__,24.80,02,,01,04,02,01,06,01,02,01,25,FE,S,BERKELEY AVE,,,,50,25,26,40.226320,74.037750,N,,37298
2018133718OT28926,MONMOUTH,OCEAN TWP,11/26/2018,MO,1715,01,OCEAN TWP PD (MONMOUTH),52 ZONE,0,0,0,0,P,I,N,N,06,2,MONMOUTH COUNTY 15,S,15,,13000015__,1.82,05,,01,04,02,02,06,02,05,03,,AT,,RUNYAN AVE,,,,40,25,28,40.252650,74.012820,N,,37266
2018133718OT28936,MONMOUTH,OCEAN TWP,11/26/2018,MO,1816,01,OCEAN TWP PD (OCEAN),54-ZONE,0,0,0,0,P,B,N,N,08,2,1418 HIGHWAY 35,,,,,,09,,01,04,02,02,06,02,05,01,,,,,,,,,,26,40.246290,74.038720,N,,37243
2018133718OT28980,MONMOUTH,OCEAN TWP,11/27/2018,TU,1041,01,OCEAN TWP PD (MONMOUTH),ZONE 54,0,0,0,0,P,B,N,N,01,2,NJ 35,S,35,,00000035__,25.83,02,,01,04,02,01,01,01,01,01,20,FE,S,VALLEY RD,,,,50,25,26,40.239670,74.039710,N,,37282
2018133718OT28988,MONMOUTH,OCEAN TWP,11/27/2018,TU,1214,01,OCEAN TWP PD (MONMOUTH),52,0,0,0,0,P,B,N,N,03,2,WEST PARK AVE,W,,,13361373__,2.76,07,,01,04,02,01,01,01,05,01,200,FE,E,NJ 35,,,,40,50,26,,,N,,37241
2018133718OT29029,MONMOUTH,OCEAN TWP,11/27/2018,TU,1919,01,OCEAN TWP PD (MONMOUTH),ZONE 51,0,0,0,0,P,I,N,N,07,2,DEAL RD,W,,,13371368__,1.98,07,,01,04,02,01,06,01,05,01,,AT,,POPLAR RD / ROLLER RD,,,,45,40,26,40.250550,74.049910,N,,37286
2018133718OT29051,MONMOUTH,OCEAN TWP,11/28/2018,WE,0728,01,OCEAN TWP PD (MONMOUTH),ZONE 54,0,0,0,0,P,I,N,N,01,2,NJ 35,,35,,00000035__,24.86,02,,02,04,02,01,01,01,03,,,AT,,NJ 66,,,,50,,26,40.226140,74.037380,N,,37273
2018133718OT29081,MONMOUTH,OCEAN TWP,11/28/2018,WE,1423,01,OCEAN TWP PD (MONMOUTH),54,0,0,0,0,P,B,N,N,01,3,GREEN GROVE RD,N,,,13341417__,2.05,07,,01,04,02,01,01,01,05,01,100,FE,N,CR 16 / ASBURY AVE,,,,40,45,26,,,N,,
2018133718OT29092,MONMOUTH,OCEAN TWP,11/28/2018,WE,1614,01,OCEAN TWP PD (MONMOUTH),ZONE 54,0,0,0,0,P,I,N,N,03,2,MONMOUTH COUNTY 40,E,40,,13000040__,.00,05,,01,04,02,01,01,01,05,01,,AT,W,NJ 35,,,,35,50,26,40.235710,74.037980,N,,37223
2018133718OT29095,MONMOUTH,OCEAN TWP,11/28/2018,WE,1638,01,OCEAN TWP PD (MONMOUTH),ZONE 52,0,0,0,0,P,B,N,N,08,2,W LINCOLN DR **,E,,,13371065__,.57,07,,01,04,02,01,03,01,05,01,15,FE,W,WHALEPOND RD,,,,25,35,28,,,N,,37277
2018133718OT29105,MONMOUTH,OCEAN TWP,11/28/2018,WE,1801,01,OCEAN TWP PD (MONMOUTH),ZONE 52,0,0,0,0,P,B,N,N,06,2,AUTH AVE **,W,,,13371161__,.07,07,,01,04,02,01,06,01,05,01,25,FE,E,BELLMORE ST,,,,25,25,28,40.259780,74.040050,N,,37298
2018133718OT29136,MONMOUTH,OCEAN TWP,11/29/2018,TH,0651,01,OCEAN TWP PD (MONMOUTH),ZONE 51,0,0,0,0,P,B,N,N,12,1,HOPE ROAD,N,,,,,07,,01,04,02,01,01,01,05,01,150,FE,N,ROLLING MEADOWS BLVD,,,,45,,24,40.268530,74.071040,N,,37290
2018133718OT29267,MONMOUTH,OCEAN TWP,11/30/2018,FR,1329,01,OCEAN TWP PD (MONMOUTH),ZONE:54,0,1,0,0,I,I,N,N,01,2,NJ 35,W,35,,00000035__,24.86,02,,02,04,02,02,01,02,02,01,,AT,,NJ 66,,,,50,,26,40.226320,74.037750,N,,37278
2018133718OT29283,MONMOUTH,OCEAN TWP,11/30/2018,FR,1657,01,OCEAN TWP PD (MONMOUTH),55,0,0,0,0,P,B,N,N,12,2,MONMOUTH COUNTY 16,W,16,,13000016__,5.01,05,,01,04,02,01,05,01,05,01,25,FE,E,OVERBROOKE AVE,,,,35,25,24,40.225350,74.035080,N,,37246
2018133718OT29304,MONMOUTH,OCEAN TWP,11/30/2018,FR,2231,01,OCEAN TWP PD (MONMOUTH),51 ZONE,0,0,0,0,P,B,N,N,12,1,WEST PARK AVE,E,,,13361373__,1.53,07,,01,05,02,01,06,01,05,01,1320,FE,W,NJ 18,,,,45,65,24,40.259330,74.066310,N,,37295
2018133718OT29342,MONMOUTH,OCEAN TWP,12/01/2018,SA,1520,01,OCEAN TWP PD (MONMOUTH),ZONE 54,0,0,0,0,P,B,N,N,01,2,NJ 66,W,66,,00000066__,2.52,02,,01,06,02,01,01,01,03,01,75,FE,E,CR 16 / ASBURY AVE / PARK RD,,,,50,40,26,,,N,,37277
2018133718OT29343,MONMOUTH,OCEAN TWP,12/01/2018,SA,1524,01,OCEAN TWP PD (MONMOUTH),52,0,0,0,0,P,I,N,N,03,2,NJ 35,N,35,,00000035__,27.47,02,,01,04,02,01,01,01,01,01,,AT,S,WEST PARK AVE,,,,50,40,26,,,N,,37241
2018133718OT29377,MONMOUTH,OCEAN TWP,12/02/2018,SU,0421,01,OCEAN TWP PD (MONMOUTH),ZONE 51,0,0,0,0,P,B,N,N,11,1,KINGS HWY **,S,,,13371299__,.01,07,,03,04,02,02,06,02,05,01,50,FE,N,WEST PARK AVE,,,,25,40,56,,,N,,37283
2018133718OT29384,MONMOUTH,OCEAN TWP,12/02/2018,SU,1107,01,OCEAN TWP PD (MONMOUTH),ZONE 54,0,0,0,0,P,I,N,N,11,1,DEAL RD,E,,,13371368__,2.28,07,,03,04,02,02,01,02,05,,,AT,,NJ 18,,,,45,,56,40.247850,74.055050,N,CURB / GUARD RAIL,37297
2018133718OT29397,MONMOUTH,OCEAN TWP,12/02/2018,SU,1430,01,OCEAN TWP PD (MONMOUTH),ZONE 54,0,3,0,0,I,B,N,N,01,3,NJ 35,S,35,,00000035__,26.10,02,,01,04,02,02,01,02,01,01,300,FE,N,ALLAIRE AVE,,,,50,25,26,40.243050,74.032780,N,,
2018133718OT29468,MONMOUTH,OCEAN TWP,12/03/2018,MO,1446,01,OCEAN TWP PD (MONMOUTH),51,0,0,0,0,P,B,N,N,01,2,WEST PARK AVE,E,,,13361373__,2.09,07,,01,04,02,01,01,01,05,01,5,FE,E,FREDERICK DR,,,,40,25,26,40.261240,74.053060,N,,37248
2018133718OT29472,MONMOUTH,OCEAN TWP,12/03/2018,MO,1518,01,OCEAN TWP PD (MONMOUTH),54,0,0,0,0,P,B,N,N,02,2,NJ 35,W,35,,00000035__,24.80,02,,03,04,02,01,01,01,05,01,,,,,,,,35,,26,40.226320,74.037750,N,,37270
2018133718OT29485,MONMOUTH,OCEAN TWP,12/03/2018,MO,1724,01,OCEAN TWP PD (MONMOUTH),ZONE 53,0,0,0,0,P,R,N,N,08,2,ROOSEVELT AVE,W,,,13371371__,.62,07,,01,04,02,01,07,05,04,,264,FE,W,NJ 71,,,,35,35,26,40.260250,74.001320,N,,37263
2018133718OT29526,MONMOUTH,OCEAN TWP,12/04/2018,TU,0733,01,OCEAN TWP PD (MONMOUTH),ZONE 54,0,0,0,0,P,B,N,N,01,2,NJ 35,N,35,,00000035__,24.90,02,,02,04,02,01,01,01,02,01,,,,,,,,50,,26,40.225800,74.038820,N,,37279
2018133718OT29544,MONMOUTH,OCEAN TWP,12/04/2018,TU,1110,01,OCEAN TWP PD (MONMOUTH),ZONE 51,0,0,0,0,P,B,N,N,06,2,1602 SR 35,,,,,,09,,01,04,02,01,01,01,05,01,,,,,,,,,,28,40.252800,74.040330,N,,37223
2018133718OT29572,MONMOUTH,OCEAN TWP,12/04/2018,TU,1513,01,OCEAN TWP PD (MONMOUTH),ZONE 51,0,0,0,0,P,B,N,N,01,2,WEST PARK AVE,W,,,13361373__,.99,07,,01,04,02,01,01,01,04,01,10,FE,W,COLT RD,,,,40,25,26,,,N,,37277
2018133718OT29589,MONMOUTH,OCEAN TWP,12/04/2018,TU,1747,01,OCEAN TWP PD (MONMOUTH),ZONE # 54,0,0,0,0,P,B,N,N,02,2,DEAL RD,W,,,13371368__,1.42,07,,01,04,02,01,06,01,05,01,40,FE,W,NJ 35,,,,40,50,26,40.252070,74.040750,N,,37240
2018133718OT29621,MONMOUTH,OCEAN TWP,12/05/2018,WE,0829,01,OCEAN TWP PD (MONMOUTH),ZONE 51,0,1,0,1,I,I,N,N,13,1,NJ 35,S,35,,00000035__,27.47,02,,01,04,02,01,01,01,01,01,,AT,,WEST PARK AVE,,,,50,40,22,40.226790,74.039410,N,,37273
2018133718OT29655,MONMOUTH,OCEAN TWP,12/05/2018,WE,1626,01,OCEAN TWP PD (MONMOUTH),ZONE 54,0,1,0,0,I,I,N,N,01,2,MONMOUTH COUNTY 16,W,16,,13000016__,3.52,05,,01,04,02,01,03,01,04,01,,AT,,BOWNE RD,,,,45,40,26,40.229520,74.054720,N,,37293
2018133718OT29690,MONMOUTH,OCEAN TWP,12/06/2018,TH,0830,01,OCEAN TWP PD (MONMOUTH),55,0,0,0,0,P,B,N,N,11,1,BIMBLER BLVD **,W,,,13371239__,.25,07,,01,04,02,04,01,01,05,01,70,FE,E,CR 16 / ASBURY AVE,,,,25,35,56,40.229520,74.054720,N,,37227
2018133718OT29740,MONMOUTH,OCEAN TWP,12/06/2018,TH,1913,01,OCEAN TWP PD (MONMOUTH),53 ZONE,0,0,0,0,P,B,N,N,02,2,WEST PARK AVE,W,,,13361373__,4.16,07,,01,04,02,01,06,01,05,01,150,FE,W,CR 15 / MONMOUTH RD,,,,35,35,26,40.240170,74.013810,N,,37295
2018133718OT29806,MONMOUTH,OCEAN TWP,12/07/2018,FR,1500,01,OCEAN TWP PD (MONMOUTH),52,0,1,0,0,I,B,N,N,01,3,NJ 35,N,35,,00000035__,26.55,02,,01,04,02,01,01,01,05,01,150,FE,S,DEAL RD,,,,50,35,26,40.247850,74.055050,N,,
2018133718OT29810,MONMOUTH,OCEAN TWP,12/07/2018,FR,1503,01,OCEAN TWP PD (MONMOUTH),ZONE 54,0,0,0,0,P,B,N,N,02,2,NJ 66,W,66,,00000066__,3.23,02,,01,04,02,01,01,01,03,01,50,FE,W,SOUTH MALL DR.,,,,50,,26,40.228180,74.046720,N,,37223
2018133718OT29812,MONMOUTH,OCEAN TWP,12/07/2018,FR,1514,01,OCEAN TWP PD (MONMOUTH),ZONE #51,0,1,0,0,I,B,N,N,01,3,POPLAR RD,S,,,13371194__,.80,07,,01,04,02,01,01,01,05,01,100,FE,N,DEAL RD,,,,35,40,26,40.253670,74.013470,N,,
2018133718OT29885,MONMOUTH,OCEAN TWP,12/08/2018,SA,1805,01,OCEAN TWP PD (MONMOUTH),55,0,1,0,0,I,B,N,N,01,2,NJ 35,N,35,,00000035__,25.94,02,,01,04,02,01,06,01,01,01,10,FE,N,HERBERT AVE,,,,50,25,26,,,N,,37244
2018133718OT30032,MONMOUTH,OCEAN TWP,12/10/2018,MO,1559,01,OCEAN TWP PD (MONMOUTH),52,0,0,0,0,P,B,N,N,06,2,CHATHAM AVE **,N,,,13371112__,.28,07,,01,04,02,01,01,01,05,01,100,FE,N,FREEHOLD ST,,,,25,25,28,40.261240,74.020540,N,,37227
2018133718OT30073,MONMOUTH,OCEAN TWP,12/11/2018,TU,0914,01,OCEAN TWP PD (MONMOUTH),51,0,1,0,0,I,B,N,N,01,2,ARMSTRONG BLVD **,E,,,13371297__,.34,07,,01,04,02,01,01,01,02,01,15,FE,W,NJ 35,,,,25,50,26,40.271650,74.043430,N,,37227
2018133718OT30077,MONMOUTH,OCEAN TWP,12/11/2018,TU,0956,01,OCEAN TWP PD (MONMOUTH),372,0,0,0,0,P,B,N,N,01,2,NJ 35,N,35,,00000035__,26.58,02,,01,04,02,01,01,01,01,,10,FE,N,DEAL RD,,,,50,40,26,40.247850,74.055050,N,,37275
2018133718OT30085,MONMOUTH,OCEAN TWP,12/11/2018,TU,1131,01,OCEAN TWP PD (MONMOUTH),42,0,0,0,0,P,B,N,N,12,1,WEST PARK AVE,W,,,13361373__,2.88,07,,01,04,02,01,01,01,,01,20,FE,E,GARRITY PL,,,,40,25,24,,,N,,37244
2018133718OT30097,MONMOUTH,OCEAN TWP,12/11/2018,TU,1526,01,OCEAN TWP PD (MONMOUTH),52,0,0,0,0,P,B,N,N,02,2,NJ 35,N,35,,00000035__,25.99,02,,01,04,02,01,01,01,05,01,20,FE,S,ALLENHURST AVE,,,,50,25,26,,,N,,37241
2018133718OT30117,MONMOUTH,OCEAN TWP,12/11/2018,TU,2046,01,OCEAN TWP PD (MONMOUTH),ZONE 54,0,1,0,0,I,B,N,N,01,2,DEAL RD,E,,,13371368__,1.95,07,,01,04,02,01,06,01,05,01,150,FE,W,POPLAR RD / ROLLER RD,,,,45,40,26,40.251040,74.051960,N,,37274
2018133718OT30158,MONMOUTH,OCEAN TWP,12/12/2018,WE,1155,01,OCEAN TWP PD (MONMOUTH),52,0,0,0,0,P,B,N,N,01,2,NJ 35,N,35,,00000035__,26.50,02,,01,04,02,01,01,01,01,01,15,FE,,,T,DEAL RD,EB,50,,26,40.251360,74.035000,N,,37248
2018133718OT30198,MONMOUTH,OCEAN TWP,12/12/2018,WE,1757,01,OCEAN TWP PD (MONMOUTH),ZONE 53,0,1,0,0,I,B,N,N,03,2,MONMOUTH COUNTY 15,N,15,,13000015__,3.19,05,,01,04,02,01,06,01,05,01,200,FE,S,W PARK AVE,,,,35,35,26,40.270970,74.015870,N,,37263
2018133718OT30247,MONMOUTH,OCEAN TWP,12/13/2018,TH,1142,01,OCEAN TWP PD (MONMOUTH),53,0,0,0,0,P,I,N,N,03,2,MONMOUTH COUNTY 15,N,15,,13000015__,3.16,05,,01,04,02,01,01,01,05,01,,AT,,LAIRD ST,,,,35,25,26,40.270060,74.015600,N,,37248