Year(4)-CountyCode(2)-MunicipalityCode(2)-CaseNumber(9),County Name,Municipality Name,Crash Date,Crash Day of Week,Crash Time,Police Department Code,Police Department,Police Station,Total Killed,Total Injured,Pedestrians Killed,Pedestrians Injured,Severity,Intersection,Alcohol Involved,Hazmat Involved,Crash Type,Total Vehicles,Location,Location Direction,Route,Route Suffix,Std Rte Identifier,MilePost,Road System,Road Character,Road Horizontal Alignment,Road Grade,Road Surface Type,Surface Condition,Light Condition,Environmental Condition,Road Divided By,Temporary Traffic Control Zone,Distance To Cross Street,Unit Of Measurement,Direction From Cross Street,Cross Street Name,Is Ramp,Ramp To/From Route Name,Ramp To/From Route Direction,Posted Speed,Posted Speed Cross Street,First Harmful Event,Latitude,Longitude,Cell Phone In Use Flag,Other Property Damage,Reporting Badge No.
2018133818OP04783,MONMOUTH,OCEANPORT BORO,06/02/2018,SA,1642,01,OCEANPORT PD,OCEANPORT PD,0,0,0,0,P,I,N,N,11,1,CRESCENT PL,W,,,,,07,,01,04,02,01,01,01,05,05,,AT,E,OCEANPORT AVENUE,,CR 11,,35,40,51,40.307640,74.019540,N,MONMOUTH PARK RACE TRACK (NO LEFT TURN SIGN BOARD),38042
2018133818OP04784,MONMOUTH,OCEANPORT BORO,06/02/2018,SA,1754,01,OCEANPORT PD,OCEANPORT PD,0,0,0,0,P,I,N,N,01,2,MONMOUTH COUNTY 11 II,N,11,2,130000112_,,05,,01,04,02,01,01,01,05,01,,AT,W,HILDRETH AVENUE,,,,35,35,26,40.316380,74.032600,N,,38042
2018133818OP04842,MONMOUTH,OCEANPORT BORO,06/05/2018,TU,1211,01,OCEANPORT PD,OCEANPORT,0,0,0,0,P,B,N,N,08,2,POCONO AVE,S,,,,,07,,01,04,02,01,01,01,05,01,100,FE,E,PORT AU PECK AVE,,,,25,25,26,,,N,,38048
2018133818OP04917,MONMOUTH,OCEANPORT BORO,06/08/2018,FR,1316,01,OCEANPORT PD,OCEANPORT PD,0,0,0,0,P,I,N,N,03,2,MONMOUTH COUNTY 11 II,S,11,2,130000112_,.00,05,,01,04,02,01,01,01,,,,AT,,PORT AU PECK AVE,,,,40,40,,40.310680,74.023070,N,,38497
2018133818OP04950,MONMOUTH,OCEANPORT BORO,06/09/2018,SA,2018,01,OCEANPORT PD,OCEANPORT PD,0,0,0,0,P,B,N,N,06,2,COMANCHE DR **,N,,,13381118__,.64,07,,01,04,02,01,03,01,,01,1320,FE,N,SHREWSBURY AVE,,,,25,25,26,40.317480,74.003950,N,,38499
2018133818OP05166,MONMOUTH,OCEANPORT BORO,06/16/2018,SA,1637,01,OCEANPORT PD,OCEANPORT PD,0,0,0,0,P,B,N,N,02,2,BRIDGEWATERS DR **,W,,,13381089__,.02,07,,01,04,02,01,01,01,05,01,100,FE,E,E MAIN ST,,,,25,25,26,40.314080,74.026410,N,,38499
2018133818OP05222,MONMOUTH,OCEANPORT BORO,06/17/2018,SU,1458,01,OCEANPORT PD,OCEANPORT HQ,0,0,0,0,P,B,N,N,01,2,PORT AU PECK AVE,E,,,13381098__,.61,07,,01,04,02,01,01,01,04,01,300,FE,E,CR 11 / E MAIN ST / OCEANPORT AVE,,,,40,25,,,,N,,38040
2018133818OP05286,MONMOUTH,OCEANPORT BORO,06/19/2018,TU,1737,01,OCEANPORT PD,OCEANPORT,0,0,0,0,P,I,N,N,11,1,COMANCHE DR **,W,,,13381118__,.09,07,,01,04,02,01,01,01,05,01,,AT,E,SAGAMORE AVE,,,,25,25,56,40.319760,74.000470,N,,38051
2018133818OP05439,MONMOUTH,OCEANPORT BORO,06/22/2018,FR,1528,01,OCEANPORT PD,OCEANPORT,0,2,0,0,I,B,N,N,04,2,MAIN ST,E,,,,,07,,01,04,02,01,01,01,05,01,30,FE,E,EATONTOWN BLVD,,,,35,35,26,40.304570,74.041240,N,SMALL AMOUNT OF DAMAGE TO LIGHT POLE 7502SOPT (IN FRONT OF 172 MAIN ST),38050
2018133818OP05444,MONMOUTH,OCEANPORT BORO,06/22/2018,FR,2258,01,OCEANPORT PD,OCEANPORT PD,0,0,0,0,P,I,N,N,03,2,MONMOUTH COUNTY 11 III,W,11,3,130000113_,.80,05,,01,04,02,02,06,02,05,01,,AT,,CRESCENT PL,,,,40,35,26,40.308770,74.015080,N,,38497
2018133818OP05448,MONMOUTH,OCEANPORT BORO,06/23/2018,SA,0113,01,OCEANPORT PD,OCEANPORT PD,0,0,0,0,P,B,Y,N,06,2,BRANCH AVE **,S,,,13381079__,.00,07,,01,04,02,02,06,01,05,01,35,FE,,WOLFHILL AVE,,,,25,25,26,40.306090,74.033530,N,,38497
2018133818OP05555,MONMOUTH,OCEANPORT BORO,06/25/2018,MO,1519,01,OCEANPORT PD,OCEANPORT PD,0,0,0,0,P,B,N,N,01,2,ROUTE 537,W,537,,00000537__,66.06,05,,01,04,02,01,01,01,05,05,20,FE,E,CR 71 / MONMOUTH RD,,,,35,35,26,40.304530,74.040000,N,,38050
2018133818OP06173,MONMOUTH,OCEANPORT BORO,07/10/2018,TU,1817,01,OCEANPORT PD,OCEANPORT PD,1,0,0,0,F,I,N,N,03,2,MONMOUTH COUNTY 11 III,S,11,3,130000113_,1.09,05,,01,04,02,01,01,01,05,01,,AT,,PORT AU PECK AVE,,,,40,40,26,40.308790,74.026520,N,PAVEMENT DAMAGED DUE TO VEHICLE FIRE,38047
2018133918-1-AC,MONMOUTH,HAZLET TWP,01/02/2018,TU,0901,01,HAZLET TWP PD,HQ,0,0,0,0,P,B,N,N,01,2,NJ 36,E,36,,00000036__,20.95,02,,02,04,02,01,01,01,02,01,5,FE,N,LAUREL AVE,,,,50,35,26,40.437150,74.141000,N,,78
2018133918-10-AC,MONMOUTH,HAZLET TWP,01/07/2018,SU,1205,01,HAZLET TWP PD,,0,0,0,0,P,B,N,N,01,2,NJ 35,E,35,,00000035__,41.75,02,,01,04,02,01,01,01,01,01,500,FE,W,BETHANY RD / POOLE AVE,,,,50,35,26,,,N,,95
2018133918-101-AC,MONMOUTH,HAZLET TWP,02/17/2018,SA,2310,01,HAZLET TWP PD,HQ,0,1,0,0,I,I,N,N,04,2,LAUREL AVE,,,,13391283__,.49,07,,03,04,02,03,06,03,05,01,,AT,,LILLIAN DR,,,,35,35,26,,,N,,89
2018133918-102-AC,MONMOUTH,HAZLET TWP,02/18/2018,SU,0209,01,HAZLET TWP PD,HAZLET PD,0,1,0,0,I,B,N,N,11,1,LAUREL AVE,W,,,13391283__,.49,07,,02,04,02,03,06,02,05,01,25,FE,E,LILLIAN DR,,,,35,25,,,,N,FRONT LAWN AND TREE - TIMOTHY CUNNINGHAM - 568 SOUTH LAUREL AVE HAZLET TOWNSHIP?,82
2018133918-1022,MONMOUTH,HAZLET TWP,01/29/2018,MO,1559,01,KEYPORT PD,,0,0,0,0,P,B,N,N,01,2,GARDEN STATE PARKWAY,E,444,,00000444__,118.40,03,,03,04,02,01,01,01,03,01,10,FE,W,,T,NJ 35,SB,50,,26,,,N,,24
2018133918-105-AC,MONMOUTH,HAZLET TWP,02/20/2018,TU,0719,01,HAZLET TWP PD,HAZLET PD,0,0,0,0,P,I,N,N,01,2,ROUTE 516,,516,,00000516__,12.60,05,,01,06,02,02,01,05,05,01,,AT,,NAPPI CT,,,,35,25,26,,,N,,96
2018133918-106-AC,MONMOUTH,HAZLET TWP,02/20/2018,TU,0941,01,HAZLET TWP PD,HAZLET P.D,0,0,0,0,P,B,N,N,06,2,CRESCI BLVD,S,,,,,07,,01,04,02,00,00,00,05,01,200,FE,S,GALWAY DR,,,,25,25,28,,,N,,101
2018133918-107-AC,MONMOUTH,HAZLET TWP,02/20/2018,TU,1326,01,HAZLET TWP PD,HAZLET P.D,0,0,0,0,P,B,N,N,11,1,NJ 35,N,35,,00000035__,41.99,02,,01,04,02,01,01,01,01,01,800,FE,N,BETHANY RD / POOLE AVE,,,,50,35,52,,,N,UTILITY LINES SNAPPED & POLE # BT40053 DESTROYED - VERIZON - 980 HOOPER AVE TOM?,101
2018133918-10783,MONMOUTH,HAZLET TWP,10/28/2018,SU,0558,01,KEYPORT PD,,0,0,0,0,P,B,N,N,11,1,GARDEN STATE PARKWAY,S,444,,00000444__,118.40,03,,03,05,02,02,02,01,01,01,250,FE,N,NJ 36,,,,25,50,,,,N,,34
2018133918-108-AC,MONMOUTH,HAZLET TWP,02/20/2018,TU,1852,01,HAZLET TWP PD,,0,0,0,0,P,B,N,N,01,2,NJ 36,,36,,00000036__,23.22,02,,01,04,02,01,06,01,01,01,100,FE,E,POOLE AVE,,,,50,35,26,,,N,,71
2018133918-11-AC,MONMOUTH,HAZLET TWP,01/07/2018,SU,1253,01,HAZLET TWP PD,HQ,0,0,0,0,P,R,N,N,01,2,BETHANY RD,,,,,,07,,01,04,02,02,01,01,05,01,1000,FE,W,NJ 35,,,,35,50,26,,,N,,89
2018133918-110-AC,MONMOUTH,HAZLET TWP,02/21/2018,WE,1751,01,HAZLET TWP PD,HAZLET TWP,0,0,0,0,P,B,N,N,01,2,ROUTE 516,,516,,00000516__,11.24,05,,01,04,02,01,06,01,05,01,75,FE,E,POOLE AVE,,,,35,35,26,,,N,,93
2018133918-111-AC,MONMOUTH,HAZLET TWP,02/21/2018,WE,2338,01,HAZLET TWP PD,,0,0,0,0,P,B,N,N,11,1,NJ 36,,36,,00000036__,22.47,02,,01,05,02,02,06,01,05,01,,,,,,,,15,,54,,,N,TWO POLES AND CHAIN KNOCKED OVER IN PARKING LOT - HOLY FAMILY CHURCH - 910 HIGH?,100
2018133918-112-AC,MONMOUTH,HAZLET TWP,02/22/2018,TH,1053,01,HAZLET TWP PD,,0,0,0,0,P,B,N,N,01,2,NJ 36,S,36,,00000036__,23.58,02,,03,04,02,02,01,02,05,01,50,FE,S,ROUTE 516 / MIDDLE RD,,,,25,35,26,,,N,,92
2018133918-113-AC,MONMOUTH,HAZLET TWP,02/23/2018,FR,0550,01,HAZLET TWP PD,HQ,0,0,0,0,P,B,N,N,01,2,NJ 36,N,36,,00000036__,23.56,02,,01,04,02,02,06,05,01,01,150,FE,S,ROUTE 516 / MIDDLE RD,,,,50,35,26,,,N,,89
2018133918-114-AC,MONMOUTH,HAZLET TWP,02/23/2018,FR,0750,01,HAZLET TWP PD,HAZLET PD,0,0,0,0,P,B,N,N,01,2,BETHANY RD,N,,,,,07,,01,04,02,02,01,02,05,01,5,FE,S,CR 4,,,,35,35,26,,,N,,99
2018133918-116-AC,MONMOUTH,HAZLET TWP,02/23/2018,FR,2303,01,HAZLET TWP PD,,0,0,0,0,P,B,N,N,01,2,NJ 36,E,36,,00000036__,22.01,02,,01,04,02,02,06,02,01,01,1400,FE,E,ROSE LN,,,,50,25,26,,,N,,95
2018133918-11788,MONMOUTH,HAZLET TWP,12/02/2018,SU,1432,01,KEYPORT PD,,0,0,0,0,P,B,N,N,11,1,GARDEN STATE PARKWAY,E,444,,00000444__,118.40,03,,02,05,02,02,01,02,01,01,250,FE,W,NJ 36,,,,25,50,,,,N,,34
2018133918-11804,MONMOUTH,HAZLET TWP,12/03/2018,MO,0847,01,KEYPORT PD,KEYPORT,0,1,0,0,I,B,N,N,01,2,CLARK ST **,W,,,13221061__,.00,07,,01,04,02,02,01,01,04,01,20,FE,E,BROADWAY,,,,25,35,26,,,N,,31
2018133918-119-AC,MONMOUTH,HAZLET TWP,02/26/2018,MO,1304,01,HAZLET TWP PD,,0,0,0,0,P,B,N,N,01,2,NJ 36,E,36,,00000036__,22.66,02,,01,04,02,01,01,01,01,01,5,FE,W,CR 6 / STONE RD,,,,50,35,26,,,N,,73
2018133918-120-AC,MONMOUTH,HAZLET TWP,02/26/2018,MO,1453,01,HAZLET TWP PD,,0,1,0,1,I,B,N,N,13,1,255 MIDDLE RD,S,,,,,09,,01,04,02,01,01,01,05,01,,,,,,,,15,,26,,,N,,73
2018133918-12034,MONMOUTH,HAZLET TWP,12/10/2018,MO,0736,01,KEYPORT PD,,0,1,0,0,I,I,N,N,01,2,CLARK ST **,W,,,13221061__,.00,07,,01,06,02,01,01,01,05,01,,AT,,PHYLLIS STREET,,,,25,25,26,,,N,,20
2018133918-121-AC,MONMOUTH,HAZLET TWP,02/27/2018,TU,1006,01,HAZLET TWP PD,HAZLET PD,0,0,0,0,P,B,N,N,11,1,1170 STATE HIGHWAY 36,,,,,,09,,01,04,02,01,01,01,05,01,,,,,,,,15,,69,,,N,,96
2018133918-12245,MONMOUTH,HAZLET TWP,12/18/2018,TU,0840,01,KEYPORT PD,KEYPORT,0,1,0,0,I,B,N,N,01,3,GARDEN STATE PARKWAY,W,444,,00000444__,118.40,03,,01,06,02,01,01,01,03,01,200,FE,W,,F,NJ 36,NB,35,,26,,,N,,
2018133918-126-AC,MONMOUTH,HAZLET TWP,03/03/2018,SA,1026,01,HAZLET TWP PD,,0,1,0,0,I,B,N,N,01,2,NJ 35,S,35,,00000035__,41.83,02,,03,04,02,01,01,01,04,,35,FE,S,BETHANY RD / POOLE AVE,,,,50,35,26,,,N,,92
2018133918-128-AC,MONMOUTH,HAZLET TWP,03/03/2018,SA,1414,01,HAZLET TWP PD,,0,0,0,0,P,B,N,N,08,2,305 MIDDLE RD,E,,,,,09,,01,04,02,01,01,01,05,01,,,,,,,,15,,26,,,N,,72
2018133918-129-AC,MONMOUTH,HAZLET TWP,03/03/2018,SA,1431,01,HAZLET TWP PD,HAZLET PD,0,0,0,0,P,B,N,N,01,2,BETHANY RD,N,,,,,07,,01,04,02,01,01,01,05,01,50,FE,S,CR 4,,,,35,35,26,,,N,,99
2018133918-130-AC,MONMOUTH,HAZLET TWP,03/03/2018,SA,1448,01,HAZLET TWP PD,,0,0,0,0,P,I,N,N,03,2,BETHANY RD,N,,,,,07,,01,06,02,01,01,01,04,01,,AT,,HAZLET AVE,,,,35,35,26,,,N,,92
2018133918-131-AC,MONMOUTH,HAZLET TWP,03/03/2018,SA,1624,01,HAZLET TWP PD,,0,1,0,0,I,B,N,N,02,2,ROUTE 516,,516,,00000516__,11.24,05,,03,04,02,01,01,01,05,01,60,FE,E,POOLE AVE,,,,35,35,26,,,N,,72
2018133918-132-AC,MONMOUTH,HAZLET TWP,03/03/2018,SA,1929,01,HAZLET TWP PD,HQ,0,0,0,0,P,B,N,N,05,2,ROUTE 516,,516,,00000516__,11.15,05,,01,04,02,01,06,01,05,01,100,FE,E,HAZELET AVE,,,,35,30,26,,,N,,89
2018133918-133-AC,MONMOUTH,HAZLET TWP,03/04/2018,SU,1341,01,HAZLET TWP PD,,0,0,0,0,P,I,N,N,07,2,FLEETWOOD DR,N,,,,,07,,01,04,02,01,01,01,04,01,,AT,,LAFAYETTE DR,,,,25,25,26,,,N,,72
2018133918-136-AC,MONMOUTH,HAZLET TWP,03/06/2018,TU,0622,01,HAZLET TWP PD,,0,1,0,0,I,B,N,N,02,3,NJ 36,W,36,,00000036__,23.78,02,,01,04,02,01,01,01,01,01,1000,FE,E,ROUTE 516 / MIDDLE RD,,,,50,35,26,,,N,,
2018133918-137-AC,MONMOUTH,HAZLET TWP,03/07/2018,WE,1244,01,HAZLET TWP PD,HAZLET PD,0,1,0,0,I,B,N,N,01,2,ROUTE 516,W,516,,00000516__,12.29,05,,01,05,02,05,01,03,05,01,250,FE,E,UNION AVE,,,,35,35,26,,,N,,100
2018133918-14-AC,MONMOUTH,HAZLET TWP,01/08/2018,MO,1559,01,HAZLET TWP PD,,0,0,0,0,P,B,N,N,01,2,CLARK ST,N,,,,,07,,01,04,02,02,01,02,05,01,15,FE,S,NJ 35,,,,35,50,26,,,N,,68
2018133918-140-AC,MONMOUTH,HAZLET TWP,03/08/2018,TH,0731,01,HAZLET TWP PD,HAZLET TWP,0,1,0,0,I,B,N,N,01,2,NJ 36,,36,,00000036__,22.21,02,,01,04,02,04,01,01,05,01,,,,,T,UNION AVENUE,EB,35,,26,,,N,,85
2018133918-141-AC,MONMOUTH,HAZLET TWP,03/08/2018,TH,1639,01,HAZLET TWP PD,HAZLET TWP,0,0,0,0,P,B,N,N,01,3,NJ 36,,36,,00000036__,23.11,02,,01,04,02,01,01,01,01,01,500,FE,W,POOLE AVE,,,,50,35,26,,,N,,
2018133918-142-AC,MONMOUTH,HAZLET TWP,03/08/2018,TH,1747,01,HAZLET TWP PD,HQ,0,1,0,0,I,B,N,N,01,2,ROUTE 516,S,516,,00000516__,11.35,05,,01,04,02,01,01,01,05,,15,FE,S,BROMLEY AVE,,,,35,25,26,40.427300,74.177180,N,,78
2018133918-143-AC,MONMOUTH,HAZLET TWP,03/08/2018,TH,1952,01,HAZLET TWP PD,,0,4,0,0,I,B,Y,N,01,3,POOLE AVE,,,,13391282__,.00,07,,01,04,02,02,07,01,05,01,10,FE,S,NJ 36,,,,35,50,26,,,N,,
2018133918-145-AC,MONMOUTH,HAZLET TWP,03/09/2018,FR,0105,01,HAZLET TWP PD,HAZLET P.D,0,0,0,0,P,B,N,N,11,1,SEAGATE AVE,N,,,,,07,,02,04,02,04,06,01,05,01,100,FE,S,NJ 36,,,,35,50,56,,,N,,101
2018133918-146-AC,MONMOUTH,HAZLET TWP,03/09/2018,FR,0838,01,HAZLET TWP PD,HAZLET P.D,0,0,0,0,P,B,N,N,01,2,NJ 36,W,36,,00000036__,23.58,02,,01,04,02,01,01,01,01,01,50,FE,W,ROUTE 516 / MIDDLE RD,,,,50,35,26,,,Y,,100
2018133918-148-AC,MONMOUTH,HAZLET TWP,03/09/2018,FR,1924,01,HAZLET TWP PD,HAZLET TWP,0,0,0,0,P,B,Y,N,01,2,LAUREL AVE,,,,13181305__,1.06,07,,01,04,02,01,06,01,05,01,75,FE,S,NJ 36,,,,35,50,26,,,N,,93
2018133918-15-AC,MONMOUTH,HAZLET TWP,01/09/2018,TU,0651,01,HAZLET TWP PD,HAZLET PD,0,0,0,0,P,B,N,N,01,2,MONMOUTH COUNTY 7 I,,7,1,130000071_,1.72,05,,01,04,02,04,01,01,05,01,5,FE,N,NJ 36,,,,40,50,26,,,N,,90
2018133918-151-AC,MONMOUTH,HAZLET TWP,03/10/2018,SA,2157,01,HAZLET TWP PD,,0,1,0,0,I,I,N,N,03,2,NJ 35,S,35,,00000035__,42.69,02,,01,04,02,01,06,01,05,01,,AT,E,CR 4 / HOLMDEL RD,,,,50,35,26,,,N,TRAFFIC LIGHT - NJ DOT - 1400 NEGRON WAY HAMILTON NJ 08619,91
2018133918-1517,MONMOUTH,HAZLET TWP,02/11/2018,SU,1658,01,KEYPORT PD,,0,0,0,0,P,I,N,N,11,1,GARDEN STATE PARKWAY,S,444,,00000444__,,03,,03,05,02,02,03,02,01,01,,AT,N,NJ 36,,,,30,50,58,,,N,GARDEN STATE PARKWAY WOODEN SIGN POST,29
2018133918-152-AC,MONMOUTH,HAZLET TWP,03/12/2018,MO,0322,01,HAZLET TWP PD,,0,0,0,0,P,B,N,N,12,1,NJ 36,E,36,,00000036__,23.05,02,,01,04,02,01,06,01,01,01,800,FE,W,POOLE AVE,,,,50,35,24,,,N,,95
2018133918-153-AC,MONMOUTH,HAZLET TWP,03/12/2018,MO,1751,01,HAZLET TWP PD,,0,1,0,0,I,B,N,N,07,2,BETHANY RD,E,,,,,07,,01,04,02,01,01,01,05,01,500,FE,W,NJ 35,,,,35,50,26,,,N,,73
2018133918-155-AC,MONMOUTH,HAZLET TWP,03/15/2018,TH,1203,01,HAZLET TWP PD,,0,0,0,0,P,B,N,N,02,2,BETHANY RD,,,,,,05,,01,04,02,01,01,01,05,01,30,FE,N,CR 4,,,,35,35,26,,,N,,85
2018133918-157-AC,MONMOUTH,HAZLET TWP,03/16/2018,FR,1514,01,HAZLET TWP PD,,0,0,0,0,P,I,N,N,03,2,HUDSON AVE,,,,,,07,,01,04,02,01,01,01,05,01,,AT,,NJ 36,,,,25,50,26,,,N,,85
2018133918-158-AC,MONMOUTH,HAZLET TWP,03/16/2018,FR,1433,01,HAZLET TWP PD,HAZLET PD,0,3,0,0,I,I,N,N,03,2,NJ 36,E,36,,00000036__,20.95,02,,01,04,02,01,01,01,01,01,,AT,,LAUREL AVE,,,,50,35,26,,,N,,100
2018133918-159-AC,MONMOUTH,HAZLET TWP,03/16/2018,FR,1632,01,HAZLET TWP PD,HAZLET PD,0,0,0,0,P,B,N,N,03,2,FLORENCE AVE,,,,,,07,,01,04,02,01,01,01,04,01,100,FE,E,CR 4,,,,35,35,26,,,N,,96
2018133918-16-AC,MONMOUTH,HAZLET TWP,01/09/2018,TU,0755,01,HAZLET TWP PD,HQ,0,0,0,0,P,B,N,N,01,2,NJ 36,N,36,,00000036__,23.55,02,,01,04,02,01,01,01,01,,200,FE,W,ROUTE 516 / MIDDLE RD,,,,50,35,26,,,N,,78
2018133918-162-AC,MONMOUTH,HAZLET TWP,03/18/2018,SU,1312,01,HAZLET TWP PD,,0,0,0,0,P,B,N,N,04,2,HEMLOCK ST,W,,,,,07,,01,04,02,01,01,01,05,01,5,FE,E,SEAGATE AVE,,,,25,25,26,,,N,,92
2018133918-163-AC,MONMOUTH,HAZLET TWP,03/19/2018,MO,1354,01,HAZLET TWP PD,,0,0,0,0,P,B,N,N,08,2,65 HAZLET AVE,N,,,,,10,,01,04,02,01,01,01,05,01,,,,,,,,15,,26,,,N,,83
2018133918-168-AC,MONMOUTH,HAZLET TWP,03/21/2018,WE,2335,01,HAZLET TWP PD,,0,0,0,0,P,I,N,N,02,2,LAUREL AVE,N,,,13391283__,.65,07,,01,04,02,03,06,03,05,,,AT,,CLARK ST,,,,35,25,26,,,N,,91
2018133918-169-AC,MONMOUTH,HAZLET TWP,03/23/2018,FR,0145,01,HAZLET TWP PD,HAZLET TWP,0,0,0,0,P,B,Y,N,06,2,MONMOUTH COUNTY 7 I,,7,1,130000071_,2.68,05,,01,04,02,01,06,01,05,01,150,FE,N,JOHNSON TER,,,,35,25,28,,,N,,93
2018133918-17-AC,MONMOUTH,HAZLET TWP,01/09/2018,TU,0833,01,HAZLET TWP PD,,0,0,0,0,P,B,N,N,01,2,NJ 35,S,35,,00000035__,42.74,02,,01,04,02,02,01,01,01,01,250,FE,N,CR 4 / HOLMDEL RD,,,,50,35,26,,,N,,74
2018133918-170-AC,MONMOUTH,HAZLET TWP,03/23/2018,FR,0940,01,HAZLET TWP PD,,0,1,0,0,I,B,N,N,02,2,NJ 36,W,36,,00000036__,21.14,02,,01,04,02,01,01,01,01,01,10,FE,E,CENTRAL AVE,,,,50,25,26,,,N,,73
2018133918-172-AC,MONMOUTH,HAZLET TWP,03/24/2018,SA,1511,01,HAZLET TWP PD,HAZLET TWP,0,1,0,0,I,B,N,N,01,4,NJ 35,,35,,00000035__,42.81,02,,01,04,02,01,01,01,01,01,50,FE,N,BEDLE RD,,,,50,25,26,,,N,,
2018133918-173-AC,MONMOUTH,HAZLET TWP,03/24/2018,SA,1608,01,HAZLET TWP PD,HAZLET TWP,0,1,0,0,I,I,N,N,01,2,NJ 35,,35,,00000035__,42.22,02,,01,04,02,01,01,01,01,,,AT,,PAUL ST,,,,50,25,26,,,N,,96
2018133918-174-AC,MONMOUTH,HAZLET TWP,03/24/2018,SA,1756,01,HAZLET TWP PD,HAZLET TWP,0,0,0,0,P,B,N,N,01,2,NJ 36,N,36,,00000036__,20.92,02,,01,04,02,01,01,01,01,01,150,FE,S,LAUREL AVE,,,,50,35,26,,,N,,93
2018133918-18-AC,MONMOUTH,HAZLET TWP,01/09/2018,TU,1130,01,HAZLET TWP PD,,0,0,0,0,P,I,N,N,03,2,NJ 36,N,36,,00000036__,23.20,02,,01,04,02,01,01,01,01,01,,AT,,POOLE AVE,,,,50,35,26,,,N,,74
2018133918-180-AC,MONMOUTH,HAZLET TWP,03/28/2018,WE,1639,01,HAZLET TWP PD,,0,0,0,0,P,B,N,N,11,1,COMPTON AVE,S,,,,,07,,01,04,02,02,01,05,05,01,25,FE,S,NJ 36,,,,25,50,59,,,N,FENCE/POST DAMAGE - STEPHEN DILLON - 1 COMPTON AVE HAZLET TOWNSHIP NJ 07730,72
2018133918-181-AC,MONMOUTH,HAZLET TWP,03/29/2018,TH,0807,01,HAZLET TWP PD,,0,0,0,0,P,B,N,N,01,2,ROUTE 516,N,516,,00000516__,12.23,05,,01,05,02,02,01,02,04,01,30,FE,S,UNION AVE,,,,35,35,26,,,N,,92
2018133918-185-AC,MONMOUTH,HAZLET TWP,03/30/2018,FR,1617,01,HAZLET TWP PD,HAZLET,0,1,0,0,I,B,N,N,01,3,NJ 36,E,36,,00000036__,23.40,02,,01,04,02,02,01,02,01,01,1000,FE,W,ROUTE 516 / MIDDLE RD,,,,50,35,26,,,N,,
2018133918-187-AC,MONMOUTH,HAZLET TWP,03/31/2018,SA,1910,01,HAZLET TWP PD,HQ,0,0,0,0,P,I,N,N,02,2,NJ 35,N,35,,00000035__,42.29,02,,01,05,02,01,01,01,01,01,,AT,,HAZLET AVE,,,,50,35,26,,,N,,78
2018133918-188-AC,MONMOUTH,HAZLET TWP,04/01/2018,SU,0858,01,HAZLET TWP PD,,0,0,0,0,P,B,N,N,06,3,NORTH STEVENS PL,,,,,,07,,01,04,02,01,01,01,05,01,100,FE,E,RUTGERS ST,,,,25,25,26,,,N,,
2018133918-1886,MONMOUTH,HAZLET TWP,02/21/2018,WE,1607,01,KEYPORT PD,KEYPORT,0,0,0,0,P,B,N,N,01,2,GARDEN STATE PARKWAY,S,444,,00000444__,118.40,03,,03,04,02,01,01,01,03,01,10,FE,N,,T,NJ 35,,30,,26,,,N,,31
2018133918-190-AC,MONMOUTH,HAZLET TWP,04/02/2018,MO,1141,01,HAZLET TWP PD,,0,0,0,0,P,B,N,N,01,2,NJ 36,E,36,,00000036__,23.58,02,,01,04,02,02,01,03,01,01,50,FE,W,ROUTE 516 / MIDDLE RD,,,,50,35,26,,,N,,88
2018133918-192-AC,MONMOUTH,HAZLET TWP,04/02/2018,MO,1654,01,HAZLET TWP PD,HAZLET PD,0,0,0,0,P,B,N,N,01,2,HAZLET AVE,E,,,,,07,,01,04,02,01,01,01,05,01,20,FE,W,NJ 35,,,,35,50,26,,,N,,97
2018133918-193-AC,MONMOUTH,HAZLET TWP,04/02/2018,MO,1715,01,HAZLET TWP PD,HAZLET PD,0,0,0,0,P,B,N,N,02,2,HAZLET AVE,E,,,,,07,,01,04,02,01,01,01,05,01,30,FE,W,NJ 35,,,,35,50,26,,,N,,97
2018133918-198-AC,MONMOUTH,HAZLET TWP,04/05/2018,TH,1735,01,HAZLET TWP PD,HAZLET P.D,0,0,0,0,P,B,N,N,01,2,POOLE AVE,N,,,13391282__,,07,,03,04,02,01,01,01,05,01,10,FE,S,ROUTE 516,,,,35,35,26,,,N,,101
2018133918-199-AC,MONMOUTH,HAZLET TWP,04/06/2018,FR,0138,01,HAZLET TWP PD,,0,0,0,0,P,I,Y,N,11,1,MASON DR,S,,,,,07,,01,04,02,01,06,01,05,01,,AT,,EAST SUSAN ST,,,,25,25,,,,N,TIRE MARKS ON FRONT LAWN - ROBERT ELLIS - 25 MASON DR HAZLET TOWNSHIP NJ 07730,95
2018133918-20-AC,MONMOUTH,HAZLET TWP,01/09/2018,TU,1815,01,HAZLET TWP PD,HAZLET TWP,0,1,0,0,I,B,N,N,01,3,HAZLET AVE,,,,,,07,,01,04,02,04,06,01,05,01,1000,FE,W,NJ 35,,,,35,50,26,,,N,,
2018133918-200-AC,MONMOUTH,HAZLET TWP,04/06/2018,FR,2104,01,HAZLET TWP PD,HAZLET PD,0,2,0,0,I,B,Y,N,01,2,NJ 36,,36,,00000036__,20.94,02,,01,04,02,01,06,01,01,01,50,FE,W,LAUREL AVE,,,,50,35,26,,,N,,91
2018133918-2053,MONMOUTH,HAZLET TWP,02/25/2018,SU,1333,01,KEYPORT PD,,0,0,0,0,P,I,N,N,11,1,NJ 36,E,36,,00000036__,,02,,03,05,02,02,01,02,01,01,,AT,W,GARDEN STATE PARKWAY RAMP,,,,30,50,47,,,N,BROKEN GUARD RAIL POST,29
2018133918-206-AC,MONMOUTH,HAZLET TWP,04/10/2018,TU,1822,01,HAZLET TWP PD,,0,0,0,0,P,I,N,N,04,2,NJ 35,N,35,,00000035__,41.84,02,,01,04,02,01,01,01,01,01,,AT,,BETHANY RD / POOLE AVE,,,,50,35,26,,,N,,74
2018133918-207-AC,MONMOUTH,HAZLET TWP,04/11/2018,WE,1016,01,HAZLET TWP PD,HAZLET P.D,0,0,0,0,P,B,N,N,03,2,NJ 36,S,36,,00000036__,23.78,02,,01,04,02,01,01,01,01,01,1000,FE,N,ROUTE 516 / MIDDLE RD,,,,50,35,26,,,N,,101