Year(4)-CountyCode(2)-MunicipalityCode(2)-CaseNumber(9),County Name,Municipality Name,Crash Date,Crash Day of Week,Crash Time,Police Department Code,Police Department,Police Station,Total Killed,Total Injured,Pedestrians Killed,Pedestrians Injured,Severity,Intersection,Alcohol Involved,Hazmat Involved,Crash Type,Total Vehicles,Location,Location Direction,Route,Route Suffix,Std Rte Identifier,MilePost,Road System,Road Character,Road Horizontal Alignment,Road Grade,Road Surface Type,Surface Condition,Light Condition,Environmental Condition,Road Divided By,Temporary Traffic Control Zone,Distance To Cross Street,Unit Of Measurement,Direction From Cross Street,Cross Street Name,Is Ramp,Ramp To/From Route Name,Ramp To/From Route Direction,Posted Speed,Posted Speed Cross Street,First Harmful Event,Latitude,Longitude,Cell Phone In Use Flag,Other Property Damage,Reporting Badge No.
2018133918-478-AC,MONMOUTH,HAZLET TWP,07/15/2018,SU,0749,01,HAZLET TWP PD,HAZLET PD,0,0,0,0,P,I,N,N,11,1,NJ 35,W,35,,00000035__,41.40,02,,01,04,02,02,01,02,01,01,,AT,,MILLER AVE,,,,50,25,48,,,N,,96
2018133918-479-AC,MONMOUTH,HAZLET TWP,07/15/2018,SU,2134,01,HAZLET TWP PD,HAZLET TWP,0,0,0,0,P,B,N,N,01,2,NJ 36,S,36,,00000036__,23.64,02,,01,04,02,01,06,01,01,01,250,FE,N,ROUTE 516 / MIDDLE RD,,,,50,35,26,,,N,,93
2018133918-48-AC,MONMOUTH,HAZLET TWP,01/20/2018,SA,1439,01,HAZLET TWP PD,HAZLET PD,0,3,0,0,I,I,N,N,03,3,NJ 35,,35,,00000035__,41.84,02,,01,04,02,01,01,01,01,01,,AT,S,BETHANY RD / POOLE AVE,,,,50,35,26,,,N,TRAFFIC POLE BASE BROKEN AND POLE LEANING - NJ DOT - 14000 NEGRON WAY HAMILTON ?,
2018133918-484-AC,MONMOUTH,HAZLET TWP,07/18/2018,WE,2319,01,HAZLET TWP PD,HAZLET P.D,0,1,0,0,I,B,N,N,11,1,NJ 36,N,36,,00000036__,23.39,02,,01,04,02,01,06,01,01,01,,,,,,,,15,,39,,,N,WOOD AND STONE SECTION OF RETAINING WALL DAMAGED - LUMBER SUPER MART - 1201 STA?,101
2018133918-486-AC,MONMOUTH,HAZLET TWP,07/19/2018,TH,1425,01,HAZLET TWP PD,HAZLET PD,0,0,0,0,P,B,N,N,03,2,POOLE AVE,W,,,13391282__,.01,07,,01,04,02,01,01,01,05,01,50,FE,E,NJ 36,,,,35,50,26,,,N,,99
2018133918-4872,MONMOUTH,HAZLET TWP,05/17/2018,TH,1612,01,KEYPORT PD,,0,0,0,0,P,B,N,N,01,2,GARDEN STATE PARKWAY,E,444,,00000444__,117.60,03,,03,04,02,01,01,01,03,01,15,FE,S,,T,NJ 35,SB,65,,26,,,N,,24
2018133918-489-AC,MONMOUTH,HAZLET TWP,07/19/2018,TH,1712,01,HAZLET TWP PD,HAZLET PD,0,1,0,0,I,B,N,N,02,2,NJ 36,E,36,,00000036__,23.16,02,,01,04,02,01,01,01,01,01,200,FE,W,POOLE AVE,,,,50,35,26,,,N,,82
2018133918-49-AC,MONMOUTH,HAZLET TWP,01/20/2018,SA,1643,01,HAZLET TWP PD,HAZLET TWP,0,0,0,0,P,B,N,N,06,2,1 PHYLLIS ST,,,,,,09,,01,04,02,01,01,01,05,01,,,,,,,,15,,28,,,N,,93
2018133918-4945,MONMOUTH,HAZLET TWP,05/19/2018,SA,1435,01,KEYPORT PD,,0,0,0,0,P,B,N,N,11,1,GARDEN STATE PARKWAY,S,444,,00000444__,117.60,03,,02,05,02,02,01,02,01,01,50,FE,N,NJ 36,,,,25,50,46,,,N,,34
2018133918-495-AC,MONMOUTH,HAZLET TWP,07/20/2018,FR,1640,01,HAZLET TWP PD,HQ,0,0,0,0,P,B,N,N,01,2,NJ 35,N,35,,00000035__,41.84,02,,01,04,02,01,01,01,01,,10,FE,S,BETHANY RD / POOLE AVE,,,,50,35,26,,,N,,78
2018133918-498-AC,MONMOUTH,HAZLET TWP,07/23/2018,MO,1235,01,HAZLET TWP PD,HAZLET P.D,0,0,0,0,P,B,N,N,06,2,GALEWOOD DR **,N,,,13391066__,.24,07,,01,04,02,02,01,05,05,01,20,FE,N,STONEHURST TER,,,,25,25,28,,,N,,84
2018133918-499-AC,MONMOUTH,HAZLET TWP,07/24/2018,TU,1043,01,HAZLET TWP PD,HAZLET PD,0,0,0,0,P,I,N,N,03,2,NJ 36,N,36,,00000036__,23.59,02,,01,04,02,01,01,01,01,01,,AT,S,ROUTE 516 / MIDDLE RD,,,,50,35,26,,,N,,99
2018133918-50-AC,MONMOUTH,HAZLET TWP,01/20/2018,SA,1804,01,HAZLET TWP PD,HAZLET P.D,0,0,0,0,P,B,N,N,12,1,UNION AVE,S,,,13181306__,.66,07,,01,04,02,01,07,01,05,01,400,FE,S,ROUTE 516,,,,40,35,24,,,N,,84
2018133918-501-AC,MONMOUTH,HAZLET TWP,07/25/2018,WE,0940,01,HAZLET TWP PD,,0,0,0,0,P,B,N,N,06,2,211 STATE HIGHWAY 36,N,,,,,09,,01,04,02,02,01,02,01,,,,,,,,,50,,30,,,N,,68
2018133918-503-AC,MONMOUTH,HAZLET TWP,07/25/2018,WE,1813,01,HAZLET TWP PD,,0,0,0,0,P,I,N,N,07,2,ROUTE 516,W,516,,00000516__,11.52,05,,01,04,02,01,01,01,05,01,,AT,,BROOKSIDE AVE / DARTMOUTH AVE,,,,35,25,26,,,N,,62
2018133918-504-AC,MONMOUTH,HAZLET TWP,07/25/2018,WE,1831,01,HAZLET TWP PD,HAZLET PD,0,0,0,0,P,B,N,N,11,1,NJ 35,S,35,,00000035__,41.84,02,,03,04,02,02,01,02,01,01,25,FE,E,BETHANY RD / POOLE AVE,,,,50,35,26,,,N,GRASS DAMAGED - SITIKHOIR SIMBOLON - 13 LAKE AVE EAST BRUNSWICK NJ 08816-1824,99
2018133918-505-AC,MONMOUTH,HAZLET TWP,07/26/2018,TH,0857,01,HAZLET TWP PD,,0,1,0,0,I,B,N,N,01,2,BETHANY RD,S,,,,,07,,01,04,02,01,01,01,05,01,25,FE,S,WEBSTER DR,,,,35,25,26,,,N,,68
2018133918-506-AC,MONMOUTH,HAZLET TWP,07/27/2018,FR,0114,01,HAZLET TWP PD,HQ,0,0,0,0,P,B,N,N,06,2,MARSAND DR **,,,,13391210__,.00,07,,01,04,02,01,06,01,05,01,200,FE,W,S LAUREL AVE,,,,25,35,28,,,N,,89
2018133918-507-AC,MONMOUTH,HAZLET TWP,07/27/2018,FR,1434,01,HAZLET TWP PD,HAZLET PD,0,0,0,0,P,B,N,N,02,2,NJ 35,N,35,,00000035__,42.28,02,,01,04,02,01,01,01,01,01,50,FE,S,HAZLET AVE,,,,50,35,26,,,N,,99
2018133918-508-AC,MONMOUTH,HAZLET TWP,07/28/2018,SA,0827,01,HAZLET TWP PD,HAZLET PD,0,0,0,0,P,I,N,N,01,2,NJ 36,,36,,00000036__,20.95,02,,01,04,02,01,01,01,01,01,,AT,,LAUREL AVE,,,,50,35,26,,,N,,96
2018133918-509-AC,MONMOUTH,HAZLET TWP,07/29/2018,SU,0553,01,HAZLET TWP PD,,0,0,0,0,P,B,N,N,06,2,HAZEL DR **,N,,,13391201__,.09,07,,01,06,02,01,02,01,05,01,75,FE,N,ADAM CT,,,,25,25,28,,,N,,74
2018133918-510-AC,MONMOUTH,HAZLET TWP,07/29/2018,SU,1400,01,HAZLET TWP PD,,0,2,0,0,I,B,N,N,99,1,NJ 36,N,36,,00000036__,20.90,02,,01,04,02,01,01,01,01,01,300,FE,E,CR 7 / FRANKLIN AVE / MUNROE AVE,,,,50,25,,,,N,,95
2018133918-512-AC,MONMOUTH,HAZLET TWP,07/29/2018,SU,2235,01,HAZLET TWP PD,,0,1,0,0,I,B,N,N,12,1,NJ 35,,35,,00000035__,41.68,02,,01,05,02,01,06,01,01,,850,FE,W,BETHANY RD / POOLE AVE,,,,50,35,24,,,N,,100
2018133918-515-AC,MONMOUTH,HAZLET TWP,07/31/2018,TU,1144,01,HAZLET TWP PD,HAZLET TWP,0,0,0,0,P,I,N,N,01,2,ROUTE 516,,516,,00000516__,12.78,05,,01,04,02,01,01,01,05,01,,AT,,SHORE HAVEN RD,,,,35,25,26,,,N,,85
2018133918-516-AC,MONMOUTH,HAZLET TWP,07/31/2018,TU,1345,01,HAZLET TWP PD,HAZLET TWP,0,0,0,0,P,B,N,N,03,2,LAUREL AVE,,,,13391283__,.02,07,,01,04,02,01,01,01,05,01,100,FE,N,NJ 36,,,,35,50,26,,,N,,85
2018133918-518-AC,MONMOUTH,HAZLET TWP,08/01/2018,WE,0747,01,HAZLET TWP PD,HQ,0,0,0,0,P,I,N,N,01,2,ROUTE 516,,516,,00000516__,11.23,05,,01,04,02,01,01,01,05,01,,AT,,POOLE AVE,,,,35,35,26,,,N,,89
2018133918-52-AC,MONMOUTH,HAZLET TWP,01/22/2018,MO,1310,01,HAZLET TWP PD,,0,1,0,0,I,B,N,N,01,2,FLORENCE AVE,E,,,,,07,,01,04,02,01,01,01,05,01,10,FE,W,NJ 36,,,,35,50,26,,,N,,74
2018133918-521-AC,MONMOUTH,HAZLET TWP,08/01/2018,WE,2251,01,HAZLET TWP PD,HAZLET PD,0,0,0,0,P,B,N,N,01,2,NJ 36,S,36,,00000036__,23.20,02,,01,04,02,01,06,01,01,01,5,FE,N,POOLE AVE,,,,50,35,26,,,N,,99
2018133918-522-AC,MONMOUTH,HAZLET TWP,08/02/2018,TH,1220,01,HAZLET TWP PD,HAZLET P.D,0,1,0,0,I,B,N,N,01,2,BETHANY RD,N,,,,,07,,01,04,02,01,01,01,05,01,100,FE,S,GARDEN PARK LN,,,,35,15,26,,,N,,101
2018133918-523-AC,MONMOUTH,HAZLET TWP,08/02/2018,TH,1700,01,HAZLET TWP PD,,0,3,0,0,I,I,N,N,03,2,MASON DR **,,,,13391050__,.32,07,,01,04,02,01,01,01,05,01,,AT,,POOLE AVE,,,,35,25,26,,,N,,91
2018133918-526-AC,MONMOUTH,HAZLET TWP,08/04/2018,SA,0922,01,HAZLET TWP PD,HAZLET TWP,0,1,0,0,I,B,N,N,01,2,UNION AVE,,,,13181306__,.76,07,,01,04,02,01,01,01,05,01,100,FE,N,ROUTE 516 / MIDDLE RD,,,,35,35,26,,,N,,93
2018133918-527-AC,MONMOUTH,HAZLET TWP,08/05/2018,SU,1338,01,HAZLET TWP PD,HAZLET TWP,0,0,0,0,P,B,N,N,01,2,POOLE AVE,,,,13391282__,,07,,01,04,02,01,01,01,04,,450,FE,N,NJ 35,,,,35,50,26,,,N,,100
2018133918-528-AC,MONMOUTH,HAZLET TWP,08/05/2018,SU,1443,01,HAZLET TWP PD,,0,0,0,0,P,B,N,N,02,2,LAUREL AVE,,,,13181305__,1.06,07,,01,04,02,01,01,01,05,01,30,FE,S,NJ 36,,,,35,50,26,,,N,,71
2018133918-529-AC,MONMOUTH,HAZLET TWP,08/06/2018,MO,1421,01,HAZLET TWP PD,HAZLET PD,0,0,0,0,P,B,N,N,02,2,NJ 35,,35,,00000035__,41.75,02,,01,04,02,01,01,01,01,01,500,FE,W,BETHANY RD / POOLE AVE,,,,50,35,26,,,N,,90
2018133918-53-AC,MONMOUTH,HAZLET TWP,01/22/2018,MO,1841,01,HAZLET TWP PD,HAZLET,0,0,0,0,P,B,N,N,01,2,NJ 35,E,35,,00000035__,42.60,02,,01,04,02,01,06,01,01,01,500,FE,W,CR 4 / HOLMDEL RD,,,,50,35,26,,,N,,62
2018133918-530-AC,MONMOUTH,HAZLET TWP,08/07/2018,TU,1830,01,HAZLET TWP PD,,0,0,0,0,P,B,N,N,01,2,BEERS ST,,,,,,07,,01,05,02,01,03,05,04,01,10,FE,N,BETHANY RD,,,,35,35,26,,,N,,100
2018133918-531-AC,MONMOUTH,HAZLET TWP,08/07/2018,TU,1920,01,HAZLET TWP PD,HAZLET PD,0,0,0,0,P,B,N,N,02,4,FIR PL,,,,,,07,,01,04,02,02,03,02,05,01,,,,,,,,25,,26,,,N,,
2018133918-534-AC,MONMOUTH,HAZLET TWP,08/09/2018,TH,1719,01,HAZLET TWP PD,,0,0,0,0,P,B,N,N,01,2,ROUTE 516,,516,,00000516__,12.27,05,,01,05,02,01,01,01,04,01,150,FE,E,UNION AVE,,,,35,35,26,,,N,,72
2018133918-535-AC,MONMOUTH,HAZLET TWP,08/09/2018,TH,2216,01,HAZLET TWP PD,,0,0,0,0,P,B,N,N,02,2,POOLE AVE,N,,,13391282__,.00,07,,01,04,02,01,06,01,05,01,5,FE,N,NJ 36,,,,35,50,26,,,N,,72
2018133918-536-AC,MONMOUTH,HAZLET TWP,08/10/2018,FR,0905,01,HAZLET TWP PD,HAZLET P.D,0,0,0,0,P,B,N,N,01,2,NJ 35,S,35,,00000035__,42.78,02,,01,04,02,01,01,01,01,01,500,FE,N,CR 4 / HOLMDEL RD,,,,50,35,26,,,N,,101
2018133918-537-AC,MONMOUTH,HAZLET TWP,08/10/2018,FR,1150,01,HAZLET TWP PD,,0,3,0,0,I,I,N,N,03,2,CLARK ST **,E,,,13221059__,.22,07,,01,04,02,01,01,01,05,01,,AT,,BEERS ST,,,,35,35,26,,,N,,83
2018133918-538-AC,MONMOUTH,HAZLET TWP,08/10/2018,FR,1521,01,HAZLET TWP PD,,0,0,0,0,P,B,N,N,01,2,LAUREL AVE,N,,,13391283__,.42,07,,01,04,02,01,01,01,05,01,150,FE,W,6TH ST,,,,35,25,26,,,N,,83
2018133918-54-AC,MONMOUTH,HAZLET TWP,01/25/2018,TH,0805,01,HAZLET TWP PD,,0,0,0,0,P,B,N,N,01,2,NJ 35,,35,,00000035__,42.38,02,,01,04,02,01,01,01,01,01,500,FE,E,HAZLET AVE,,,,50,30,26,,,N,,90
2018133918-540-AC,MONMOUTH,HAZLET TWP,08/12/2018,SU,2057,01,HAZLET TWP PD,,0,2,0,0,I,B,Y,N,01,2,NJ 36,,36,,00000036__,23.20,02,,01,04,02,01,06,01,01,,25,FE,S,POOLE AVE,,,,50,35,26,,,N,,68
2018133918-541-AC,MONMOUTH,HAZLET TWP,08/13/2018,MO,1355,01,HAZLET TWP PD,HAZLET TWP,0,0,0,0,P,B,N,N,03,2,NJ 35,,35,,00000035__,42.71,02,,01,04,02,02,01,05,01,,100,FE,E,CR 4 / HOLMDEL RD,,,,50,35,26,,,N,,100
2018133918-543-AC,MONMOUTH,HAZLET TWP,08/13/2018,MO,1908,01,HAZLET TWP PD,,0,3,0,0,I,B,Y,N,03,2,LAUREL AVE,S,,,13181305__,1.06,07,,01,04,02,01,01,01,05,01,50,FE,S,NJ 36,,,,35,50,26,,,N,,73
2018133918-544-AC,MONMOUTH,HAZLET TWP,08/14/2018,TU,0807,01,HAZLET TWP PD,HAZLET PD,0,0,0,0,P,I,N,N,08,2,NJ 36,,36,,00000036__,22.96,02,,01,04,02,01,01,01,01,01,,AT,S,DUTCH LN,,,,50,25,26,,,N,,90
2018133918-545-AC,MONMOUTH,HAZLET TWP,08/14/2018,TU,1436,01,HAZLET TWP PD,HQ,0,0,0,0,P,I,N,N,03,2,ROUTE 516,N,516,,00000516__,10.65,05,,01,04,02,01,01,01,05,,,AT,,FLORENCE AVE,,,,35,25,26,,,N,,78
2018133918-546-AC,MONMOUTH,HAZLET TWP,08/14/2018,TU,1954,01,HAZLET TWP PD,HAZLET PD,0,1,0,0,I,I,N,N,04,2,NJ 35,,35,,00000035__,41.40,02,,01,04,02,02,03,05,01,01,,AT,,MILLER AVE,,,,50,25,26,,,N,,96
2018133918-548-AC,MONMOUTH,HAZLET TWP,08/15/2018,WE,1553,01,HAZLET TWP PD,HQ,0,0,0,0,P,B,N,N,11,1,BEERS ST,W,,,,,07,,01,04,02,01,01,01,05,,,,,,,,,35,,59,40.410990,74.195110,N,FENCE - VALUE $500.00 - MAUREEN A LANE - 661 BEERS ST HAZLET TOWNSHIP NJ 07730,78
2018133918-55-AC,MONMOUTH,HAZLET TWP,01/25/2018,TH,0800,01,HAZLET TWP PD,,0,0,0,0,P,B,N,N,02,2,POOLE AVE,,,,13391282__,.02,07,,01,04,02,01,02,01,05,01,100,FE,N,NJ 36,,,,35,50,26,,,N,,71
2018133918-550-AC,MONMOUTH,HAZLET TWP,08/15/2018,WE,1742,01,HAZLET TWP PD,HAZLET TWP,0,1,0,0,I,B,N,N,04,2,CRESCI BLVD **,,,,13391029__,.85,07,,01,04,02,01,01,01,05,01,5,FE,E,LINE RD,,,,25,25,26,,,N,,85
2018133918-553-AC,MONMOUTH,HAZLET TWP,08/16/2018,TH,1810,01,HAZLET TWP PD,HAZLET PD,0,2,0,0,I,B,N,N,01,2,NJ 36,E,36,,00000036__,23.29,02,,01,04,02,01,01,01,01,01,500,FE,E,POOLE AVE,,,,50,35,26,,,N,,90
2018133918-555,MONMOUTH,HAZLET TWP,01/16/2018,TU,0934,01,KEYPORT PD,KEYPORT,0,4,0,0,I,B,N,N,01,3,GARDEN STATE PARKWAY,W,444,,00000444__,,03,,01,04,02,01,01,05,03,01,75,FE,W,NJ 36,,,,30,50,26,,,N,,
2018133918-555-AC,MONMOUTH,HAZLET TWP,08/17/2018,FR,1307,01,HAZLET TWP PD,,0,0,0,0,P,B,N,N,01,2,NJ 35,,35,,00000035__,42.03,02,,01,04,02,01,01,01,05,01,1000,FE,N,BETHANY RD / POOLE AVE,,,,50,35,26,,,N,,91
2018133918-556-AC,MONMOUTH,HAZLET TWP,08/17/2018,FR,1509,01,HAZLET TWP PD,HAZLET PD,0,0,0,0,P,B,N,N,02,2,BETHANY RD,W,,,,,07,,01,04,02,01,01,01,05,01,25,FE,W,ASHLEIGH DR,,,,35,25,26,,,N,,82
2018133918-558-AC,MONMOUTH,HAZLET TWP,08/17/2018,FR,2102,01,HAZLET TWP PD,,0,1,0,0,I,B,N,N,01,2,HAZLET AVE **,,,,13391049__,.65,07,,01,04,02,01,06,01,05,01,80,FE,S,NJ 35,,,,35,50,26,,,N,,86
2018133918-559-AC,MONMOUTH,HAZLET TWP,08/18/2018,SA,0040,01,HAZLET TWP PD,,0,0,0,0,P,B,N,N,01,2,BETHANY RD,,,,,,07,,01,06,02,01,06,01,05,01,100,FE,E,CRESCI BLVD,,,,35,25,26,,,N,,86
2018133918-56-AC,MONMOUTH,HAZLET TWP,01/25/2018,TH,0828,01,HAZLET TWP PD,HAZLET,0,0,0,0,P,B,N,N,02,2,NJ 35,N,35,,00000035__,41.82,02,,01,04,02,01,01,01,01,01,100,FE,S,BETHANY RD / POOLE AVE,,,,50,35,26,,,N,,93
2018133918-560-AC,MONMOUTH,HAZLET TWP,08/18/2018,SA,0143,01,HAZLET TWP PD,,0,0,0,0,P,B,Y,N,11,1,NJ 36,,36,,00000036__,23.14,02,,01,04,02,01,06,01,05,01,300,FE,S,POOLE AVE,,,,50,35,69,,,N,,86
2018133918-563-AC,MONMOUTH,HAZLET TWP,08/19/2018,SU,1647,01,HAZLET TWP PD,,0,0,0,0,P,B,N,N,01,2,NJ 36,E,36,,00000036__,21.74,02,,01,04,02,01,01,01,01,01,10,FE,W,ROSE LN,,,,50,25,26,,,N,,101
2018133918-564-AC,MONMOUTH,HAZLET TWP,08/19/2018,SU,2243,01,HAZLET TWP PD,HAZLET PD,0,0,0,0,P,B,Y,N,01,2,NJ 36,S,36,,00000036__,23.20,02,,01,04,02,01,06,01,01,01,5,FE,N,POOLE AVE,,,,50,35,26,,,N,,99
2018133918-565-AC,MONMOUTH,HAZLET TWP,08/20/2018,MO,1051,01,HAZLET TWP PD,HAZLET P.D,0,0,0,0,P,B,N,N,01,3,NJ 36,W,36,,00000036__,20.85,02,,01,04,02,01,01,01,01,01,50,FE,E,CR 7 / FRANKLIN AVE / MUNROE AVE,,,,50,35,26,,,N,,101
2018133918-568-AC,MONMOUTH,HAZLET TWP,08/20/2018,MO,1437,01,HAZLET TWP PD,,0,0,0,0,P,B,N,N,11,1,NJ 36,N,36,,00000036__,22.62,02,,01,04,02,01,01,01,01,01,200,FE,S,CR 6 / STONE RD,,,,50,25,24,,,N,TELEPHONE POLE DAMAGED - JCP&L - 331 POOLE AVE UNION BEACH NJ 07735,83
2018133918-569-AC,MONMOUTH,HAZLET TWP,08/20/2018,MO,1656,01,HAZLET TWP PD,,0,0,0,0,P,B,N,N,01,2,HAZLET AVE **,,,,13391049__,.37,07,,01,04,02,01,01,01,05,01,8,FE,N,LAMMERS ST,,,,30,25,26,,,N,,91
2018133918-570-AC,MONMOUTH,HAZLET TWP,08/20/2018,MO,2233,01,HAZLET TWP PD,,0,0,0,0,P,B,N,N,06,2,AZEE DR **,,,,13391200__,.09,07,,01,04,02,01,06,01,05,01,20,FE,N,GERALD TER,,,,25,25,28,,,N,,86
2018133918-572-AC,MONMOUTH,HAZLET TWP,08/21/2018,TU,1524,01,HAZLET TWP PD,HAZLET PD,0,1,0,0,I,I,N,N,03,2,LAUREL AVE,N,,,13391283__,.35,07,,01,04,02,01,01,01,05,01,,AT,,9TH ST,,,,35,25,26,,,N,,98
2018133918-575-AC,MONMOUTH,HAZLET TWP,08/22/2018,WE,1703,01,HAZLET TWP PD,HAZLET PD,0,0,0,0,P,B,N,N,01,2,NJ 36,W,36,,00000036__,21.01,02,,01,04,02,01,01,01,01,01,300,FE,E,LAUREL AVE,,,,50,35,26,,,Y,,97
2018133918-579-AC,MONMOUTH,HAZLET TWP,08/23/2018,TH,1419,01,HAZLET TWP PD,HAZLET PD,0,0,0,0,P,I,N,N,03,2,HAZLET AVE **,,,,13391049__,.06,07,,01,04,02,01,01,01,05,01,,AT,,WILLOWBROOK DR,,,,30,25,26,,,N,,90
2018133918-583-AC,MONMOUTH,HAZLET TWP,08/24/2018,FR,0840,01,HAZLET TWP PD,HAZLET TWP,0,0,0,0,P,B,N,N,01,2,NJ 35,,35,,00000035__,42.65,02,,01,04,02,01,01,01,01,,200,FE,W,CR 4 / HOLMDEL RD,,,,50,35,26,,,N,,100
2018133918-589-AC,MONMOUTH,HAZLET TWP,08/26/2018,SU,1151,01,HAZLET TWP PD,HAZLET P.D,0,0,0,0,P,I,N,N,03,2,NJ 35,N,35,,00000035__,42.29,02,,01,04,02,01,01,01,01,01,,AT,E,HAZLET AVE,,,,50,35,26,,,N,,101
2018133918-591-AC,MONMOUTH,HAZLET TWP,08/26/2018,SU,1617,01,HAZLET TWP PD,HAZLET P.D,0,0,0,0,P,B,N,N,01,2,NJ 36,N,36,,00000036__,20.79,02,,01,04,02,01,01,01,01,01,250,FE,S,CR 7 / FRANKLIN AVE / MUNROE AVE,,,,50,35,26,,,N,,101
2018133918-594-AC,MONMOUTH,HAZLET TWP,08/28/2018,TU,1758,01,HAZLET TWP PD,HAZLET P.D,0,0,0,0,P,B,N,N,02,2,NJ 36,E,36,,00000036__,22.64,02,,01,04,02,01,01,01,01,01,100,FE,W,CR 6 / STONE RD,,,,50,35,26,,,N,,101
2018133918-595-AC,MONMOUTH,HAZLET TWP,08/29/2018,WE,1456,01,HAZLET TWP PD,HQ,0,0,0,0,P,B,N,N,11,1,MONMOUTH COUNTY 7 I,S,7,1,130000071_,,05,,01,04,02,01,01,01,05,,,,,,,,,25,,69,,,N,FASCIA BOARD SIDING COVER - $300.00 - WALTER DILL - 125 MUNRO AVE HAZLET TOWNSH?,78
2018133918-596-AC,MONMOUTH,HAZLET TWP,08/30/2018,TH,0613,01,HAZLET TWP PD,HAZLET TWP,0,0,0,0,P,B,N,N,01,3,NJ 36,S,36,,00000036__,21.76,02,,01,04,02,01,01,01,01,01,100,FE,N,ROSE LN,,,,50,35,26,,,N,,93
2018133918-598-AC,MONMOUTH,HAZLET TWP,08/30/2018,TH,1137,01,HAZLET TWP PD,HAZLET PD,0,0,0,0,P,I,N,N,02,2,FULTON PL **,,,,13391163__,.11,07,,01,04,02,01,01,01,05,01,,AT,N,FARMDALE RD,,,,25,25,26,,,N,,90
2018133918-599-AC,MONMOUTH,HAZLET TWP,08/30/2018,TH,2244,01,HAZLET TWP PD,HAZLET PD,0,0,0,0,P,B,N,N,11,1,3150 STATE HIGHWAY 35,S,,,,,09,,01,04,02,01,06,01,05,01,,,,,,,,15,,52,,,N,MINOR DAMAGE TO POLE - JCP&L - 331 NEWMANSPRINGS RD RED BANK NJ 0770,97
2018133918-6-AC,MONMOUTH,HAZLET TWP,01/05/2018,FR,1118,01,HAZLET TWP PD,HQ,0,0,0,0,P,B,N,N,01,2,HAZLET AVE,,,,,,07,,01,04,02,03,01,01,05,01,20,FE,E,NJ 35,,,,35,50,26,,,N,,89
2018133918-60-AC,MONMOUTH,HAZLET TWP,01/27/2018,SA,2019,01,HAZLET TWP PD,HAZLET P.D,0,1,0,0,I,I,N,N,14,1,NJ 36,E,36,,00000036__,22.66,02,,01,04,02,01,06,01,01,01,,AT,,CR 6 / STONE RD,,,,50,35,21,,,N,,84
2018133918-601-AC,MONMOUTH,HAZLET TWP,08/31/2018,FR,1313,01,HAZLET TWP PD,HQ,0,0,0,0,P,B,N,N,03,2,POOLE AVE,W,,,13391282__,,07,,01,04,02,01,01,01,05,,25,FE,E,NJ 35,,,,35,50,26,40.427400,74.179790,N,,78
2018133918-606-AC,MONMOUTH,HAZLET TWP,09/02/2018,SU,1345,01,HAZLET TWP PD,,0,0,0,0,P,B,N,N,02,2,NJ 35,N,35,,00000035__,41.81,02,,01,04,02,01,01,01,01,01,150,FE,S,BETHANY RD / POOLE AVE,,,,50,35,26,,,N,,83
2018133918-608-AC,MONMOUTH,HAZLET TWP,09/02/2018,SU,1740,01,HAZLET TWP PD,HAZLET PD,0,1,0,0,I,B,N,N,01,2,FLORENCE AVE **,S,,,13391232__,.27,07,,01,04,02,01,01,01,05,01,50,FE,N,NJ 36,,,,25,50,26,,,N,,82
2018133918-610-AC,MONMOUTH,HAZLET TWP,09/03/2018,MO,1928,01,HAZLET TWP PD,HAZLET PD,0,0,0,0,P,B,N,N,06,2,VERMONT DR **,E,,,13391127__,.05,07,,01,04,02,01,01,01,05,01,100,FE,S,MICHIGAN AVE,,,,25,25,26,,,N,,99
2018133918-612-AC,MONMOUTH,HAZLET TWP,09/04/2018,TU,2202,01,HAZLET TWP PD,,0,0,0,0,P,B,Y,N,06,3,COURTLAND DR **,E,,,13391087__,.04,07,,01,04,02,01,07,01,05,01,200,FE,E,HAZLET AVE,,,,25,35,26,,,N,DAMAGE TO LAWN AND CURB - JENNINE A LAKES - 2 COURTLAND DR HAZLET NJ 07730,72
2018133918-613-AC,MONMOUTH,HAZLET TWP,09/04/2018,TU,2202,01,HAZLET TWP PD,,0,0,0,0,P,B,Y,N,01,2,MONMOUTH COUNTY 4 II,,4,2,130000042_,8.03,05,,01,04,02,01,06,01,05,01,15,FE,S,NJ 35,,,,35,50,26,,,N,,86
2018133918-617-AC,MONMOUTH,HAZLET TWP,09/06/2018,TH,1658,01,HAZLET TWP PD,HAZLET TWP,0,0,0,0,P,B,N,N,01,2,NJ 35,,35,,00000035__,42.72,02,,03,04,02,01,01,01,01,,400,FE,W,BEDLE RD,,,,50,25,26,,,N,,100
2018133918-62-AC,MONMOUTH,HAZLET TWP,01/28/2018,SU,1931,01,HAZLET TWP PD,HAZLET P.D,0,0,0,0,P,B,N,N,01,2,NJ 36,W,36,,00000036__,20.95,02,,01,04,02,01,06,01,01,01,10,FE,E,LAUREL AVE,,,,50,35,26,,,N,,101
2018133918-621-AC,MONMOUTH,HAZLET TWP,09/08/2018,SA,1304,01,HAZLET TWP PD,HQ,0,0,0,0,P,I,N,N,03,2,LAUREL AVE,,,,13391283__,.28,07,,01,04,02,01,01,01,05,,,AT,,10TH ST,,,,35,25,26,,,N,,78
2018133918-625-AC,MONMOUTH,HAZLET TWP,09/09/2018,SU,1506,01,HAZLET TWP PD,,0,0,0,0,P,B,N,N,06,2,ANTHONY CT **,,,,13391075__,.00,07,,01,04,02,02,00,02,05,01,2000,FE,N,POOLE AVE,,,,25,35,26,,,N,,71
2018133918-626-AC,MONMOUTH,HAZLET TWP,09/09/2018,SU,1518,01,HAZLET TWP PD,HAZLET TWP,0,0,0,0,P,B,N,N,06,2,LAUREL AVE,,,,13391283__,.19,07,,01,04,02,02,01,02,05,01,50,FE,W,11TH ST,,,,35,25,28,,,Y,,100