Year(4)-CountyCode(2)-MunicipalityCode(2)-CaseNumber(9),County Name,Municipality Name,Crash Date,Crash Day of Week,Crash Time,Police Department Code,Police Department,Police Station,Total Killed,Total Injured,Pedestrians Killed,Pedestrians Injured,Severity,Intersection,Alcohol Involved,Hazmat Involved,Crash Type,Total Vehicles,Location,Location Direction,Route,Route Suffix,Std Rte Identifier,MilePost,Road System,Road Character,Road Horizontal Alignment,Road Grade,Road Surface Type,Surface Condition,Light Condition,Environmental Condition,Road Divided By,Temporary Traffic Control Zone,Distance To Cross Street,Unit Of Measurement,Direction From Cross Street,Cross Street Name,Is Ramp,Ramp To/From Route Name,Ramp To/From Route Direction,Posted Speed,Posted Speed Cross Street,First Harmful Event,Latitude,Longitude,Cell Phone In Use Flag,Other Property Damage,Reporting Badge No.
2018133918-77-AC,MONMOUTH,HAZLET TWP,02/04/2018,SU,1517,01,HAZLET TWP PD,HAZLET TWP,0,0,0,0,P,B,N,N,11,1,ROUTE 516,,516,,00000516__,11.94,05,,01,04,02,02,01,02,05,01,40,FE,E,AMHERST AVE,,,,35,25,56,,,N,,100
2018133918-770-AC,MONMOUTH,HAZLET TWP,11/03/2018,SA,1529,01,HAZLET TWP PD,,0,0,0,0,P,I,N,N,14,1,STONE RD **,,,,13501020__,.08,07,,01,04,02,01,01,01,05,01,,AT,,POOLE RD,,,,35,35,21,,,N,,85
2018133918-771-AC,MONMOUTH,HAZLET TWP,11/04/2018,SU,1010,01,HAZLET TWP PD,HAZLET PD,0,1,0,0,I,B,N,N,01,2,LAUREL AVE,N,,,13181305__,1.07,07,,01,04,02,01,01,01,05,01,10,FE,S,NJ 36,,,,35,50,26,,,N,,99
2018133918-773-AC,MONMOUTH,HAZLET TWP,11/06/2018,TU,0039,01,HAZLET TWP PD,HAZLET P.D,0,0,0,0,P,B,N,N,01,3,POOLE AVE,N,,,13391282__,.42,07,,01,04,02,01,06,01,05,01,15,FE,S,MIDDLE RD,,,,35,35,26,,,N,,
2018133918-774-AC,MONMOUTH,HAZLET TWP,11/06/2018,TU,1448,01,HAZLET TWP PD,,0,0,0,0,P,B,N,N,01,3,NJ 35,,35,,00000035__,42.60,02,,01,04,02,02,01,02,05,01,25,FE,S,ANN CT,,,,50,25,26,,,N,,
2018133918-775-AC,MONMOUTH,HAZLET TWP,11/06/2018,TU,1919,01,HAZLET TWP PD,,0,0,0,0,P,B,N,N,11,1,HAZLET AVE **,S,,,13391049__,.38,07,,03,04,02,02,06,01,05,01,50,FE,E,LAMMERS ST,,,,25,25,47,,,Y,,83
2018133918-776-AC,MONMOUTH,HAZLET TWP,11/07/2018,WE,0705,01,HAZLET TWP PD,,0,0,0,0,P,B,N,N,12,1,UNION AVE,,,,13181306__,1.27,07,,01,04,02,01,01,01,05,01,25,FE,S,APPLETON RD,,,,35,25,24,,,N,,91
2018133918-777-AC,MONMOUTH,HAZLET TWP,11/07/2018,WE,1346,01,HAZLET TWP PD,HAZLET PD,0,0,0,0,P,B,N,N,03,2,BETHANY RD,N,,,,,07,,01,04,02,01,01,01,04,01,500,FE,S,NJ 35,,,,35,50,26,,,N,,99
2018133918-778-AC,MONMOUTH,HAZLET TWP,11/08/2018,TH,0353,01,HAZLET TWP PD,,0,0,0,0,P,B,Y,N,08,2,MASON DR **,N,,,13391050__,.22,07,,01,04,02,01,06,01,05,01,20,FE,W,E JACK ST,,,,25,25,26,,,N,,83
2018133918-779-AC,MONMOUTH,HAZLET TWP,11/08/2018,TH,0930,01,HAZLET TWP PD,HAZLET PD,0,0,0,0,P,B,N,N,01,2,NJ 35,N,35,,00000035__,42.67,02,,01,04,02,01,01,01,01,00,100,FE,W,CR 4 / HOLMDEL RD,,,,50,35,26,,,N,,96
2018133918-78-AC,MONMOUTH,HAZLET TWP,02/05/2018,MO,0641,01,HAZLET TWP PD,HQ,0,0,0,0,P,I,N,N,03,2,NJ 35,S,35,,00000035__,41.84,02,,,04,02,02,01,05,01,,,AT,,BETHANY RD / POOLE AVE,,,,50,35,26,,,N,,78
2018133918-780-AC,MONMOUTH,HAZLET TWP,11/09/2018,FR,0703,01,HAZLET TWP PD,HAZLET PD,0,0,0,0,P,I,N,N,03,2,NJ 35,S,35,,00000035__,42.69,02,,01,04,02,01,01,01,05,01,,AT,W,CR 4 / HOLMDEL RD,,,,50,35,26,,,N,,97
2018133918-782-AC,MONMOUTH,HAZLET TWP,11/09/2018,FR,1937,01,HAZLET TWP PD,,0,0,0,0,P,I,Y,N,01,2,MONMOUTH COUNTY 7 I,,7,1,130000071_,1.72,05,,01,04,02,02,07,02,05,,,AT,,NJ 36,,,,35,50,26,,,N,,71
2018133918-784-AC,MONMOUTH,HAZLET TWP,11/12/2018,MO,1726,01,HAZLET TWP PD,HAZLET PD,0,0,0,0,P,B,N,N,12,1,NJ 36,S,36,,00000036__,23.85,02,,01,04,02,01,05,01,01,,100,FE,E,FLORENCE AVE,,,,50,35,24,,,N,,96
2018133918-785-AC,MONMOUTH,HAZLET TWP,11/14/2018,WE,0856,01,HAZLET TWP PD,,0,0,0,0,P,B,N,N,01,2,BETHANY RD,W,,,,,07,,01,06,02,01,01,01,04,01,250,FE,E,CR 4,,,,35,35,26,,,N,,72
2018133918-787-AC,MONMOUTH,HAZLET TWP,11/14/2018,WE,1107,01,HAZLET TWP PD,,0,0,0,0,P,I,N,N,11,1,DARTHMOUTH DR **,,,,13391099__,.00,07,,01,04,02,01,01,01,05,01,,AT,,CORNELL DR,,,,25,25,62,,,N,FIRE HYDRANT - AMERICAN WATER COMPANY - 1709 UNION AVE HAZLET TOWNSHIP NJ 07730,91
2018133918-788-AC,MONMOUTH,HAZLET TWP,11/14/2018,WE,1406,01,HAZLET TWP PD,,0,0,0,0,P,B,N,N,02,2,LAUREL AVE,,,,13181305__,1.07,07,,01,04,02,01,01,01,05,,35,FE,N,NJ 36,,,,35,50,26,,,N,,68
2018133918-789-AC,MONMOUTH,HAZLET TWP,11/14/2018,WE,1505,01,HAZLET TWP PD,,0,0,0,0,P,B,N,N,02,2,NJ 36,,36,,00000036__,22.65,02,,01,04,02,01,01,01,05,01,50,FE,W,CR 6 / STONE RD,,,,50,25,26,,,N,,91
2018133918-791-AC,MONMOUTH,HAZLET TWP,11/15/2018,TH,1421,01,HAZLET TWP PD,,0,0,0,0,P,B,N,N,03,2,POOLE AVE,,,,13391282__,.06,07,,01,04,02,03,01,03,05,01,300,FE,N,NJ 35,,,,35,50,26,,,N,,86
2018133918-793-AC,MONMOUTH,HAZLET TWP,11/15/2018,TH,1424,01,HAZLET TWP PD,HAZLET,0,0,0,0,P,B,N,N,01,2,CLARK DR **,S,,,13391173__,.00,07,,01,04,02,03,01,03,05,01,20,FE,S,PHYLLIS ST,,,,35,25,26,,,N,,62
2018133918-794-AC,MONMOUTH,HAZLET TWP,11/15/2018,TH,1426,01,HAZLET TWP PD,,0,0,0,0,P,B,N,N,01,2,BEERS ST,,,,,,07,,01,04,02,03,01,03,05,01,10,FE,S,BEDLE RD,,,,35,25,26,,,N,,86
2018133918-795-AC,MONMOUTH,HAZLET TWP,11/15/2018,TH,1912,01,HAZLET TWP PD,HAZLET P.D,0,0,0,0,P,B,N,N,01,2,HAZLET AVE **,N,,,13391049__,.67,07,,01,04,02,05,06,03,05,01,15,FE,S,NJ 35,,,,35,50,26,,,N,,101
2018133918-797-AC,MONMOUTH,HAZLET TWP,11/16/2018,FR,1107,01,HAZLET TWP PD,,0,0,0,0,P,B,N,N,01,3,NJ 35,,35,,00000035__,42.69,02,,01,04,02,01,01,01,05,01,15,FE,S,CR 4 / HOLMDEL RD,,,,50,35,26,,,N,,
2018133918-798-AC,MONMOUTH,HAZLET TWP,11/16/2018,FR,1831,01,HAZLET TWP PD,,0,1,0,1,I,B,N,N,13,1,NJ 36,,36,,00000036__,20.85,02,,01,04,02,01,06,01,05,01,60,FE,N,CR 7 / FRANKLIN AVE / MUNROE AVE,,,,50,35,22,,,N,,86
2018133918-800-AC,MONMOUTH,HAZLET TWP,11/17/2018,SA,2044,01,HAZLET TWP PD,HQ,0,1,0,0,I,I,N,N,03,2,NJ 35,N,35,,00000035__,42.29,02,,01,04,02,01,06,01,01,01,,AT,,HAZLET AVE,,,,50,35,26,,,N,,78
2018133918-801-AC,MONMOUTH,HAZLET TWP,11/18/2018,SU,0926,01,HAZLET TWP PD,,0,0,0,0,P,B,N,N,06,2,COLERIDGE AVE **,N,,,13391129__,.15,07,,01,04,02,01,06,01,05,01,25,FE,N,NEVADA DR,,,,25,25,28,,,N,,95
2018133918-803-AC,MONMOUTH,HAZLET TWP,11/20/2018,TU,1207,01,HAZLET TWP PD,,0,0,0,0,P,B,N,N,01,2,NJ 35,E,35,,00000035__,41.84,02,,03,06,02,01,01,01,05,01,,,,,T,BETHANY ROAD,NB,50,,26,,,N,,88
2018133918-804-AC,MONMOUTH,HAZLET TWP,11/20/2018,TU,0306,01,HAZLET TWP PD,HQ,0,0,0,0,P,B,N,N,99,1,CLARK ST **,N,,,13221059__,.35,07,,01,05,02,01,06,01,05,01,400,FE,S,PHYLLIS ST,,,,35,25,99,,,N,,78
2018133918-806-AC,MONMOUTH,HAZLET TWP,11/23/2018,FR,0113,01,HAZLET TWP PD,HAZLET PD,0,0,0,0,P,B,N,N,08,3,BART PL **,N,,,13391123__,.00,07,,01,04,02,01,06,01,05,01,,,,,,,,25,,28,,,N,,
2018133918-808-AC,MONMOUTH,HAZLET TWP,11/24/2018,SA,1921,01,HAZLET TWP PD,,0,1,0,0,I,B,N,N,01,2,MONMOUTH COUNTY 3,N,3,,13000003__,12.77,05,,01,04,02,02,05,02,05,01,100,FE,S,CLARK ST,,,,35,25,26,,,N,,73
2018133918-81-AC,MONMOUTH,HAZLET TWP,02/08/2018,TH,0858,01,HAZLET TWP PD,HAZLET PD,0,1,0,0,I,B,N,N,02,2,POOLE AVE,E,,,13391282__,,07,,01,04,02,01,01,01,05,01,50,FE,W,KINGSBRIDGE CT,,,,35,25,26,,,N,,82
2018133918-813-AC,MONMOUTH,HAZLET TWP,11/27/2018,TU,1157,01,HAZLET TWP PD,HQ,0,1,0,0,I,B,N,N,01,2,NJ 35,S,35,,00000035__,42.80,02,,01,04,02,01,01,05,01,,25,FE,N,BEDLE RD,,,,50,25,26,,,N,,78
2018133918-814-AC,MONMOUTH,HAZLET TWP,11/27/2018,TU,1724,01,HAZLET TWP PD,HAZLET TWP,0,0,0,0,P,B,N,N,02,2,NJ 36,E,36,,00000036__,23.20,02,,01,04,02,01,06,01,01,01,20,FE,E,POOLE AVE,,,,50,35,26,,,N,,85
2018133918-815-AC,MONMOUTH,HAZLET TWP,11/27/2018,TU,2018,01,HAZLET TWP PD,HAZLET TWP,0,0,0,0,P,B,N,N,02,2,NJ 35,N,35,,00000035__,41.83,02,,01,04,02,01,06,01,01,01,50,FE,S,BETHANY RD / POOLE AVE,,,,50,35,26,,,N,,85
2018133918-818-AC,MONMOUTH,HAZLET TWP,11/28/2018,WE,1450,01,HAZLET TWP PD,,0,1,0,0,I,I,N,N,03,2,MONMOUTH COUNTY 4 II,,4,2,130000042_,8.19,05,,01,04,02,01,01,01,05,01,,AT,,BETTLE RD / CLARK ST,,,,35,25,26,,,N,,71
2018133918-819-AC,MONMOUTH,HAZLET TWP,11/28/2018,WE,1606,01,HAZLET TWP PD,HAZLET TWP,0,0,0,0,P,B,N,N,08,2,ANTHONY CT **,,,,13391075__,.00,07,,01,04,02,01,01,01,05,01,150,FE,W,POOLE AVE,,,,25,35,28,,,N,,93
2018133918-820-AC,MONMOUTH,HAZLET TWP,11/29/2018,TH,0716,01,HAZLET TWP PD,HQ,0,1,0,0,I,B,N,N,07,2,ROUTE 516,,516,,00000516__,12.68,05,,01,04,02,01,02,01,05,01,50,FE,E,CONCORD AVE,,,,35,25,26,,,N,,89
2018133918-821-AC,MONMOUTH,HAZLET TWP,11/29/2018,TH,1705,01,HAZLET TWP PD,,0,1,0,0,I,I,N,N,03,2,LILLIAN DR **,,,,13391205__,.00,07,,01,04,02,01,06,01,05,01,,AT,,S LAUREL AVE,,,,35,25,26,,,N,,86
2018133918-822-AC,MONMOUTH,HAZLET TWP,11/29/2018,TH,1720,01,HAZLET TWP PD,HAZLET P.D,0,0,0,0,P,B,N,N,01,2,NJ 36,E,36,,00000036__,23.42,02,,01,04,02,01,06,01,01,01,900,FE,W,ROUTE 516 / MIDDLE RD,,,,50,35,26,,,N,,101
2018133918-823-AC,MONMOUTH,HAZLET TWP,11/30/2018,FR,0658,01,HAZLET TWP PD,HQ,0,0,0,0,P,B,N,N,01,2,BEERS ST,S,,,,,07,,01,04,02,01,01,,05,01,50,FE,W,BETHANY RD,,,,35,35,26,,,N,,89
2018133918-824-AC,MONMOUTH,HAZLET TWP,11/30/2018,FR,0743,01,HAZLET TWP PD,HAZLET PD,0,1,0,0,I,B,N,N,01,2,NJ 36,N,36,,00000036__,23.11,02,,01,04,02,01,01,01,01,01,500,FE,S,POOLE AVE,,,,50,35,26,,,N,,82
2018133918-825-AC,MONMOUTH,HAZLET TWP,11/30/2018,FR,1501,01,HAZLET TWP PD,,0,0,0,0,P,B,N,N,01,2,POOLE AVE,N,,,13391282__,.00,07,,01,04,02,01,01,01,05,01,30,FE,S,NJ 36,,,,35,50,26,,,N,,83
2018133918-828-AC,MONMOUTH,HAZLET TWP,11/30/2018,FR,1751,01,HAZLET TWP PD,HAZLET P.D,0,0,0,0,P,B,N,N,02,2,LAUREL AVE,S,,,13391283__,.01,07,,01,04,02,01,06,01,,,30,FE,N,NJ 36,,,,35,50,26,,,N,,101
2018133918-829-AC,MONMOUTH,HAZLET TWP,11/30/2018,FR,2046,01,HAZLET TWP PD,,0,0,0,0,P,B,N,N,01,2,NJ 36,S,36,,00000036__,20.93,02,,01,04,02,02,06,02,01,01,100,FE,W,LAUREL AVE,,,,50,35,26,,,N,,72
2018133918-831-AC,MONMOUTH,HAZLET TWP,12/01/2018,SA,1331,01,HAZLET TWP PD,HQ,0,1,0,0,I,I,N,N,01,2,NJ 35,,35,,00000035__,41.63,02,,01,04,02,01,01,05,01,01,,AT,,FLEETWOOD DR,,,,50,35,26,,,N,,89
2018133918-832-AC,MONMOUTH,HAZLET TWP,12/01/2018,SA,1718,01,HAZLET TWP PD,HAZLET P.D,0,0,0,0,P,B,N,N,02,2,HAZLET AVE **,S,,,13391049__,.50,07,,01,04,02,02,06,02,05,01,15,FE,N,TALLEN DR,,,,35,25,26,,,N,,101
2018133918-835-AC,MONMOUTH,HAZLET TWP,12/03/2018,MO,0730,01,HAZLET TWP PD,HQ,0,0,0,0,P,B,N,N,02,2,FLEETWOOD DR **,W,,,13391142__,.21,07,,01,04,02,01,01,01,05,01,15,FE,W,DUKE LN,,,,25,25,26,,,N,,78
2018133918-836-AC,MONMOUTH,HAZLET TWP,12/03/2018,MO,1445,01,HAZLET TWP PD,HQ,0,1,0,0,I,I,N,N,01,2,NJ 36,N,36,,00000036__,21.14,02,,01,04,02,01,01,01,01,01,,AT,,CENTRAL AVE,,,,50,25,26,,,N,,78
2018133918-839-AC,MONMOUTH,HAZLET TWP,12/04/2018,TU,1132,01,HAZLET TWP PD,HQ,0,1,0,0,I,B,N,N,01,2,NJ 35,S,35,,00000035__,41.83,02,,01,04,02,01,01,01,01,01,75,FE,S,BETHANY RD / POOLE AVE,,,,50,35,26,,,N,,78
2018133918-84-AC,MONMOUTH,HAZLET TWP,02/09/2018,FR,0728,01,HAZLET TWP PD,HAZLET PD,0,0,0,0,P,B,N,N,08,2,2835 STATE HIGHWAY 35,E,,,,,09,,01,04,02,01,01,01,05,01,,,,,,,,15,,26,,,N,,82
2018133918-841-AC,MONMOUTH,HAZLET TWP,12/04/2018,TU,1608,01,HAZLET TWP PD,HQ,0,1,0,0,I,B,N,N,01,2,BETHANY RD,N,,,,,07,,01,04,02,01,01,01,05,01,15,FE,S,WEBSTER DR,,,,35,25,26,,,N,,78
2018133918-843-AC,MONMOUTH,HAZLET TWP,12/04/2018,TU,1708,01,HAZLET TWP PD,HAZLET TWP,0,3,0,0,I,I,N,N,03,2,ESSEX ST **,,,,13391192__,.21,07,,01,04,02,01,06,01,05,01,,AT,,MERCER ST,,,,25,25,26,,,N,BROKEN HOLLARD FOR CORNER ROPE-MICHAEL PALMIERI-25 MERCER ST HAZLET TOWNSHIP NJ?,85
2018133918-844-AC,MONMOUTH,HAZLET TWP,12/04/2018,TU,1751,01,HAZLET TWP PD,,0,1,0,0,I,B,Y,N,01,2,NJ 36,E,36,,00000036__,21.72,02,,01,04,02,01,06,01,01,01,100,FE,W,ROSE LN,,,,50,25,26,,,N,,88
2018133918-845-AC,MONMOUTH,HAZLET TWP,12/04/2018,TU,1754,01,HAZLET TWP PD,HAZLET TWP,0,2,0,0,I,I,N,N,01,2,NJ 36,E,36,,00000036__,22.47,02,,01,04,02,01,06,01,01,01,,AT,,SEAGATE AVE,,,,50,35,26,,,N,,85
2018133918-846-AC,MONMOUTH,HAZLET TWP,12/04/2018,TU,1826,01,HAZLET TWP PD,HAZLET PD,0,2,0,0,I,B,N,N,01,2,NJ 36,,36,,00000036__,21.74,02,,01,04,02,01,01,01,01,01,2,FE,N,ROSE LN,,,,50,25,26,,,N,,57
2018133918-847-AC,MONMOUTH,HAZLET TWP,12/04/2018,TU,1910,01,HAZLET TWP PD,HAZLET PD,0,0,0,0,P,B,N,N,03,2,ROUTE 516,,516,,00000516__,10.70,05,,01,04,02,01,06,01,05,01,500,FE,S,NJ 36,,,,35,50,26,,,N,,96
2018133918-848-AC,MONMOUTH,HAZLET TWP,12/04/2018,TU,1909,01,HAZLET TWP PD,,0,0,0,0,P,B,N,N,01,2,LAUREL AVE,,,,13181305__,1.06,07,,01,04,02,01,06,01,05,01,50,FE,S,NJ 36,,,,35,50,26,,,N,,85
2018133918-85-AC,MONMOUTH,HAZLET TWP,02/09/2018,FR,2147,01,HAZLET TWP PD,HAZLET PD,0,0,0,0,P,B,N,N,12,1,NJ 35,S,35,,00000035__,41.50,02,,01,04,02,01,06,01,01,01,15,FE,N,VILLAGE CT,,,,50,25,24,,,N,,99
2018133918-852-AC,MONMOUTH,HAZLET TWP,12/05/2018,WE,1434,01,HAZLET TWP PD,,0,0,0,0,P,I,N,N,01,2,ROUTE 516,,516,,00000516__,11.35,05,,01,04,02,01,01,01,05,01,,AT,,BROMLEY AVE,,,,35,25,26,,,N,,71
2018133918-856-AC,MONMOUTH,HAZLET TWP,12/07/2018,FR,0900,01,HAZLET TWP PD,HAZLET PD,0,0,0,0,P,B,N,N,01,2,NJ 36,S,36,,00000036__,21.75,02,,01,04,02,01,01,01,01,,50,FE,N,ROSE LN,,,,50,35,26,,,N,,82
2018133918-858-AC,MONMOUTH,HAZLET TWP,12/07/2018,FR,1318,01,HAZLET TWP PD,HQ,0,0,0,0,P,B,N,N,11,1,GOLDEN LN,,,,,,07,,01,04,02,01,01,01,05,01,,,,,,,,25,,56,,,N,EXTERIOR AND INTERIOR WALLS CRACKED AND PUSHED IN - MIDDLE ROAD VILLAGE ASSOC. ?,89
2018133918-859-AC,MONMOUTH,HAZLET TWP,12/07/2018,FR,1656,01,HAZLET TWP PD,HQ,0,2,0,0,I,B,N,N,11,2,NJ 36,E,36,,00000036__,22.46,02,,01,04,02,01,06,01,01,01,50,FE,W,SEAGATE AVE,,,,50,35,26,,,N,,89
2018133918-86-AC,MONMOUTH,HAZLET TWP,02/11/2018,SU,2203,01,HAZLET TWP PD,HAZLET PD,0,1,0,0,I,B,N,N,99,1,LINE RD,,,,13181304__,1.89,07,,01,04,02,02,07,02,05,01,500,FE,N,SOPHIA DR,,,,25,25,19,,,N,,96
2018133918-860-AC,MONMOUTH,HAZLET TWP,12/07/2018,FR,1825,01,HAZLET TWP PD,HAZLET,0,1,0,0,I,B,Y,N,01,2,NJ 36,E,36,,00000036__,23.50,02,,01,04,02,01,06,01,01,01,500,FE,W,ROUTE 516 / MIDDLE RD,,,,50,35,26,,,N,,62
2018133918-861-AC,MONMOUTH,HAZLET TWP,12/08/2018,SA,1822,01,HAZLET TWP PD,HAZLET,0,0,0,0,P,B,N,N,01,2,UNION AVE,S,,,13181306__,.74,07,,01,04,02,01,06,01,05,01,20,FE,N,ROUTE 516 / MIDDLE RD,,,,35,35,26,,,N,,91
2018133918-864-AC,MONMOUTH,HAZLET TWP,12/10/2018,MO,0642,01,HAZLET TWP PD,,0,2,0,0,I,I,N,N,01,2,NJ 36,N,36,,00000036__,23.83,02,,01,04,02,01,01,01,01,01,,AT,,FLORENCE AVE,,,,50,25,26,,,N,,95
2018133918-865-AC,MONMOUTH,HAZLET TWP,12/10/2018,MO,1652,01,HAZLET TWP PD,HAZLET P.D,0,2,0,0,I,B,N,N,01,2,NJ 36,E,36,,00000036__,23.40,02,,01,04,02,01,06,01,01,01,1000,FE,W,ROUTE 516 / MIDDLE RD,,,,50,35,26,,,N,,101
2018133918-867-AC,MONMOUTH,HAZLET TWP,12/10/2018,MO,2339,01,HAZLET TWP PD,HAZLET PD,0,0,0,0,P,B,Y,N,06,3,SEVENTH ST **,,,,13391248__,.28,07,,01,04,02,01,06,01,05,,200,FE,W,SOUTH PARK AVE,,,,25,25,26,,,N,,
2018133918-868-AC,MONMOUTH,HAZLET TWP,12/10/2018,MO,2353,01,HAZLET TWP PD,,0,0,0,0,P,B,Y,N,06,2,SEVENTH ST **,,,,13391248__,.17,07,,01,04,02,01,06,01,,,800,FE,W,SOUTH PARK AVE,,,,25,25,26,,,N,,68
2018133918-869-AC,MONMOUTH,HAZLET TWP,12/10/2018,MO,2359,01,HAZLET TWP PD,HAZLET PD,0,0,0,0,P,B,Y,N,06,2,SEVENTH ST **,,,,13391248__,.27,07,,01,04,02,01,06,01,05,,250,FE,W,SOUTH PARK AVE,,,,25,25,26,,,N,,72
2018133918-87-AC,MONMOUTH,HAZLET TWP,02/12/2018,MO,1331,01,HAZLET TWP PD,HAZLET PD,0,0,0,0,P,B,N,N,02,2,BETHANY RD,,,,,,07,,01,06,02,01,01,01,05,01,50,FE,W,CR 4,,,,35,35,26,,,N,,100
2018133918-870-AC,MONMOUTH,HAZLET TWP,12/11/2018,TU,0503,01,HAZLET TWP PD,,0,0,0,0,P,B,N,N,01,2,NJ 36,,36,,00000036__,20.42,02,,01,04,02,01,02,01,01,01,15,FE,W,CR 7 / MAIN ST / PALMER AVE,,,,50,30,26,,,N,,68
2018133918-872-AC,MONMOUTH,HAZLET TWP,12/11/2018,TU,0922,01,HAZLET TWP PD,HAZLET TWP,0,0,0,0,P,B,N,N,01,2,NJ 36,N,36,,00000036__,23.17,02,,01,04,02,01,01,01,01,01,150,FE,S,POOLE AVE,,,,50,35,26,,,N,,93
2018133918-873-AC,MONMOUTH,HAZLET TWP,12/11/2018,TU,1402,01,HAZLET TWP PD,HAZLET TWP,0,1,0,0,I,B,N,N,01,2,BETHANY RD,W,,,,,07,,01,05,02,01,01,01,04,01,200,FE,E,BEERS ST,,,,35,35,26,,,Y,,100
2018133918-874-AC,MONMOUTH,HAZLET TWP,12/11/2018,TU,1840,01,HAZLET TWP PD,HAZLET TWP,0,0,0,0,P,B,N,N,01,2,NJ 36,E,36,,00000036__,23.83,02,,01,04,02,01,06,01,01,01,500,FE,E,FLORENCE AVE,,,,50,25,26,,,N,,85
2018133918-875-AC,MONMOUTH,HAZLET TWP,12/12/2018,WE,1203,01,HAZLET TWP PD,HAZLET TWP,0,0,0,0,P,B,N,N,01,2,NJ 36,S,36,,00000036__,23.61,02,,01,04,02,01,01,01,01,01,100,FE,N,ROUTE 516 / MIDDLE RD,,,,50,35,26,,,N,,93
2018133918-878-AC,MONMOUTH,HAZLET TWP,12/14/2018,FR,1650,01,HAZLET TWP PD,HAZLET PD,0,2,0,0,I,I,N,N,04,2,UNION AVE,,,,13181306__,.74,07,,01,04,02,01,06,01,05,,,AT,,ROUTE 516 / MIDDLE RD,,,,35,35,26,,,N,,96
2018133918-88-AC,MONMOUTH,HAZLET TWP,02/12/2018,MO,1944,01,HAZLET TWP PD,HAZLET PD,0,0,0,0,P,B,N,N,12,1,FLORENCE AVE,,,,,,07,,01,04,02,01,07,01,05,01,,,,,,,,35,,24,,,N,,96
2018133918-880-AC,MONMOUTH,HAZLET TWP,12/14/2018,FR,1929,01,HAZLET TWP PD,,0,0,0,0,P,I,N,N,03,2,LAUREL AVE,S,,,13391283__,.49,07,,02,05,02,01,06,02,05,01,,AT,,LILLIAN DR,,,,35,25,26,,,N,,88
2018133918-881-AC,MONMOUTH,HAZLET TWP,12/14/2018,FR,2100,01,HAZLET TWP PD,HAZLET PD,0,1,0,0,I,B,N,N,01,2,NJ 35,,35,,00000035__,41.88,02,,01,04,02,02,06,02,01,,200,FE,E,BETHANY RD / POOLE AVE,,,,50,35,26,,,N,,96
2018133918-883-AC,MONMOUTH,HAZLET TWP,12/15/2018,SA,0813,01,HAZLET TWP PD,HAZLET P.D,0,0,0,0,P,B,N,N,02,2,POOLE AVE,N,,,13391282__,.00,07,,01,04,02,02,01,01,05,01,50,FE,S,NJ 36,,,,35,50,26,,,N,,101
2018133918-884-AC,MONMOUTH,HAZLET TWP,12/15/2018,SA,1053,01,HAZLET TWP PD,,0,0,0,0,P,B,N,N,01,2,NJ 35,S,35,,00000035__,42.80,02,,01,04,02,02,01,02,01,01,25,FE,E,BEDLE RD,,,,50,25,26,,,N,,95
2018133918-885-AC,MONMOUTH,HAZLET TWP,12/16/2018,SU,1553,01,HAZLET TWP PD,,0,0,0,0,P,B,N,N,01,2,NJ 35,N,35,,00000035__,41.40,02,,01,04,02,02,01,02,01,01,10,FE,S,MILLER AVE,,,,50,35,26,,,N,,101
2018133918-887-AC,MONMOUTH,HAZLET TWP,12/17/2018,MO,1545,01,HAZLET TWP PD,,0,0,0,0,P,B,N,N,01,2,HAZLET AVE **,S,,,13391049__,.69,07,,01,04,02,01,01,01,05,01,100,FE,N,NJ 35,,,,30,50,26,,,N,,95
2018133918-889-AC,MONMOUTH,HAZLET TWP,12/18/2018,TU,1541,01,HAZLET TWP PD,HAZLET P.D,0,0,0,0,P,B,N,N,11,1,LAUREL AVE,N,,,13181305__,1.07,07,,01,04,02,01,01,01,05,01,15,FE,S,NJ 36,,,,35,50,56,,,N,,101
2018133918-89-AC,MONMOUTH,HAZLET TWP,02/13/2018,TU,1549,01,HAZLET TWP PD,HQ,0,0,0,0,P,B,N,N,01,2,NJ 35,S,35,,00000035__,42.31,02,,01,04,02,01,01,01,01,,100,FE,N,HAZLET AVE,,,,50,35,26,40.420970,74.185070,N,,78
2018133918-892-AC,MONMOUTH,HAZLET TWP,12/19/2018,WE,1823,01,HAZLET TWP PD,,0,0,0,0,P,I,N,N,02,2,NJ 36,W,36,,00000036__,23.20,02,,01,04,02,01,03,01,01,01,,AT,,POOLE AVE,,,,50,35,26,,,N,,85
2018133918-893-AC,MONMOUTH,HAZLET TWP,12/19/2018,WE,2337,01,HAZLET TWP PD,,0,0,0,0,P,B,N,N,12,1,NJ 36,W,36,,00000036__,20.89,02,,02,04,02,01,06,01,01,01,1000,FE,W,BROWN AVE,,,,50,25,24,,,N,,88
2018133918-895-AC,MONMOUTH,HAZLET TWP,12/20/2018,TH,1614,01,HAZLET TWP PD,HAZLET TWP,0,0,0,0,P,B,N,N,12,1,LAUREL AVE,,,,13391283__,.45,07,,01,04,02,02,03,02,04,,20,FE,N,6TH ST,,,,35,25,24,,,N,,100
2018133918-900-AC,MONMOUTH,HAZLET TWP,12/23/2018,SU,1019,01,HAZLET TWP PD,HQ,0,0,0,0,P,B,N,N,03,2,LAUREL AVE,N,,,13181305__,1.06,07,,01,04,02,01,01,01,05,01,50,FE,S,NJ 36,,,,35,50,26,,,N,,89
2018133918-902-AC,MONMOUTH,HAZLET TWP,12/23/2018,SU,1233,01,HAZLET TWP PD,HQ,0,0,0,0,P,B,N,N,01,2,ROUTE 516,,516,,00000516__,12.35,05,,01,04,02,01,01,01,05,01,25,FE,W,PINE ST,,,,35,25,26,,,N,,89
2018133918-903-AC,MONMOUTH,HAZLET TWP,12/23/2018,SU,1453,01,HAZLET TWP PD,HQ,0,0,0,0,P,I,N,N,01,2,BEERS ST,,,,,,07,,01,04,02,01,01,01,05,01,,AT,,PARKVIEW DR,,,,35,25,26,,,N,,89
2018133918-91-AC,MONMOUTH,HAZLET TWP,02/14/2018,WE,1353,01,HAZLET TWP PD,,0,0,0,0,P,B,N,N,03,2,POOLE AVE,,,,13391282__,.00,07,,01,04,02,01,01,01,05,01,150,FE,S,NJ 36,,,,35,50,26,,,N,,86