Year(4)-CountyCode(2)-MunicipalityCode(2)-CaseNumber(9),County Name,Municipality Name,Crash Date,Crash Day of Week,Crash Time,Police Department Code,Police Department,Police Station,Total Killed,Total Injured,Pedestrians Killed,Pedestrians Injured,Severity,Intersection,Alcohol Involved,Hazmat Involved,Crash Type,Total Vehicles,Location,Location Direction,Route,Route Suffix,Std Rte Identifier,MilePost,Road System,Road Character,Road Horizontal Alignment,Road Grade,Road Surface Type,Surface Condition,Light Condition,Environmental Condition,Road Divided By,Temporary Traffic Control Zone,Distance To Cross Street,Unit Of Measurement,Direction From Cross Street,Cross Street Name,Is Ramp,Ramp To/From Route Name,Ramp To/From Route Direction,Posted Speed,Posted Speed Cross Street,First Harmful Event,Latitude,Longitude,Cell Phone In Use Flag,Other Property Damage,Reporting Badge No.
2018133918-911-AC,MONMOUTH,HAZLET TWP,12/28/2018,FR,2213,01,HAZLET TWP PD,,0,0,0,0,P,B,N,N,01,2,NJ 36,E,36,,00000036__,23.19,02,,01,04,02,02,06,01,01,01,50,FE,W,POOLE AVE,,,,50,35,26,,,N,,88
2018133918-912-AC,MONMOUTH,HAZLET TWP,12/29/2018,SA,0249,01,HAZLET TWP PD,HAZLET PD,0,0,0,0,P,B,N,N,12,1,NJ 36,E,36,,00000036__,21.89,02,,03,04,02,02,06,01,01,01,800,FE,E,ROSE LN,,,,50,35,24,,,N,,96
2018133918-914-AC,MONMOUTH,HAZLET TWP,12/30/2018,SU,1109,01,HAZLET TWP PD,HQ,0,0,0,0,P,B,N,N,02,2,NJ 35,N,35,,00000035__,41.84,02,,01,04,02,01,01,05,01,01,25,FE,N,BETHANY RD / POOLE AVE,,,,50,35,26,,,N,,89
2018133918-915-AC,MONMOUTH,HAZLET TWP,12/31/2018,MO,1338,01,HAZLET TWP PD,HQ,0,0,0,0,P,B,N,N,01,2,NJ 35,S,35,,00000035__,41.83,02,,01,04,02,01,01,05,01,01,50,FE,S,BETHANY RD / POOLE AVE,,,,50,35,26,,,N,,89
2018133918-916-AC,MONMOUTH,HAZLET TWP,12/31/2018,MO,1630,01,HAZLET TWP PD,HAZLET P.D,0,1,0,0,I,B,N,N,02,2,HAZLET AVE **,N,,,13391049__,.66,07,,01,04,02,02,06,02,05,01,35,FE,S,NJ 35,,,,35,50,26,,,N,,101
2018133918-92-AC,MONMOUTH,HAZLET TWP,02/14/2018,WE,1919,01,HAZLET TWP PD,,0,0,0,0,P,B,N,N,01,2,NJ 36,E,36,,00000036__,22.58,02,,01,04,02,01,06,05,01,01,400,FE,W,CR 6 / STONE RD,,,,50,25,26,,,N,,95
2018133918-93-AC,MONMOUTH,HAZLET TWP,02/15/2018,TH,0656,01,HAZLET TWP PD,,0,0,0,0,P,B,N,N,01,2,NJ 36,,36,,00000036__,23.55,02,,01,04,02,02,01,01,05,01,200,FE,S,ROUTE 516 / MIDDLE RD,,,,50,35,26,,,N,,86
2018133918-94-AC,MONMOUTH,HAZLET TWP,02/15/2018,TH,1650,01,HAZLET TWP PD,HAZLET PD,0,0,0,0,P,I,N,N,08,2,LYNN BLVD,N,,,,,07,,01,04,02,01,01,01,05,01,,AT,S,WINTHROP PL,,,,25,25,26,,,N,,99
2018133918-97-AC,MONMOUTH,HAZLET TWP,02/17/2018,SA,0559,01,HAZLET TWP PD,HAZLET PD,0,0,0,0,P,B,N,N,06,2,MONTEREY DR,N,,,,,07,,01,04,02,01,06,01,05,01,50,FE,S,ROLAND PL,,,,25,25,26,,,N,,99
2018133918-99-AC,MONMOUTH,HAZLET TWP,02/17/2018,SA,1508,01,HAZLET TWP PD,HQ,0,0,0,0,P,B,N,N,01,2,NJ 36,S,36,,00000036__,23.25,02,,01,04,02,01,01,05,01,01,250,FE,N,POOLE AVE,,,,50,35,26,,,N,,89
20181339E050-2018-00018A,MONMOUTH,HAZLET TWP,01/03/2018,WE,0802,02,NEW JERSEY STATE POLICE,HOLMDEL - SQUAD,0,1,0,0,I,I,N,N,01,2,GARDEN STATE PARKWAY,N,444,,00000444__,117.60,03,,01,04,02,01,01,01,01,01,,AT,,BETHANY RD,,,,65,,26,40.425240,74.205830,N,,7514
20181339E050-2018-00021A,MONMOUTH,HAZLET TWP,01/03/2018,WE,1816,02,NEW JERSEY STATE POLICE,HOLMDEL - SQUAD,0,0,0,0,P,I,N,N,01,2,GARDEN STATE PARKWAY,S,444,,00000444__,117.60,03,,03,04,02,01,07,01,01,01,,AT,,BETHANY RD,,,,45,,26,40.854510,74.362510,N,,7450
20181339E050-2018-00044A,MONMOUTH,HAZLET TWP,01/06/2018,SA,2107,02,NEW JERSEY STATE POLICE,HOLMDEL - SQUAD,0,0,0,0,P,B,N,N,02,2,GARDEN STATE PARKWAY,N,444,,00000444__,118.10,03,,01,04,02,01,05,01,01,01,,,,,,,,65,,26,40.415320,74.201870,N,,7131
20181339E050-2018-00060A,MONMOUTH,HAZLET TWP,01/09/2018,TU,1015,02,NEW JERSEY STATE POLICE,HOLMDEL - SQUAD,0,0,0,0,P,I,N,N,01,2,GARDEN STATE PARKWAY,N,444,,00000444__,118.50,03,,01,05,02,02,01,03,04,01,,AT,,,F,NJ 35,NB,15,,26,40.419750,74.206900,N,,7439
20181339E050-2018-00098A,MONMOUTH,HAZLET TWP,01/15/2018,MO,1016,02,NEW JERSEY STATE POLICE,HOLMDEL - SQUAD,0,0,0,0,P,B,N,N,15,2,GARDEN STATE PARKWAY,S,444,,00000444__,117.80,03,,01,04,02,01,01,01,01,01,,FE,S,BETHANY RD,,,,65,,30,40.410400,74.200790,N,,7086
20181339E050-2018-00131A,MONMOUTH,HAZLET TWP,01/20/2018,SA,2032,02,NEW JERSEY STATE POLICE,HOLMDEL - SQUAD,0,0,0,0,P,B,N,N,12,1,GARDEN STATE PARKWAY,N,444,,00000444__,118.79,03,,01,04,02,01,04,01,01,01,,FE,N,NJ 3 / LLOYD RD,,,,65,,24,40.421240,74.212280,N,,7382
20181339E050-2018-00160A,MONMOUTH,HAZLET TWP,01/26/2018,FR,1739,02,NEW JERSEY STATE POLICE,HOLMDEL - SQUAD,0,0,0,0,P,I,N,N,01,2,GARDEN STATE PARKWAY,N,444,,00000444__,117.60,03,,03,04,02,01,06,01,01,01,,AT,,BETHANY RD,,,,45,,26,40.236520,74.265120,N,,7450
20181339E050-2018-00175A,MONMOUTH,HAZLET TWP,01/27/2018,SA,1719,02,NEW JERSEY STATE POLICE,HOLMDEL - SQUAD,0,0,0,0,P,I,N,N,01,2,GARDEN STATE PARKWAY,N,444,,00000444__,117.60,03,,03,04,02,01,06,01,01,01,,AT,,BETHANY RD,,,,35,,26,40.424730,74.202630,N,,7450
20181339E050-2018-00180A,MONMOUTH,HAZLET TWP,01/25/2018,TH,1626,02,NEW JERSEY STATE POLICE,HOLMDEL - SQUAD,0,0,0,0,P,I,N,N,08,2,GARDEN STATE PARKWAY,N,444,,00000444__,117.60,03,,01,04,02,01,01,01,01,01,,AT,,BETHANY RD,,,,65,,26,40.402120,74.193370,N,,7208
20181339E050-2018-00194A,MONMOUTH,HAZLET TWP,01/31/2018,WE,0759,02,NEW JERSEY STATE POLICE,HOLMDEL - SQUAD,0,0,0,0,P,B,N,N,01,3,GARDEN STATE PARKWAY,N,444,,00000444__,118.20,03,,01,04,02,01,01,01,01,01,,FE,N,NJ 3 / LLOYD RD,,,,65,,26,40.416660,74.203330,N,,7570
20181339E050-2018-00195A,MONMOUTH,HAZLET TWP,01/31/2018,WE,0926,02,NEW JERSEY STATE POLICE,HOLMDEL - SQUAD,0,0,0,0,P,B,N,N,01,2,GARDEN STATE PARKWAY,N,444,,00000444__,118.60,03,,01,04,02,01,01,01,01,01,,FE,N,NJ 3 / LLOYD RD,,,,65,,26,40.420330,74.208680,N,,7570
20181339E050-2018-00199A,MONMOUTH,HAZLET TWP,01/31/2018,WE,1241,02,NEW JERSEY STATE POLICE,HOLMDEL - SQUAD,0,1,0,0,I,B,N,N,15,1,GARDEN STATE PARKWAY,S,444,,00000444__,118.50,03,,01,07,02,01,01,01,01,01,,FE,S,NJ 3 / LLOYD RD,,,,65,,39,40.419000,74.210660,N,CONCRETE BARRIER OWNED BY NJTA,7570
20181339E050-2018-00233A,MONMOUTH,HAZLET TWP,02/06/2018,TU,1600,02,NEW JERSEY STATE POLICE,HOLMDEL - SQUAD,0,0,0,0,P,I,N,N,01,2,GARDEN STATE PARKWAY,N,444,,00000444__,117.60,03,,01,06,02,01,01,01,01,01,,AT,,BETHANY RD,,,,35,,26,40.424410,74.204750,N,,7639
20181339E050-2018-00246A,MONMOUTH,HAZLET TWP,02/07/2018,WE,1108,02,NEW JERSEY STATE POLICE,HOLMDEL - SQUAD,0,1,0,0,I,B,N,N,11,1,GARDEN STATE PARKWAY,N,444,,00000444__,117.70,03,,01,04,02,02,01,02,01,01,,FE,N,BETHANY RD,,,,65,,46,40.410380,74.198940,N,guardrail,7382
20181339E050-2018-00257A,MONMOUTH,HAZLET TWP,02/05/2018,MO,0756,02,NEW JERSEY STATE POLICE,HOLMDEL - SQUAD,0,0,0,0,P,B,N,N,11,1,GARDEN STATE PARKWAY,S,444,,00000444__,118.30,03,,01,04,02,01,01,01,01,01,,FE,S,NJ 3 / LLOYD RD,,,,65,,46,40.424410,74.204750,N,NJTA GUIDE RAIL DAMAGE,7369
20181339E050-2018-00284A,MONMOUTH,HAZLET TWP,02/14/2018,WE,1820,02,NEW JERSEY STATE POLICE,HOLMDEL - SQUAD,0,0,0,0,P,I,N,N,01,2,GARDEN STATE PARKWAY,S,444,,00000444__,118.40,03,,03,04,02,01,03,01,01,01,,AT,,,T,NJ 35,SB,65,,26,40.423250,74.205590,N,,7570
20181339E050-2018-00287A,MONMOUTH,HAZLET TWP,02/14/2018,WE,0742,02,NEW JERSEY STATE POLICE,HOLMDEL - SQUAD,0,0,0,0,P,I,N,N,01,2,GARDEN STATE PARKWAY,S,444,,00000444__,118.79,03,,01,04,02,01,01,01,02,01,,AT,,NJ 3 / LLOYD RD,,,SB,65,,26,40.424410,74.204750,N,,7439
20181339E050-2018-00332A,MONMOUTH,HAZLET TWP,02/22/2018,TH,2024,02,NEW JERSEY STATE POLICE,HOLMDEL - SQUAD,0,1,0,0,I,B,N,N,01,2,GARDEN STATE PARKWAY,S,444,,00000444__,118.20,03,,01,04,02,02,04,01,01,01,,FE,S,NJ 3 / LLOYD RD,,,,65,,26,40.416310,74.206140,N,GUARDRAIL,7382
20181339E050-2018-00377A,MONMOUTH,HAZLET TWP,02/28/2018,WE,1213,02,NEW JERSEY STATE POLICE,HOLMDEL - SQUAD,0,1,0,0,I,I,N,N,01,2,GARDEN STATE PARKWAY,S,444,,00000444__,117.60,03,,01,04,02,01,01,01,01,01,,AT,,BETHANY RD,,,,65,,26,40.420930,74.213840,N,,7514
20181339E050-2018-00380A,MONMOUTH,HAZLET TWP,02/28/2018,WE,1708,02,NEW JERSEY STATE POLICE,HOLMDEL - SQUAD,0,0,0,0,P,I,N,N,01,2,GARDEN STATE PARKWAY,N,444,,00000444__,117.60,03,,03,06,02,01,01,01,01,01,,AT,,BETHANY RD,,,,25,,26,40.424610,74.202530,N,,6357
20181339E050-2018-00415A,MONMOUTH,HAZLET TWP,03/05/2018,MO,1540,02,NEW JERSEY STATE POLICE,HOLMDEL - SQUAD,0,1,0,0,I,I,N,N,01,2,GARDEN STATE PARKWAY,S,444,,00000444__,118.79,03,,03,06,02,01,01,01,01,01,,AT,,NJ 3 / LLOYD RD,,,,65,,26,40.424300,74.203900,N,,7369
20181339E050-2018-00416A,MONMOUTH,HAZLET TWP,03/05/2018,MO,1614,02,NEW JERSEY STATE POLICE,HOLMDEL - SQUAD,0,2,0,0,I,B,N,N,01,2,GARDEN STATE PARKWAY,S,444,,00000444__,118.30,03,,03,06,02,01,01,01,01,01,,,,,,,,65,,26,40.420930,74.213840,N,,7369
20181339E050-2018-00424A,MONMOUTH,HAZLET TWP,03/06/2018,TU,1708,02,NEW JERSEY STATE POLICE,HOLMDEL - SQUAD,0,0,0,0,P,I,N,N,02,2,GARDEN STATE PARKWAY,S,444,,00000444__,117.60,03,,01,04,02,01,01,01,01,01,,AT,,BETHANY RD,,,,65,,26,40.424410,74.204750,N,,7514
20181339E050-2018-00446A,MONMOUTH,HAZLET TWP,03/08/2018,TH,0807,02,NEW JERSEY STATE POLICE,HOLMDEL - SQUAD,0,0,0,0,P,B,N,N,15,2,GARDEN STATE PARKWAY,N,444,,00000444__,118.00,03,,01,04,02,02,01,01,01,01,,FE,N,NJ 3 / LLOYD RD,,,,65,,12,40.414390,74.201080,N,,7660
20181339E050-2018-00460A,MONMOUTH,HAZLET TWP,03/09/2018,FR,1536,02,NEW JERSEY STATE POLICE,HOLMDEL - SQUAD,0,0,0,0,P,I,N,N,01,2,GARDEN STATE PARKWAY,N,444,,00000444__,117.60,03,,03,06,02,01,01,01,01,01,,AT,,BETHANY RD,,,,65,,26,40.235540,74.526870,N,,6978
20181339E050-2018-00462A,MONMOUTH,HAZLET TWP,03/10/2018,SA,1347,02,NEW JERSEY STATE POLICE,HOLMDEL - SQUAD,0,0,0,0,P,B,N,N,01,2,GARDEN STATE PARKWAY,S,444,,00000444__,118.30,03,,03,06,02,01,01,01,01,01,,,S,NJ 3 / LLOYD RD,,,,65,,26,40.418100,74.203810,N,,7369
20181339E050-2018-00482A,MONMOUTH,HAZLET TWP,03/14/2018,WE,0813,02,NEW JERSEY STATE POLICE,HOLMDEL - SQUAD,0,0,0,0,P,B,N,N,01,2,GARDEN STATE PARKWAY,N,444,,00000444__,118.00,03,,02,06,02,01,01,01,01,01,,FE,N,NJ 3 / LLOYD RD,,,,35,,26,40.386550,74.177130,N,,7804
20181339E050-2018-00510A,MONMOUTH,HAZLET TWP,03/19/2018,MO,1339,02,NEW JERSEY STATE POLICE,HOLMDEL - SQUAD,0,0,0,0,P,B,N,N,11,1,GARDEN STATE PARKWAY,N,444,,00000444__,118.70,03,,01,04,02,01,01,01,03,01,,FE,N,NJ 3 / LLOYD RD,,,,65,,,40.420470,74.211140,N,Guide Rail - NJ Turnpike Authority,6104
20181339E050-2018-00516A,MONMOUTH,HAZLET TWP,03/20/2018,TU,1844,02,NEW JERSEY STATE POLICE,HOLMDEL - SQUAD,0,0,0,0,P,B,N,N,01,2,GARDEN STATE PARKWAY,N,444,,00000444__,118.60,03,,03,06,02,02,01,02,01,01,,,,,F,NJ 3,,15,,26,40.423140,74.206610,N,,7361
20181339E050-2018-00584A,MONMOUTH,HAZLET TWP,03/30/2018,FR,0106,02,NEW JERSEY STATE POLICE,HOLMDEL - SQUAD,0,0,0,0,P,B,N,N,12,1,GARDEN STATE PARKWAY,S,444,,00000444__,117.70,03,,01,04,02,01,05,01,01,01,,FE,S,BETHANY RD,,,,65,,24,40.410190,74.201300,N,,6978
20181339E050-2018-00615A,MONMOUTH,HAZLET TWP,04/02/2018,MO,1017,02,NEW JERSEY STATE POLICE,HOLMDEL - SQUAD,0,0,0,0,P,B,N,N,02,2,GARDEN STATE PARKWAY,S,444,,00000444__,118.00,03,,03,05,02,03,01,03,01,01,,,,,,,,35,,26,40.414050,74.203750,N,,7369
20181339E050-2018-00725A,MONMOUTH,HAZLET TWP,04/20/2018,FR,0628,02,NEW JERSEY STATE POLICE,HOLMDEL - SQUAD,0,0,0,0,P,B,N,N,01,2,GARDEN STATE PARKWAY,N,444,,00000444__,118.70,03,,01,04,02,01,01,01,01,01,,,,,,,,65,,26,40.420470,74.211140,N,,7332
20181339E050-2018-00893A,MONMOUTH,HAZLET TWP,05/17/2018,TH,0531,02,NEW JERSEY STATE POLICE,HOLMDEL - SQUAD,0,0,0,0,P,B,N,N,11,1,GARDEN STATE PARKWAY,N,444,,00000444__,118.10,03,,01,04,02,02,01,02,01,01,,,,,,,,65,,60,40.415850,74.201390,N,,7411
20181339E050-2018-00903A,MONMOUTH,HAZLET TWP,05/18/2018,FR,1546,02,NEW JERSEY STATE POLICE,HOLMDEL - SQUAD,0,0,0,0,P,B,N,N,01,2,GARDEN STATE PARKWAY,N,444,,00000444__,117.80,03,,03,04,02,01,01,01,01,01,,,,,T,NJ 35,SB,65,,26,40.408880,74.200400,N,,7332
20181339E050-2018-00917A,MONMOUTH,HAZLET TWP,05/21/2018,MO,2129,02,NEW JERSEY STATE POLICE,HOLMDEL - SQUAD,0,2,0,0,I,B,N,N,01,2,GARDEN STATE PARKWAY,N,444,,00000444__,117.90,03,,01,04,02,01,05,01,01,01,,,,,,,,65,,26,40.429000,74.165100,N,NJTA Guardrail,7739
20181339E050-2018-00928A,MONMOUTH,HAZLET TWP,05/22/2018,TU,0810,02,NEW JERSEY STATE POLICE,HOLMDEL - SQUAD,0,0,0,0,P,B,N,N,02,2,GARDEN STATE PARKWAY,N,444,,00000444__,118.00,03,,02,06,02,01,01,01,01,01,,,,,,,,25,,26,40.425240,74.205830,N,,7453
20181339E050-2018-00939A,MONMOUTH,HAZLET TWP,05/24/2018,TH,1020,02,NEW JERSEY STATE POLICE,HOLMDEL - SQUAD,0,0,0,0,P,B,N,N,01,3,GARDEN STATE PARKWAY,S,444,,00000444__,118.30,03,,01,04,02,01,01,01,01,01,,,,,,,,65,,26,40.415660,74.203540,N,,7332
20181339E050-2018-00988A,MONMOUTH,HAZLET TWP,05/27/2018,SU,1330,02,NEW JERSEY STATE POLICE,HOLMDEL - SQUAD,0,0,0,0,P,B,N,N,02,2,GARDEN STATE PARKWAY,S,444,,00000444__,118.70,03,,01,04,02,02,01,02,01,01,,,,,,,,65,,26,40.568400,74.512400,N,,7382
20181339E050-2018-01010A,MONMOUTH,HAZLET TWP,05/29/2018,TU,1344,02,NEW JERSEY STATE POLICE,HOLMDEL - SQUAD,0,0,0,0,P,B,N,N,01,2,GARDEN STATE PARKWAY,N,444,,00000444__,118.10,03,,02,06,02,01,01,01,01,01,,,,,,,,65,,26,40.425240,74.205830,N,,7369
20181339E050-2018-01030A,MONMOUTH,HAZLET TWP,06/01/2018,FR,0832,02,NEW JERSEY STATE POLICE,HOLMDEL - SQUAD,0,1,0,0,I,B,N,N,01,2,GARDEN STATE PARKWAY,N,444,,00000444__,118.70,03,,01,04,02,02,01,02,01,01,,,,,,,,65,,26,40.420780,74.210480,N,,7369
20181339E050-2018-01076A,MONMOUTH,HAZLET TWP,06/07/2018,TH,0849,02,NEW JERSEY STATE POLICE,HOLMDEL - SQUAD,0,0,0,0,P,B,N,N,01,2,GARDEN STATE PARKWAY,S,444,,00000444__,118.70,03,,03,04,02,01,01,01,01,01,,,,,,,,15,,26,40.420930,74.213840,N,,7804
20181339E050-2018-01145A,MONMOUTH,HAZLET TWP,06/14/2018,TH,2056,02,NEW JERSEY STATE POLICE,HOLMDEL - SQUAD,0,0,0,0,P,B,N,N,12,1,GARDEN STATE PARKWAY,N,444,,00000444__,118.30,03,,01,04,02,01,03,01,01,01,,,,,,,,65,,24,40.417620,74.204750,N,,7639
20181339E050-2018-01187A,MONMOUTH,HAZLET TWP,06/17/2018,SU,1440,02,NEW JERSEY STATE POLICE,HOLMDEL - SQUAD,0,0,0,0,P,B,N,N,02,2,GARDEN STATE PARKWAY,N,444,,00000444__,118.00,03,,01,04,02,01,01,01,01,01,,,,,,,,65,,26,40.421860,74.213970,N,,7570
20181339E050-2018-01200A,MONMOUTH,HAZLET TWP,06/20/2018,WE,0801,02,NEW JERSEY STATE POLICE,HOLMDEL - SQUAD,0,0,0,0,P,B,N,N,01,2,GARDEN STATE PARKWAY,N,444,,00000444__,117.80,03,,01,04,02,01,01,01,01,01,,,,,,,,65,,26,40.411700,74.199630,N,,7160
20181339E050-2018-01234A,MONMOUTH,HAZLET TWP,06/25/2018,MO,0555,02,NEW JERSEY STATE POLICE,HOLMDEL - SQUAD,0,0,0,0,P,B,N,N,12,2,GARDEN STATE PARKWAY,N,444,,00000444__,118.20,03,,01,04,02,01,01,01,01,02,,,,,,,,65,,24,40.417040,74.202490,N,,7804
20181339E050-2018-01265A,MONMOUTH,HAZLET TWP,06/28/2018,TH,0644,02,NEW JERSEY STATE POLICE,HOLMDEL - SQUAD,0,0,0,0,P,B,N,N,11,1,GARDEN STATE PARKWAY,N,444,,00000444__,118.10,03,,01,04,02,02,01,02,03,01,,,,,,,,65,,60,40.415850,74.201390,N,,7382
20181339E050-2018-01281A,MONMOUTH,HAZLET TWP,06/29/2018,FR,1545,02,NEW JERSEY STATE POLICE,HOLMDEL - SQUAD,0,0,0,0,P,B,N,N,01,2,GARDEN STATE PARKWAY,N,444,,00000444__,117.80,03,,01,06,02,01,01,01,05,01,,,,,F,NJ 35,NB,65,,26,40.423380,74.205560,N,,7086
20181339E050-2018-01282A,MONMOUTH,HAZLET TWP,06/29/2018,FR,0558,02,NEW JERSEY STATE POLICE,HOLMDEL - SQUAD,0,0,0,0,P,B,N,N,12,1,GARDEN STATE PARKWAY,N,444,,00000444__,118.60,03,,01,04,02,01,01,01,01,01,,,,,,,,65,,24,40.420330,74.208680,N,,7450
20181339E050-2018-01291A,MONMOUTH,HAZLET TWP,06/29/2018,FR,1723,02,NEW JERSEY STATE POLICE,HOLMDEL - SQUAD,0,0,0,0,P,B,N,N,01,2,GARDEN STATE PARKWAY,S,444,,00000444__,118.50,03,,01,04,02,01,01,01,01,01,,,,,,,,65,,26,40.416960,74.207160,N,,7576
20181339E050-2018-01309A,MONMOUTH,HAZLET TWP,07/01/2018,SU,1328,02,NEW JERSEY STATE POLICE,HOLMDEL - SQUAD,0,0,0,0,P,B,N,N,01,2,GARDEN STATE PARKWAY,S,444,,00000444__,117.80,03,,01,04,02,01,01,01,01,01,,,,,,,,65,,26,40.411500,74.202100,N,,6978
20181339E050-2018-01349A,MONMOUTH,HAZLET TWP,07/04/2018,WE,0939,02,NEW JERSEY STATE POLICE,HOLMDEL - SQUAD,0,3,0,0,I,B,N,N,01,3,GARDEN STATE PARKWAY,S,444,,00000444__,117.70,03,,01,04,02,01,01,01,01,01,,,,,,,,65,,26,40.407680,74.199160,N,,7439
20181339E050-2018-01446A,MONMOUTH,HAZLET TWP,07/15/2018,SU,1120,02,NEW JERSEY STATE POLICE,HOLMDEL - SQUAD,0,0,0,0,P,B,N,N,01,2,GARDEN STATE PARKWAY,N,444,,00000444__,117.80,03,,01,04,02,02,01,02,01,01,,,,,,,,65,,26,40.424410,74.204750,N,,7134
20181339E050-2018-01449A,MONMOUTH,HAZLET TWP,07/15/2018,SU,1240,02,NEW JERSEY STATE POLICE,HOLMDEL - SQUAD,0,0,0,0,P,B,N,N,01,2,GARDEN STATE PARKWAY,N,444,,00000444__,117.80,03,,03,05,02,02,01,02,01,01,,,,,,,,65,,26,40.424410,74.204750,N,,7134
20181339E050-2018-01483A,MONMOUTH,HAZLET TWP,07/18/2018,WE,1725,02,NEW JERSEY STATE POLICE,HOLMDEL - SQUAD,0,2,0,0,I,B,N,N,01,2,GARDEN STATE PARKWAY,N,444,,00000444__,118.20,03,,03,06,02,01,01,01,01,01,,,,,,,,65,,26,40.424410,74.204750,N,,7369
20181339E050-2018-01502A,MONMOUTH,HAZLET TWP,07/20/2018,FR,1318,02,NEW JERSEY STATE POLICE,HOLMDEL - SQUAD,0,0,0,0,P,B,N,N,01,3,GARDEN STATE PARKWAY,S,444,,00000444__,118.50,03,,03,06,02,01,01,01,01,01,,,,,,,,65,,26,40.419000,74.210660,N,,7453
20181339E050-2018-01643A,MONMOUTH,HAZLET TWP,08/04/2018,SA,1102,02,NEW JERSEY STATE POLICE,HOLMDEL - SQUAD,0,0,0,0,P,B,N,N,11,1,GARDEN STATE PARKWAY,S,444,,00000444__,118.00,03,,01,04,02,02,01,02,01,01,,,,,,,,65,,46,40.411690,74.201360,N,NJTA GUARDRAIL,7208
20181339E050-2018-01686A,MONMOUTH,HAZLET TWP,08/07/2018,TU,2300,02,NEW JERSEY STATE POLICE,HOLMDEL - SQUAD,0,0,0,0,P,B,N,N,02,2,GARDEN STATE PARKWAY,N,444,,00000444__,118.70,03,,03,06,02,02,06,01,01,01,,,,,,,,25,,26,40.425240,74.205830,N,,7361
20181339E050-2018-01705A,MONMOUTH,HAZLET TWP,08/09/2018,TH,1730,02,NEW JERSEY STATE POLICE,HOLMDEL - SQUAD,0,1,0,0,I,B,N,N,01,2,GARDEN STATE PARKWAY,S,444,,00000444__,118.10,03,,03,04,02,01,01,01,03,01,,,,,,,,25,,26,40.424700,74.203260,N,,7453
20181339E050-2018-01868A,MONMOUTH,HAZLET TWP,08/26/2018,SU,1305,02,NEW JERSEY STATE POLICE,HOLMDEL - SQUAD,0,0,0,0,P,B,N,N,01,2,GARDEN STATE PARKWAY,S,444,,00000444__,117.80,03,,01,04,02,01,01,01,01,01,,,,,,,,65,,26,40.408980,74.200050,N,,7129
20181339E050-2018-01941A,MONMOUTH,HAZLET TWP,09/04/2018,TU,1236,02,NEW JERSEY STATE POLICE,HOLMDEL - SQUAD,0,0,0,0,P,B,N,N,02,2,GARDEN STATE PARKWAY,S,444,,00000444__,118.00,03,,01,04,02,01,01,01,01,01,,,,,,,,65,,26,40.414050,74.203750,N,NJTPA GUIDE RAIL,7514
20181339E050-2018-01968A,MONMOUTH,HAZLET TWP,09/08/2018,SA,1619,02,NEW JERSEY STATE POLICE,HOLMDEL - SQUAD,0,0,0,0,P,B,N,N,01,3,GARDEN STATE PARKWAY,N,444,,00000444__,118.60,03,,03,06,02,02,01,01,01,01,,,,,,,,25,,26,40.420330,74.208680,N,,7361
20181339E050-2018-02024A,MONMOUTH,HAZLET TWP,09/14/2018,FR,0850,02,NEW JERSEY STATE POLICE,HOLMDEL - SQUAD,0,0,0,0,P,B,N,N,11,1,GARDEN STATE PARKWAY,S,444,,00000444__,118.00,03,,02,05,02,02,01,02,01,01,,,,,,,,25,,46,40.400300,74.190130,N,guardrail,7199
20181339E050-2018-02025A,MONMOUTH,HAZLET TWP,09/14/2018,FR,0907,02,NEW JERSEY STATE POLICE,HOLMDEL - SQUAD,0,0,0,0,P,B,N,N,01,2,GARDEN STATE PARKWAY,N,444,,00000444__,118.00,03,,03,06,02,02,01,02,01,01,,,,,,,,65,,26,40.425240,74.205830,N,,7199
20181339E050-2018-02050A,MONMOUTH,HAZLET TWP,09/18/2018,TU,1250,02,NEW JERSEY STATE POLICE,HOLMDEL - SQUAD,0,1,0,0,I,B,N,N,11,1,GARDEN STATE PARKWAY,N,444,,00000444__,118.40,03,,01,05,02,02,01,02,01,01,,,,,,,,65,,48,40.386550,74.177130,N,NJTA concrete barrier.
NJTA Guardrail.,7804
20181339E050-2018-02101A,MONMOUTH,HAZLET TWP,09/25/2018,TU,0610,02,NEW JERSEY STATE POLICE,HOLMDEL - SQUAD,0,0,0,0,P,B,N,N,11,1,GARDEN STATE PARKWAY,S,444,,00000444__,118.10,03,,01,04,02,02,01,01,01,01,,,,,,,,65,,46,40.417270,74.207600,N,NJTA Guardrail,7739