Year(4)-CountyCode(2)-MunicipalityCode(2)-CaseNumber(9),County Name,Municipality Name,Crash Date,Crash Day of Week,Crash Time,Police Department Code,Police Department,Police Station,Total Killed,Total Injured,Pedestrians Killed,Pedestrians Injured,Severity,Intersection,Alcohol Involved,Hazmat Involved,Crash Type,Total Vehicles,Location,Location Direction,Route,Route Suffix,Std Rte Identifier,MilePost,Road System,Road Character,Road Horizontal Alignment,Road Grade,Road Surface Type,Surface Condition,Light Condition,Environmental Condition,Road Divided By,Temporary Traffic Control Zone,Distance To Cross Street,Unit Of Measurement,Direction From Cross Street,Cross Street Name,Is Ramp,Ramp To/From Route Name,Ramp To/From Route Direction,Posted Speed,Posted Speed Cross Street,First Harmful Event,Latitude,Longitude,Cell Phone In Use Flag,Other Property Damage,Reporting Badge No.
20181339E050-2018-02129A,MONMOUTH,HAZLET TWP,09/26/2018,WE,1151,02,NEW JERSEY STATE POLICE,HOLMDEL - SQUAD,0,0,0,0,P,B,N,N,01,2,GARDEN STATE PARKWAY,S,444,,00000444__,118.00,03,,01,04,02,01,01,01,01,01,,,,,,,,15,,26,40.414560,74.200470,N,,7804
20181339E050-2018-02162A,MONMOUTH,HAZLET TWP,09/28/2018,FR,1308,02,NEW JERSEY STATE POLICE,HOLMDEL - SQUAD,0,0,0,0,P,B,N,N,01,2,GARDEN STATE PARKWAY,N,444,,00000444__,118.00,03,,01,04,02,01,01,01,01,01,,,,,,,,65,,26,40.386550,74.177130,N,,7411
20181339E050-2018-02163A,MONMOUTH,HAZLET TWP,09/29/2018,SA,1419,02,NEW JERSEY STATE POLICE,HOLMDEL - SQUAD,0,0,0,0,P,B,N,N,15,1,GARDEN STATE PARKWAY,S,444,,00000444__,118.00,03,,01,04,02,01,01,01,01,01,,,,,,,,65,,39,40.420930,74.213840,N,,7411
20181339E050-2018-02186A,MONMOUTH,HAZLET TWP,10/03/2018,WE,0843,02,NEW JERSEY STATE POLICE,HOLMDEL - SQUAD,0,0,0,0,P,B,N,N,02,2,GARDEN STATE PARKWAY,S,444,,00000444__,117.90,03,,01,04,02,01,01,01,01,01,,,,,,,,65,,26,40.400300,74.190130,N,,7739
20181339E050-2018-02310A,MONMOUTH,HAZLET TWP,10/19/2018,FR,1958,02,NEW JERSEY STATE POLICE,HOLMDEL - SQUAD,0,0,0,0,P,B,N,N,12,1,GARDEN STATE PARKWAY,N,444,,00000444__,118.20,03,,02,04,02,01,05,01,01,01,,,,,,,,65,,24,40.416510,74.203170,N,,6448
20181339E050-2018-02325A,MONMOUTH,HAZLET TWP,10/20/2018,SA,1545,02,NEW JERSEY STATE POLICE,HOLMDEL - SQUAD,0,0,0,0,P,B,N,N,02,2,GARDEN STATE PARKWAY,N,444,,00000444__,117.60,03,,01,04,02,01,01,01,01,01,,,,,,,,65,,26,40.407670,74.197780,N,,7199
20181339E050-2018-02400A,MONMOUTH,HAZLET TWP,10/29/2018,MO,0743,02,NEW JERSEY STATE POLICE,HOLMDEL - SQUAD,0,0,0,0,P,B,N,N,01,2,GARDEN STATE PARKWAY,S,444,,00000444__,118.00,03,,01,04,02,01,01,01,02,01,,,,,,,,65,,26,40.414050,74.203750,N,,7380
20181339E050-2018-02421A,MONMOUTH,HAZLET TWP,11/01/2018,TH,,02,NEW JERSEY STATE POLICE,HOLMDEL - SQUAD,0,0,0,0,P,B,N,N,12,1,GARDEN STATE PARKWAY,N,444,,00000444__,118.00,03,,01,04,02,01,05,01,01,01,,,,,,,,65,,24,40.413950,74.200140,N,,7578
20181339E050-2018-02522A,MONMOUTH,HAZLET TWP,11/12/2018,MO,1235,02,NEW JERSEY STATE POLICE,HOLMDEL - SQUAD,0,1,0,0,I,B,Y,N,11,1,GARDEN STATE PARKWAY,N,444,,00000444__,118.60,03,,01,04,02,01,05,01,01,01,,,,,,,,65,,01,40.420330,74.208680,N,NJTA-LIGHT POLE,7373
20181339E050-2018-02554A,MONMOUTH,HAZLET TWP,11/07/2018,WE,0343,02,NEW JERSEY STATE POLICE,HOLMDEL - SQUAD,0,0,0,0,P,B,N,N,12,1,GARDEN STATE PARKWAY,S,444,,00000444__,118.00,03,,01,04,02,01,06,01,01,01,,,,,,,,65,,24,40.414050,74.203750,N,,7448
20181339E050-2018-02631A,MONMOUTH,HAZLET TWP,11/23/2018,FR,1314,02,NEW JERSEY STATE POLICE,HOLMDEL - SQUAD,0,0,0,0,P,B,N,N,02,2,GARDEN STATE PARKWAY,S,444,,00000444__,118.50,03,,01,04,02,01,01,01,01,01,,,,,,,,65,,26,40.417730,74.206110,N,,7362
20181339E050-2018-02712A,MONMOUTH,HAZLET TWP,11/27/2018,TU,1701,02,NEW JERSEY STATE POLICE,HOLMDEL - SQUAD,0,1,0,0,I,B,N,N,01,2,GARDEN STATE PARKWAY,N,444,,00000444__,118.00,03,,03,06,02,01,06,01,01,01,,,,,,,,65,,26,40.425440,74.202750,N,,7199
20181339E050-2018-02713A,MONMOUTH,HAZLET TWP,11/27/2018,TU,1724,02,NEW JERSEY STATE POLICE,HOLMDEL - SQUAD,0,1,0,0,I,B,N,N,12,1,GARDEN STATE PARKWAY,N,444,,00000444__,118.60,03,,01,04,02,01,06,01,01,01,,,,,,,,65,,24,40.420070,74.207990,N,concrete barrier,7199
20181339E050-2018-02757A,MONMOUTH,HAZLET TWP,12/07/2018,FR,0746,02,NEW JERSEY STATE POLICE,HOLMDEL - SQUAD,0,0,0,0,P,B,N,N,01,2,GARDEN STATE PARKWAY,S,444,,00000444__,118.00,03,,03,04,02,01,01,01,03,01,,,,,,,,25,,26,40.424410,74.204750,N,,7453
20181339E050-2018-02782A,MONMOUTH,HAZLET TWP,12/10/2018,MO,1241,02,NEW JERSEY STATE POLICE,HOLMDEL - SQUAD,0,1,0,0,I,B,N,N,01,2,GARDEN STATE PARKWAY,N,444,,00000444__,118.00,03,,03,04,02,01,01,01,01,01,,,,,,,,15,,26,40.424410,74.204750,N,,7804
20181339E050-2018-02795A,MONMOUTH,HAZLET TWP,12/12/2018,WE,0904,02,NEW JERSEY STATE POLICE,HOLMDEL - SQUAD,0,0,0,0,P,B,N,N,01,2,GARDEN STATE PARKWAY,S,444,,00000444__,118.30,03,,01,04,02,01,01,01,01,01,,,,,,,,65,,26,40.429000,74.165100,N,,7639
20181339E050-2018-02839A,MONMOUTH,HAZLET TWP,12/16/2018,SU,2320,02,NEW JERSEY STATE POLICE,HOLMDEL - SQUAD,0,1,0,0,I,B,N,N,11,1,GARDEN STATE PARKWAY,S,444,,00000444__,118.50,03,,01,04,02,02,06,02,01,01,,,,,,NJ 3 / LLYOD ROAD,SB,65,,46,40.419000,74.210660,N,GUARDRAIL DAMAGE ON RAMP. NJ TURNPIKE AUTHORITY PO BOX 5042  WOODBRIDGE NJ,7501
20181339E050-2018-02859A,MONMOUTH,HAZLET TWP,12/19/2018,WE,0735,02,NEW JERSEY STATE POLICE,HOLMDEL - SQUAD,0,0,0,0,P,B,N,N,01,2,GARDEN STATE PARKWAY,N,444,,00000444__,118.70,03,,01,04,02,01,01,01,01,01,,,,,,,,65,,26,40.425200,74.201900,N,,7373
20181339E050-2018-02861A,MONMOUTH,HAZLET TWP,12/19/2018,WE,0745,02,NEW JERSEY STATE POLICE,HOLMDEL - SQUAD,0,0,0,0,P,B,N,N,02,2,GARDEN STATE PARKWAY,N,444,,00000444__,118.70,03,,01,04,02,01,01,01,01,01,,,,,,,,65,,26,40.429010,74.232870,N,NJTA NO TURN SIGN
NJTA GUARDRAIL DAMAGE,7373
20181339E050-2018-02934A,MONMOUTH,HAZLET TWP,12/28/2018,FR,1549,02,NEW JERSEY STATE POLICE,HOLMDEL - SQUAD,0,0,0,0,P,B,N,N,01,2,GARDEN STATE PARKWAY,N,444,,00000444__,117.50,03,,01,04,02,01,01,01,01,01,,,,,,,,65,,26,40.407670,74.197780,N,,7845
20181339E050-2018-02948A,MONMOUTH,HAZLET TWP,12/31/2018,MO,1425,02,NEW JERSEY STATE POLICE,HOLMDEL - SQUAD,0,0,0,0,P,B,N,N,01,2,GARDEN STATE PARKWAY,S,444,,00000444__,118.70,03,,03,04,02,02,01,02,03,01,,,,,,,,25,,26,40.698750,74.259630,N,,7453
20181339E050-2018-02952A,MONMOUTH,HAZLET TWP,12/26/2018,WE,1201,02,NEW JERSEY STATE POLICE,HOLMDEL - SQUAD,0,0,0,0,P,B,N,N,01,2,GARDEN STATE PARKWAY,N,444,,00000444__,118.50,03,,03,04,02,01,01,01,01,01,,,,,T,SH 35,SB,65,,26,40.424410,74.204750,N,,7411
2018134018-00068,MONMOUTH,RED BANK BORO,01/02/2018,TU,0936,01,RED BANK PD,,0,0,0,0,P,B,N,N,02,2,BRIDGE AVE,S,,,,,07,,01,04,02,01,01,01,,,10,FE,N,CR 10,,,,25,30,26,,,N,,205
2018134018-000784,MONMOUTH,RED BANK BORO,01/12/2018,FR,1934,01,RED BANK PD,01,0,0,0,0,P,I,N,N,06,2,MONMOUTH COUNTY 10,E,10,,13000010__,,05,,01,04,02,02,06,01,05,01,,AT,,,,BOAT CLUB LN,,30,,28,,,N,,200
2018134018-00092,MONMOUTH,RED BANK BORO,01/02/2018,TU,1504,01,RED BANK PD,01,0,0,0,0,P,I,N,N,03,2,BRIDGE AVE,N,,,,,07,,01,04,02,01,01,01,05,,,AT,,CHESTNUT ST,,,,25,25,26,,,N,,200
2018134018-00100,MONMOUTH,RED BANK BORO,01/02/2018,TU,1707,01,RED BANK PD,,0,0,0,0,P,B,N,N,01,2,MONMOUTH COUNTY 10,W,10,,13000010__,.34,05,,01,04,02,01,03,01,04,,15,FE,E,BRIDGE AVE,,,,30,30,26,,,N,,364
2018134018-00172,MONMOUTH,RED BANK BORO,01/03/2018,WE,1924,01,RED BANK PD,,0,0,0,0,P,B,N,N,02,2,NJ 35,S,35,,00000035__,,02,,01,04,02,01,06,01,05,01,,,,,,,,30,,26,,,N,,207
2018134018-00276,MONMOUTH,RED BANK BORO,01/05/2018,FR,1121,01,RED BANK PD,,0,0,0,0,P,I,N,N,11,1,ROUTE 520,W,520,,00000520__,15.93,05,,01,04,02,03,01,01,,,,AT,,CARMEN PL,,,,40,25,60,,,N,,205
2018134018-00304,MONMOUTH,RED BANK BORO,01/05/2018,FR,1711,01,RED BANK PD,,0,0,0,0,P,B,N,N,01,2,ROUTE 520,W,520,,00000520__,16.20,05,,01,04,02,05,06,01,05,01,30,FE,W,CR 13 / SHREWSBURY AVE,,,,40,30,26,,,N,,207
2018134018-00345,MONMOUTH,RED BANK BORO,01/06/2018,SA,1134,01,RED BANK PD,,0,0,0,0,P,B,N,N,06,2,MORFORD PL,S,,,,,07,,01,04,02,05,01,01,05,,,,,,,,,25,,26,,,N,,223
2018134018-00353,MONMOUTH,RED BANK BORO,01/06/2018,SA,1255,01,RED BANK PD,,0,2,0,0,I,I,N,N,01,2,LEIGHTON AVE,,,,,,07,,01,04,02,03,01,01,05,01,,AT,,ROUTE 520,,,,25,10,26,,,N,,218
2018134018-00417,MONMOUTH,RED BANK BORO,01/08/2018,MO,0808,01,RED BANK PD,,0,0,0,0,P,B,N,N,01,2,MONMOUTH STREET,,,,,,07,,01,04,02,03,01,01,05,01,15,FE,W,MAPLE AVENUE,,,,25,30,26,,,N,,212
2018134018-00439,MONMOUTH,RED BANK BORO,01/08/2018,MO,1308,01,RED BANK PD,,0,0,0,0,P,B,N,N,06,2,E BERGEN PL,,,,13401113__,.58,07,,01,04,02,01,01,01,05,01,100,FE,W,CR 11,,,,25,30,28,,,N,,212
2018134018-00461,MONMOUTH,RED BANK BORO,01/08/2018,MO,1457,01,RED BANK PD,,0,0,0,0,P,I,N,N,01,3,MONMOUTH COUNTY 13,,13,,13000013__,1.92,05,,01,04,02,01,01,01,04,01,,AT,,ROUTE 520 / NEWMAN SPRINGS RD,,,,,,26,,,Y,,
2018134018-00474,MONMOUTH,RED BANK BORO,01/08/2018,MO,1809,01,RED BANK PD,,0,0,0,0,P,B,N,N,01,2,ROUTE 520,W,520,,00000520__,15.94,05,,01,04,02,02,06,06,05,01,30,FE,E,CARMEN PL,,,,40,,26,,,N,,215
2018134018-00493,MONMOUTH,RED BANK BORO,01/09/2018,TU,1100,01,RED BANK PD,,0,1,0,0,I,I,N,N,03,2,MONMOUTH COUNTY 10,W,10,,13000010__,,05,,01,04,02,02,01,01,05,01,,AT,,PEARL ST,,,,25,,26,,,N,,215
2018134018-00496,MONMOUTH,RED BANK BORO,01/09/2018,TU,1135,01,RED BANK PD,RED BANK,0,0,0,0,P,B,N,N,06,2,MONMOUTH STREET,W,,,,,07,,01,04,01,02,01,01,05,01,,,,,,,,25,,28,,,N,,217
2018134018-00507,MONMOUTH,RED BANK BORO,01/09/2018,TU,1322,01,RED BANK PD,RED BANK,0,0,0,0,P,I,N,N,03,2,MONMOUTH COUNTY 13,,13,,13000013__,2.52,05,,01,04,02,01,01,01,05,,,AT,,HERBERT ST,,,,30,25,26,,,N,,214
2018134018-00526,MONMOUTH,RED BANK BORO,01/09/2018,TU,1840,01,RED BANK PD,,0,0,0,0,P,I,N,N,02,2,NJ 35,S,35,,00000035__,33.84,02,,01,04,02,02,07,01,05,01,,AT,,CR 10 / MAPLE AVE / W FRONT ST,,,,25,25,26,,,N,,217
2018134018-00529,MONMOUTH,RED BANK BORO,01/09/2018,TU,1911,01,RED BANK PD,,0,0,0,0,P,I,N,N,04,2,MONMOUTH COUNTY 10,,10,,13000010__,.27,05,,01,06,02,01,06,01,05,01,,AT,,CR 13 / RECTOR PL / SHREWSBURY AVE,,,,30,30,26,,,N,TRAFFIC SIGNAL AND STANCHION DAMAGED,228
2018134018-00563,MONMOUTH,RED BANK BORO,01/10/2018,WE,0939,01,RED BANK PD,,0,0,0,0,P,B,N,N,06,2,E BERGEN PL,,,,13401113__,.33,07,,01,04,02,01,01,01,05,01,185,FE,E,SOUTH PEARL STREET,,,,25,25,28,,,N,,212
2018134018-00690,MONMOUTH,RED BANK BORO,01/11/2018,TH,1630,01,RED BANK PD,,0,0,0,0,P,I,N,N,01,2,E BERGEN PL,W,,,13401113__,.00,07,,01,04,02,01,01,01,05,01,,AT,,CR 13,,,,25,30,26,,,N,,207
2018134018-00708,MONMOUTH,RED BANK BORO,01/11/2018,TH,1953,01,RED BANK PD,,0,0,0,0,P,B,N,N,01,2,MONMOUTH COUNTY 10,E,10,,13000010__,,05,,01,04,02,01,06,01,05,01,,,,,,,,30,,26,,,N,,207
2018134018-00728,MONMOUTH,RED BANK BORO,01/12/2018,FR,0813,01,RED BANK PD,,0,0,0,0,P,B,N,N,01,2,ROUTE 520,W,520,,00000520__,15.92,05,,01,04,02,02,01,01,05,01,30,FE,W,CARMEN PL,,,,40,,26,,,N,,215
2018134018-00858,MONMOUTH,RED BANK BORO,01/13/2018,SA,1639,01,RED BANK PD,,0,1,0,1,I,I,N,N,13,1,MONMOUTH COUNTY 10,W,10,,13000010__,.80,05,,01,04,02,01,03,01,05,01,,AT,,ENGLISH PLAZA,,,,30,5,26,,,N,,207
2018134018-01008,MONMOUTH,RED BANK BORO,01/16/2018,TU,0800,01,RED BANK PD,,0,0,0,0,P,I,N,N,03,2,NJ 35,N,35,,00000035__,33.41,02,,01,04,02,01,01,05,05,01,,AT,,WAVERLY PL,,,,35,25,26,,,N,,207
2018134018-01040,MONMOUTH,RED BANK BORO,01/16/2018,TU,1406,01,RED BANK PD,,0,0,0,0,P,I,N,N,03,2,BANK ST,S,,,,,07,,01,04,02,01,01,05,05,02,,AT,,LEIGHTON AVE,,,,25,25,26,,,N,,207
2018134018-01042,MONMOUTH,RED BANK BORO,01/16/2018,TU,1517,01,RED BANK PD,,0,0,0,0,P,I,N,N,01,2,MONMOUTH COUNTY 11 I,S,11,1,130000111_,.48,05,,01,04,02,01,01,05,05,01,,AT,,CR 34 / HARDING RD / RECKLESS PL,,,,25,25,26,,,N,,207
2018134018-01062,MONMOUTH,RED BANK BORO,01/16/2018,TU,1839,01,RED BANK PD,,0,2,0,0,I,I,N,N,03,2,OAKLAND ST,S,,,,,07,,01,04,02,01,07,01,05,01,,AT,,WEST ST,,,,,,26,,,N,,221
2018134018-01064,MONMOUTH,RED BANK BORO,01/16/2018,TU,1918,01,RED BANK PD,01,0,0,0,0,P,I,N,N,01,3,MONMOUTH COUNTY 11 I,N,11,1,130000111_,.83,05,,01,04,02,01,06,01,05,,,AT,,CR 10 / FRONT ST,,,,30,30,26,,,N,,
2018134018-01077,MONMOUTH,RED BANK BORO,01/17/2018,WE,0901,01,RED BANK PD,,0,0,0,0,P,B,N,N,10,1,PROSPECT AVE,N,,,,,07,,01,05,02,03,01,03,05,01,25,FE,S,SPINNAKER LANE,,,,25,25,26,,,N,"BUSHES AND A """"LION"""" STATUE ON THE PROPERTY OF 117 PROSPECT AVE",207
2018134018-01198,MONMOUTH,RED BANK BORO,01/18/2018,TH,2002,01,RED BANK PD,,0,0,0,0,P,I,N,N,04,2,BRIDGE AVE,,,,,,07,,01,04,02,01,06,01,,,,AT,,OAKLAND ST,,,,25,25,26,,,N,,205
2018134018-01224,MONMOUTH,RED BANK BORO,01/19/2018,FR,0815,01,RED BANK PD,,0,0,0,0,P,B,N,N,01,2,MONMOUTH ST,,,,,,07,,01,04,02,01,01,01,05,,100,FE,W,NJ B35,,,,,,26,,,N,,230
2018134018-01330,MONMOUTH,RED BANK BORO,01/20/2018,SA,1103,01,RED BANK PD,,0,2,0,0,I,B,N,N,01,2,MONMOUTH COUNTY 10,,10,,13000010__,.58,05,,01,04,02,01,01,01,04,,50,FE,E,NJ 35,,,,,,26,,,N,,230
2018134018-01393,MONMOUTH,RED BANK BORO,01/21/2018,SU,1013,01,RED BANK PD,,0,0,0,0,P,I,N,N,11,1,MONMOUTH COUNTY 13,S,13,,13000013__,2.70,05,,01,04,02,01,07,01,04,,,AT,,MONMOUTH ST,,,,,,54,,,N,PEDESTRIAN CROSSING SIGN,230
2018134018-01402,MONMOUTH,RED BANK BORO,01/21/2018,SU,1412,01,RED BANK PD,,0,0,0,0,P,B,N,N,06,2,MONMOUTH STREET,E,,,,,07,,01,04,02,01,01,01,05,,25,FE,W,DRUMMOND PLACE,,,,,,28,,,N,,230
2018134018-01505,MONMOUTH,RED BANK BORO,01/23/2018,TU,1050,01,RED BANK PD,,0,0,0,0,P,I,N,N,03,2,BRIDGE AVENUE,,,,,,07,,01,04,02,02,01,05,05,01,,AT,,CHESTNUT STREET,,,,25,25,26,,,N,,212
2018134018-01557,MONMOUTH,RED BANK BORO,01/24/2018,WE,0916,01,RED BANK PD,,0,0,0,0,P,B,N,N,02,2,MONMOUTH COUNTY 13,S,13,,13000013__,1.93,05,,01,04,02,01,01,05,05,01,30,FE,N,ROUTE 520 / NEWMAN SPRINGS RD,,,,30,40,26,,,N,,207
2018134018-01578,MONMOUTH,RED BANK BORO,01/24/2018,WE,1213,01,RED BANK PD,,0,0,0,0,P,I,N,N,01,2,MONMOUTH COUNTY 10,E,10,,13000010__,.27,05,,01,06,02,01,01,01,05,01,,AT,,CR 13 / RECTOR PL / SHREWSBURY AVE,,,,30,25,26,,,N,,207
2018134018-01582,MONMOUTH,RED BANK BORO,01/24/2018,WE,1326,01,RED BANK PD,,0,0,0,0,P,B,N,N,02,2,NORTH BRIDGE AVE,,,,,,07,,01,04,02,01,01,01,05,01,15,FE,S,DEPOT ST,,,,30,,26,,,N,,212
2018134018-01699,MONMOUTH,RED BANK BORO,01/26/2018,FR,1053,01,RED BANK PD,,0,0,0,0,P,B,N,N,02,2,RECKLESS PL,,,,13401004__,.00,07,,01,04,02,01,01,01,05,01,10,FE,W,CR 11,,,,25,25,26,,,N,,212
2018134018-01767,MONMOUTH,RED BANK BORO,01/26/2018,FR,2328,01,RED BANK PD,,0,0,0,0,P,B,N,N,01,2,MONMOUTH COUNTY 10,W,10,,13000010__,.35,05,,01,04,02,01,06,01,,,50,FE,E,BRIDGE AVE,,,,30,25,26,,,N,,205
2018134018-01803,MONMOUTH,RED BANK BORO,01/27/2018,SA,1335,01,RED BANK PD,,0,0,0,0,P,B,N,N,06,2,SPRING ST,S,,,,,07,,01,04,02,01,01,01,,,300,FE,S,HIGHLAND AVE,,,,25,,26,,,N,,215
2018134018-01832,MONMOUTH,RED BANK BORO,01/27/2018,SA,2127,01,RED BANK PD,,0,0,0,0,P,B,N,N,08,2,MONMOUTH COUNTY 11 I,N,11,1,130000111_,.83,05,,01,05,02,01,06,01,,,10,FE,N,CR 10 / FRONT ST,,,,25,30,26,,,N,,205
2018134018-02275,MONMOUTH,RED BANK BORO,02/03/2018,SA,1044,01,RED BANK PD,,0,1,0,0,I,I,N,N,06,3,MONMOUTH COUNTY 13,S,13,,13000013__,2.56,05,,01,04,02,01,01,01,04,,,AT,,CHESTNUT ST,,,,,,28,,,N,BORO LAMP POST 126 SHREWSBURY AVENUE,
2018134018-02289,MONMOUTH,RED BANK BORO,02/03/2018,SA,1404,01,RED BANK PD,,0,0,0,0,P,B,N,N,11,1,MONMOUTH COUNTY 10,E,10,,13000010__,.29,05,,01,06,02,01,01,01,04,,100,FE,E,CR 13 / RECTOR PL / SHREWSBURY AVE,,,,30,25,42,,,N,NJ TRANSIT TRAIN TRESTLE,391
2018134018-02435,MONMOUTH,RED BANK BORO,02/05/2018,MO,1015,01,RED BANK PD,,0,0,0,0,P,I,N,N,03,2,MONMOUTH COUNTY 10,E,10,,13000010__,.57,05,,01,04,02,01,01,01,05,01,,AT,,NJ 35,,,,30,26,26,,,N,,198
2018134018-02463,MONMOUTH,RED BANK BORO,02/05/2018,MO,1709,01,RED BANK PD,RED BANK,0,1,0,0,I,I,N,N,01,3,MONMOUTH COUNTY 10,W,10,,13000010__,.61,05,,01,04,02,01,01,01,05,01,,AT,W,NJ 35 / RIVERSIDE AVE,,,,,,26,,,N,,
2018134018-02465,MONMOUTH,RED BANK BORO,02/05/2018,MO,1849,01,RED BANK PD,,0,0,0,0,P,I,N,N,01,2,MONMOUTH COUNTY 10,W,10,,13000010__,.64,05,,01,04,01,01,06,01,,,,AT,W,NJ 35 / MAPLE AVE,,,,25,25,26,,,N,,392
2018134018-02584,MONMOUTH,RED BANK BORO,02/07/2018,WE,1556,01,RED BANK PD,,0,0,0,0,P,I,N,N,03,2,MONMOUTH COUNTY 13,S,13,,13000013__,2.86,05,,01,04,02,02,01,02,,,,AT,,CR 10 / W FRONT ST,,,,25,25,26,,,N,,223
2018134018-02654,MONMOUTH,RED BANK BORO,02/08/2018,TH,1837,01,RED BANK PD,,0,0,0,0,P,B,N,N,06,2,CHAPIN AVE,W,,,,,07,,01,04,02,01,06,01,,,50,FE,E,KNIGHT ST,,,,25,25,28,,,N,,205
2018134018-02686,MONMOUTH,RED BANK BORO,02/09/2018,FR,0656,01,RED BANK PD,,0,0,0,0,P,B,N,N,03,2,MONMOUTH COUNTY 13,,13,,13000013__,1.93,05,,01,04,02,01,01,01,,01,75,FE,N,ROUTE 520 / NEWMAN SPRINGS RD,,,,30,40,26,,,N,,228
2018134018-02718,MONMOUTH,RED BANK BORO,02/09/2018,FR,1443,01,RED BANK PD,,0,0,0,0,P,B,N,N,01,2,MONMOUTH COUNTY 10,,10,,13000010__,,05,,01,04,02,01,01,01,04,01,10,FE,W,RIVERVIEW PZ,,,,30,,26,,,N,,212
2018134018-02746,MONMOUTH,RED BANK BORO,02/09/2018,FR,2256,01,RED BANK PD,,0,0,0,0,P,B,N,N,06,2,RIVER ST,W,,,,,07,,01,04,02,01,06,01,,,,,,,,,,25,,28,,,N,,205
2018134018-02749,MONMOUTH,RED BANK BORO,02/10/2018,SA,0023,01,RED BANK PD,,0,0,0,0,P,B,N,N,06,2,ENGLISH PLZ,,,,,,07,,01,04,02,01,06,01,,,,,,,,,,,,28,,,N,,205
2018134018-02808,MONMOUTH,RED BANK BORO,02/11/2018,SU,0457,01,RED BANK PD,RED BANK,0,0,0,0,P,B,N,N,06,3,BANK STREET,W,,,,,07,,01,04,01,02,07,02,05,01,,,,,,,,25,,26,,,N,,217
2018134018-03002,MONMOUTH,RED BANK BORO,02/14/2018,WE,1134,01,RED BANK PD,,0,0,0,0,P,I,N,N,11,1,MONMOUTH COUNTY 13,E,13,,13000013__,2.31,05,,01,04,02,01,01,01,04,,,AT,,RIVER ST,,,,30,25,50,,,N,STOP SIGN,391
2018134018-03026,MONMOUTH,RED BANK BORO,02/14/2018,WE,1555,01,RED BANK PD,,0,1,0,0,I,B,N,N,03,2,MONMOUTH COUNTY 11 I,S,11,1,130000111_,.00,05,,01,04,02,01,01,01,04,,25,FE,N,ROUTE 520 / PINCKNEY RD,,,,30,35,26,,,N,,205
2018134018-03060,MONMOUTH,RED BANK BORO,02/15/2018,TH,0745,01,RED BANK PD,RED BANK,0,0,0,0,P,I,N,N,03,2,MONMOUTH COUNTY 10,E,10,,13000010__,.27,05,,01,04,02,01,01,01,04,,,AT,S,CR 13 / RECTOR PL / SHREWSBURY AVE,,,,,,26,,,N,,230
2018134018-03168,MONMOUTH,RED BANK BORO,02/16/2018,FR,1206,01,RED BANK PD,,0,2,0,0,I,B,N,N,01,2,MONMOUTH COUNTY 11 I,,11,1,130000111_,.14,05,,01,04,02,02,01,05,05,01,20,FE,N,BERGEN PL,,,,30,25,26,,,N,,212
2018134018-03214,MONMOUTH,RED BANK BORO,02/16/2018,FR,1932,01,RED BANK PD,,0,0,0,0,P,B,N,N,06,2,HERBERT ST,E,,,,,07,,01,04,02,01,07,01,,,,,,,,,,25,,26,,,N,,205
2018134018-03217,MONMOUTH,RED BANK BORO,02/16/2018,FR,2056,01,RED BANK PD,,0,1,0,0,I,B,N,N,99,3,MONMOUTH COUNTY 10,E,10,,13000010__,.68,05,,01,04,02,01,06,01,,,200,FE,E,NJ 35 / MAPLE AVE,,,,25,30,28,,,N,,205
2018134018-03232,MONMOUTH,RED BANK BORO,02/17/2018,SA,1011,01,RED BANK PD,,0,1,0,0,I,I,N,N,07,2,NJ 35,,35,,00000035__,33.59,02,,01,04,02,01,01,01,,,,AT,,CHESTNUT ST,,,,25,25,26,,,N,,218
2018134018-03384,MONMOUTH,RED BANK BORO,02/19/2018,MO,1507,01,RED BANK PD,RED BANK PD,0,0,0,0,P,I,N,N,01,2,NJ 35,N,35,,00000035__,33.21,02,,01,04,02,01,01,01,,,,AT,,BERGEN PL,,,,35,25,,,,N,,219
2018134018-03425,MONMOUTH,RED BANK BORO,02/20/2018,TU,1001,01,RED BANK PD,,0,0,0,0,P,B,N,N,02,2,NJ 35,N,35,,00000035__,33.79,02,,01,04,02,01,01,01,05,01,10,FE,N,CR 35 S / WATER ST / WHITE ST,,,,30,25,26,,,N,,207
2018134018-03450,MONMOUTH,RED BANK BORO,02/20/2018,TU,1513,01,RED BANK PD,,0,0,0,0,P,R,N,N,08,4,CHESTNUT ST,W,,,,,07,,01,05,02,01,01,01,05,01,,,,,,,,25,,26,,,N,,207
2018134018-03465,MONMOUTH,RED BANK BORO,02/20/2018,TU,1937,01,RED BANK PD,,0,1,0,0,I,I,N,N,04,2,MONMOUTH COUNTY 10,,10,,13000010__,.80,05,,01,04,02,01,06,01,05,01,,AT,,ENGLISH PLAZA,,,,30,,26,,,N,,212
2018134018-03478,MONMOUTH,RED BANK BORO,02/21/2018,WE,0741,01,RED BANK PD,1340,0,0,0,0,P,I,N,N,01,3,HARDING RD,E,,,,,07,,01,04,02,02,01,01,,,,AT,,PROSPECT AVE,,,,25,25,26,,,N,,