Year(4)-CountyCode(2)-MunicipalityCode(2)-CaseNumber(9),County Name,Municipality Name,Crash Date,Crash Day of Week,Crash Time,Police Department Code,Police Department,Police Station,Total Killed,Total Injured,Pedestrians Killed,Pedestrians Injured,Severity,Intersection,Alcohol Involved,Hazmat Involved,Crash Type,Total Vehicles,Location,Location Direction,Route,Route Suffix,Std Rte Identifier,MilePost,Road System,Road Character,Road Horizontal Alignment,Road Grade,Road Surface Type,Surface Condition,Light Condition,Environmental Condition,Road Divided By,Temporary Traffic Control Zone,Distance To Cross Street,Unit Of Measurement,Direction From Cross Street,Cross Street Name,Is Ramp,Ramp To/From Route Name,Ramp To/From Route Direction,Posted Speed,Posted Speed Cross Street,First Harmful Event,Latitude,Longitude,Cell Phone In Use Flag,Other Property Damage,Reporting Badge No.
2018134018-03533,MONMOUTH,RED BANK BORO,02/21/2018,WE,1615,01,RED BANK PD,,0,1,0,0,I,B,N,N,01,3,MONMOUTH COUNTY 13,S,13,,13000013__,2.20,05,,01,04,02,01,01,01,,,25,FE,S,W BERGEN PL,,,,25,25,26,,,N,,205
2018134018-03716,MONMOUTH,RED BANK BORO,02/24/2018,SA,0039,01,RED BANK PD,,0,0,0,0,P,I,Y,N,06,2,MONMOUTH COUNTY 13,S,13,,13000013__,2.14,05,,01,06,02,02,06,01,,,,AT,,ST MARYS PL,,,,30,,28,,,N,,205
2018134018-03764,MONMOUTH,RED BANK BORO,02/24/2018,SA,1818,01,RED BANK PD,,0,0,0,0,P,B,N,N,01,2,NJ 35,S,35,,00000035__,32.91,02,,03,04,02,02,06,05,,,25,FE,N,CR 11 / ROUTE 520 / BROAD ST / RUMS,,,,35,30,26,,,N,,205
2018134018-03809,MONMOUTH,RED BANK BORO,02/25/2018,SU,1521,01,RED BANK PD,,0,0,0,0,P,I,N,N,03,2,MONMOUTH COUNTY 13,,13,,13000013__,2.52,05,,01,04,02,02,01,01,05,01,,AT,,HERBERT ST,,,,30,25,26,,,N,,228
2018134018-03859,MONMOUTH,RED BANK BORO,02/26/2018,MO,1252,01,RED BANK PD,,0,0,0,0,P,B,N,N,05,2,MONMOUTH COUNTY 13,,13,,13000013__,2.52,05,,01,04,02,01,01,05,05,01,15,FE,N,HERBERT ST,,,,30,25,26,,,N,,212
2018134018-03875,MONMOUTH,RED BANK BORO,02/26/2018,MO,1627,01,RED BANK PD,,0,0,0,0,P,B,N,N,01,3,MONMOUTH COUNTY 10,W,10,,13000010__,,05,,01,04,02,01,01,01,,,,,,,,,,25,,26,,,N,,
2018134018-04069,MONMOUTH,RED BANK BORO,03/11/2018,SU,1455,01,RED BANK PD,RED BANK,0,0,0,0,P,B,N,N,02,2,MONMOUTH COUNTY 11 I,S,11,1,130000111_,,05,,01,04,01,01,01,01,04,01,,,,,,,,30,,26,,,N,,217
2018134018-04082,MONMOUTH,RED BANK BORO,03/01/2018,TH,1908,01,RED BANK PD,,0,0,0,0,P,B,N,N,06,2,N BRIDGE AVE,S,,,,,07,,01,04,02,02,06,02,05,01,,,,,,,,30,,28,,,N,,207
2018134018-04088,MONMOUTH,RED BANK BORO,03/01/2018,TH,2029,01,RED BANK PD,,0,1,0,0,I,B,N,N,06,2,SPRING ST,S,,,,,07,,01,06,02,02,06,02,05,01,,,,,,,,25,,28,,,N,,207
2018134018-04181,MONMOUTH,RED BANK BORO,03/03/2018,SA,0837,01,RED BANK PD,,0,0,0,0,P,B,N,N,01,2,MONMOUTH COUNTY 11 I,N,11,1,130000111_,.14,05,,01,04,02,02,01,01,04,01,25,FE,S,BERGEN PL,,,,30,25,26,,,N,,364
2018134018-04183,MONMOUTH,RED BANK BORO,03/03/2018,SA,0841,01,RED BANK PD,,0,0,0,0,P,B,N,N,08,2,WATER ST,E,,,,,07,,01,04,02,01,01,01,05,,50,FE,W,NJ 35,,,,,30,26,,,N,,223
2018134018-04222,MONMOUTH,RED BANK BORO,03/03/2018,SA,1853,01,RED BANK PD,,0,0,0,0,P,I,N,N,02,2,BRIDGE AVE,S,,,,,07,,01,04,02,01,06,01,05,01,,AT,,,,,,30,,26,,,N,,207
2018134018-04324,MONMOUTH,RED BANK BORO,03/05/2018,MO,1324,01,RED BANK PD,,0,0,0,0,P,I,N,N,02,2,NJ 35,,35,,00000035__,34.19,02,,02,06,02,01,01,01,05,01,,AT,,CR 13 / BRIDGE AVE / RECTOR PL,,,,30,30,26,,,N,,212
2018134018-04507,MONMOUTH,RED BANK BORO,03/08/2018,TH,1035,01,RED BANK PD,,0,0,0,0,P,B,N,N,02,2,MONMOUTH COUNTY 11 I,S,11,1,130000111_,.76,05,,01,04,02,02,01,01,,,40,FE,S,MECHANIC ST,,,,25,25,26,,,N,,205
2018134018-04513,MONMOUTH,RED BANK BORO,03/08/2018,TH,1130,01,RED BANK PD,,0,0,0,0,P,B,N,N,06,2,ENGLISH PLAZA,,,,,,07,,01,04,02,00,00,00,,01,,,,,,,,,,28,,,N,,212
2018134018-04583,MONMOUTH,RED BANK BORO,03/09/2018,FR,1053,01,RED BANK PD,,0,0,0,0,P,I,N,N,08,2,MONMOUTH COUNTY 13,,13,,13000013__,2.63,05,,01,04,02,01,01,01,05,01,,AT,,DEFOREST LN / OAKLAND ST,,,,30,25,26,,,N,,212
2018134018-04585,MONMOUTH,RED BANK BORO,03/09/2018,FR,1109,01,RED BANK PD,,0,0,0,0,P,B,N,N,02,2,ROUTE 520,W,520,,00000520__,16.22,05,,01,06,02,01,01,01,,,75,FE,E,CR 13 / SHREWSBURY AVE,,,,35,30,26,,,N,,205
2018134018-04609,MONMOUTH,RED BANK BORO,03/09/2018,FR,1709,01,RED BANK PD,,0,0,0,0,P,B,N,N,06,2,WHITE ST,W,,,,,07,,01,04,02,01,01,01,05,01,400,FE,E,NJ 35,,,,25,30,26,,,N,,207
2018134018-04611,MONMOUTH,RED BANK BORO,03/09/2018,FR,1835,01,RED BANK PD,,0,0,0,0,P,B,N,N,02,2,NJ 35,S,35,,00000035__,33.85,02,,03,04,02,01,06,01,,01,50,FE,N,CR 10 / MAPLE AVE / W FRONT ST,,,,30,30,26,,,N,,207
2018134018-04684,MONMOUTH,RED BANK BORO,03/10/2018,SA,1605,01,RED BANK PD,,0,0,0,0,P,B,N,N,06,2,WHARF AVE,S,,,,,07,,01,04,02,01,01,01,05,01,,,,,,,,25,,26,,,N,,207
2018134018-04757,MONMOUTH,RED BANK BORO,03/11/2018,SU,1110,01,RED BANK PD,RED BANK,0,0,0,0,P,I,N,N,02,2,ROUTE 520,W,520,,00000520__,16.14,05,,01,04,,01,01,01,05,,,AT,,CLINTON PL,,,,40,25,26,,,N,,203
2018134018-04775,MONMOUTH,RED BANK BORO,03/11/2018,SU,1650,01,RED BANK PD,,0,0,0,0,P,B,N,N,06,2,WHITE ST LOT,N,,,,,09,,01,04,02,01,01,01,05,01,,,,,,,,,,26,,,N,,215
2018134018-04877,MONMOUTH,RED BANK BORO,03/13/2018,TU,1402,01,RED BANK PD,,0,0,0,0,P,I,N,N,02,2,MONMOUTH COUNTY 13,,13,,13000013__,2.20,05,,01,04,02,02,01,01,05,01,,AT,,W BERGEN PL,,,,30,25,26,,,N,,212
2018134018-04896,MONMOUTH,RED BANK BORO,03/13/2018,TU,1728,01,RED BANK PD,RED BANK POLICE,0,0,0,0,P,B,N,N,08,2,MONMOUTH STREET,W,,,,,07,,01,04,02,01,03,01,02,,,FE,W,DRUMMOND PLACE,,,,25,25,,,,N,,226
2018134018-04954,MONMOUTH,RED BANK BORO,03/14/2018,WE,1145,01,RED BANK PD,,0,0,0,0,P,I,N,N,03,2,MONMOUTH COUNTY 10,,10,,13000010__,.41,05,,01,04,02,01,01,01,05,01,,AT,,MORFORD PL,,,,30,25,26,,,N,,212
2018134018-04962,MONMOUTH,RED BANK BORO,03/14/2018,WE,1228,01,RED BANK PD,,0,2,0,0,I,B,N,N,01,2,MONMOUTH COUNTY 10,W,10,,13000010__,.65,05,,01,04,02,01,01,01,05,01,40,FE,E,NJ 35 / MAPLE AVE,,,,30,,26,,,N,,215
2018134018-04975,MONMOUTH,RED BANK BORO,03/14/2018,WE,1506,01,RED BANK PD,,0,0,0,0,P,I,N,N,01,2,ROUTE 520,W,520,,00000520__,16.07,05,,01,04,02,01,01,01,,,,AT,,LEIGHTON AVE,,,,40,25,26,,,N,,205
2018134018-05021,MONMOUTH,RED BANK BORO,03/15/2018,TH,1016,01,RED BANK PD,,0,0,0,0,P,B,N,N,05,2,WEST WESTSIDE AVENUE,,,,,,07,,01,04,02,01,01,01,05,01,100,FE,W,CR 13,,,,25,30,26,,,N,,212
2018134018-05063,MONMOUTH,RED BANK BORO,03/15/2018,TH,1740,01,RED BANK PD,,0,1,0,0,I,I,N,N,03,2,BRIDGE AVE,W,,,,,07,,01,04,02,01,01,01,05,01,,AT,,CHESTNUT ST,,,,25,,26,,,N,,215
2018134018-05212,MONMOUTH,RED BANK BORO,03/17/2018,SA,1649,01,RED BANK PD,,0,0,0,0,P,B,N,N,08,2,E BERGEN PL,,,,13401113__,.70,07,,01,04,02,01,01,01,05,,15,FE,E,HUDSON AVE,,,,25,25,,,,N,,210
2018134018-05336,MONMOUTH,RED BANK BORO,03/19/2018,MO,0934,01,RED BANK PD,,0,0,0,0,P,B,N,N,11,1,EMMANUEL COURT,,,,,,07,,01,04,02,01,01,01,05,01,,,,,,,,,,69,,,N,WALL AT NORTHEAST CORNER OF BUILDING AT 21 WEST FRONT STREET,212
2018134018-05360,MONMOUTH,RED BANK BORO,03/19/2018,MO,1240,01,RED BANK PD,RED BANK,0,0,0,0,P,I,N,N,02,2,MONMOUTH COUNTY 10,W,10,,13000010__,.61,05,,02,04,,,01,01,05,,,AT,,NJ 35 / RIVERSIDE AVE,,,,30,30,26,,,N,,203
2018134018-05379,MONMOUTH,RED BANK BORO,03/19/2018,MO,1602,01,RED BANK PD,,0,0,0,0,P,I,N,N,11,1,MONMOUTH COUNTY 13,E,13,,13000013__,2.07,05,,01,04,02,01,01,01,05,01,,AT,,SUNSET AVE,,,,25,,52,,,N,,
2018134018-05380,MONMOUTH,RED BANK BORO,03/19/2018,MO,1635,01,RED BANK PD,RED BANK,0,0,0,0,P,B,N,N,08,2,14 N BRIDGE AVE LOT,,,,,,09,,01,04,02,01,01,01,05,,,,,,,,,10,,26,,,N,,203
2018134018-05381,MONMOUTH,RED BANK BORO,03/19/2018,MO,1643,01,RED BANK PD,RED BANK,0,0,0,0,P,B,N,N,06,2,MONMOUTH COUNTY 13,S,13,,13000013__,,05,,01,04,01,01,01,01,04,01,,,,,,,,30,,,,,N,,217
2018134018-05397,MONMOUTH,RED BANK BORO,03/19/2018,MO,2023,01,RED BANK PD,RED BANK PD,0,0,0,0,P,B,N,N,12,2,ROUTE 520,W,520,,00000520__,,05,,01,04,02,01,06,01,,,,,,,,,,40,,,,,N,,219
2018134018-05435,MONMOUTH,RED BANK BORO,03/20/2018,TU,1126,01,RED BANK PD,,0,0,0,0,P,B,N,N,03,2,NJ 35,N,35,,00000035__,,02,,01,04,02,01,01,05,05,01,,,,,,,,35,,26,,,N,,207
2018134018-05451,MONMOUTH,RED BANK BORO,03/20/2018,TU,1526,01,RED BANK PD,,0,0,0,0,P,B,N,N,01,2,ROUTE 520,,520,,00000520__,16.85,05,,01,04,02,02,01,06,05,01,30,FE,N,NJ 35 / MAPLE AVE / RUMSON PL,,,,30,35,26,,,N,,212
2018134018-05677,MONMOUTH,RED BANK BORO,03/23/2018,FR,1527,01,RED BANK PD,,0,0,0,0,P,B,N,N,06,2,RECKLESS PL,S,,,13401004__,,07,,01,04,02,01,01,01,,,,,,,,,,25,,28,,,N,,207
2018134018-05899,MONMOUTH,RED BANK BORO,03/26/2018,MO,1940,01,RED BANK PD,,0,0,0,0,P,I,N,N,01,2,MONMOUTH COUNTY 10,W,10,,13000010__,,05,,01,04,02,01,03,01,04,,,AT,,RIVERVIEW PLAZA,,,,30,25,26,,,N,,222
2018134018-05952,MONMOUTH,RED BANK BORO,03/27/2018,TU,1450,01,RED BANK PD,RED BANK,0,1,0,0,I,I,N,N,01,3,NJ 35,S,35,,00000035__,33.73,02,,01,04,02,01,01,01,04,,,AT,,MONMOUTH ST,,,,30,,26,,,N,,
2018134018-05962,MONMOUTH,RED BANK BORO,03/27/2018,TU,1616,01,RED BANK PD,,0,0,0,0,P,B,N,N,01,2,MONMOUTH COUNTY 13,N,13,,13000013__,2.82,05,,01,04,02,01,01,01,05,01,200,FE,S,CR 10 / W FRONT ST,,,,,,26,,,N,,221
2018134018-05967,MONMOUTH,RED BANK BORO,03/27/2018,TU,1721,01,RED BANK PD,RED BANK POLICE,0,0,0,0,P,I,N,N,03,2,MONMOUTH COUNTY 10,W,10,,13000010__,.41,05,,01,04,02,01,01,01,02,,,AT,,MORFORD PL,,,,25,25,,,,N,,226
2018134018-05968,MONMOUTH,RED BANK BORO,03/27/2018,TU,1728,01,RED BANK PD,RED BANK POLICE,0,0,0,0,P,I,N,N,06,2,MONMOUTH COUNTY 10,W,10,,13000010__,.34,05,,01,04,02,01,01,01,02,,,AT,,BRIDGE AVE,,,,25,,,,,N,,226
2018134018-06109,MONMOUTH,RED BANK BORO,03/29/2018,TH,2021,01,RED BANK PD,RED BANK PD,0,0,0,0,P,B,N,N,06,2,NJ 35,S,35,,00000035__,,02,,01,04,02,02,06,04,,,,,,,,,,30,,28,,,N,,219
2018134018-06264,MONMOUTH,RED BANK BORO,03/31/2018,SA,1706,01,RED BANK PD,,0,0,0,0,P,B,N,N,02,2,CHESTNUT ST,E,,,,,07,,01,04,02,01,01,01,05,01,,,,,,,,25,,26,,,N,,207
2018134018-06266,MONMOUTH,RED BANK BORO,03/31/2018,SA,1723,01,RED BANK PD,,0,0,0,0,P,I,N,N,03,2,ELM PL,S,,,,,07,,01,04,02,01,01,01,05,01,,AT,,SPRING ST,,,,25,25,26,,,N,,207
2018134018-06321,MONMOUTH,RED BANK BORO,04/01/2018,SU,1006,01,RED BANK PD,RED BANK,0,0,0,0,P,I,N,N,03,2,MONMOUTH COUNTY 10,W,10,,13000010__,.27,05,,01,04,02,01,01,01,04,,,AT,N,CR 13 / RECTOR PL / SHREWSBURY AVE,,,,,,26,,,N,,230
2018134018-06324,MONMOUTH,RED BANK BORO,04/01/2018,SU,1011,01,RED BANK PD,RED BANK POLICE,0,0,0,0,P,B,N,N,06,2,MECHANIC ST **,E,,,13401092__,,07,,01,04,02,01,01,01,,,,,,,,,,25,,28,,,N,,226
2018134018-06368,MONMOUTH,RED BANK BORO,04/02/2018,MO,0532,01,RED BANK PD,,0,1,0,0,I,B,N,N,06,2,WEST ST,N,,,,,07,,01,04,02,03,06,03,05,,100,FE,S,WALL ST,,,,25,25,26,,,Y,,364
2018134018-06370,MONMOUTH,RED BANK BORO,04/02/2018,MO,0629,01,RED BANK PD,,0,1,0,1,I,B,N,N,13,1,RIVERVIEW PLAZA,W,,,,,07,,01,04,02,03,02,03,,,,,,,,,,,,26,,,N,,223
2018134018-06374,MONMOUTH,RED BANK BORO,04/02/2018,MO,0901,01,RED BANK PD,RED BANK,0,0,0,0,P,B,N,N,01,2,MONMOUTH COUNTY 13,S,13,,13000013__,1.92,05,,01,04,02,02,01,03,05,01,15,FE,N,ROUTE 520 / NEWMAN SPRINGS RD,,,,,,26,,,N,,211
2018134018-06381,MONMOUTH,RED BANK BORO,04/02/2018,MO,1210,01,RED BANK PD,,0,0,0,0,P,I,N,N,02,2,SPRING ST **,,,,13231042__,,07,,01,05,02,05,01,01,05,01,,AT,,AMBASSADOR DRIVE,,,,25,,26,,,N,,212
2018134018-06386,MONMOUTH,RED BANK BORO,04/02/2018,MO,1407,01,RED BANK PD,,0,0,0,0,P,B,N,N,03,2,LEROY PL **,,,,13401003__,.14,07,,01,04,02,02,01,01,05,01,270,FE,W,CR 11 I / BROAD ST,,,,25,30,26,,,N,,212
2018134018-06395,MONMOUTH,RED BANK BORO,04/02/2018,MO,1605,01,RED BANK PD,RED BANK,0,0,0,0,P,I,N,N,05,2,S BRIDGE AVE **,N,,,13401018__,,07,,01,04,02,01,01,01,05,01,,AT,,W BERGEN PL,,,,,,26,,,N,,211
2018134018-06501,MONMOUTH,RED BANK BORO,04/04/2018,WE,1006,01,RED BANK PD,,0,0,0,0,P,B,N,N,11,1,MONMOUTH COUNTY 10,E,10,,13000010__,.26,05,,01,06,02,01,01,01,05,01,50,FE,W,CR 13 / RECTOR PL / SHREWSBURY AVE,,,,30,30,42,,,N,NJ TRANSIT TRAIN TRESTLE,207
2018134018-06508,MONMOUTH,RED BANK BORO,04/04/2018,WE,1300,01,RED BANK PD,,0,0,0,0,P,I,N,N,01,2,MONMOUTH COUNTY 11 I,S,11,1,130000111_,.14,05,,01,04,02,01,01,05,05,01,,AT,,BERGEN PL,,,,30,25,26,,,N,,207
2018134018-06614,MONMOUTH,RED BANK BORO,04/06/2018,FR,0858,01,RED BANK PD,,0,0,0,0,P,B,N,N,11,1,MONMOUTH COUNTY 10,,10,,13000010__,.24,05,,01,04,02,02,01,02,05,01,150,FE,W,CR 13 / RECTOR PL / SHREWSBURY AVE,,,,30,30,42,,,N,POSSIBLE DAMAGE TO NJ TRANSIT RAIL BRIDGE,212
2018134018-06634,MONMOUTH,RED BANK BORO,04/06/2018,FR,1552,01,RED BANK PD,,0,0,0,0,P,B,N,N,08,2,HADDON PARK **,W,,,13401107__,,07,,01,04,02,01,01,01,,,,,,,,,,25,,28,,,N,,205
2018134018-06641,MONMOUTH,RED BANK BORO,04/06/2018,FR,2015,01,RED BANK PD,,0,1,0,0,I,B,N,N,01,2,ROUTE 520,W,520,,00000520__,16.04,05,,01,04,02,01,06,01,,,20,FE,E,STEVEN AVE,,,,40,25,26,,,N,,205
2018134018-06666,MONMOUTH,RED BANK BORO,04/07/2018,SA,0830,01,RED BANK PD,RED BANK,0,0,0,0,P,I,N,N,08,2,DRUMMOND ST **,S,,,13401006__,.03,07,,01,04,02,01,01,01,05,01,,AT,S,GOLD ST,,,,,,26,,,N,,211
2018134018-06853,MONMOUTH,RED BANK BORO,04/10/2018,TU,1528,01,RED BANK PD,RED BANK PD,0,0,0,0,P,B,N,N,01,2,MONMOUTH COUNTY 11 I,S,11,1,130000111_,,05,,01,04,02,01,01,01,05,01,,,,,,,,25,,26,,,N,,204
2018134018-06881,MONMOUTH,RED BANK BORO,04/11/2018,WE,0100,01,RED BANK PD,RED BANK POLICE,0,0,0,0,P,B,N,N,06,2,WHITE STREET LOT,,,,,,09,,01,04,02,01,06,01,02,,,,,,,,,15,,,,,N,,226
2018134018-06917,MONMOUTH,RED BANK BORO,04/11/2018,WE,1605,01,RED BANK PD,,0,0,0,0,P,B,N,N,06,2,275 SPRING ST,,,,,,09,,01,04,02,01,01,01,,,,,,,,,,,,28,,,N,,205
2018134018-06929,MONMOUTH,RED BANK BORO,04/11/2018,WE,1710,01,RED BANK PD,,0,0,0,0,P,B,N,N,04,2,NJ 35,N,35,,00000035__,33.12,02,,01,04,02,01,01,01,,,500,FE,S,BERGEN PL,,,,30,25,26,,,N,,205
2018134018-06931,MONMOUTH,RED BANK BORO,04/11/2018,WE,1807,01,RED BANK PD,,0,0,0,0,P,I,N,N,08,2,S BRIDGE AVE **,N,,,13401018__,,07,,01,04,02,01,01,01,,,,AT,,W BERGEN PL,,,,25,25,26,,,N,,205
2018134018-06989,MONMOUTH,RED BANK BORO,04/12/2018,TH,1626,01,RED BANK PD,,0,0,0,0,P,I,N,N,03,2,ROUTE 520,W,520,,00000520__,16.30,05,,01,04,02,01,01,01,,,,AT,,S BRIDGE AVE,,,,30,25,26,,,N,,205
2018134018-07028,MONMOUTH,RED BANK BORO,04/13/2018,FR,0926,01,RED BANK PD,,0,0,0,0,P,I,N,N,01,2,RECKLESS PL,W,,,13401004__,.19,07,,01,04,02,01,01,05,05,01,,AT,,NJ 35 / MAPLE AVE,,,,25,30,26,,,N,,207
2018134018-07068,MONMOUTH,RED BANK BORO,04/13/2018,FR,1450,01,RED BANK PD,,0,0,0,0,P,B,N,N,03,2,RECKLESS PL,E,,,13401004__,,07,,01,04,02,01,01,01,05,01,,,,,,,,25,,26,,,N,,207
2018134018-07135,MONMOUTH,RED BANK BORO,04/14/2018,SA,1450,01,RED BANK PD,,0,0,0,0,P,B,N,N,06,2,MONMOUTH COUNTY 11 I,N,11,1,130000111_,.82,05,,01,05,02,01,01,01,,,50,FE,S,CR 10 / FRONT ST,,,,25,25,28,,,N,,205
2018134018-07143,MONMOUTH,RED BANK BORO,04/14/2018,SA,1748,01,RED BANK PD,,0,0,0,0,P,B,N,N,06,2,WIKOF PL **,E,,,13401098__,.12,07,,01,04,02,01,01,01,,,25,FE,E,NJ 35 / MAPLE AVE,,,,25,30,28,,,N,,205
2018134018-07201,MONMOUTH,RED BANK BORO,04/16/2018,MO,0058,01,RED BANK PD,RED BANK POLICE,0,0,0,0,P,B,N,N,06,3,S BRIDGE AVE **,S,,,13401018__,,07,,01,04,02,02,06,02,02,,,,,LEONARD STREET,,,,25,25,,,,N,,226
2018134018-07308,MONMOUTH,RED BANK BORO,04/17/2018,TU,0938,01,RED BANK PD,,0,0,0,0,P,B,N,N,06,2,WEST WESTSIDE AVE **,S,,,13401013__,,07,,01,04,02,01,01,05,05,01,,,,,,,,25,,26,,,N,,207
2018134018-07318,MONMOUTH,RED BANK BORO,04/17/2018,TU,1204,01,RED BANK PD,,0,0,0,0,P,B,N,N,11,3,PETERS PL **,S,,,13401005__,.19,07,,01,04,02,01,01,05,05,01,50,FE,W,CR 11 I / BROAD ST,,,,25,25,28,,,N,JCPL STREET LIGHT,207
2018134018-07382,MONMOUTH,RED BANK BORO,04/18/2018,WE,0908,01,RED BANK PD,,0,0,0,0,P,I,N,N,02,2,MONMOUTH COUNTY 13,N,13,,13000013__,2.20,05,,01,04,02,01,01,01,05,01,,AT,,W BERGEN PL,,,,30,25,26,,,N,,207
2018134018-07469,MONMOUTH,RED BANK BORO,04/19/2018,TH,1233,01,RED BANK PD,,0,0,0,0,P,B,N,N,06,2,MONMOUTH ST,W,,,13401057__,,07,,01,04,02,01,01,01,05,01,,,,,,,,25,,26,,,N,,207
2018134018-07529,MONMOUTH,RED BANK BORO,04/20/2018,FR,1042,01,RED BANK PD,,0,0,0,0,P,B,N,N,05,2,LEROY PL **,,,,13401003__,.11,07,,01,04,02,01,01,01,05,01,425,FE,W,CR 11 I / BROAD ST,,,,25,30,26,,,N,,212
2018134018-07566,MONMOUTH,RED BANK BORO,04/20/2018,FR,1627,01,RED BANK PD,RED BANK PD,0,0,0,0,P,B,N,N,01,2,MONMOUTH COUNTY 10,E,10,,13000010__,.55,05,,01,04,02,01,01,01,05,01,100,FE,W,NJ 35,,,,25,25,26,,,N,,216
2018134018-07607,MONMOUTH,RED BANK BORO,04/21/2018,SA,0124,01,RED BANK PD,,0,0,0,0,P,B,N,N,06,2,ENGLISH PLAZA **,S,,,13401063__,.07,07,,01,04,02,01,06,01,05,01,120,FE,S,CR 10 / WEST FRONT ST,,,,,,28,,,N,,215
2018134018-07734,MONMOUTH,RED BANK BORO,04/22/2018,SU,1706,01,RED BANK PD,,0,0,0,0,P,B,N,N,08,2,MONMOUTH COUNTY 11 I,,11,1,130000111_,.71,05,,01,04,02,01,01,01,05,01,50,FE,N,WALLACE ST,,,,25,25,26,,,N,,228
2018134018-07766,MONMOUTH,RED BANK BORO,04/23/2018,MO,0819,01,RED BANK PD,,0,1,0,0,I,B,N,N,01,2,MONMOUTH COUNTY 11 I,,11,1,130000111_,.48,05,,01,04,02,01,01,01,05,01,20,FE,S,CR 34 / HARDING RD / RECKLESS PL,,,,30,25,26,,,N,,212
2018134018-07812,MONMOUTH,RED BANK BORO,04/23/2018,MO,1841,01,RED BANK PD,,0,0,0,0,P,I,N,N,01,2,NJ 35,N,35,,00000035__,33.73,02,,01,04,02,01,01,01,,,,AT,,MONMOUTH ST,,,,30,25,26,,,N,,218
2018134018-07846,MONMOUTH,RED BANK BORO,04/24/2018,TU,0914,01,RED BANK PD,,0,0,0,0,P,B,N,N,06,2,MUNSON ST **,S,,,13401030__,,07,,01,04,02,01,01,01,,,,,,,,,,25,,26,,,N,,223
2018134018-07982,MONMOUTH,RED BANK BORO,04/26/2018,TH,0025,01,RED BANK PD,RED BANK,0,1,0,0,I,R,N,N,11,1,ROUTE 520,W,520,,00000520__,16.35,05,,01,06,02,02,06,02,05,01,250,FE,E,S BRIDGE AVE,,,,35,25,,,,N,DAMAGE TO RAILROAD GATE AND FIXTURE AND BELL TELEPHONE POLE #BT656RBK,203
2018134018-08034,MONMOUTH,RED BANK BORO,04/26/2018,TH,1504,01,RED BANK PD,,0,0,0,0,P,B,N,N,06,2,WHITE STREET LOT,,,,,,09,,01,04,02,01,01,01,05,01,,,,,,,,,,26,,,N,,228
2018134018-08042,MONMOUTH,RED BANK BORO,04/26/2018,TH,1655,01,RED BANK PD,,0,2,0,0,I,I,N,N,03,2,SPRING ST **,,,,13231042__,,07,,01,04,02,01,01,01,04,,,AT,,TOWER HILL AVE,,,,25,25,26,,,N,V2 WENT ONTO PROPERTY OF 52 TOWER HILL AVE AND DAMAGED BUSHED  AND LAWN,391
2018134018-08101,MONMOUTH,RED BANK BORO,04/27/2018,FR,1219,01,RED BANK PD,,0,0,0,0,P,B,N,N,06,2,MONMOUTH ST,,,,13401057__,.45,07,,01,04,02,02,01,05,05,01,25,FE,W,DRUMMOND PL EXT / DRUMMOND PL,,,,25,25,28,,,N,,212
2018134018-08143,MONMOUTH,RED BANK BORO,04/27/2018,FR,1818,01,RED BANK PD,,0,0,0,0,P,B,N,N,06,2,WALLACE ST **,E,,,13401090__,.00,07,,01,04,02,01,01,01,05,01,10,FE,E,BROAD ST,,,,25,25,28,,,N,,207
2018134018-08245,MONMOUTH,RED BANK BORO,04/29/2018,SU,0916,01,RED BANK PD,,0,0,0,0,P,I,N,N,03,2,NJ 35,S,35,,00000035__,33.73,02,,01,04,02,02,01,01,04,,,AT,,MONMOUTH ST,,,,30,30,26,,,N,,364
2018134018-08248,MONMOUTH,RED BANK BORO,04/29/2018,SU,0949,01,RED BANK PD,01,0,0,0,0,P,I,N,N,01,2,NJ 35,S,35,,00000035__,34.19,02,,01,04,02,01,01,01,05,,,AT,,CR 13 / BRIDGE AVE / RECTOR PL,,,,30,,26,,,N,,200
2018134018-08336,MONMOUTH,RED BANK BORO,04/30/2018,MO,1748,01,RED BANK PD,RED BANK,0,0,0,0,P,B,N,N,02,2,MONMOUTH COUNTY 11 I,S,11,1,130000111_,.00,05,,01,04,02,01,01,01,05,01,50,FE,S,WIKOFF PL,,,,30,25,26,,,N,,203
2018134018-08370,MONMOUTH,RED BANK BORO,05/01/2018,TU,0852,01,RED BANK PD,,0,0,0,0,P,B,N,N,01,2,S BRIDGE AVE **,N,,,13401018__,,07,,01,04,02,01,01,01,05,01,60,FE,S,OAKLAND ST,,,,25,,26,,,N,,215
2018134018-08437,MONMOUTH,RED BANK BORO,05/02/2018,WE,0804,01,RED BANK PD,,0,0,0,0,P,B,N,N,11,1,MONMOUTH COUNTY 10,E,10,,13000010__,.25,05,,01,06,02,01,01,01,,,100,FE,W,CR 13 / RECTOR PL / SHREWSBURY AVE,,,,30,30,69,,,N,,205
2018134018-08438,MONMOUTH,RED BANK BORO,05/02/2018,WE,0837,01,RED BANK PD,,0,0,0,0,P,B,N,N,01,2,MONMOUTH COUNTY 13,N,13,,13000013__,2.85,05,,01,04,02,01,01,01,05,01,50,FE,S,CR 10 / W FRONT ST,,,,,,26,,,N,,221
2018134018-08464,MONMOUTH,RED BANK BORO,05/02/2018,WE,1308,01,RED BANK PD,,0,0,0,0,P,B,N,N,06,2,MECHANIC ST LOT,,,,,,09,,01,04,02,01,01,01,,,,,,,,,,,,28,,,N,,205