Year(4)-CountyCode(2)-MunicipalityCode(2)-CaseNumber(9),County Name,Municipality Name,Crash Date,Crash Day of Week,Crash Time,Police Department Code,Police Department,Police Station,Total Killed,Total Injured,Pedestrians Killed,Pedestrians Injured,Severity,Intersection,Alcohol Involved,Hazmat Involved,Crash Type,Total Vehicles,Location,Location Direction,Route,Route Suffix,Std Rte Identifier,MilePost,Road System,Road Character,Road Horizontal Alignment,Road Grade,Road Surface Type,Surface Condition,Light Condition,Environmental Condition,Road Divided By,Temporary Traffic Control Zone,Distance To Cross Street,Unit Of Measurement,Direction From Cross Street,Cross Street Name,Is Ramp,Ramp To/From Route Name,Ramp To/From Route Direction,Posted Speed,Posted Speed Cross Street,First Harmful Event,Latitude,Longitude,Cell Phone In Use Flag,Other Property Damage,Reporting Badge No.
2018134018-08494,MONMOUTH,RED BANK BORO,05/02/2018,WE,1909,01,RED BANK PD,,0,0,0,0,P,B,N,N,01,2,E BERGEN PL,E,,,13401113__,.35,07,,01,04,02,01,02,01,05,,300,FE,E,S PEARL ST,,,,25,25,26,,,N,,364
2018134018-08543,MONMOUTH,RED BANK BORO,05/03/2018,TH,0816,01,RED BANK PD,,0,0,0,0,P,B,N,N,01,2,NJ 35,N,35,,00000035__,32.91,02,,01,04,02,01,01,01,05,01,25,FE,N,CR 11 / ROUTE 520 / BROAD ST / RUMS,,,,,,26,,,N,,221
2018134018-08554,MONMOUTH,RED BANK BORO,05/03/2018,TH,1001,01,RED BANK PD,,0,0,0,0,P,B,N,N,01,2,MONMOUTH COUNTY 10,,10,,13000010__,.88,05,,01,04,02,01,01,01,05,01,15,FE,E,CR 11 / BROAD ST,,,,30,25,26,,,N,,212
2018134018-08585,MONMOUTH,RED BANK BORO,05/03/2018,TH,1537,01,RED BANK PD,,0,0,0,0,P,B,N,N,01,2,NJ 35,S,35,,00000035__,34.23,02,,01,04,01,01,01,01,04,,200,FE,N,CR 13 / BRIDGE AVE / RECTOR PL,,,,40,25,,,,N,,210
2018134018-08587,MONMOUTH,RED BANK BORO,05/03/2018,TH,1625,01,RED BANK PD,,0,0,0,0,P,B,N,N,01,3,MONMOUTH COUNTY 10,E,10,,13000010__,,05,,01,04,02,01,01,01,05,01,10,FE,E,PEARL ST,,,,30,25,26,,,N,,
2018134018-08588,MONMOUTH,RED BANK BORO,05/03/2018,TH,1656,01,RED BANK PD,RED BANK,0,0,0,0,P,I,N,N,02,2,MONMOUTH COUNTY 10,W,10,,13000010__,.64,05,,01,04,02,01,01,01,02,,,AT,,NJ 35 / MAPLE AVE,,,,25,25,,,,N,,226
2018134018-08651,MONMOUTH,RED BANK BORO,05/04/2018,FR,1431,01,RED BANK PD,,0,0,0,0,P,B,N,N,08,2,185 MONMOUTH ST,,,,,,09,,01,04,02,01,01,01,,,,,,,,,,,,26,,,N,,205
2018134018-08656,MONMOUTH,RED BANK BORO,05/04/2018,FR,1531,01,RED BANK PD,,0,0,0,0,P,I,N,N,01,2,ROUTE 520,W,520,,00000520__,15.64,05,,01,04,02,01,01,01,05,01,,AT,,ROUTE 537 / CR 51 / HANCE AVE,,,,40,35,26,,,N,,207
2018134018-08675,MONMOUTH,RED BANK BORO,05/04/2018,FR,1918,01,RED BANK PD,,0,0,0,0,P,B,N,N,01,2,MONMOUTH COUNTY 10,E,10,,13000010__,,05,,01,04,02,01,03,01,05,01,,,,,,,,25,,26,,,N,,207
2018134018-08684,MONMOUTH,RED BANK BORO,05/04/2018,FR,2030,01,RED BANK PD,,0,0,0,0,P,B,N,N,02,2,MONMOUTH COUNTY 10,S,10,,13000010__,,05,,01,04,02,01,06,01,05,01,,,,,,,,25,,26,,,N,,207
2018134018-08706,MONMOUTH,RED BANK BORO,05/04/2018,FR,2324,01,RED BANK PD,,0,0,0,0,P,B,N,N,02,2,CHESTNUT AVE **,W,,,13401007__,,07,,01,04,02,01,06,01,05,01,,,,,,,,25,,26,,,N,,207
2018134018-08729,MONMOUTH,RED BANK BORO,05/05/2018,SA,1103,01,RED BANK PD,RED BANK,0,0,0,0,P,I,N,N,02,2,NJ 35,N,35,,00000035__,33.84,02,,03,04,01,01,01,01,05,,,AT,,CR 10 / MAPLE AVE / W FRONT,,,,30,30,26,,,N,,217
2018134018-08761,MONMOUTH,RED BANK BORO,05/05/2018,SA,2123,01,RED BANK PD,,0,0,0,0,P,B,N,N,06,2,WASHINGTON ST **,S,,,13401095__,.25,07,,01,04,02,01,06,01,05,01,15,FE,N,LINDEN PL,,,,25,25,28,,,N,,207
2018134018-08849,MONMOUTH,RED BANK BORO,05/07/2018,MO,1140,01,RED BANK PD,,0,0,0,0,P,B,N,N,02,2,NJ 35,N,35,,00000035__,,02,,01,04,02,01,01,01,,,50,FE,N,WATER ST,,,,30,25,,,,N,,210
2018134018-08864,MONMOUTH,RED BANK BORO,05/07/2018,MO,1448,01,RED BANK PD,RED BANK,0,1,0,0,I,I,N,N,01,2,MONMOUTH COUNTY 34,W,34,,13000034__,.00,05,,01,04,02,01,01,01,04,,,AT,,CR 11 / BROAD ST,,,,25,,26,,,N,,230
2018134018-08876,MONMOUTH,RED BANK BORO,05/07/2018,MO,1602,01,RED BANK PD,,0,0,0,0,P,B,N,N,01,2,MONMOUTH COUNTY 10,W,10,,13000010__,,05,,01,04,02,01,01,01,05,01,15,FE,E,RIVERVIEW PLAZA,,,,,,26,,,N,,221
2018134018-08949,MONMOUTH,RED BANK BORO,05/08/2018,TU,1311,01,RED BANK PD,,0,0,0,0,P,B,N,N,01,2,MONMOUTH COUNTY 10,E,10,,13000010__,.94,05,,01,04,02,01,01,01,05,01,5,FE,W,GLOBE CT,,,,,,26,,,N,,221
2018134018-08978,MONMOUTH,RED BANK BORO,05/08/2018,TU,1739,01,RED BANK PD,RED BANK,0,0,0,0,P,I,N,N,01,2,MONMOUTH COUNTY 10,W,10,,13000010__,,05,,01,04,02,01,01,01,04,,,AT,,PEARL ST,,,,25,,26,,,N,,230
2018134018-09026,MONMOUTH,RED BANK BORO,05/09/2018,WE,1229,01,RED BANK PD,,0,0,0,0,P,B,N,N,03,2,ROUTE 520,,520,,00000520__,16.92,05,,01,04,02,01,01,01,04,01,110,FE,S,CR 11 / PINCKNEY RD,,,,30,35,26,,,N,,212
2018134018-09060,MONMOUTH,RED BANK BORO,05/09/2018,WE,1645,01,RED BANK PD,,0,0,0,0,P,I,N,N,02,2,MONMOUTH COUNTY 11 I,W,11,1,130000111_,.14,05,,01,04,02,01,01,01,,,,AT,,BERGEN PL,,,,25,30,26,,,N,,205
2018134018-09063,MONMOUTH,RED BANK BORO,05/09/2018,WE,1750,01,RED BANK PD,,0,0,0,0,P,B,N,N,02,2,MONMOUTH COUNTY 10,E,10,,13000010__,.33,05,,01,04,02,01,01,01,,,75,FE,W,BRIDGE AVE,,,,25,25,26,,,N,,205
2018134018-09119,MONMOUTH,RED BANK BORO,05/10/2018,TH,1207,01,RED BANK PD,,0,0,0,0,P,B,N,N,06,2,CHESTNUT AVE **,,,,13401007__,.33,07,,01,04,02,01,01,01,05,01,30,FE,E,BRIDGE AVE,,,,25,25,28,,,N,,212
2018134018-09135,MONMOUTH,RED BANK BORO,05/10/2018,TH,1458,01,RED BANK PD,,0,0,0,0,P,B,N,N,01,2,MONMOUTH COUNTY 11 I,S,11,1,130000111_,.42,05,,01,04,02,01,01,01,05,01,35,FE,N,LEROY PL,,,,30,25,26,,,N,,207
2018134018-09164,MONMOUTH,RED BANK BORO,05/10/2018,TH,2221,01,RED BANK PD,,0,0,0,0,P,I,N,N,03,2,MONMOUTH COUNTY 10,W,10,,13000010__,.61,05,,01,04,02,01,06,01,,,,AT,,NJ 35 / RIVERSIDE AVE,,,,25,25,26,,,N,,205
2018134018-09190,MONMOUTH,RED BANK BORO,05/11/2018,FR,0906,01,RED BANK PD,RED BANK POLICE,0,0,0,0,P,I,N,N,06,2,MONMOUTH COUNTY 13,N,13,,13000013__,2.58,05,,01,04,02,01,01,01,02,,,AT,,LOCUST AVE,,,,30,25,28,,,N,,226
2018134018-09310,MONMOUTH,RED BANK BORO,05/12/2018,SA,2129,01,RED BANK PD,,0,1,0,0,I,B,N,N,11,1,ROUTE 520,W,520,,00000520__,15.62,05,,01,05,02,02,06,02,,,15,FE,E,MUNSON PL,,,,40,25,69,,,N,SOUTHWEST CORNER OF 1 MUNSON PL,205
2018134018-09402,MONMOUTH,RED BANK BORO,05/14/2018,MO,1501,01,RED BANK PD,,0,0,0,0,P,B,N,N,06,2,S BRIDGE AVE **,S,,,13401018__,,07,,01,04,02,01,01,01,05,01,60,FE,S,BERGEN PLACE,,,,25,,26,,,N,,215
2018134018-09411,MONMOUTH,RED BANK BORO,05/14/2018,MO,1656,01,RED BANK PD,,0,0,0,0,P,B,N,N,01,2,MONMOUTH COUNTY 11 I,S,11,1,130000111_,.49,05,,01,04,02,01,01,01,05,01,30,FE,N,CR 34 / HARDING RD / RECKLESS PL,,,,25,,26,,,N,,215
2018134018-09448,MONMOUTH,RED BANK BORO,05/15/2018,TU,0814,01,RED BANK PD,,0,0,0,0,P,B,N,N,01,2,LEIGHTON AVE **,,,,13401010__,.67,07,,01,04,02,01,01,01,05,01,65,FE,N,ROUTE 520 / NEWMAN SPRINGS RD,,,,25,40,26,,,N,,212
2018134018-09458,MONMOUTH,RED BANK BORO,05/15/2018,TU,1005,01,RED BANK PD,,0,0,0,0,P,I,N,N,02,2,ROUTE 520,W,520,,00000520__,16.63,05,,01,04,02,01,01,01,05,01,,AT,,LAUREL ST,,,,35,25,26,,,N,,207
2018134018-09484,MONMOUTH,RED BANK BORO,05/15/2018,TU,1541,01,RED BANK PD,,0,0,0,0,P,B,N,N,01,3,NJ 35,S,35,,00000035__,34.20,02,,01,04,02,01,01,01,05,01,75,FE,N,CR 13 / BRIDGE AVE / RECTOR PL,,,,30,25,26,,,N,,
2018134018-09496,MONMOUTH,RED BANK BORO,05/15/2018,TU,1825,01,RED BANK PD,RED BANK,0,0,0,0,P,I,N,N,01,2,NJ 35,N,35,,00000035__,34.00,02,,01,04,02,02,03,02,05,01,,AT,,ALLEN PL,,,,30,25,26,,,N,,203
2018134018-09564,MONMOUTH,RED BANK BORO,05/16/2018,WE,1336,01,RED BANK PD,,0,0,0,0,P,I,N,N,06,2,PEARL ST,E,,,,,09,,01,04,02,02,01,02,05,01,,AT,,WALL ST,,,,25,25,54,,,N,STOP SIGN AT ON PEARL ST. AT THE INTERSECTION OF WALL ST.,207
2018134018-09568,MONMOUTH,RED BANK BORO,05/16/2018,WE,1428,01,RED BANK PD,,0,2,0,0,I,B,N,N,01,3,MONMOUTH COUNTY 10,,10,,13000010__,.74,05,,01,04,02,02,01,02,05,01,300,FE,W,ENGLISH PLZ,,,,30,,26,,,N,,
2018134018-09580,MONMOUTH,RED BANK BORO,05/16/2018,WE,1706,01,RED BANK PD,,0,1,0,0,I,B,N,N,03,2,MONMOUTH ST,E,,,13401057__,.16,07,,01,04,02,02,01,02,,,100,FE,W,WEST ST,,,,25,25,26,,,N,,205
2018134018-09586,MONMOUTH,RED BANK BORO,05/16/2018,WE,1812,01,RED BANK PD,,0,1,0,0,I,B,N,N,03,2,S BRIDGE AVE **,S,,,13401018__,,07,,01,04,02,02,01,02,,,25,FE,S,DEPOT ST,,,,25,25,26,,,N,,205
2018134018-09600,MONMOUTH,RED BANK BORO,05/16/2018,WE,2219,01,RED BANK PD,,0,0,0,0,P,B,N,N,01,2,MONMOUTH COUNTY 10,W,10,,13000010__,.35,05,,01,04,02,02,06,02,,,50,FE,E,BRIDGE AVE,,,,30,25,26,,,N,,205
2018134018-09604,MONMOUTH,RED BANK BORO,05/17/2018,TH,0745,01,RED BANK PD,,0,0,0,0,P,B,N,N,03,2,E BERGEN PL,,,,13401113__,.36,07,,01,04,02,02,01,02,05,01,30,FE,W,PARK ST,,,,25,,26,,,N,,212
2018134018-09638,MONMOUTH,RED BANK BORO,05/17/2018,TH,1453,01,RED BANK PD,,0,0,0,0,P,I,N,N,03,2,NJ 35,N,35,,00000035__,34.16,02,,02,04,02,02,01,05,05,01,,AT,,BODMAN PL,,,,30,25,26,,,N,,207
2018134018-09649,MONMOUTH,RED BANK BORO,05/17/2018,TH,1618,01,RED BANK PD,,0,0,0,0,P,B,N,N,01,2,NJ 35,N,35,,00000035__,33.73,02,,01,04,02,01,01,01,,,20,FE,N,MONMOUTH ST,,,,30,25,26,,,N,,205
2018134018-09681,MONMOUTH,RED BANK BORO,05/18/2018,FR,1032,01,RED BANK PD,,0,0,0,0,P,B,N,N,01,4,MONMOUTH COUNTY 10,,10,,13000010__,,05,,01,04,02,01,01,05,05,01,50,FE,W,PEARL STREET,,,,30,30,26,,,N,,
2018134018-09877,MONMOUTH,RED BANK BORO,05/21/2018,MO,0821,01,RED BANK PD,,0,0,0,0,P,B,N,N,11,1,MONMOUTH COUNTY 10,,10,,13000010__,.24,05,,01,06,02,01,01,01,05,01,140,FE,W,CR 13 / RECTOR PL / SHREWSBURY AVE,,,,30,30,42,,,N,,212
2018134018-09879,MONMOUTH,RED BANK BORO,05/21/2018,MO,0923,01,RED BANK PD,,0,0,0,0,P,B,N,N,06,2,WHITE ST **,,,,13401059__,.00,07,,01,04,02,01,01,01,05,01,165,FE,W,CR 11 I / BROAD ST,,,,25,25,28,,,N,,212
2018134018-09900,MONMOUTH,RED BANK BORO,05/21/2018,MO,1243,01,RED BANK PD,,0,0,0,0,P,B,N,N,01,3,RECKLESS PL,E,,,13401004__,.01,07,,01,04,02,01,01,01,05,01,30,FE,E,CR 11 I / BROAD ST,,,,25,25,26,,,N,,
2018134018-09959,MONMOUTH,RED BANK BORO,05/22/2018,TU,1455,01,RED BANK PD,,0,0,0,0,P,B,N,N,01,3,NJ 35,S,35,,00000035__,33.23,02,,01,04,02,02,01,02,05,01,100,FE,N,BERGEN PL,,,,,,26,,,N,,
2018134018-09960,MONMOUTH,RED BANK BORO,05/22/2018,TU,1528,01,RED BANK PD,RED BANK POLICE,0,0,0,0,P,I,N,N,01,2,MONMOUTH COUNTY 10,E,10,,13000010__,1.26,05,,01,04,02,02,01,02,02,,,AT,,THROCKMORTEN AVE,,,,25,25,,,,N,,226
2018134018-09964,MONMOUTH,RED BANK BORO,05/22/2018,TU,1616,01,RED BANK PD,,0,1,0,0,I,I,N,N,03,2,E BERGEN PL,S,,,13401113__,.98,07,,01,04,02,02,01,02,05,01,,AT,,BRANCH AVE,,,,,,26,,,N,,221
2018134018-10002,MONMOUTH,RED BANK BORO,05/23/2018,WE,1031,01,RED BANK PD,,0,0,0,0,P,B,N,N,01,3,MONMOUTH COUNTY 13,,13,,13000013__,2.06,05,,01,04,02,01,01,01,05,01,50,FE,S,SUNSET AVE,,,,30,25,26,,,N,,
2018134018-10017,MONMOUTH,RED BANK BORO,05/23/2018,WE,1330,01,RED BANK PD,,0,0,0,0,P,B,N,N,06,2,PETERS PL **,,,,13401005__,.18,07,,01,04,02,01,01,01,05,01,125,FE,W,CR 11 I / BROAD ST,,,,25,25,28,,,N,,212
2018134018-10037,MONMOUTH,RED BANK BORO,05/23/2018,WE,1832,01,RED BANK PD,,0,2,0,0,I,B,N,N,01,2,LEIGHTON AVE **,S,,,13401010__,.67,07,,01,04,02,01,01,01,05,01,20,FE,N,ROUTE 520 / NEWMAN SPRINGS RD,,,,25,40,26,,,N,,207
2018134018-10068,MONMOUTH,RED BANK BORO,05/24/2018,TH,0730,01,RED BANK PD,RED BANK,0,0,0,0,P,I,N,N,07,2,MONMOUTH COUNTY 13,N,13,,13000013__,2.63,05,,01,04,02,,01,01,05,01,,AT,,DEFOREST LN / OAKLAND ST,,,,30,25,26,,,N,,203
2018134018-10080,MONMOUTH,RED BANK BORO,05/24/2018,TH,1235,01,RED BANK PD,RED BANK,0,0,0,0,P,I,Y,N,02,3,MONMOUTH COUNTY 11 I,N,11,1,130000111_,.41,05,,01,04,02,01,01,01,05,01,,AT,,LEROY PL,,,,30,25,26,,,N,,203
2018134018-10109,MONMOUTH,RED BANK BORO,05/24/2018,TH,1850,01,RED BANK PD,RED BANK,0,0,0,0,P,I,N,N,08,2,MECHANIC ST,W,,,,,08,,01,04,02,01,01,01,05,01,,AT,,BROAD ST,,,,25,25,39,,,N,,194
2018134018-10132,MONMOUTH,RED BANK BORO,05/25/2018,FR,1050,01,RED BANK PD,,0,0,0,0,P,B,N,N,06,2,MONMOUTH ST,E,,,13401057__,.60,07,,01,04,02,01,01,01,04,,500,FE,E,CR 11 I / BROAD ST,,,,25,25,28,,,N,,230
2018134018-10300,MONMOUTH,RED BANK BORO,05/27/2018,SU,0859,01,RED BANK PD,,0,0,0,0,P,B,N,N,08,2,S BRIDGE AVE **,,,,13401018__,,07,,01,04,02,02,01,02,05,01,50,FE,S,LEONARD ST,,,,,,26,,,N,,220
2018134018-10356,MONMOUTH,RED BANK BORO,05/28/2018,MO,1147,01,RED BANK PD,,0,0,0,0,P,B,N,N,06,2,WALLACE ST **,,,,13401090__,.00,07,,01,04,02,01,01,05,05,01,25,FE,E,BROAD ST,,,,25,25,28,,,N,,212
2018134018-10397,MONMOUTH,RED BANK BORO,05/29/2018,TU,0828,01,RED BANK PD,,0,0,0,0,P,B,N,N,06,2,WALLACE ST **,E,,,13401090__,.15,07,,01,04,02,01,01,01,,,25,FE,E,MOUNT ST,,,,25,25,26,,,N,,205
2018134018-10401,MONMOUTH,RED BANK BORO,05/29/2018,TU,0942,01,RED BANK PD,,0,0,0,0,P,B,N,N,06,2,NJ 35,N,35,,00000035__,33.94,02,,01,04,02,01,01,01,,,300,FE,S,ALLEN PL,,,,30,25,28,,,N,,205
2018134018-10403,MONMOUTH,RED BANK BORO,05/29/2018,TU,0954,01,RED BANK PD,,0,0,0,0,P,I,N,N,03,2,ROUTE 520,,520,,00000520__,16.88,05,,01,04,02,01,01,01,05,01,,AT,,GARFIELD PL,,,,30,25,26,,,N,,212
2018134018-10428,MONMOUTH,RED BANK BORO,05/31/2018,TH,1406,01,RED BANK PD,,0,0,0,0,P,B,N,N,06,2,MONMOUTH COUNTY 10,,10,,13000010__,,05,,01,04,02,01,01,01,05,01,60,FE,E,BOAT CLUB COURT,,,,30,,28,,,N,,212
2018134018-10437,MONMOUTH,RED BANK BORO,05/29/2018,TU,1545,01,RED BANK PD,,0,0,0,0,P,I,N,N,03,2,OAKLAND ST **,W,,,13401046__,.09,07,,01,04,02,01,01,01,,,,AT,,PEARL ST,,,,25,25,26,,,N,,205
2018134018-10440,MONMOUTH,RED BANK BORO,05/29/2018,TU,1605,01,RED BANK PD,,0,0,0,0,P,B,N,N,02,2,NJ 35,S,35,,00000035__,34.02,02,,01,04,02,01,01,01,,,100,FE,N,ALLEN PL,,,,30,25,26,,,N,,205
2018134018-10507,MONMOUTH,RED BANK BORO,05/30/2018,WE,1717,01,RED BANK PD,,0,0,0,0,P,I,N,N,03,2,MONMOUTH COUNTY 10,W,10,,13000010__,.41,05,,01,04,02,01,01,05,05,01,,AT,,MORFORD PL,,,,30,25,26,,,N,,207
2018134018-10528,MONMOUTH,RED BANK BORO,05/31/2018,TH,0810,01,RED BANK PD,,0,0,0,0,P,I,N,N,03,2,MONMOUTH COUNTY 10,W,10,,13000010__,.64,05,,01,04,02,02,01,05,05,,,AT,,NJ 35 / MAPLE AVE,,,,25,25,26,,,N,,223
2018134018-10540,MONMOUTH,RED BANK BORO,05/31/2018,TH,1144,01,RED BANK PD,,0,0,0,0,P,I,Y,N,03,3,MONMOUTH COUNTY 11 I,N,11,1,130000111_,.14,05,,01,04,02,01,01,01,05,,,AT,,BERGEN PL,,,,30,25,26,,,N,,
2018134018-10550,MONMOUTH,RED BANK BORO,05/31/2018,TH,1438,01,RED BANK PD,,0,0,0,0,P,B,N,N,02,2,ROUTE 520,W,520,,00000520__,16.31,05,,01,06,02,01,01,05,,,50,FE,E,S BRIDGE AVE,,,,35,25,26,,,N,,205
2018134018-10568,MONMOUTH,RED BANK BORO,05/31/2018,TH,1645,01,RED BANK PD,,0,0,0,0,P,B,N,N,02,2,MONMOUTH COUNTY 10,E,10,,13000010__,.87,05,,01,04,02,01,01,01,05,01,65,FE,W,CR 11 / BROAD ST,,,,30,25,26,,,N,,207
2018134018-10646,MONMOUTH,RED BANK BORO,06/01/2018,FR,1219,01,RED BANK PD,,0,0,0,0,P,I,N,N,02,2,MONMOUTH ST,E,,,13401057__,.38,07,,01,04,02,01,01,01,,,,AT,,NJ 35 / MAPLE AVE,,,,25,30,26,,,N,,205
2018134018-10681,MONMOUTH,RED BANK BORO,06/01/2018,FR,1656,01,RED BANK PD,,0,0,0,0,P,B,N,N,06,2,MONMOUTH ST,E,,,13401057__,.50,07,,01,04,02,01,01,01,05,01,250,FE,E,DRUMMOND PL EXT / DRUMMOND PL,,,,25,25,26,,,N,,207
2018134018-10767,MONMOUTH,RED BANK BORO,06/02/2018,SA,1908,01,RED BANK PD,,0,0,0,0,P,I,N,N,03,2,MONMOUTH COUNTY 10,,10,,13000010__,1.32,05,,01,04,02,01,01,01,04,01,,AT,,N PROSPECT AVE / PROSPECT AVE,,,,,,26,,,N,,220
2018134018-10768,MONMOUTH,RED BANK BORO,06/02/2018,SA,1915,01,RED BANK PD,,0,0,0,0,P,B,N,N,11,1,PARK PLACE,E,,,,,07,,01,04,02,01,01,01,05,01,60,FE,S,W BERGEN PL,,,,25,,69,,,N,,215
2018134018-10790,MONMOUTH,RED BANK BORO,06/03/2018,SU,0154,01,RED BANK PD,,0,0,0,0,P,B,N,N,06,2,UNION ST,S,,,,,07,,01,04,02,01,06,01,05,01,60,FE,W,WHARF AVE,,,,25,,26,,,N,,215
2018134018-10883,MONMOUTH,RED BANK BORO,06/04/2018,MO,1538,01,RED BANK PD,01,0,1,0,0,I,I,N,N,01,2,E BERGEN PL,E,,,13401113__,.60,07,,01,04,02,01,01,01,05,,,AT,,CR 11 I / BROAD ST,,,,25,,26,,,N,,200
2018134018-10884,MONMOUTH,RED BANK BORO,06/04/2018,MO,1538,01,RED BANK PD,,0,0,0,0,P,I,N,N,01,2,E BERGEN PL,W,,,13401113__,.42,07,,01,04,02,01,01,01,04,,,AT,,NJ 35 / MAPLE AVE,,,,25,35,26,,,N,,222
2018134018-10895,MONMOUTH,RED BANK BORO,06/04/2018,MO,1751,01,RED BANK PD,,0,1,0,0,I,B,N,N,01,3,NJ 35,S,35,,00000035__,34.08,02,,01,05,01,01,01,01,04,01,600,FE,S,CR 13 / BRIDGE AVE / RECTOR PL,,,,40,30,26,,,N,,
2018134018-10963,MONMOUTH,RED BANK BORO,06/05/2018,TU,1209,01,RED BANK PD,01,0,1,0,1,I,I,N,N,13,1,MONMOUTH COUNTY 10,E,10,,13000010__,.64,05,,01,04,02,01,01,01,05,01,,AT,,NJ 35 / MAPLE AVE,,,,30,30,22,,,N,,200
2018134018-10966,MONMOUTH,RED BANK BORO,06/05/2018,TU,1320,01,RED BANK PD,,0,0,0,0,P,R,N,N,11,1,MONMOUTH COUNTY 13,,13,,13000013__,2.84,05,,01,06,02,01,01,01,05,01,100,FE,S,CR 10 / W FRONT ST,,,,30,30,56,,,N,RAILROAD WARNING GATE AND WOOD FENCE NEXT TO IT,212
2018134018-10976,MONMOUTH,RED BANK BORO,06/05/2018,TU,1531,01,RED BANK PD,,0,0,0,0,P,I,N,N,06,2,CLIFFORD PL **,N,,,13401011__,.09,07,,01,04,02,01,01,01,05,,,AT,,WEST WESTSIDE AVE,,,,25,25,26,,,N,,190
2018134018-10982,MONMOUTH,RED BANK BORO,06/05/2018,TU,1804,01,RED BANK PD,,0,0,0,0,P,I,N,N,01,2,MONMOUTH COUNTY 10,,10,,13000010__,.94,05,,01,04,02,01,01,01,05,,,AT,,GLOBE CT,,,,30,,26,,,N,,200
2018134018-11028,MONMOUTH,RED BANK BORO,06/06/2018,WE,1053,01,RED BANK PD,,0,0,0,0,P,B,N,N,03,2,ROUTE 520,,520,,00000520__,16.24,05,,01,04,02,01,01,01,,,150,FE,E,CR 13 / SHREWSBURY AVE,,,,35,35,26,,,N,,228
2018134018-11054,MONMOUTH,RED BANK BORO,06/06/2018,WE,1528,01,RED BANK PD,,0,0,0,0,P,B,N,N,01,2,WATER ST,,,,,,07,,01,04,02,01,01,01,,,50,FE,W,NJ 35,,,,25,30,26,,,N,,228
2018134018-11099,MONMOUTH,RED BANK BORO,06/07/2018,TH,0943,01,RED BANK PD,RED BANK,0,0,0,0,P,B,N,N,06,2,90 MONMOUTH ST LOT,,,,,,09,,01,04,02,01,01,01,05,,,,,,,,,10,,,,,N,,190
2018134018-11100,MONMOUTH,RED BANK BORO,06/07/2018,TH,0944,01,RED BANK PD,,0,0,0,0,P,B,N,N,01,3,NJ 35,,35,,00000035__,32.92,02,,01,04,02,01,01,01,,,40,FE,N,CR 11 / ROUTE 520 / BROAD ST / RUMS,,,,35,30,26,,,N,,228
2018134018-11106,MONMOUTH,RED BANK BORO,06/07/2018,TH,1133,01,RED BANK PD,RED BANK,0,0,0,0,P,I,N,N,02,2,NJ 35,,35,,00000035__,34.19,02,,03,04,02,01,01,01,05,01,,AT,,CR 13 / BRIDGE AVE / RECTOR PL,,,,,,26,,,N,,211
2018134018-11118,MONMOUTH,RED BANK BORO,06/07/2018,TH,1648,01,RED BANK PD,,0,0,0,0,P,B,N,N,02,2,E BERGEN PL,,,,13401113__,.37,07,,01,04,02,01,01,01,,,10,FE,W,PARK ST,,,,25,25,26,,,N,,228
2018134018-11153,MONMOUTH,RED BANK BORO,06/08/2018,FR,0913,01,RED BANK PD,,0,0,0,0,P,B,N,N,06,2,MONMOUTH ST,,,,13401057__,.46,07,,01,04,02,01,01,01,05,01,75,FE,E,DRUMMOND PL EXT / DRUMMOND PL,,,,25,25,28,,,N,,212
2018134018-11181,MONMOUTH,RED BANK BORO,06/08/2018,FR,1626,01,RED BANK PD,,0,0,0,0,P,R,N,N,11,1,CHESTNUT AVE **,W,,,13401007__,.21,07,,01,04,02,01,01,01,05,,25,FE,W,WEST ST,,,,25,25,26,,,N,TRAIN GATE BROKEN,223
2018134018-11282,MONMOUTH,RED BANK BORO,06/10/2018,SU,1247,01,RED BANK PD,,0,0,0,0,P,B,N,N,06,2,MONMOUTH ST,E,,,13401057__,.48,07,,01,04,02,02,01,02,,01,150,FE,E,DRUMMOND PL EXT / DRUMMOND PL,,,,,,28,,,N,,200
2018134018-11411,MONMOUTH,RED BANK BORO,06/12/2018,TU,1630,01,RED BANK PD,,0,0,0,0,P,B,N,N,06,2,MONMOUTH ST,,,,13401057__,.57,07,,01,04,02,01,01,01,05,01,150,FE,W,CR 11 I / BROAD ST,,,,25,25,28,,,N,,212
2018134018-11413,MONMOUTH,RED BANK BORO,06/12/2018,TU,1639,01,RED BANK PD,RED BANK,0,0,0,0,P,B,N,N,01,2,MONMOUTH COUNTY 10,W,10,,13000010__,.15,05,,01,04,02,01,01,01,05,01,,,,,,,,,,26,,,N,,211
2018134018-11420,MONMOUTH,RED BANK BORO,06/12/2018,TU,1917,01,RED BANK PD,,0,0,0,0,P,B,N,N,06,2,WALLACE ST **,,,,13401090__,,07,,01,04,02,01,01,01,05,,,,,,,,,,,28,,,N,,220
2018134018-11511,MONMOUTH,RED BANK BORO,06/14/2018,TH,1501,01,RED BANK PD,,0,0,0,0,P,B,N,N,02,2,MONMOUTH COUNTY 10,,10,,13000010__,.26,05,,01,06,02,01,01,01,05,01,35,FE,W,CR 13 / RECTOR PL / SHREWSBURY AVE,,,,30,30,26,,,N,,212