Year(4)-CountyCode(2)-MunicipalityCode(2)-CaseNumber(9),County Name,Municipality Name,Crash Date,Crash Day of Week,Crash Time,Police Department Code,Police Department,Police Station,Total Killed,Total Injured,Pedestrians Killed,Pedestrians Injured,Severity,Intersection,Alcohol Involved,Hazmat Involved,Crash Type,Total Vehicles,Location,Location Direction,Route,Route Suffix,Std Rte Identifier,MilePost,Road System,Road Character,Road Horizontal Alignment,Road Grade,Road Surface Type,Surface Condition,Light Condition,Environmental Condition,Road Divided By,Temporary Traffic Control Zone,Distance To Cross Street,Unit Of Measurement,Direction From Cross Street,Cross Street Name,Is Ramp,Ramp To/From Route Name,Ramp To/From Route Direction,Posted Speed,Posted Speed Cross Street,First Harmful Event,Latitude,Longitude,Cell Phone In Use Flag,Other Property Damage,Reporting Badge No.
2018134018-15307,MONMOUTH,RED BANK BORO,08/20/2018,MO,1155,01,RED BANK PD,,0,0,0,0,P,I,N,N,06,2,NJ 35,,35,,00000035__,33.66,02,,01,04,02,01,01,01,05,01,,AT,,OAKLAND ST,,,,,,26,,,N,,220
2018134018-15354,MONMOUTH,RED BANK BORO,08/21/2018,TU,0848,01,RED BANK PD,,0,0,0,0,P,B,N,N,01,2,ROUTE 520,W,520,,00000520__,15.64,05,,01,04,02,01,01,01,,,25,FE,E,ROUTE 537 / CR 51 / HANCE AVE,,,,40,35,26,,,N,,205
2018134018-15432,MONMOUTH,RED BANK BORO,08/22/2018,WE,1405,01,RED BANK PD,,0,0,0,0,P,I,N,N,01,2,S BRIDGE AVE **,,,,13401018__,,07,,01,04,02,01,01,01,05,01,,AT,,CHESTNUT ST,,,,25,25,26,,,N,,200
2018134018-15442,MONMOUTH,RED BANK BORO,08/22/2018,WE,1828,01,RED BANK PD,,0,1,0,0,I,B,Y,N,01,2,NJ 35,,35,,00000035__,33.83,02,,01,04,02,01,03,01,,01,50,FE,S,CR 10 / MAPLE AVE / W FRONT,,,,30,30,26,,,N,,212
2018134018-15468,MONMOUTH,RED BANK BORO,08/23/2018,TH,0530,01,RED BANK PD,,0,1,0,0,I,I,N,N,03,2,NJ 35,,35,,00000035__,33.84,02,,01,04,02,01,06,01,05,01,,AT,,CR 10 / MAPLE AVE / W FRONT,,,,25,25,26,,,N,,218
2018134018-15476,MONMOUTH,RED BANK BORO,08/23/2018,TH,1018,01,RED BANK PD,,0,0,0,0,P,B,N,N,11,2,ROUTE 520,W,520,,00000520__,,05,,01,04,02,01,01,01,05,01,,,,,,,,,,69,,,N,LANDSCAPE AND LAMPS DAMAGE IN FRONT OF 70 NEWMAN SPRINGS ROAD RED BANK  NJ 07701,221
2018134018-15480,MONMOUTH,RED BANK BORO,08/23/2018,TH,1231,01,RED BANK PD,,0,0,0,0,P,B,N,N,01,2,MONMOUTH COUNTY 10,E,10,,13000010__,.25,05,,01,04,02,01,01,01,,,100,FE,W,CR 13 / RECTOR PL / SHREWSBURY AVE,,,,30,30,26,,,N,,205
2018134018-15481,MONMOUTH,RED BANK BORO,08/23/2018,TH,1237,01,RED BANK PD,,0,0,0,0,P,B,N,N,01,2,MONMOUTH COUNTY 10,E,10,,13000010__,,05,,01,04,02,01,01,01,05,01,,,,,,,,25,,26,,,N,,207
2018134018-15482,MONMOUTH,RED BANK BORO,08/23/2018,TH,1241,01,RED BANK PD,,0,0,0,0,P,I,N,N,01,2,NJ 35,S,35,,00000035__,33.21,02,,01,04,02,01,01,01,04,,,AT,,BERGEN PL,,,,,,26,,,N,,230
2018134018-15499,MONMOUTH,RED BANK BORO,08/23/2018,TH,1745,01,RED BANK PD,,0,0,0,0,P,I,N,N,06,2,ENGLISH PLAZA **,,,,13401063__,.09,07,,01,04,02,01,01,01,,,,AT,,CR 10 / WEST FRONT ST,,,,,,26,,,N,,230
2018134018-15503,MONMOUTH,RED BANK BORO,08/23/2018,TH,1906,01,RED BANK PD,,0,0,0,0,P,I,N,N,03,2,MONMOUTH COUNTY 10,W,10,,13000010__,.46,05,,01,04,02,01,01,01,04,,,AT,,WEST ST,,,,30,25,26,,,N,,364
2018134018-15534,MONMOUTH,RED BANK BORO,08/24/2018,FR,1325,01,RED BANK PD,,0,0,0,0,P,I,N,N,03,2,MONMOUTH ST,E,,,13401057__,.29,07,,01,04,02,01,01,01,,,,AT,,PEARL ST,,,,25,25,26,,,N,,205
2018134018-15577,MONMOUTH,RED BANK BORO,08/25/2018,SA,1158,01,RED BANK PD,,0,0,0,0,P,B,N,N,06,2,TILTON AVE **,,,,13401017__,,07,,01,04,02,01,00,01,05,01,,,,,,,,,,28,,,N,,220
2018134018-15587,MONMOUTH,RED BANK BORO,08/25/2018,SA,1822,01,RED BANK PD,,0,0,0,0,P,I,N,N,01,2,MONMOUTH COUNTY 11 I,S,11,1,130000111_,.66,05,,01,04,02,01,01,01,05,01,,AT,,MONMOUTH ST,,,,25,,26,,,N,,215
2018134018-15628,MONMOUTH,RED BANK BORO,08/20/2018,MO,1709,01,RED BANK PD,RED BANK,0,0,0,0,P,B,N,N,03,2,HENRY STREET,S,,,,,07,,01,04,02,01,01,01,05,,70,FE,N,ROUTE 520,,,,25,35,26,,,N,,216
2018134018-15629,MONMOUTH,RED BANK BORO,08/26/2018,SU,1141,01,RED BANK PD,RED BANK POLICE,0,0,0,0,P,I,N,N,01,2,NJ 35,,35,,00000035__,33.79,02,,02,04,02,01,01,01,02,,,AT,,WHITE ST,,,,25,,,,,N,,226
2018134018-15679,MONMOUTH,RED BANK BORO,08/27/2018,MO,1240,01,RED BANK PD,,0,0,0,0,P,B,N,N,02,2,WATER STREET,E,,,,,07,,01,04,02,01,01,01,05,01,25,FE,E,PEARL STREET,,,,,,26,,,N,,221
2018134018-15694,MONMOUTH,RED BANK BORO,08/27/2018,MO,1731,01,RED BANK PD,,0,0,0,0,P,I,N,N,03,2,ROUTE 520,W,520,,00000520__,15.79,05,,01,04,02,01,01,01,05,01,,AT,,SPRINGDALE AVE,,,,40,25,26,,,N,,207
2018134018-15697,MONMOUTH,RED BANK BORO,08/27/2018,MO,1744,01,RED BANK PD,,0,0,0,0,P,I,N,N,01,2,ROUTE 520,W,520,,00000520__,15.64,05,,01,04,02,01,01,01,04,,,AT,E,ROUTE 537 / CR 51 / HANCE AVE,,,,40,40,26,,,N,,222
2018134018-15744,MONMOUTH,RED BANK BORO,08/28/2018,TU,1526,01,RED BANK PD,,0,0,0,0,P,B,N,N,01,2,ROUTE 520,S,520,,00000520__,16.89,05,,01,04,02,01,01,01,05,01,30,FE,N,GARFIELD PL,,,,30,25,26,,,N,,207
2018134018-15788,MONMOUTH,RED BANK BORO,08/29/2018,WE,1044,01,RED BANK PD,,0,0,0,0,P,B,N,N,01,2,NJ 35,,35,,00000035__,33.09,02,,01,04,02,01,01,01,05,01,150,FE,N,WIKOFF PL,,,,35,25,26,,,N,,212
2018134018-15790,MONMOUTH,RED BANK BORO,08/30/2018,TH,1205,01,RED BANK PD,RED BANK,0,0,0,0,P,B,N,N,06,2,N PROSPECT AVE,N,,,,,07,,01,04,02,01,01,01,,00,,,,,,,,25,,26,,,N,,214
2018134018-15796,MONMOUTH,RED BANK BORO,08/29/2018,WE,1358,01,RED BANK PD,,0,0,0,0,P,B,N,N,08,2,ENGLISH PLAZA **,,,,13401063__,,07,,01,04,02,01,01,01,,,,,,,,,,,,28,,,N,,212
2018134018-15797,MONMOUTH,RED BANK BORO,08/29/2018,WE,1449,01,RED BANK PD,,0,3,0,0,I,I,N,N,01,4,NJ 35,,35,,00000035__,33.41,02,,01,04,02,01,01,01,04,01,,AT,,WAVERLY PL,,,,,,26,,,N,,
2018134018-15800,MONMOUTH,RED BANK BORO,08/29/2018,WE,1632,01,RED BANK PD,,0,0,0,0,P,B,N,N,01,2,ROUTE 520,W,520,,00000520__,16.81,05,,01,04,02,01,01,01,,,5,FE,E,NJ 35 / BROAD ST,,,,35,30,26,,,N,,205
2018134018-15813,MONMOUTH,RED BANK BORO,08/29/2018,WE,2144,01,RED BANK PD,RED BANK,0,0,0,0,P,B,N,N,02,2,MONMOUTH COUNTY 13,N,13,,13000013__,2.31,05,,01,04,02,01,06,01,05,01,10,FE,S,RIVER ST,,,,,,26,,,N,,211
2018134018-15834,MONMOUTH,RED BANK BORO,08/30/2018,TH,0747,01,RED BANK PD,RED BANK,0,0,0,0,P,B,N,N,01,2,WHITE ST **,E,,,13401059__,.21,07,,01,06,02,01,01,01,,,30,FE,W,NJ 35 / MAPLE AVE,,,,25,30,26,,,N,,203
2018134018-15844,MONMOUTH,RED BANK BORO,08/30/2018,TH,1240,01,RED BANK PD,,0,0,0,0,P,B,N,N,01,2,NJ 35,E,35,,00000035__,33.80,02,,01,04,02,01,01,01,05,,200,FE,W,CR 10 / MAPLE AVE / W FRONT,,,,30,,26,,,N,,215
2018134018-15903,MONMOUTH,RED BANK BORO,08/31/2018,FR,0908,01,RED BANK PD,,0,0,0,0,P,B,N,N,11,2,WHITE STREET LOT,,,,,,09,,01,04,02,02,01,05,05,01,,,,,,,,,,54,,,N,PARKING SIGN  METAL POST,212
2018134018-15911,MONMOUTH,RED BANK BORO,08/31/2018,FR,1108,01,RED BANK PD,,0,0,0,0,P,I,N,N,03,2,NJ 35,S,35,,00000035__,33.66,02,,01,04,02,01,01,05,05,01,,AT,,OAKLAND ST,,,,,,26,,,N,,221
2018134018-15986,MONMOUTH,RED BANK BORO,09/01/2018,SA,1228,01,RED BANK PD,,0,0,0,0,P,B,N,N,08,2,CEDAR CROSSING,S,,,,,07,,01,04,02,01,01,01,05,01,,,,,,,,25,,26,,,N,,207
2018134018-15993,MONMOUTH,RED BANK BORO,09/01/2018,SA,1607,01,RED BANK PD,,0,0,0,0,P,B,N,N,08,2,PETERS PL **,E,,,13401005__,.07,07,,01,04,02,01,01,01,,,75,FE,E,DRUMMOND ST,,,,25,30,26,,,N,,205
2018134018-16046,MONMOUTH,RED BANK BORO,09/02/2018,SU,1827,01,RED BANK PD,,0,0,0,0,P,B,N,N,06,2,MANOR DRIVE,S,,,,,07,,01,04,02,01,01,01,05,,,,,,,,,25,,26,,,N,,222
2018134018-16055,MONMOUTH,RED BANK BORO,09/02/2018,SU,2058,01,RED BANK PD,,0,0,0,0,P,B,N,N,06,2,BANK ST **,W,,,13401034__,,07,,01,04,02,01,06,01,05,,,,,,,,,25,,26,,,N,,364
2018134018-16056,MONMOUTH,RED BANK BORO,09/02/2018,SU,2105,01,RED BANK PD,,0,0,0,0,P,B,N,N,06,2,MONMOUTH ST,W,,,13401057__,.46,07,,01,04,02,01,06,01,05,,50,FE,E,DRUMMOND PL EXT / DRUMMOND PL,,,,30,,28,,,N,,200
2018134018-16080,MONMOUTH,RED BANK BORO,09/03/2018,MO,1025,01,RED BANK PD,,0,0,0,0,P,B,N,N,08,2,WHITE ST LOT,W,,,,,09,,01,04,02,01,01,01,05,,50,FE,S,WHITE ST,,,,,,26,,,N,,215
2018134018-16121,MONMOUTH,RED BANK BORO,09/06/2018,TH,2125,01,RED BANK PD,,0,0,0,0,P,I,N,N,12,1,SPRING ST **,N,,,13231042__,.38,07,,01,04,02,01,07,01,05,,,AT,,HIGHLAND AVE,,,,25,25,24,,,N,,200
2018134018-16123,MONMOUTH,RED BANK BORO,09/04/2018,TU,0749,01,RED BANK PD,,0,1,0,1,I,B,N,N,13,1,CHESTNUT AVE **,,,,13401007__,.21,07,,01,04,02,01,01,01,05,01,15,FE,W,WEST ST,,,,25,25,26,,,N,,212
2018134018-16124,MONMOUTH,RED BANK BORO,09/04/2018,TU,0754,01,RED BANK PD,,0,0,0,0,P,B,N,N,01,2,ROUTE 520,W,520,,00000520__,16.21,05,,01,04,02,01,01,01,05,01,20,FE,W,CR 13 / SHREWSBURY AVE,,,,35,,26,,,N,,215
2018134018-16181,MONMOUTH,RED BANK BORO,09/05/2018,WE,0750,01,RED BANK PD,,0,1,0,0,I,B,N,N,08,2,HUDSON AVE **,,,,13401096__,.15,07,,01,04,02,01,01,01,05,01,20,FE,S,NJ 34 / BRANCH AVE / HARDING AVE,,,,25,30,26,,,N,,212
2018134018-16254,MONMOUTH,RED BANK BORO,09/06/2018,TH,1715,01,RED BANK PD,RED BANK,0,0,0,0,P,I,N,N,01,2,E BERGEN PL,W,,,13401113__,.42,07,,01,04,02,01,01,01,02,,,AT,,NJ 35 / MAPLE AVE,,,,25,,,,,N,,226
2018134018-16265,MONMOUTH,RED BANK BORO,09/06/2018,TH,2157,01,RED BANK PD,RED BANK,0,0,0,0,P,B,N,N,05,2,S PEARL ST **,N,,,13401033__,.00,07,,01,04,02,01,05,01,05,,,,,,,,,25,,26,,,N,,204
2018134018-16267,MONMOUTH,RED BANK BORO,09/06/2018,TH,2316,01,RED BANK PD,RED BANK,0,0,0,0,P,I,N,N,04,2,MONMOUTH COUNTY 10,W,10,,13000010__,.27,05,,01,06,02,01,06,01,04,,,AT,,CR 13 / RECTOR PL / SHREWSBURY AVE,,,,30,30,26,,,N,,204
2018134018-16278,MONMOUTH,RED BANK BORO,09/07/2018,FR,0919,01,RED BANK PD,RED BANK,0,2,0,0,I,B,Y,N,04,2,ROUTE 520,W,520,,00000520__,16.53,05,,01,04,02,01,01,05,05,01,150,FE,W,HENRY ST,,,,35,25,26,,,N,,203
2018134018-16284,MONMOUTH,RED BANK BORO,09/07/2018,FR,1118,01,RED BANK PD,,0,0,0,0,P,I,N,N,01,2,RECKLESS PL,W,,,13401004__,.19,07,,01,04,01,01,01,01,04,,,AT,,NJ 35 / MAPLE AVE,,,,25,,26,,,N,,392
2018134018-16295,MONMOUTH,RED BANK BORO,09/07/2018,FR,1633,01,RED BANK PD,,0,0,0,0,P,B,N,N,06,2,CHESTNUT AVE **,W,,,13401007__,.24,07,,01,04,02,01,01,01,,,150,FE,E,WEST ST,,,,25,25,28,,,N,,205
2018134018-16331,MONMOUTH,RED BANK BORO,09/08/2018,SA,0552,01,RED BANK PD,,0,0,0,0,P,B,N,N,06,2,MONMOUTH COUNTY 11 I,,11,1,130000111_,.01,05,,01,04,02,02,02,02,,01,150,FE,S,WIKOFF PL,,,,30,25,28,,,N,,228
2018134018-16339,MONMOUTH,RED BANK BORO,09/08/2018,SA,1125,01,RED BANK PD,,0,0,0,0,P,B,N,N,11,1,ROUTE 520,W,520,,00000520__,15.62,05,,01,05,02,02,01,02,,,25,FE,W,MUNSON PL,,,,40,25,46,,,N,GUARD RAIL LEFT  GUARD RAIL RIGHT  SPEED LIMIT SIGN,205
2018134018-16395,MONMOUTH,RED BANK BORO,09/09/2018,SU,0955,01,RED BANK PD,RED BANK,0,0,0,0,P,B,N,N,01,2,MONMOUTH COUNTY 13,S,13,,13000013__,2.43,05,,01,04,02,02,01,02,05,,25,FE,N,LEONARD ST,,,,30,25,26,,,N,,214
2018134018-16406,MONMOUTH,RED BANK BORO,09/09/2018,SU,2003,01,RED BANK PD,,0,1,0,0,I,B,Y,N,06,3,MONMOUTH COUNTY 10,,10,,13000010__,.42,05,,01,04,02,02,06,02,,01,75,FE,E,MORFORD PL,,,,30,25,26,,,N,MINOR DAMAGE TO 188 W FRONT ST,
2018134018-16423,MONMOUTH,RED BANK BORO,09/10/2018,MO,0742,01,RED BANK PD,,0,0,0,0,P,I,N,N,03,2,MONMOUTH COUNTY 13,S,13,,13000013__,2.58,05,,01,04,02,02,01,02,04,,,AT,,LOCUST AVE,,,,,,26,,,N,,230
2018134018-16430,MONMOUTH,RED BANK BORO,09/10/2018,MO,1004,01,RED BANK PD,,0,0,0,0,P,I,N,N,05,2,MONMOUTH ST,,,,13401057__,.38,07,,01,04,02,02,01,02,04,,,AT,,NJ 35 / MAPLE AVE,,,,,,26,,,N,,230
2018134018-16470,MONMOUTH,RED BANK BORO,09/11/2018,TU,0817,01,RED BANK PD,,0,0,0,0,P,B,N,N,01,2,MONMOUTH COUNTY 34,W,34,,13000034__,.00,05,,01,04,02,02,01,05,,,10,FE,E,CR 11 / BROAD ST,,,,25,25,26,,,N,,205
2018134018-16487,MONMOUTH,RED BANK BORO,09/11/2018,TU,1128,01,RED BANK PD,,0,0,0,0,P,B,N,N,06,2,PROSPECT AVE,S,,,,,07,,01,06,02,02,01,02,,,100,FE,S,MCLAREN ST,,,,25,25,28,,,N,,205
2018134018-16509,MONMOUTH,RED BANK BORO,09/11/2018,TU,1725,01,RED BANK PD,,0,0,0,0,P,I,N,N,02,2,NJ 35,S,35,,00000035__,33.84,02,,01,04,02,01,01,05,04,,,AT,,CR 10 / MAPLE AVE / W FRONT,,,,35,,26,,,N,,230
2018134018-16510,MONMOUTH,RED BANK BORO,09/11/2018,TU,1737,01,RED BANK PD,RED BANK,0,0,0,0,P,I,N,N,01,4,MONMOUTH COUNTY 10,W,10,,13000010__,.27,05,,01,05,02,02,01,02,,,,AT,,CR 13 / RECTOR PL / SHREWSBURY AVE,,,,30,25,26,,,N,,
2018134018-16523,MONMOUTH,RED BANK BORO,09/11/2018,TU,2229,01,RED BANK PD,RED BANK,0,1,0,0,I,B,N,N,14,1,NJ 35,N,35,,00000035__,33.19,02,,01,04,02,02,06,02,05,,100,FE,S,BERGEN PL,,,,30,25,21,,,N,,204
2018134018-16558,MONMOUTH,RED BANK BORO,09/12/2018,WE,1633,01,RED BANK PD,,0,0,0,0,P,B,N,N,01,2,MONMOUTH COUNTY 13,N,13,,13000013__,2.56,05,,01,04,02,02,01,02,05,01,10,FE,S,CHESTNUT ST,,,,30,,26,,,N,,215
2018134018-16589,MONMOUTH,RED BANK BORO,09/13/2018,TH,0801,01,RED BANK PD,,0,0,0,0,P,B,N,N,02,2,MONMOUTH COUNTY 11 I,S,11,1,130000111_,.00,05,,01,04,02,02,01,02,,,25,FE,S,ROUTE 520 / PINCKNEY RD,,,,30,35,26,,,N,,205
2018134018-16679,MONMOUTH,RED BANK BORO,09/14/2018,FR,1627,01,RED BANK PD,,0,1,0,0,I,B,N,N,01,2,ROUTE 520,,520,,00000520__,16.21,05,,01,04,02,01,01,01,05,01,15,FE,W,CR 13 / SHREWSBURY AVE,,,,40,30,26,,,N,,212
2018134018-16688,MONMOUTH,RED BANK BORO,09/14/2018,FR,1951,01,RED BANK PD,,0,0,0,0,P,I,N,N,03,2,MONMOUTH COUNTY 11 I,,11,1,130000111_,.29,05,,01,04,02,01,07,01,05,01,,AT,,IRVING PL,,,,30,25,26,,,N,,212
2018134018-16698,MONMOUTH,RED BANK BORO,09/14/2018,FR,2159,01,RED BANK PD,,0,0,0,0,P,I,N,N,01,2,NJ 35,N,35,,00000035__,33.21,02,,01,04,02,01,06,01,,,,AT,,BERGEN PL,,,,30,25,26,,,N,,223
2018134018-16719,MONMOUTH,RED BANK BORO,09/15/2018,SA,0218,01,RED BANK PD,,0,0,0,0,P,B,Y,N,06,2,MCLAREN ST **,E,,,13401091__,,07,,02,04,02,01,06,01,,,,,,,,,,25,,26,,,N,UTILITY POLE,223
2018134018-16740,MONMOUTH,RED BANK BORO,09/15/2018,SA,1625,01,RED BANK PD,,0,0,0,0,P,I,Y,N,01,2,MONMOUTH COUNTY 11 I,S,11,1,130000111_,.73,05,,01,04,02,01,01,01,04,,,AT,N,WHITE ST,,,,25,25,26,,,N,,222
2018134018-16762,MONMOUTH,RED BANK BORO,09/15/2018,SA,2357,01,RED BANK PD,,0,0,0,0,P,I,Y,N,05,2,MONMOUTH COUNTY 11 II,S,11,2,130000112_,2.82,07,,01,04,02,01,06,01,,,,AT,,MADISON AVE,,,,25,25,26,,,N,,223
2018134018-16943,MONMOUTH,RED BANK BORO,09/19/2018,WE,2004,01,RED BANK PD,,0,0,0,0,P,B,N,N,01,2,MONMOUTH COUNTY 10,W,10,,13000010__,.55,05,,01,04,02,01,06,01,04,,500,FE,W,NJ 35 / MAPLE AVE,,,,,,26,,,N,,230
2018134018-16973,MONMOUTH,RED BANK BORO,09/20/2018,TH,0914,01,RED BANK PD,,0,0,0,0,P,B,N,N,01,2,MONMOUTH COUNTY 13,N,13,,13000013__,2.86,05,,01,04,02,01,01,01,,,20,FE,S,CR 10 / W FRONT ST,,,,30,,26,,,N,,223
2018134018-16999,MONMOUTH,RED BANK BORO,09/20/2018,TH,1722,01,RED BANK PD,,0,0,0,0,P,I,N,N,05,2,CHESTNUT AVE **,,,,13401007__,.21,07,,01,04,02,01,01,01,05,01,,AT,,WEST ST,,,,25,25,26,,,N,,378
2018134018-17058,MONMOUTH,RED BANK BORO,09/21/2018,FR,2038,01,RED BANK PD,,0,0,0,0,P,I,N,N,03,2,MONMOUTH ST,W,,,13401057__,.29,07,,01,04,02,01,06,01,05,01,,AT,,PEARL ST,,,,25,,26,,,N,,378
2018134018-17085,MONMOUTH,RED BANK BORO,09/22/2018,SA,1218,01,RED BANK PD,RED BANK,0,0,0,0,P,B,N,N,01,2,ROUTE 520,W,520,,00000520__,16.28,05,,01,04,02,01,01,01,05,01,120,FE,W,S BRIDGE AVE,,,,,,26,,,N,,211
2018134018-17089,MONMOUTH,RED BANK BORO,09/22/2018,SA,1353,01,RED BANK PD,,0,0,0,0,P,B,N,N,02,2,NJ 35,S,35,,00000035__,34.19,02,,01,06,02,01,01,01,04,01,200,FE,N,RIVERSIDE AVE,,,,30,30,26,,,N,,228
2018134018-17101,MONMOUTH,RED BANK BORO,09/22/2018,SA,1916,01,RED BANK PD,,0,0,0,0,P,I,N,N,06,2,MECHANIC ST **,,,,13401092__,.64,07,,01,04,02,01,06,01,05,01,,AT,,GLOBE CT,,,,25,,28,,,N,,378
2018134018-17248,MONMOUTH,RED BANK BORO,09/25/2018,TU,1718,01,RED BANK PD,,0,0,0,0,P,B,N,N,06,2,MONMOUTH COUNTY 11 I,S,11,1,130000111_,.73,05,,01,04,02,02,01,02,,,25,FE,N,WHITE ST,,,,25,25,28,,,N,,205
2018134018-17265,MONMOUTH,RED BANK BORO,09/26/2018,WE,0914,01,RED BANK PD,,0,3,0,0,I,I,N,N,04,3,MONMOUTH COUNTY 10,,10,,13000010__,.27,05,,01,04,02,02,01,01,05,01,,AT,,CR 13 / RECTOR PL / SHREWSBURY AVE,,,,30,25,26,,,N,,
2018134018-17290,MONMOUTH,RED BANK BORO,09/26/2018,WE,1546,01,RED BANK PD,,0,0,0,0,P,I,N,N,03,2,MONMOUTH ST,,,,13401057__,.18,07,,01,04,02,01,01,01,05,01,,AT,,WEST ST,,,,25,25,26,,,N,,228
2018134018-17319,MONMOUTH,RED BANK BORO,09/27/2018,TH,0648,01,RED BANK PD,,0,1,0,0,I,B,N,N,03,2,N BRIDGE AVE,,,,,,07,,01,04,02,01,02,01,05,01,150,FE,N,CR 10,,,,25,30,26,,,N,,228
2018134018-17390,MONMOUTH,RED BANK BORO,09/28/2018,FR,1358,01,RED BANK PD,,0,0,0,0,P,B,N,N,11,1,MONMOUTH COUNTY 13,,13,,13000013__,2.53,05,,01,04,02,01,01,05,05,01,30,FE,N,HERBERT ST,,,,30,25,53,,,N,MUNICIPAL LAMP POST ON SIDEWALK,212
2018134018-17400,MONMOUTH,RED BANK BORO,09/28/2018,FR,1513,01,RED BANK PD,,0,0,0,0,P,B,N,N,06,2,WALLACE ST **,,,,13401090__,.08,07,,01,04,02,01,01,05,,01,400,FE,E,BROAD ST,,,,25,25,28,,,N,,212
2018134018-17442,MONMOUTH,RED BANK BORO,09/29/2018,SA,1200,01,RED BANK PD,,0,0,0,0,P,B,N,N,06,2,185 MONMOUTH ST,,,,,,10,,01,04,02,01,01,01,,,,,,(RB TRAIN STATION PARKING LOT),,,,,,26,,,N,,364
2018134018-17549,MONMOUTH,RED BANK BORO,10/01/2018,MO,1520,01,RED BANK PD,RED BANK PD,0,0,0,0,P,I,N,N,01,2,MONMOUTH COUNTY 34,W,34,,13000034__,.09,05,,01,04,02,01,01,01,,,,AT,,BRANCH AVE / HUDSON AVE,,,,25,25,,,,N,,219
2018134018-17552,MONMOUTH,RED BANK BORO,10/01/2018,MO,1629,01,RED BANK PD,RED BANK PD,0,0,0,0,P,B,N,N,02,2,NJ 35,S,35,,00000035__,32.87,02,,03,04,02,01,01,01,,,,,,,,,,30,,,,,N,,219
2018134018-17713,MONMOUTH,RED BANK BORO,10/04/2018,TH,1315,01,RED BANK PD,,0,0,0,0,P,B,N,N,06,2,MONMOUTH COUNTY 13,,13,,13000013__,2.16,05,,01,04,02,01,01,01,05,01,200,FE,S,W BERGEN PL,,,,30,25,28,,,N,,218
2018134018-17748,MONMOUTH,RED BANK BORO,10/05/2018,FR,1018,01,RED BANK PD,,0,0,0,0,P,B,N,N,11,1,MONMOUTH COUNTY 10,,10,,13000010__,.25,05,,01,06,02,01,01,01,00,01,120,FE,W,CR 13 / RECTOR PL / SHREWSBURY AVE,,,,30,30,42,,,N,,228
2018134018-17781,MONMOUTH,RED BANK BORO,10/05/2018,FR,1917,01,RED BANK PD,,0,0,0,0,P,B,N,N,06,2,S PEARL ST **,S,,,13401033__,.00,07,,01,04,02,01,06,01,,,,,,,,,,25,,26,,,N,,364
2018134018-178082,MONMOUTH,RED BANK BORO,09/22/2018,SA,1108,01,RED BANK PD,,0,0,0,0,P,B,N,N,02,2,MONMOUTH COUNTY 11 II,S,11,2,130000112_,3.15,07,,01,04,02,01,01,01,04,01,25,FE,S,TOWERHILL AVE,,,,30,25,26,,,N,,198
2018134018-17858,MONMOUTH,RED BANK BORO,10/07/2018,SU,1633,01,RED BANK PD,RED BANK,0,0,0,0,P,I,N,N,01,2,E BERGEN PL,,,,13401113__,.00,07,,01,04,02,01,01,01,,,,AT,,CR 13 / SCHREWSBURY AVE,,,,25,30,,,,N,,219
2018134018-17913,MONMOUTH,RED BANK BORO,10/08/2018,MO,1735,01,RED BANK PD,,0,1,0,0,I,I,N,N,01,2,MONMOUTH COUNTY 13,N,13,,13000013__,2.20,05,,01,04,01,02,03,02,04,01,,AT,,,,,,35,,26,,,N,,392
2018134018-17915,MONMOUTH,RED BANK BORO,10/08/2018,MO,1910,01,RED BANK PD,,0,0,0,0,P,B,N,N,01,2,CHESTNUT AVE **,E,,,13401007__,.19,07,,01,04,02,01,03,01,04,,100,FE,W,WEST ST,,,,,,26,,,N,,230
2018134018-17966,MONMOUTH,RED BANK BORO,10/09/2018,TU,2206,01,RED BANK PD,RED BANK POLICE,0,1,0,0,I,I,N,N,01,2,MONMOUTH COUNTY 10,W,10,,13000010__,.61,05,,01,04,01,01,07,01,02,,,AT,,NJ 35 / RIVERSIDE AVE,,,,25,30,,,,N,,226
2018134018-17992,MONMOUTH,RED BANK BORO,10/10/2018,WE,1227,01,RED BANK PD,,0,0,0,0,P,B,N,N,03,3,N BRIDGE AVE,,,,,,07,,01,04,02,01,01,01,,01,150,FE,N,CR 10,,,,25,30,26,,,N,,
2018134018-18008,MONMOUTH,RED BANK BORO,10/10/2018,WE,1605,01,RED BANK PD,,0,1,0,0,I,I,N,N,03,2,OAKLAND ST **,,,,13401046__,.09,07,,01,04,02,01,01,01,05,01,,AT,,PEARL ST,,,,25,25,26,,,N,,212
2018134018-18038,MONMOUTH,RED BANK BORO,10/11/2018,TH,0914,01,RED BANK PD,,0,0,0,0,P,B,N,N,11,1,MONMOUTH COUNTY 10,,10,,13000010__,.25,05,,01,06,02,01,01,01,05,01,100,FE,W,CR 13 / RECTOR PL / SHREWSBURY AVE,,,,30,30,42,,,N,,228
2018134018-18081,MONMOUTH,RED BANK BORO,10/11/2018,TH,1902,01,RED BANK PD,,0,0,0,0,P,B,N,N,02,2,MONMOUTH COUNTY 13,,13,,13000013__,2.84,05,,01,05,02,02,06,02,05,01,100,FE,S,CR 10 / W FRONT ST,,,,30,30,26,,,N,,212