Year(4)-CountyCode(2)-MunicipalityCode(2)-CaseNumber(9),County Name,Municipality Name,Crash Date,Crash Day of Week,Crash Time,Police Department Code,Police Department,Police Station,Total Killed,Total Injured,Pedestrians Killed,Pedestrians Injured,Severity,Intersection,Alcohol Involved,Hazmat Involved,Crash Type,Total Vehicles,Location,Location Direction,Route,Route Suffix,Std Rte Identifier,MilePost,Road System,Road Character,Road Horizontal Alignment,Road Grade,Road Surface Type,Surface Condition,Light Condition,Environmental Condition,Road Divided By,Temporary Traffic Control Zone,Distance To Cross Street,Unit Of Measurement,Direction From Cross Street,Cross Street Name,Is Ramp,Ramp To/From Route Name,Ramp To/From Route Direction,Posted Speed,Posted Speed Cross Street,First Harmful Event,Latitude,Longitude,Cell Phone In Use Flag,Other Property Damage,Reporting Badge No.
2018134018-18082,MONMOUTH,RED BANK BORO,10/11/2018,TH,1924,01,RED BANK PD,RED BANK,0,1,0,1,I,I,N,N,13,1,MONMOUTH COUNTY 10,W,10,,13000010__,.88,05,,01,04,02,02,06,02,,01,,AT,,CR 11 / BROAD ST,,,,30,25,22,,,N,,203
2018134018-18118,MONMOUTH,RED BANK BORO,10/12/2018,FR,1246,01,RED BANK PD,,0,0,0,0,P,B,N,N,01,2,MONMOUTH COUNTY 11 I,S,11,1,130000111_,.14,05,,01,04,02,01,01,01,,,20,FE,N,BERGEN PL,,,,30,25,26,,,N,,205
2018134018-18121,MONMOUTH,RED BANK BORO,10/12/2018,FR,1334,01,RED BANK PD,,0,0,0,0,P,I,N,N,02,2,NJ 35,N,35,,00000035__,33.84,02,,01,04,02,01,01,01,,,,AT,,CR 10 / MAPLE AVE / W FRONT,,,,30,25,26,,,N,,205
2018134018-18123,MONMOUTH,RED BANK BORO,10/12/2018,FR,1357,01,RED BANK PD,,0,0,0,0,P,B,N,N,06,2,S BRIDGE AVE **,N,,,13401018__,.25,07,,01,04,02,01,01,01,04,,150,FE,S,MONMOUTH STREET,,,,25,,26,,,N,,230
2018134018-18148,MONMOUTH,RED BANK BORO,10/12/2018,FR,1905,01,RED BANK PD,,0,0,0,0,P,B,N,N,06,2,MONMOUTH COUNTY 11 I,,11,1,130000111_,.81,05,,01,04,02,01,06,01,05,01,100,FE,S,CR 10 / FRONT ST,,,,25,30,28,,,N,,212
2018134018-18173,MONMOUTH,RED BANK BORO,10/13/2018,SA,0845,01,RED BANK PD,,0,0,0,0,P,I,N,N,06,2,MONMOUTH COUNTY 10,W,10,,13000010__,.94,05,,01,04,02,01,00,01,05,,,AT,,GLOBE CT,,,,25,25,28,,,N,,200
2018134018-18183,MONMOUTH,RED BANK BORO,10/13/2018,SA,1130,01,RED BANK PD,,0,0,0,0,P,I,N,N,02,2,MONMOUTH COUNTY 10,E,10,,13000010__,1.32,05,,01,04,02,01,01,01,,,,AT,,N PROSPECT AVE / PROSPECT AVE,,,,25,25,26,,,N,,223
2018134018-18185,MONMOUTH,RED BANK BORO,10/13/2018,SA,1141,01,RED BANK PD,,0,0,0,0,P,I,N,N,01,2,NJ 35,,35,,00000035__,33.84,02,,01,04,02,02,01,01,05,,,AT,,CR 10 / MAPLE AVE / W FRONT,,,,30,30,26,,,N,,218
2018134018-18189,MONMOUTH,RED BANK BORO,10/13/2018,SA,1213,01,RED BANK PD,,0,0,0,0,P,B,N,N,03,2,MONMOUTH COUNTY 11 I,S,11,1,130000111_,.00,05,,01,04,02,01,01,01,,,,,,,,,,25,,26,,,N,,223
2018134018-18201,MONMOUTH,RED BANK BORO,10/13/2018,SA,1748,01,RED BANK PD,,0,0,0,0,P,B,N,N,08,2,LINDEN PL **,W,,,13401089__,.01,07,,01,04,02,01,01,01,05,,200,FE,W,WASHINGTON ST,,,,,,26,,,N,,230
2018134018-18357,MONMOUTH,RED BANK BORO,10/16/2018,TU,1546,01,RED BANK PD,RED BANK,0,1,0,0,I,I,N,N,01,3,MONMOUTH COUNTY 10,W,10,,13000010__,.88,05,,01,04,02,01,01,01,,,,AT,,CR 11 / BROAD ST,,,,30,25,26,,,N,,
2018134018-18407,MONMOUTH,RED BANK BORO,10/17/2018,WE,1315,01,RED BANK PD,,0,0,0,0,P,B,N,N,02,2,NJ 35,S,35,,00000035__,34.00,02,,01,04,02,01,01,01,,,25,FE,S,ALLEN PL,,,,30,25,26,,,N,,205
2018134018-18427,MONMOUTH,RED BANK BORO,10/17/2018,WE,1644,01,RED BANK PD,,0,0,0,0,P,B,N,N,08,2,WHITE ST **,E,,,13401059__,.06,07,,01,04,02,01,01,01,05,,,,,ENGLISH PLAZA,,,,25,,28,,,N,,200
2018134018-18451,MONMOUTH,RED BANK BORO,10/17/2018,WE,2123,01,RED BANK PD,,0,0,0,0,P,B,N,N,01,2,NJ 35,S,35,,00000035__,34.20,02,,01,04,01,01,,01,05,,,,,,,,,30,,26,,,N,,200
2018134018-18546,MONMOUTH,RED BANK BORO,10/19/2018,FR,1003,01,RED BANK PD,,0,0,0,0,P,B,N,N,01,2,ROUTE 520,S,520,,00000520__,16.88,05,,01,04,02,01,01,01,,,25,FE,N,GARFIELD PL,,,,30,25,26,,,N,,205
2018134018-18553,MONMOUTH,RED BANK BORO,10/19/2018,FR,1112,01,RED BANK PD,,0,0,0,0,P,B,N,N,01,2,MONMOUTH COUNTY 34,W,34,,13000034__,.01,05,,01,04,02,01,01,01,,,50,FE,E,CR 11 / BROAD ST,,,,25,30,26,,,N,,205
2018134018-18566,MONMOUTH,RED BANK BORO,10/19/2018,FR,1418,01,RED BANK PD,,0,0,0,0,P,B,N,N,05,2,MONMOUTH COUNTY 13,,13,,13000013__,2.69,05,,01,04,02,01,01,01,04,01,50,FE,S,MONMOUTH ST,,,,,,26,,,N,,220
2018134018-18612,MONMOUTH,RED BANK BORO,10/20/2018,SA,0807,01,RED BANK PD,RED BANK,0,0,0,0,P,B,N,N,08,2,WHITE ST **,S,,,13401059__,.07,07,,01,04,02,02,01,02,05,01,40,FE,E,ENGLISH PLZ,,,,25,15,26,,,N,,203
2018134018-18728,MONMOUTH,RED BANK BORO,10/22/2018,MO,1034,01,RED BANK PD,,0,0,0,0,P,B,N,N,06,2,171 BROAD ST,,,,,,10,,01,04,02,01,01,01,05,,,,,,,,,,,28,,,N,,200
2018134018-18867,MONMOUTH,RED BANK BORO,10/24/2018,WE,1115,01,RED BANK PD,,0,0,0,0,P,I,N,N,99,2,LEIGHTON AVE **,S,,,13401010__,.27,07,,01,04,02,01,01,01,05,,,AT,,RIVER ST,,,,25,25,26,,,N,,200
2018134018-18906,MONMOUTH,RED BANK BORO,10/24/2018,WE,2102,01,RED BANK PD,,0,0,0,0,P,B,N,N,06,2,MONMOUTH ST,W,,,13401057__,.46,07,,01,04,01,01,06,01,,,50,FE,E,DRUMMOND PL EXT / DRUMMOND PL,,,,25,25,28,,,N,,205
2018134018-19062,MONMOUTH,RED BANK BORO,10/27/2018,SA,1120,01,RED BANK PD,,0,0,0,0,P,B,N,N,03,2,WHITE ST **,,,,13401059__,.00,07,,01,04,01,02,01,02,,01,,,,,,,,25,,26,,,N,,392
2018134018-19068,MONMOUTH,RED BANK BORO,10/27/2018,SA,1325,01,RED BANK PD,RED BANK POLICE,0,0,0,0,P,I,N,N,03,2,SPRING ST **,N,,,13231042__,.13,07,,01,04,02,02,01,02,02,,,AT,,TOWER HILL AVENUE,,,,25,25,26,,,N,V1 WAS PUSHED INTO THE STOP SIGN AND ONTO THE CORNER PROPERTY OF 53 TOWER HILL A,226
2018134018-19070,MONMOUTH,RED BANK BORO,10/27/2018,SA,1413,01,RED BANK PD,,0,0,0,0,P,I,N,N,03,2,MECHANIC ST **,,,,13401092__,.64,07,,01,04,01,02,01,02,,01,,AT,,GLOBE CT,,,,25,,26,,,N,,392
2018134018-19072,MONMOUTH,RED BANK BORO,10/27/2018,SA,1453,01,RED BANK PD,,0,0,0,0,P,B,N,N,03,2,NJ 35,N,35,,00000035__,32.87,02,,01,04,02,02,01,02,04,,,,,,,,,35,,26,,,N,,230
2018134018-19112,MONMOUTH,RED BANK BORO,10/28/2018,SU,0145,01,RED BANK PD,,0,0,0,0,P,B,N,N,08,2,MONMOUTH COUNTY 10,,10,,13000010__,.88,05,,01,04,02,02,06,02,05,01,15,FE,W,CR 11 / BROAD ST,,,,30,25,26,,,N,,212
2018134018-19249,MONMOUTH,RED BANK BORO,10/30/2018,TU,2021,01,RED BANK PD,,0,1,0,1,I,I,N,N,13,1,BRIDGE AVE,,,,,,07,,01,04,02,01,07,01,05,01,,AT,,CATHERINE ST,,,,25,25,22,,,N,,228
2018134018-19263,MONMOUTH,RED BANK BORO,10/31/2018,WE,0709,01,RED BANK PD,,0,0,0,0,P,B,N,N,06,2,LEIGHTON AVE **,S,,,13401010__,.67,07,,01,04,02,01,01,01,05,01,35,FE,N,ROUTE 520 / NEWMAN SPRINGS RD,,,,25,40,26,,,N,,207
2018134018-19272,MONMOUTH,RED BANK BORO,10/31/2018,WE,1212,01,RED BANK PD,,0,0,0,0,P,I,N,N,06,2,MRFORD PL **,N,,,13401117__,.09,07,,01,04,02,01,01,01,05,,,AT,,ALLAN PL,,,,,,26,,,N,,230
2018134018-19341,MONMOUTH,RED BANK BORO,11/01/2018,TH,1840,01,RED BANK PD,,0,1,0,0,I,B,N,N,01,2,ROUTE 520,W,520,,00000520__,15.94,05,,01,04,02,01,06,01,,,30,FE,E,CARMEN PL,,,,40,25,26,,,N,,205
2018134018-19376,MONMOUTH,RED BANK BORO,11/02/2018,FR,1042,01,RED BANK PD,RED BANK,0,0,0,0,P,I,N,N,01,2,MONMOUTH COUNTY 13,S,13,,13000013__,1.92,05,,01,04,02,01,01,05,05,,,AT,N,ROUTE 520 / NEWMAN SPRINGS RD,,,,30,40,26,,,N,,214
2018134018-19417,MONMOUTH,RED BANK BORO,11/02/2018,FR,1910,01,RED BANK PD,,0,0,0,0,P,B,N,N,01,2,MONMOUTH COUNTY 13,N,13,,13000013__,2.56,05,,01,04,02,02,06,02,,,15,FE,S,CHESTNUT ST,,,,30,25,26,,,N,,205
2018134018-19445,MONMOUTH,RED BANK BORO,11/03/2018,SA,0934,01,RED BANK PD,RED BANK,0,1,0,0,I,I,N,N,03,2,E BERGEN PL,E,,,13401113__,.15,07,,01,04,02,02,01,01,05,01,,AT,,WILLOW ST,,,,25,25,26,,,N,,203
2018134018-19504,MONMOUTH,RED BANK BORO,11/04/2018,SU,0103,01,RED BANK PD,,0,0,0,0,P,B,Y,N,01,2,NJ 35,S,35,,00000035__,34.20,02,,01,06,02,01,07,01,04,01,50,FE,N,CR 13 / BRIDGE AVE / RECTOR PL,,,,30,25,26,,,N,,228
2018134018-19551,MONMOUTH,RED BANK BORO,11/05/2018,MO,1117,01,RED BANK PD,,0,1,0,0,I,I,N,N,01,2,E BERGEN PL,E,,,13401113__,.07,07,,01,04,02,02,01,02,,,,AT,E,BRIDGE AVE,,,,,,26,,,N,,230
2018134018-19564,MONMOUTH,RED BANK BORO,11/05/2018,MO,1410,01,RED BANK PD,,0,0,0,0,P,I,N,N,06,2,MONMOUTH COUNTY 10,W,10,,13000010__,.34,05,,01,04,02,02,01,02,04,,,AT,,BRIDGE AVE,,,,,,26,,,N,,230
2018134018-19576,MONMOUTH,RED BANK BORO,11/05/2018,MO,1719,01,RED BANK PD,RED BANK POLICE,0,0,0,0,P,I,N,N,01,2,NJ 35,N,35,,00000035__,33.79,02,,01,04,02,02,03,02,02,,,AT,,WHITE ST,,,,30,25,26,,,N,,226
2018134018-19582,MONMOUTH,RED BANK BORO,11/05/2018,MO,1930,01,RED BANK PD,,0,0,0,0,P,I,N,N,01,2,SPRING ST **,S,,,13231042__,.50,07,,01,04,02,01,06,01,,,,AT,,CR 34 / HARDING RD,,,,25,25,26,,,N,,223
2018134018-19602,MONMOUTH,RED BANK BORO,11/06/2018,TU,0815,01,RED BANK PD,,0,0,0,0,P,B,N,N,02,2,MONMOUTH COUNTY 10,E,10,,13000010__,.27,05,,01,06,02,01,01,02,,,15,FE,W,CR 13 / RECTOR PL / SHREWSBURY AVE,,,,30,30,26,,,N,,205
2018134018-19607,MONMOUTH,RED BANK BORO,11/06/2018,TU,0948,01,RED BANK PD,,0,0,0,0,P,I,N,N,99,2,MONMOUTH COUNTY 11 I,S,11,1,130000111_,.00,05,,01,04,02,02,01,02,05,,,AT,,ROUTE 520 / PINCKNEY RD,,,,,,26,,,N,,200
2018134018-19613,MONMOUTH,RED BANK BORO,11/06/2018,TU,1246,01,RED BANK PD,,0,0,0,0,P,I,N,N,02,2,NJ 35,N,35,,00000035__,32.91,02,,01,04,02,02,01,02,,,,AT,,CR 11 / ROUTE 520 / BROAD ST / RUMS,,,,30,30,26,,,N,,205
2018134018-19618,MONMOUTH,RED BANK BORO,11/06/2018,TU,1419,01,RED BANK PD,,0,0,0,0,P,I,N,N,02,2,NJ 35,S,35,,00000035__,33.54,02,,01,04,02,02,01,02,,,,AT,,RECKLESS PL,,,,30,25,26,,,N,,205
2018134018-19643,MONMOUTH,RED BANK BORO,11/07/2018,WE,0820,01,RED BANK PD,,0,0,0,0,P,B,N,N,03,2,WILLIAM ST **,N,,,13401087__,.09,07,,01,05,02,01,01,01,,,25,FE,S,MCLAREN ST,,,,25,25,26,,,N,,205
2018134018-19720,MONMOUTH,RED BANK BORO,11/08/2018,TH,1328,01,RED BANK PD,,0,0,0,0,P,B,N,N,08,2,E BERGEN PL,,,,13401113__,.98,07,,01,04,02,01,01,01,05,02,,,,,,,,,,26,,,N,,230
2018134018-19734,MONMOUTH,RED BANK BORO,11/08/2018,TH,1656,01,RED BANK PD,,0,0,0,0,P,B,N,N,01,2,ROUTE 520,W,520,,00000520__,16.15,05,,01,04,02,01,01,01,05,01,50,FE,E,CLINTON PL,,,,40,,26,,,N,,215
2018134018-19747,MONMOUTH,RED BANK BORO,11/08/2018,TH,2055,01,RED BANK PD,,0,1,0,0,I,B,N,N,99,2,NJ 35,,35,,00000035__,34.16,02,,03,04,02,01,07,01,05,,,,,,,,,,,99,,,N,,200
2018134018-19884,MONMOUTH,RED BANK BORO,11/11/2018,SU,1003,01,RED BANK PD,,0,0,0,0,P,I,N,N,06,2,SPRING ST **,E,,,13231042__,.65,07,,01,04,02,01,01,01,05,,,AT,,MCLAREN ST,,,,,,28,,,N,,230
2018134018-19941,MONMOUTH,RED BANK BORO,11/12/2018,MO,1724,01,RED BANK PD,,0,0,0,0,P,B,N,N,06,2,ENGLISH PLAZA,N,,,,,07,,01,04,02,01,06,01,05,01,5,FE,S,W. FRONT STREET,,,,,,26,,,N,,215
2018134018-19969,MONMOUTH,RED BANK BORO,11/13/2018,TU,0130,01,RED BANK PD,,0,0,0,0,P,I,N,N,11,1,CENTRAL AVE,W,,,,,07,,01,04,02,02,07,02,,,,AT,,MOHAWK LN,,,,25,25,54,,,N,STEEL & CONCRETE POST AND FENCE AT DRIVEWAY ENTRANCE,205
2018134018-20019,MONMOUTH,RED BANK BORO,11/14/2018,WE,0833,01,RED BANK PD,,0,0,0,0,P,B,N,N,01,2,MONMOUTH COUNTY 10,,10,,13000010__,.27,05,,01,05,02,01,01,01,,,20,FE,W,CR 13 / RECTOR PL / SHREWSBURY AVE,,,,25,30,26,,,N,,218
2018134018-20054,MONMOUTH,RED BANK BORO,11/14/2018,WE,1757,01,RED BANK PD,,0,0,0,0,P,B,N,N,06,2,MONMOUTH ST,W,,,13401057__,.00,07,,01,04,02,01,07,01,05,,,,,,,,,25,,28,,,N,,222
2018134018-20056,MONMOUTH,RED BANK BORO,11/14/2018,WE,1907,01,RED BANK PD,RED BANK POLICE,0,3,0,0,I,B,N,N,03,2,BRIDGE AVE,E,,,,,07,,01,04,02,01,06,01,02,,,,,CHESTNUT STREET,,,,25,25,,,,N,,226
2018134018-20086,MONMOUTH,RED BANK BORO,11/15/2018,TH,1221,01,RED BANK PD,RED BANK,0,0,0,0,P,B,N,N,02,2,MONMOUTH COUNTY 11 I,N,11,1,130000111_,.00,05,,01,04,02,02,01,03,05,01,,,,,,,,30,,26,,,N,,204
2018134018-20098,MONMOUTH,RED BANK BORO,11/15/2018,TH,1508,01,RED BANK PD,,0,0,0,0,P,I,N,N,03,2,SPRING ST **,S,,,13231042__,.13,07,,01,06,02,03,01,03,05,,,AT,,TOWER HILL AVE,,,,25,25,26,,,N,,200
2018134018-20108,MONMOUTH,RED BANK BORO,11/15/2018,TH,1735,01,RED BANK PD,,0,0,0,0,P,I,N,N,03,2,S BRIDGE AVE **,,,,13401018__,.00,07,,01,04,02,03,06,02,,,,AT,,CHESTNUT ST,,,,25,25,26,,,N,,364
2018134018-20145,MONMOUTH,RED BANK BORO,11/16/2018,FR,1257,01,RED BANK PD,RED BANK PD,0,0,0,0,P,B,N,N,02,2,ROUTE 520,W,520,,00000520__,15.55,05,,01,04,02,01,01,01,,,,,,,,,,40,,,,,N,,219
2018134018-20191,MONMOUTH,RED BANK BORO,11/17/2018,SA,0923,01,RED BANK PD,RED BANK PD,0,0,0,0,P,B,N,N,01,2,MONMOUTH COUNTY 13,S,13,,13000013__,,05,,01,04,02,01,01,01,,,,,,,,,,30,,,,,N,,219
2018134018-20275,MONMOUTH,RED BANK BORO,11/19/2018,MO,0924,01,RED BANK PD,,0,0,0,0,P,B,N,N,05,2,MONMOUTH COUNTY 10,,10,,13000010__,.68,05,,01,04,02,01,01,05,05,,200,FE,E,NJ 35 / MAPLE AVE,,,,30,30,26,,,N,,218
2018134018-20292,MONMOUTH,RED BANK BORO,11/19/2018,MO,1526,01,RED BANK PD,,0,0,0,0,P,B,N,N,06,2,WASHINGTON ST **,S,,,13401095__,.05,07,,01,04,02,01,01,01,05,,,,,,,,,25,,26,,,N,,364
2018134018-20329,MONMOUTH,RED BANK BORO,11/20/2018,TU,1227,01,RED BANK PD,,0,0,0,0,P,B,N,N,08,2,14 N BRIDGE AVE,,,,,,10,,01,04,02,01,01,01,,,,,,,,,,,,26,,,N,,200
2018134018-20343,MONMOUTH,RED BANK BORO,11/20/2018,TU,1548,01,RED BANK PD,,0,0,0,0,P,B,N,N,01,2,MONMOUTH COUNTY 10,E,10,,13000010__,.26,05,,01,06,02,01,01,01,,,50,FE,W,CR 13 / RECTOR PL / SHREWSBURY AVE,,,,30,30,26,,,N,,205
2018134018-20348,MONMOUTH,RED BANK BORO,11/20/2018,TU,1708,01,RED BANK PD,,0,0,0,0,P,I,N,N,03,2,MONMOUTH COUNTY 13,S,13,,13000013__,2.56,05,,01,04,02,01,06,01,,,,AT,,CHESTNUT ST,,,,30,25,26,,,N,,205
2018134018-20417,MONMOUTH,RED BANK BORO,11/21/2018,WE,2033,01,RED BANK PD,,0,0,0,0,P,B,Y,N,06,2,MONMOUTH COUNTY 10,,10,,13000010__,1.44,05,,01,04,02,01,07,01,05,01,20,FE,E,BUENA PL / HIGH ST,,,,30,25,28,,,N,,228
2018134018-20457,MONMOUTH,RED BANK BORO,11/22/2018,TH,1945,01,RED BANK PD,RED BANK,0,0,0,0,P,B,N,N,06,2,CARMON PL **,W,,,13401012__,.00,07,,01,04,01,01,07,01,05,,,,,,,,,25,,,,,N,,217
2018134018-20465,MONMOUTH,RED BANK BORO,11/23/2018,FR,0205,01,RED BANK PD,RED BANK,0,0,0,0,P,B,N,N,11,2,MONMOUTH COUNTY 13,S,13,,13000013__,2.19,05,,01,04,02,01,06,01,05,,50,FE,S,W BERGEN PL,,,,30,30,52,,,N,TELEPHONE POLE AND LIGHT POLE IN THE AREA OF 300-306 SHREWSBURY AVE.,214
2018134018-20511,MONMOUTH,RED BANK BORO,11/24/2018,SA,0803,01,RED BANK PD,,0,1,0,0,I,B,N,N,01,3,RECKLESS PL,E,,,13401004__,.00,07,,01,04,02,01,01,01,04,,,,,,,,,25,,26,,,N,,
2018134018-20553,MONMOUTH,RED BANK BORO,11/25/2018,SU,1318,01,RED BANK PD,,0,0,0,0,P,B,N,N,01,2,MONMOUTH COUNTY 10,E,10,,13000010__,.15,05,,01,04,02,01,01,01,04,,,,,,,,,30,,26,,,N,,364
2018134018-20586,MONMOUTH,RED BANK BORO,11/26/2018,MO,1336,01,RED BANK PD,,0,0,0,0,P,B,N,N,01,2,MONMOUTH COUNTY 13,S,13,,13000013__,2.12,05,,01,04,02,02,01,01,05,,400,FE,S,W BERGEN PL,,,,30,25,26,,,N,,200
2018134018-20601,MONMOUTH,RED BANK BORO,11/26/2018,MO,1843,01,RED BANK PD,RED BANK,0,2,0,0,I,B,Y,N,01,2,MONMOUTH COUNTY 13,N,13,,13000013__,2.84,05,,01,04,02,02,06,02,05,01,100,FE,S,CR 10 / W FRONT ST,,,,,,26,,,N,,211
2018134018-20621,MONMOUTH,RED BANK BORO,11/27/2018,TU,1033,01,RED BANK PD,RED BANK PD,0,0,0,0,P,B,N,N,08,2,MONMOUTH COUNTY 13,,13,,13000013__,1.92,05,,01,04,02,01,,01,,,,,,,,,,30,,28,,,N,,219
2018134018-20633,MONMOUTH,RED BANK BORO,11/27/2018,TU,1238,01,RED BANK PD,,0,0,0,0,P,B,N,N,99,2,MONMOUTH COUNTY 11 I,N,11,1,130000111_,.46,05,,01,04,02,01,01,01,05,,100,FE,S,CR 34 / HARDING RD / RECKLESS PL,,,,30,25,26,,,N,,200
2018134018-20636,MONMOUTH,RED BANK BORO,11/27/2018,TU,1307,01,RED BANK PD,RED BANK,0,0,0,0,P,B,N,N,08,2,LINDEN PL **,W,,,13401089__,.04,07,,01,04,02,01,01,01,,,75,FE,W,WASHINGTON ST,,,,,,26,,,N,,211
2018134018-20664,MONMOUTH,RED BANK BORO,11/28/2018,WE,0656,01,RED BANK PD,,0,0,0,0,P,B,N,N,06,2,MONMOUTH COUNTY 11 I,S,11,1,130000111_,.39,05,,01,04,02,01,01,01,05,,100,FE,S,LEROY PL,,,,30,25,28,,,N,,200
2018134018-20665,MONMOUTH,RED BANK BORO,11/28/2018,WE,0657,01,RED BANK PD,,0,0,0,0,P,B,N,N,06,2,WAVERLY PL **,W,,,13401002__,.00,07,,01,04,02,01,01,01,,,150,FE,W,CR 11 I / BROAD ST,,,,25,,28,,,N,ONE CONCRETE PILLAR  ONE WOODEN FENCE AND LANSCAPING,200
2018134018-20737,MONMOUTH,RED BANK BORO,11/29/2018,TH,0926,01,RED BANK PD,,0,0,0,0,P,B,N,N,06,2,90 MONMOUTH ST LOT,,,,,,08,,01,04,02,01,01,01,,01,,,,,,,,,,28,,,N,,212
2018134018-20764,MONMOUTH,RED BANK BORO,11/29/2018,TH,1828,01,RED BANK PD,,0,0,0,0,P,B,Y,N,09,2,ROUTE 520,E,520,,00000520__,17.12,05,,01,04,02,01,06,01,,,10,FE,W,SOUTH ST,,,,35,25,26,,,N,,205
2018134018-20792,MONMOUTH,RED BANK BORO,11/30/2018,FR,1013,01,RED BANK PD,RED BANK,0,1,0,0,I,B,N,N,01,2,MAPLE AVE **,N,,,13401065__,.00,07,,01,04,02,01,01,01,05,,15,FE,S,CR 10 / FRONT ST,,,,,,26,,,N,,211
2018134018-20795,MONMOUTH,RED BANK BORO,11/30/2018,FR,1142,01,RED BANK PD,,0,0,0,0,P,B,N,N,01,2,MONMOUTH COUNTY 10,,10,,13000010__,.56,05,,01,04,02,01,01,01,,01,75,FE,W,NJ 35,,,,30,25,26,,,N,,228
2018134018-20897,MONMOUTH,RED BANK BORO,12/01/2018,SA,2306,01,RED BANK PD,RED BANK,0,0,0,0,P,B,N,N,01,2,MONMOUTH COUNTY 10,W,10,,13000010__,.41,05,,01,04,02,02,06,02,05,,25,FE,W,MORFORD PL,,,,30,25,26,,,N,,214
2018134018-20922,MONMOUTH,RED BANK BORO,12/02/2018,SU,1300,01,RED BANK PD,RED BANK,0,0,0,0,P,I,N,N,03,2,BRIDGE AVE,S,,,,,07,,01,04,02,02,01,02,,,,AT,,W. BERGEN PL,,,,,,26,,,N,,211
2018134018-20933,MONMOUTH,RED BANK BORO,12/02/2018,SU,2045,01,RED BANK PD,RED BANK,0,0,0,0,P,I,N,N,03,2,NJ 35,N,35,,00000035__,33.73,02,,01,04,02,02,06,01,,01,,AT,,WATER ST,,,,30,25,26,,,N,,203
2018134018-21005,MONMOUTH,RED BANK BORO,12/04/2018,TU,1406,01,RED BANK PD,,0,0,0,0,P,B,N,N,06,2,MONMOUTH COUNTY 10,W,10,,13000010__,.35,05,,01,04,02,01,01,01,,,75,FE,E,BRIDGE AVE,,,,30,25,26,,,N,,205
2018134018-21008,MONMOUTH,RED BANK BORO,12/04/2018,TU,1548,01,RED BANK PD,,0,0,0,0,P,B,N,N,11,1,17 WILLOW ST,,,,,,09,,01,04,02,01,01,01,,,,,,,,,,10,,69,,,N,GUTTER,218
2018134018-21116,MONMOUTH,RED BANK BORO,12/06/2018,TH,1624,01,RED BANK PD,,0,0,0,0,P,I,N,N,03,2,LEIGHTON AVE **,,,,13401010__,.27,07,,01,04,02,01,03,01,05,01,,AT,,RIVER ST,,,,25,25,26,,,N,,228
2018134018-21120,MONMOUTH,RED BANK BORO,12/06/2018,TH,1744,01,RED BANK PD,,0,0,0,0,P,B,N,N,01,3,MONMOUTH COUNTY 10,,10,,13000010__,.27,05,,01,05,02,01,07,01,05,01,15,FE,W,CR 13 / RECTOR PL / SHREWSBURY AVE,,,,30,25,26,,,N,,
2018134018-21150,MONMOUTH,RED BANK BORO,12/07/2018,FR,1246,01,RED BANK PD,,0,0,0,0,P,B,N,N,06,2,MONMOUTH ST,W,,,13401057__,.55,07,,01,04,01,01,01,01,,,250,FE,W,CR 11 I / BROAD ST,,,,25,25,28,,,N,,205
2018134018-21187,MONMOUTH,RED BANK BORO,12/07/2018,FR,2118,01,RED BANK PD,RED BANK POLICE,0,0,0,0,P,I,N,N,06,2,MONMOUTH COUNTY 10,N,10,,13000010__,.41,05,,01,04,02,01,06,01,02,,,AT,,MORFORD PL,,,,25,25,,,,N,,226
2018134018-21208,MONMOUTH,RED BANK BORO,12/08/2018,SA,1400,01,RED BANK PD,,0,0,0,0,P,B,N,N,06,2,20 GOLD ST (LOT),,,,,,06,,01,04,02,01,01,01,05,01,,,,,,,,10,,28,,,N,,218
2018134018-21212,MONMOUTH,RED BANK BORO,12/08/2018,SA,1556,01,RED BANK PD,,0,0,0,0,P,I,N,N,01,2,NJ 35,,35,,00000035__,33.06,02,,02,04,02,01,03,01,05,01,,AT,N,WIKOFF PL,,,,35,25,26,,,N,,212
2018134018-21308,MONMOUTH,RED BANK BORO,12/10/2018,MO,1734,01,RED BANK PD,RED BANK,0,1,0,0,I,I,N,N,01,2,MONMOUTH COUNTY 34,W,34,,13000034__,.00,05,,01,04,01,01,07,01,04,01,,AT,,CR 11 / BROAD ST,,,,25,25,,,,N,,217
2018134018-21358,MONMOUTH,RED BANK BORO,12/11/2018,TU,1413,01,RED BANK PD,,0,0,0,0,P,B,N,N,07,2,NJ 35,N,35,,00000035__,33.23,02,,01,04,02,01,01,01,05,01,100,FE,N,BERGEN PL,,,,30,,26,,,N,,215
2018134018-21360,MONMOUTH,RED BANK BORO,12/11/2018,TU,1436,01,RED BANK PD,RED BANK,0,0,0,0,P,B,N,N,06,2,MONMOUTH COUNTY 10,E,10,,13000010__,,05,,01,04,01,01,01,01,04,01,,,,,,,,30,,,,,N,,217
2018134018-21371,MONMOUTH,RED BANK BORO,12/11/2018,TU,1813,01,RED BANK PD,RED BANK,0,1,0,0,I,I,N,N,03,2,MONMOUTH ST,E,,,13401057__,.00,07,,01,04,02,01,06,01,05,,,AT,,BURROWS PL,,,,30,10,26,,,N,,214