Year(4)-CountyCode(2)-MunicipalityCode(2)-CaseNumber(9),County Name,Municipality Name,Crash Date,Crash Day of Week,Crash Time,Police Department Code,Police Department,Police Station,Total Killed,Total Injured,Pedestrians Killed,Pedestrians Injured,Severity,Intersection,Alcohol Involved,Hazmat Involved,Crash Type,Total Vehicles,Location,Location Direction,Route,Route Suffix,Std Rte Identifier,MilePost,Road System,Road Character,Road Horizontal Alignment,Road Grade,Road Surface Type,Surface Condition,Light Condition,Environmental Condition,Road Divided By,Temporary Traffic Control Zone,Distance To Cross Street,Unit Of Measurement,Direction From Cross Street,Cross Street Name,Is Ramp,Ramp To/From Route Name,Ramp To/From Route Direction,Posted Speed,Posted Speed Cross Street,First Harmful Event,Latitude,Longitude,Cell Phone In Use Flag,Other Property Damage,Reporting Badge No.
20181345I-2018-06775,MONMOUTH,SHREWSBURY BORO,06/27/2018,WE,0755,01,SHREWSBURY PD,SHREWSBURY,0,0,0,0,P,I,N,N,01,2,NJ 35,S,35,,00000035__,32.25,02,,01,04,02,01,01,01,05,01,,AT,,OBRE PL / WHITE ST,,,,35,,26,,,N,,4543
20181345I-2018-06796,MONMOUTH,SHREWSBURY BORO,06/27/2018,WE,1644,01,SHREWSBURY PD,SHREWSBURY,0,0,0,0,P,B,N,N,08,2,YALE BOULEVARD,,,,,,07,,01,04,02,01,01,01,05,01,,,,,,,,15,,26,,,N,,4543
20181345I-2018-06865,MONMOUTH,SHREWSBURY BORO,06/29/2018,FR,1513,01,SHREWSBURY PD,,0,0,0,0,P,B,N,N,03,2,WHITE RD,E,,,13451114__,.17,07,,01,04,02,01,01,01,04,01,100,FE,E,N MONROE AVE,,,,25,,26,,,N,,4539
20181345I-2018-06971,MONMOUTH,SHREWSBURY BORO,07/02/2018,MO,1405,01,SHREWSBURY PD,,0,0,0,0,P,B,N,N,01,2,MONMOUTH COUNTY 13,N,13,,13000013__,.93,05,,01,04,02,01,01,01,05,01,25,FE,S,CR 13A / SYCAMORE AVE,,,,40,40,26,,,N,,4529
20181345I-2018-06981,MONMOUTH,SHREWSBURY BORO,07/02/2018,MO,1641,01,SHREWSBURY PD,,0,1,0,0,I,I,Y,N,07,2,MONMOUTH COUNTY 13,N,13,,13000013__,1.67,05,,01,04,02,01,01,01,05,01,,AT,,PATTERSON AVE,,,,40,25,26,,,N,,4535
20181345I-2018-07060,MONMOUTH,SHREWSBURY BORO,07/04/2018,WE,0826,01,SHREWSBURY PD,,0,0,0,0,P,B,N,N,06,2,NEWMAN SPRINGS ROAD,S,,,,,09,,01,04,02,01,01,01,04,01,,,,,,,,,,28,,,N,,4539
20181345I-2018-07110,MONMOUTH,SHREWSBURY BORO,07/05/2018,TH,1753,01,SHREWSBURY PD,,0,0,0,0,P,I,N,N,02,2,NJ 35,N,35,,00000035__,32.85,02,,03,04,02,02,01,01,05,01,,AT,E,ROUTE 520 / NEWMAN SPRINGS RD,,,,35,40,26,,,N,,4531
20181345I-2018-07248,MONMOUTH,SHREWSBURY BORO,07/09/2018,MO,1731,01,SHREWSBURY PD,,0,0,0,0,P,I,N,N,02,2,ROUTE 520,E,520,,00000520__,16.56,05,,01,04,02,01,01,01,04,01,,AT,,HENRY ST,,,,35,25,26,,,N,,4534
20181345I-2018-07285,MONMOUTH,SHREWSBURY BORO,07/10/2018,TU,1257,01,SHREWSBURY PD,,0,1,0,0,I,B,N,N,03,2,NJ 35,N,35,,00000035__,32.16,02,,01,04,02,01,01,01,04,01,500,FE,S,OBRE PL / WHITE ST,,,,35,25,26,,,N,,4534
20181345I-2018-07289,MONMOUTH,SHREWSBURY BORO,07/10/2018,TU,1651,01,SHREWSBURY PD,1345,0,0,0,0,P,I,N,N,01,2,MONMOUTH COUNTY 13 A,W,13,A,13000013A_,2.64,05,,01,04,02,01,01,01,04,01,,AT,E,NJ 35 / BROAD ST,,,,40,35,26,,,N,,4537
20181345I-2018-07346,MONMOUTH,SHREWSBURY BORO,07/12/2018,TH,1204,01,SHREWSBURY PD,,0,0,0,0,P,B,N,N,01,2,MONMOUTH COUNTY 13 A,W,13,A,13000013A_,2.03,05,,01,04,02,01,01,01,05,01,25,FE,E,CR 13 / SHREWSBURY AVE,,,,40,40,26,,,N,,4535
20181345I-2018-07472,MONMOUTH,SHREWSBURY BORO,07/16/2018,MO,0855,01,SHREWSBURY PD,,0,0,0,0,P,I,N,N,07,2,MONMOUTH COUNTY 13 A,W,13,A,13000013A_,2.76,05,,01,04,02,01,01,01,05,01,,AT,,BUTTONWOOD DR,,,,35,,26,,,N,,4529
20181345I-2018-07507,MONMOUTH,SHREWSBURY BORO,07/17/2018,TU,1432,01,SHREWSBURY PD,,0,0,0,0,P,B,N,N,02,2,NJ 35,N,35,,00000035__,31.96,02,,01,04,02,01,01,01,05,01,500,FE,N,CR 13A / SYCAMORE AVE,,,,35,40,26,,,N,,4535
20181345I-2018-07508,MONMOUTH,SHREWSBURY BORO,07/17/2018,TU,1432,01,SHREWSBURY PD,,0,0,0,0,P,B,N,N,01,2,NJ 35,N,35,,00000035__,32.14,02,,01,04,02,01,01,01,05,01,600,FE,S,OBRE PL / WHITE ST,,,,35,,26,,,N,,4529
20181345I-2018-07538,MONMOUTH,SHREWSBURY BORO,07/18/2018,WE,1741,01,SHREWSBURY PD,1345,0,0,0,0,P,I,N,N,02,2,MONMOUTH COUNTY 13 A,E,13,A,13000013A_,3.23,05,,01,04,02,01,01,01,04,01,,AT,,ELM LN,,,,40,25,26,,,N,,4537
20181345I-2018-07577,MONMOUTH,SHREWSBURY BORO,07/19/2018,TH,1732,01,SHREWSBURY PD,,0,0,0,0,P,B,N,N,01,2,ROUTE 520,E,520,,00000520__,16.62,05,,01,04,02,01,01,01,04,01,50,FE,W,LAUREL ST,,,,35,25,26,,,N,,4534
20181345I-2018-07600,MONMOUTH,SHREWSBURY BORO,07/20/2018,FR,1141,01,SHREWSBURY PD,MUNICIPAL,0,1,0,0,I,B,N,N,01,3,MONMOUTH COUNTY 13 A,E,13,A,13000013A_,3.34,05,,,,,,,,,,75,FE,W,DORCHESTER WAY,,,,40,25,26,,,N,,4535
20181345I-2018-07806,MONMOUTH,SHREWSBURY BORO,07/26/2018,TH,1441,01,SHREWSBURY PD,,0,1,0,0,I,I,N,N,03,2,NJ 35,S,35,,00000035__,32.30,02,,01,04,02,01,01,01,04,01,,AT,,QUEEN ANN DR,,,,35,25,26,,,N,,4542
20181345I-2018-07895,MONMOUTH,SHREWSBURY BORO,07/29/2018,SU,1257,01,SHREWSBURY PD,1345,0,0,0,0,P,B,N,N,04,2,ROUTE 520,E,520,,00000520__,16.80,05,,01,04,02,01,01,01,04,01,40,FE,W,NJ 35 / BROAD ST,,,,35,35,26,,,N,,4537
20181345I-2018-07950,MONMOUTH,SHREWSBURY BORO,07/31/2018,TU,1127,01,SHREWSBURY PD,SHREWSBURY,0,0,0,0,P,I,N,N,01,2,MONMOUTH COUNTY 13,E,13,,13000013__,.00,05,,01,04,02,01,01,01,05,01,,AT,,TINTON FALLS PLAZA DRIVE,,,,40,,26,,,N,,4543
20181345I-2018-07991,MONMOUTH,SHREWSBURY BORO,08/01/2018,WE,1248,01,SHREWSBURY PD,SHREWSBURY BOR?,0,0,0,0,P,I,N,N,03,2,NJ 35,S,35,,00000035__,32.62,02,,01,04,02,01,01,01,04,01,,AT,S,PATTERSON AVE,,,,35,25,26,,,N,,4541
20181345I-2018-07995,MONMOUTH,SHREWSBURY BORO,08/01/2018,WE,1530,01,SHREWSBURY PD,SHREWSBURY BOR?,0,0,0,0,P,B,N,N,08,2,OBRE ST **,E,,,13451016__,.08,07,,01,04,02,01,01,01,05,01,1000,FE,W,NJ 35 / BROAD ST,,,,25,35,28,,,N,,4541
20181345I-2018-08001,MONMOUTH,SHREWSBURY BORO,08/01/2018,WE,1846,01,SHREWSBURY PD,,0,0,0,0,P,B,N,N,11,1,ELM AVE **,E,,,13451007__,.11,07,,01,04,02,01,01,01,05,01,500,FE,W,OLD FARM RD,,,,25,25,56,,,N,,4534
20181345I-2018-08080,MONMOUTH,SHREWSBURY BORO,08/03/2018,FR,1343,01,SHREWSBURY PD,SHREWSBURY,0,0,0,0,P,B,N,N,07,2,MONMOUTH COUNTY 13,N,13,,13000013__,1.33,05,,01,04,02,02,01,02,05,01,150,FE,S,EXECUTIVE DR,,,,40,,26,,,N,,4543
20181345I-2018-08091,MONMOUTH,SHREWSBURY BORO,08/03/2018,FR,1824,01,SHREWSBURY PD,SHREWSBURY,0,0,0,0,P,B,N,N,01,2,MONMOUTH COUNTY 13 A,E,13,A,13000013A_,3.02,05,,01,04,02,02,01,01,05,01,175,FE,W,OLD FARM RD / SHADY LN,,,,40,,26,,,N,,4543
20181345I-2018-08408,MONMOUTH,SHREWSBURY BORO,08/13/2018,MO,2111,01,SHREWSBURY PD,,0,0,0,0,P,B,N,N,03,2,NJ 35,S,35,,00000035__,31.59,02,,01,04,02,01,07,01,05,01,50,FE,S,SILVERBROOK RD,,,,40,25,26,,,N,,4535
20181345I-2018-08655,MONMOUTH,SHREWSBURY BORO,08/22/2018,WE,0709,01,SHREWSBURY PD,,0,0,0,0,P,I,N,N,07,2,NJ 35,N,35,,00000035__,31.87,02,,01,04,02,02,01,01,05,01,,AT,N,CR 13A / SYCAMORE AVE,,,,40,,26,,,N,,4540
20181345I-2018-08708,MONMOUTH,SHREWSBURY BORO,08/24/2018,FR,1140,01,SHREWSBURY PD,,0,0,0,0,P,I,N,N,01,2,MONMOUTH COUNTY 13 A,W,13,A,13000013A_,2.64,05,,01,04,02,01,01,01,02,01,,AT,W,NJ 35 / BROAD ST,,,,40,,26,,,N,,4539
20181345I-2018-08714,MONMOUTH,SHREWSBURY BORO,08/24/2018,FR,1536,01,SHREWSBURY PD,,0,0,0,0,P,I,N,N,02,2,NJ 35,S,35,,00000035__,31.08,02,,01,04,02,01,01,01,04,01,,AT,,CR 13 / SHREWSBURY AVE,,,,40,,26,,,N,,4539
20181345I-2018-08807,MONMOUTH,SHREWSBURY BORO,08/27/2018,MO,1319,01,SHREWSBURY PD,,0,0,0,0,P,B,N,N,01,2,MONMOUTH COUNTY 13,E,13,,13000013__,.00,05,,01,04,02,01,01,01,05,01,20,FE,W,NJ 35,,,,25,40,,,,N,,4535
20181345I-2018-08850,MONMOUTH,SHREWSBURY BORO,08/28/2018,TU,1253,01,SHREWSBURY PD,,0,0,0,0,P,B,N,N,01,3,MONMOUTH COUNTY 13 A,W,13,A,13000013A_,2.64,05,,01,04,02,01,01,01,03,01,25,FE,E,NJ 35 / BROAD ST,,,,40,35,26,,,N,,4529
20181345I-2018-08902,MONMOUTH,SHREWSBURY BORO,08/29/2018,WE,1105,01,SHREWSBURY PD,SHREWSBURY BOR?,0,0,0,0,P,B,N,N,01,2,PATTERSON AVE,W,,,13451049__,.58,07,,01,04,02,01,01,01,04,01,50,FE,W,NJ 35 / BROAD ST,,,,25,35,26,,,N,,4541
20181345I-2018-08987,MONMOUTH,SHREWSBURY BORO,08/31/2018,FR,2143,01,SHREWSBURY PD,,0,0,0,0,P,B,N,N,05,2,NJ 35,S,35,,00000035__,32.78,02,,01,04,02,01,05,01,04,01,100,FE,S,HADDON AVE,,,,40,25,26,,,N,,4540
20181345I-2018-09047,MONMOUTH,SHREWSBURY BORO,09/02/2018,SU,0252,01,SHREWSBURY PD,,0,0,0,0,P,B,N,N,11,1,419 SYCAMORE AVENUE,W,,,,,09,,01,04,02,01,06,01,05,01,,,,,,,,,,,,,N,,4540
20181345I-2018-09133,MONMOUTH,SHREWSBURY BORO,09/04/2018,TU,1351,01,SHREWSBURY PD,MUNICIPAL,0,0,0,0,P,B,N,N,02,2,AVE AT THE COMMONS **,W,,,13451042__,.05,07,,01,04,02,01,01,01,05,01,250,FE,E,NJ 35 / BROAD ST,,,,25,40,26,,,N,,4535
20181345I-2018-09175,MONMOUTH,SHREWSBURY BORO,09/05/2018,WE,1535,01,SHREWSBURY PD,,0,0,0,0,P,B,N,N,01,2,ROUTE 520,E,520,,00000520__,16.39,05,,01,04,02,01,01,01,05,01,500,FE,E,S BRIDGE AVE,,,,40,,26,,,N,,4535
20181345I-2018-09208,MONMOUTH,SHREWSBURY BORO,09/06/2018,TH,1151,01,SHREWSBURY PD,,0,0,0,0,P,B,N,N,02,2,NJ 35,W,35,,00000035__,32.85,02,,02,04,02,01,01,01,05,01,25,FE,E,ROUTE 520 / NEWMAN SPRINGS RD,,,,35,,26,,,N,,4529
20181345I-2018-09360,MONMOUTH,SHREWSBURY BORO,09/12/2018,WE,1557,01,SHREWSBURY PD,,0,0,0,0,P,I,N,N,01,2,MONMOUTH COUNTY 13,N,13,,13000013__,.00,05,,02,04,02,02,01,02,04,01,,AT,,NJ 35,,,,40,40,26,,,N,,4534
20181345I-2018-09426,MONMOUTH,SHREWSBURY BORO,09/14/2018,FR,0857,01,SHREWSBURY PD,,0,0,0,0,P,B,N,N,02,3,NJ 35,S,35,,00000035__,32.61,02,,01,04,02,01,01,01,05,01,10,FE,N,MONROE AVE,,,,35,25,26,,,N,,4529
20181345I-2018-09443,MONMOUTH,SHREWSBURY BORO,09/14/2018,FR,1629,01,SHREWSBURY PD,,0,0,0,0,P,I,N,N,03,2,NJ 35,S,35,,00000035__,32.62,02,,01,04,02,01,01,01,04,01,,AT,,PATTERSON AVE,,,,35,25,26,,,N,,4542
20181345I-2018-09551,MONMOUTH,SHREWSBURY BORO,09/18/2018,TU,1117,01,SHREWSBURY PD,,0,0,0,0,P,I,N,N,02,2,MONMOUTH COUNTY 13,W,13,,13000013__,.00,05,,02,04,02,01,01,05,04,01,,AT,,NJ 35,,,,40,40,26,,,N,,4534
20181345I-2018-09625,MONMOUTH,SHREWSBURY BORO,09/20/2018,TH,0935,01,SHREWSBURY PD,,0,3,0,0,I,I,N,N,03,2,MONMOUTH COUNTY 13,N,13,,13000013__,.00,05,,03,04,02,01,01,01,04,01,,AT,,SHREWSBURY PLAZA,,,,40,15,26,,,N,,4542
20181345I-2018-09681,MONMOUTH,SHREWSBURY BORO,09/21/2018,FR,1611,01,SHREWSBURY PD,1345,0,0,0,0,P,I,N,N,01,2,MONMOUTH COUNTY 13,N,13,,13000013__,1.92,05,,01,04,02,01,01,01,04,01,,AT,,ROUTE 520 / NEWMAN SPRINGS RD,,,,40,35,26,,,N,,4537
20181345I-2018-09733,MONMOUTH,SHREWSBURY BORO,09/24/2018,MO,0654,01,SHREWSBURY PD,,0,0,0,0,P,I,N,N,03,2,NJ 35,N,35,,00000035__,32.72,02,,01,04,02,01,01,01,04,01,,AT,,WHITE RD,,,,35,25,26,,,N,,4540
20181345I-2018-09797,MONMOUTH,SHREWSBURY BORO,09/25/2018,TU,1241,01,SHREWSBURY PD,,0,0,0,0,P,B,Y,N,01,2,NJ 35,S,35,,00000035__,32.75,02,,01,04,02,01,01,01,04,01,50,FE,N,THOMAS AVE,,,,35,25,26,,,N,,4540
20181345I-2018-09831,MONMOUTH,SHREWSBURY BORO,09/26/2018,WE,0945,01,SHREWSBURY PD,,0,0,0,0,P,I,N,N,01,2,MONMOUTH COUNTY 13,E,13,,13000013__,.00,05,,01,04,02,01,01,01,04,01,,AT,,TINTON FALLS PLAZA DRIVE,,,,40,25,26,,,N,,4534
20181345I-2018-09847,MONMOUTH,SHREWSBURY BORO,09/26/2018,WE,1723,01,SHREWSBURY PD,,0,0,0,0,P,B,N,N,01,2,NJ 35,S,35,,00000035__,32.12,02,,01,04,02,01,01,01,05,01,1320,FE,N,CR 13A / SYCAMORE AVE,,,,35,40,26,,,N,,4534
20181345I-2018-09885,MONMOUTH,SHREWSBURY BORO,09/27/2018,TH,1423,01,SHREWSBURY PD,1345,0,1,0,0,I,I,N,N,02,2,NJ 35,N,35,,00000035__,32.72,02,,01,04,02,01,01,01,04,01,,AT,,WHITE RD,,,,35,25,26,,,N,,4537
20181345I-2018-10103,MONMOUTH,SHREWSBURY BORO,10/01/2018,MO,1712,01,SHREWSBURY PD,,0,1,0,0,I,I,N,N,01,3,NJ 35,S,35,,00000035__,31.25,02,,01,04,02,01,01,01,04,01,,AT,,AVE OF THE COMMON,,,,40,,26,,,N,,4539
20181345I-2018-10303,MONMOUTH,SHREWSBURY BORO,10/05/2018,FR,2048,01,SHREWSBURY PD,,0,0,0,0,P,I,N,N,12,1,PATTERSON AVE,W,,,13451049__,.34,07,,01,04,02,01,06,01,05,01,,AT,,ALAMEDA CT,,,,25,,24,,,N,,4529
20181345I-2018-10493,MONMOUTH,SHREWSBURY BORO,10/09/2018,TU,1654,01,SHREWSBURY PD,,0,0,0,0,P,I,N,N,01,2,AVE AT THE COMMONS **,W,,,13451042__,,07,,01,04,02,01,01,01,05,01,,AT,,TRADER JOE'S PLAZA ENTRANCE,,,,25,,26,,,N,,4538
20181345I-2018-10528,MONMOUTH,SHREWSBURY BORO,10/10/2018,WE,1454,01,SHREWSBURY PD,,0,1,0,0,I,B,N,N,01,2,ROUTE 520,E,520,,00000520__,16.79,05,,01,04,02,01,01,01,04,01,100,FE,W,NJ 35 / BROAD ST,,,,35,,26,,,N,,4539
20181345I-2018-10567,MONMOUTH,SHREWSBURY BORO,10/11/2018,TH,0625,01,SHREWSBURY PD,1345,0,0,0,0,P,B,N,N,12,1,MONMOUTH COUNTY 13 A,E,13,A,13000013A_,2.56,05,,01,04,02,01,02,01,04,01,400,FE,W,NJ 35 / BROAD ST,,,,40,40,24,,,N,,4537
20181345I-2018-10573,MONMOUTH,SHREWSBURY BORO,10/11/2018,TH,0817,01,SHREWSBURY PD,SHREWSBURY PD,0,0,0,0,P,B,N,N,01,2,NJ 35,N,35,,00000035__,31.85,02,,01,04,02,01,01,05,04,01,100,FE,S,CR 13A / SYCAMORE AVE,,,,40,40,26,,,N,,4541
20181345I-2018-10640,MONMOUTH,SHREWSBURY BORO,10/12/2018,FR,1222,01,SHREWSBURY PD,SHREWSBURY,0,0,0,0,P,B,N,N,02,2,NJ 35,S,35,,00000035__,32.70,02,,01,04,02,01,01,01,05,01,100,FE,S,WHITE RD,,,,35,,26,,,N,,4543
20181345I-2018-10723,MONMOUTH,SHREWSBURY BORO,10/13/2018,SA,1953,01,SHREWSBURY PD,MUNICIPAL,0,0,0,0,P,B,N,N,01,2,PATTERSON AVE,W,,,13451049__,.01,07,,01,04,02,01,06,01,05,01,75,FE,E,CR 13 / SCHREWSBURY AVE,,,,25,40,26,,,N,,4535
20181345I-2018-10781,MONMOUTH,SHREWSBURY BORO,10/15/2018,MO,0906,01,SHREWSBURY PD,SHREWSBURY BOR?,0,0,0,0,P,B,N,N,06,2,MONROE AVE **,W,,,13451028__,.00,07,,01,04,02,02,01,02,04,01,100,FE,W,NJ 35 / BROAD ST,,,,25,35,28,,,N,,4541
20181345I-2018-10888,MONMOUTH,SHREWSBURY BORO,10/17/2018,WE,1451,01,SHREWSBURY PD,SHREWSBURY,0,0,0,0,P,B,N,N,08,2,MONMOUTH COUNTY 13,S,13,,13000013__,1.92,05,,01,04,02,01,01,01,05,01,20,FE,S,ROUTE 520 / NEWMAN SPRINGS RD,,,,40,,26,,,N,,4543
20181345I-2018-11156,MONMOUTH,SHREWSBURY BORO,10/23/2018,TU,0839,01,SHREWSBURY PD,,0,0,0,0,P,I,N,N,07,2,NJ 35,N,35,,00000035__,31.87,02,,01,04,02,01,01,01,05,01,,AT,E,CR 13A / SYCAMORE AVE,,,,35,40,26,,,N,,4535
20181345I-2018-11162,MONMOUTH,SHREWSBURY BORO,10/23/2018,TU,1152,01,SHREWSBURY PD,,0,0,0,0,P,B,N,N,01,2,SILVERBROOK RD **,W,,,13451010__,.00,07,,01,04,02,01,01,01,04,01,10,FE,E,NJ 35 / BROAD ST,,,,25,40,26,,,N,,4542
20181345I-2018-11198,MONMOUTH,SHREWSBURY BORO,10/24/2018,WE,1448,01,SHREWSBURY PD,,0,0,0,0,P,B,N,N,11,1,SHREWSBURY PLAZA,S,,,,,09,,01,04,02,01,01,01,02,01,,,,,,,,25,,26,,,N,A LIGHT POST IN THE PARKING LOT WAS KNOCKED DOWN.,4539
20181345I-2018-11281,MONMOUTH,SHREWSBURY BORO,10/26/2018,FR,0802,01,SHREWSBURY PD,,0,0,0,0,P,R,N,N,08,2,WHITE RD,E,,,13451114__,.20,07,,01,04,02,01,01,01,05,01,75,FE,E,HERITAGE DR,,,,25,25,26,,,N,,4535
20181345I-2018-11390,MONMOUTH,SHREWSBURY BORO,10/29/2018,MO,0956,01,SHREWSBURY PD,,0,1,0,0,I,I,N,N,04,2,NJ 35,S,35,,00000035__,31.87,02,,01,04,02,01,01,01,04,01,,AT,,CR 13A / SYCAMORE AVE,,,,40,40,26,,,N,,4534
20181345I-2018-11467,MONMOUTH,SHREWSBURY BORO,10/30/2018,TU,1846,01,SHREWSBURY PD,SHREWSBURY BOR?,0,3,0,0,I,I,N,N,04,2,NJ 35,S,35,,00000035__,31.87,02,,01,04,02,01,06,01,04,01,,AT,S,CR 13A / SYCAMORE AVE,,,,35,40,26,,,N,,4541
20181345I-2018-11469,MONMOUTH,SHREWSBURY BORO,10/30/2018,TU,1920,01,SHREWSBURY PD,SHREWSBURY BOR?,0,0,0,0,P,B,N,N,02,2,NJ 35,N,35,,00000035__,31.86,02,,01,04,02,01,06,01,04,01,50,FE,S,CR 13A / SYCAMORE AVE,,,,40,40,26,,,N,,4530
20181345I-2018-11706,MONMOUTH,SHREWSBURY BORO,11/06/2018,TU,1100,01,SHREWSBURY PD,,0,0,0,0,P,B,N,N,07,2,WHITE RD,W,,,13451114__,.05,07,,01,04,02,02,01,02,05,01,250,FE,E,NJ 35 / BROAD ST,,,,25,,26,,,N,,4529
20181345I-2018-11707,MONMOUTH,SHREWSBURY BORO,11/06/2018,TU,1116,01,SHREWSBURY PD,,0,0,0,0,P,B,N,N,02,2,MONMOUTH COUNTY 13 A,W,13,A,13000013A_,2.58,05,,01,04,02,02,01,02,05,01,300,FE,W,NJ 35 / BROAD ST,,,,40,35,26,,,N,,4535
20181345I-2018-11719,MONMOUTH,SHREWSBURY BORO,11/06/2018,TU,1605,01,SHREWSBURY PD,,0,0,0,0,P,B,N,N,01,2,MONMOUTH COUNTY 13,N,13,,13000013__,1.19,05,,01,05,02,02,06,02,05,01,20,FE,S,N GILBERT ST,,,,40,,26,,,N,,4529
20181345I-2018-11722,MONMOUTH,SHREWSBURY BORO,11/06/2018,TU,1738,01,SHREWSBURY PD,,0,0,0,0,P,B,N,N,01,2,MONMOUTH COUNTY 13,N,13,,13000013__,1.58,05,,01,04,02,02,06,02,05,01,15,FE,N,CHERRY ST,,,,40,25,26,,,N,,4529
20181345I-2018-11792,MONMOUTH,SHREWSBURY BORO,11/08/2018,TH,1222,01,SHREWSBURY PD,,0,0,0,0,P,I,N,N,02,2,NJ 35,N,35,,00000035__,32.62,02,,01,04,02,01,01,01,04,01,,AT,,PATTERSON AVE,,,,35,25,26,,,N,,4534
20181345I-2018-11992,MONMOUTH,SHREWSBURY BORO,11/13/2018,TU,1734,01,SHREWSBURY PD,,0,0,0,0,P,B,N,N,12,1,MONMOUTH COUNTY 13 A,E,13,A,13000013A_,2.63,05,,01,04,02,01,01,01,04,01,50,FE,W,NJ 35 / BROAD ST,,,,40,40,24,,,N,,4534
20181345I-2018-12082,MONMOUTH,SHREWSBURY BORO,11/15/2018,TH,1306,01,SHREWSBURY PD,,0,0,0,0,P,B,N,N,01,2,NJ 35,S,35,,00000035__,32.20,02,,01,04,02,05,01,02,05,01,250,FE,S,OBRE PL / WHITE ST,,,,35,,26,,,N,,4535
20181345I-2018-12111,MONMOUTH,SHREWSBURY BORO,11/16/2018,FR,0938,01,SHREWSBURY PD,1345,0,0,0,0,P,B,N,N,12,1,MONMOUTH COUNTY 13,N,13,,13000013__,.56,05,,01,04,02,02,01,01,04,01,500,FE,E,BARKER AVE,,,,40,25,24,,,N,,4537
20181345I-2018-12247,MONMOUTH,SHREWSBURY BORO,11/19/2018,MO,0948,01,SHREWSBURY PD,,0,0,0,0,P,I,N,N,99,2,NJ 35,N,35,,00000035__,32.45,02,,01,04,02,01,01,05,04,01,,AT,,MEADOW,,,,35,,26,,,N,,4538
20181345I-2018-12256,MONMOUTH,SHREWSBURY BORO,11/19/2018,MO,1607,01,SHREWSBURY PD,,0,0,0,0,P,B,N,N,02,2,MONMOUTH COUNTY 13 A,W,13,A,13000013A_,2.67,05,,01,04,02,01,01,01,05,01,150,FE,E,NJ 35 / BROAD ST,,,,40,35,26,,,N,,4535
20181345I-2018-12287,MONMOUTH,SHREWSBURY BORO,11/20/2018,TU,1313,01,SHREWSBURY PD,SHREWSBURY,0,0,0,0,P,B,N,N,02,2,ROUTE 520,E,520,,00000520__,16.68,05,,01,04,02,01,01,01,05,01,260,FE,E,LAUREL ST,,,,40,,26,,,N,,4543
20181345I-2018-12326,MONMOUTH,SHREWSBURY BORO,11/21/2018,WE,1025,01,SHREWSBURY PD,,0,0,0,0,P,B,N,N,02,2,NJ 35,S,35,,00000035__,31.88,02,,01,04,02,01,01,01,04,01,50,FE,N,CR 13A / SYCAMORE AVE,,,,40,40,26,,,N,,4534
20181345I-2018-12328,MONMOUTH,SHREWSBURY BORO,11/21/2018,WE,1126,01,SHREWSBURY PD,,0,0,0,0,P,B,N,N,01,3,MONMOUTH COUNTY 13 A,W,13,A,13000013A_,2.66,05,,01,04,02,01,01,01,04,01,100,FE,E,NJ 35 / BROAD ST,,,,40,40,26,,,N,,4534
20181345I-2018-12476,MONMOUTH,SHREWSBURY BORO,11/24/2018,SA,1724,01,SHREWSBURY PD,,0,0,0,0,P,B,N,N,01,2,MONMOUTH COUNTY 13 A,W,13,A,13000013A_,2.03,05,,01,04,02,02,05,02,04,,25,FE,E,CR 13 / SHREWSBURY AVE,,,,40,40,26,,,N,,4540
20181345I-2018-12774,MONMOUTH,SHREWSBURY BORO,12/01/2018,SA,1056,01,SHREWSBURY PD,,0,0,0,0,P,B,N,N,01,2,NJ 35,N,35,,00000035__,31.93,02,,01,04,02,01,01,01,04,01,300,FE,N,CR 13A / SYCAMORE AVE,,,,35,,26,,,N,,4539
20181345I-2018-12888,MONMOUTH,SHREWSBURY BORO,12/04/2018,TU,1536,01,SHREWSBURY PD,SHREWSBURY,0,0,0,0,P,B,N,N,01,2,WHITE RD,W,,,13451114__,.03,07,,01,04,02,01,01,01,05,01,140,FE,E,NJ 35 / BROAD ST,,,,25,,26,,,N,,4543
20181345I-2018-12889,MONMOUTH,SHREWSBURY BORO,12/04/2018,TU,1638,01,SHREWSBURY PD,,0,0,0,0,P,B,N,N,01,2,NJ 35,S,35,,00000035__,32.75,02,,01,04,02,01,07,01,04,01,75,FE,N,THOMAS AVE,,,,40,25,,,,N,,4540
20181345I-2018-13017,MONMOUTH,SHREWSBURY BORO,12/07/2018,FR,0958,01,SHREWSBURY PD,,0,0,0,0,P,B,N,N,03,2,ROUTE 520,E,520,,00000520__,16.80,05,,03,04,02,01,01,01,05,01,75,FE,W,NJ 35 / BROAD ST,,,,35,,26,,,N,,4538
20181345I-2018-13031,MONMOUTH,SHREWSBURY BORO,12/07/2018,FR,1634,01,SHREWSBURY PD,SHREWSBURY,0,0,0,0,P,B,N,N,12,1,MONMOUTH COUNTY 13 A,E,13,A,13000013A_,3.22,05,,01,04,02,01,01,01,05,01,75,FE,W,ELM LN,,,,40,,24,,,N,,4543
20181345I-2018-13064,MONMOUTH,SHREWSBURY BORO,12/08/2018,SA,1359,01,SHREWSBURY PD,SHREWSBURY,0,0,0,0,P,I,N,N,01,2,MONMOUTH COUNTY 13 A,E,13,A,13000013A_,2.85,05,,01,04,02,01,01,01,05,01,,AT,,SILVERBROOK RD,,,,40,,26,,,N,,4543
20181345I-2018-13069,MONMOUTH,SHREWSBURY BORO,12/08/2018,SA,1719,01,SHREWSBURY PD,SHREWSBURY,0,0,0,0,P,B,N,N,03,2,MONMOUTH COUNTY 13,,13,,13000013__,1.11,05,,01,04,02,01,03,01,05,01,240,FE,N,GILBERT ST S,,,,40,,26,,,N,,4543
20181345I-2018-13109,MONMOUTH,SHREWSBURY BORO,12/09/2018,SU,1614,01,SHREWSBURY PD,,0,0,0,0,P,I,N,N,01,2,NJ 35,N,35,,00000035__,31.87,02,,01,04,02,01,06,01,04,01,,AT,,CR 13A / SYCAMORE AVE,,,,40,,26,,,N,,4538