Year(4)-CountyCode(2)-MunicipalityCode(2)-CaseNumber(9),County Name,Municipality Name,Crash Date,Crash Day of Week,Crash Time,Police Department Code,Police Department,Police Station,Total Killed,Total Injured,Pedestrians Killed,Pedestrians Injured,Severity,Intersection,Alcohol Involved,Hazmat Involved,Crash Type,Total Vehicles,Location,Location Direction,Route,Route Suffix,Std Rte Identifier,MilePost,Road System,Road Character,Road Horizontal Alignment,Road Grade,Road Surface Type,Surface Condition,Light Condition,Environmental Condition,Road Divided By,Temporary Traffic Control Zone,Distance To Cross Street,Unit Of Measurement,Direction From Cross Street,Cross Street Name,Is Ramp,Ramp To/From Route Name,Ramp To/From Route Direction,Posted Speed,Posted Speed Cross Street,First Harmful Event,Latitude,Longitude,Cell Phone In Use Flag,Other Property Damage,Reporting Badge No.
20181351C060-2018-01191A,MONMOUTH,UPPER FREEHOLD TWP,08/29/2018,WE,2116,02,NEW JERSEY STATE POLICE,HAMILTON-SUB -,0,0,0,0,P,B,N,N,01,2,I-195,W,195,,00000195__,11.20,01,,01,04,02,01,05,01,01,01,,,,,,,,65,,26,40.177330,74.522930,N,,7997
20181351C060-2018-01209A,MONMOUTH,UPPER FREEHOLD TWP,09/01/2018,SA,1851,02,NEW JERSEY STATE POLICE,HAMILTON-SUB -,0,4,0,0,I,B,N,N,11,1,I-195,E,195,,00000195__,9.20,01,,01,04,02,01,01,01,01,01,,,,,,,,65,,46,40.181430,74.557800,N,Guardrail face.,8158
20181351C060-2018-01220A,MONMOUTH,UPPER FREEHOLD TWP,09/05/2018,WE,1412,02,NEW JERSEY STATE POLICE,HAMILTON-SUB -,0,0,0,0,P,B,N,N,15,3,I-195,E,195,,00000195__,9.80,01,,01,04,02,01,01,01,03,01,,,,,,,,65,,09,40.178300,74.548810,N,,7862
20181351C060-2018-01225A,MONMOUTH,UPPER FREEHOLD TWP,09/06/2018,TH,1311,02,NEW JERSEY STATE POLICE,HAMILTON-SUB -,0,2,0,0,I,B,N,N,10,1,I-195,E,195,,00000195__,11.00,01,,01,04,02,01,01,01,01,01,,,,,,,,65,,01,40.177640,74.515180,N,,8140
20181351C060-2018-01237A,MONMOUTH,UPPER FREEHOLD TWP,09/09/2018,SU,,02,NEW JERSEY STATE POLICE,HAMILTON-SUB -,0,0,0,0,P,B,N,N,11,1,ROUTE 526,E,526,,00000526__,12.50,05,,01,04,02,02,05,02,05,01,,,,,,,,50,,46,40.171380,74.541360,N,Monmouth County guardrail.
250 Center Street  Freehold  NJ 07728
7324316550,8218
20181351C060-2018-01264A,MONMOUTH,UPPER FREEHOLD TWP,09/11/2018,TU,0819,02,NEW JERSEY STATE POLICE,HAMILTON-SUB -,0,2,0,0,I,B,N,N,01,2,ROUTE 537,W,537,,00000537__,35.00,05,,01,04,02,02,01,02,05,01,,,,,,,,50,,26,40.094890,74.520300,N,,8035
20181351C060-2018-01265A,MONMOUTH,UPPER FREEHOLD TWP,09/11/2018,TU,0749,02,NEW JERSEY STATE POLICE,HAMILTON-SUB -,0,0,0,0,P,B,N,N,11,1,ROUTE 537,W,537,,00000537__,34.40,05,,01,04,02,02,01,02,05,01,,,,,,,,50,,57,40.090490,74.527080,N,,8118
20181351C060-2018-01268A,MONMOUTH,UPPER FREEHOLD TWP,09/11/2018,TU,2331,02,NEW JERSEY STATE POLICE,HAMILTON-SUB -,0,2,0,0,I,B,N,N,10,1,ROUTE 539,E,539,,00000539__,46.00,05,,02,04,02,01,05,01,05,01,,,E,WINCHESTER BLVD,,,,40,25,01,40.168760,74.579910,N,,7982
20181351C060-2018-01302A,MONMOUTH,UPPER FREEHOLD TWP,09/15/2018,SA,0810,02,NEW JERSEY STATE POLICE,HAMILTON-SUB -,0,2,0,0,I,I,N,N,03,2,ROUTE 539,S,539,,00000539__,39.51,05,,01,04,02,01,01,01,05,01,,AT,,NJ 27 / BURLINGTON PATH RD,,,,50,45,26,40.132800,74.529250,N,,8151
20181351C060-2018-01303A,MONMOUTH,UPPER FREEHOLD TWP,09/15/2018,SA,1807,02,NEW JERSEY STATE POLICE,HAMILTON-SUB -,0,0,0,0,P,B,N,N,12,1,ROUTE 537,E,537,,00000537__,38.10,05,,01,04,02,01,01,01,05,01,,,,,,,,50,,24,40.127720,74.070790,N,,8204
20181351C060-2018-01309A,MONMOUTH,UPPER FREEHOLD TWP,09/16/2018,SU,1800,02,NEW JERSEY STATE POLICE,HAMILTON-SUB -,0,0,0,0,P,B,N,N,01,2,SHARON STATION RD,N,,,,,07,,01,04,02,01,01,01,05,01,,,S,ROUTE 526,,,,45,50,26,40.654000,74.541370,N,,8204
20181351C060-2018-01315A,MONMOUTH,UPPER FREEHOLD TWP,09/17/2018,MO,2128,02,NEW JERSEY STATE POLICE,HAMILTON-SUB -,0,0,0,0,P,B,N,N,11,1,MEIRS RD **,S,,,13511013__,,07,,01,04,02,02,05,02,05,01,,,,ROUTE 537,,,,35,45,69,40.115230,74.489730,N,Concrete driveway entrance located on 13 Meirs Road  Upper Freehold.,7997
20181351C060-2018-01316A,MONMOUTH,UPPER FREEHOLD TWP,09/18/2018,TU,0614,02,NEW JERSEY STATE POLICE,HAMILTON-SUB -,0,0,0,0,P,B,N,N,05,2,ROUTE 539,S,539,,00000539__,39.71,05,,01,04,02,01,05,01,05,01,1056,FE,N,NJ 27 / BURLINGTON PATH RD,,,,45,30,26,40.134490,74.530610,N,Sign and Shrubs-Marge's Deli and Grill  Greta VanNoordenburg. 609-903-4656,8052
20181351C060-2018-01333A,MONMOUTH,UPPER FREEHOLD TWP,09/19/2018,WE,2057,02,NEW JERSEY STATE POLICE,HAMILTON-SUB -,0,2,0,0,I,B,N,N,01,3,I-195,W,195,,00000195__,9.00,01,,01,04,02,01,03,01,01,01,,,,,,,,65,,26,40.183440,74.562750,N,,8204
20181351C060-2018-01339A,MONMOUTH,UPPER FREEHOLD TWP,09/20/2018,TH,0932,02,NEW JERSEY STATE POLICE,HAMILTON-SUB -,0,1,0,0,I,B,N,N,11,1,YELLOW MEETING HOUSE RD,S,,,,,07,,01,04,02,01,01,01,04,01,,,S,TROTTER WAY,,,,50,50,60,40.167720,74.473100,N,,8256
20181351C060-2018-01340A,MONMOUTH,UPPER FREEHOLD TWP,09/20/2018,TH,1252,02,NEW JERSEY STATE POLICE,HAMILTON-SUB -,0,0,0,0,P,B,N,N,11,1,I-195,E,195,,00000195__,11.50,01,,01,04,02,01,01,05,01,01,,,,,,,,65,,46,40.177580,74.517080,N,5 Feet of Guardrail damage.,8256
20181351C060-2018-01341A,MONMOUTH,UPPER FREEHOLD TWP,09/20/2018,TH,0746,02,NEW JERSEY STATE POLICE,HAMILTON-SUB -,0,0,0,0,P,B,N,N,01,2,I-195,E,195,,00000195__,9.00,01,,01,04,02,01,01,01,01,01,,,,,,,,65,,26,40.174310,74.495350,N,,8256
20181351C060-2018-01342A,MONMOUTH,UPPER FREEHOLD TWP,09/20/2018,TH,1834,02,NEW JERSEY STATE POLICE,HAMILTON-SUB -,0,0,0,0,P,B,N,N,11,1,BURLINGTON PATH RD,E,,,,,07,,03,04,02,01,01,01,05,01,,,E,RED VALLEY RD,,,,35,35,59,40.122220,74.521250,N,Metal Gate and 10 Ft of Wooden Fence at 63 Red Valley Rd Cream Ridge  NJ.,8178
20181351C060-2018-01345A,MONMOUTH,UPPER FREEHOLD TWP,09/21/2018,FR,0605,02,NEW JERSEY STATE POLICE,HAMILTON-SUB -,0,0,0,0,P,B,N,N,12,1,ROUTE 524,E,524,,00000524__,9.50,05,,01,04,02,01,02,01,05,01,,,,,,,,50,,24,40.183620,74.543700,N,,8052
20181351C060-2018-01346A,MONMOUTH,UPPER FREEHOLD TWP,09/21/2018,FR,0553,02,NEW JERSEY STATE POLICE,HAMILTON-SUB -,0,0,0,0,P,B,N,N,12,1,ROUTE 524,E,524,,00000524__,9.50,05,,01,04,02,01,02,01,05,01,,,,,,,,50,,24,40.183550,74.543140,N,,8052
20181351C060-2018-01367A,MONMOUTH,UPPER FREEHOLD TWP,09/24/2018,MO,1424,02,NEW JERSEY STATE POLICE,HAMILTON-SUB -,0,1,0,0,I,B,Y,N,11,1,ROUTE 526,E,526,,00000526__,16.70,05,,01,04,02,01,01,01,05,01,,,,,,,,45,,52,40.173950,74.433180,N,Telephone Pole.,8140
20181351C060-2018-01375A,MONMOUTH,UPPER FREEHOLD TWP,09/25/2018,TU,1308,02,NEW JERSEY STATE POLICE,HAMILTON-SUB -,0,1,0,0,I,B,N,N,11,1,I-195,E,195,,00000195__,11.60,01,,01,04,02,02,01,02,01,01,,,,,,,,65,,60,40.177610,74.517240,N,,7982
20181351C060-2018-01387A,MONMOUTH,UPPER FREEHOLD TWP,09/26/2018,WE,1104,02,NEW JERSEY STATE POLICE,HAMILTON-SUB -,0,0,0,0,P,B,N,N,11,1,ROUTE 539,S,539,,00000539__,47.10,05,,03,04,02,02,01,01,01,01,,,N,NEW ST,,,,35,,46,40.206100,74.550700,N,,8055
20181351C060-2018-01419A,MONMOUTH,UPPER FREEHOLD TWP,10/02/2018,TU,0619,02,NEW JERSEY STATE POLICE,HAMILTON-SUB -,0,0,0,0,P,B,N,N,12,1,ROUTE 524,W,524,,00000524__,9.20,05,,01,04,02,01,01,01,05,01,,,,,,,,50,,24,40.122200,74.521200,N,,8262
20181351C060-2018-01426A,MONMOUTH,UPPER FREEHOLD TWP,10/02/2018,TU,1939,02,NEW JERSEY STATE POLICE,HAMILTON-SUB -,0,0,0,0,P,B,N,N,12,1,ROUTE 539,N,539,,00000539__,,05,,01,04,02,01,05,01,05,01,,,N,ALLEN DRIVE,,,,55,55,24,40.162690,74.568290,N,,7972
20181351C060-2018-01437A,MONMOUTH,UPPER FREEHOLD TWP,10/03/2018,WE,2244,02,NEW JERSEY STATE POLICE,HAMILTON-SUB -,0,0,0,0,P,B,N,N,11,1,MILL STREAM RD **,E,,,13511010__,.00,07,,02,04,02,01,05,01,05,01,2640,FE,W,ROUTE 537,,,,25,50,47,40.095070,74.520220,N,GUARDRAIL
314 County Road 539  Upper Freehold  New Jersey  08514,7874
20181351C060-2018-01438A,MONMOUTH,UPPER FREEHOLD TWP,10/03/2018,WE,1936,02,NEW JERSEY STATE POLICE,HAMILTON-SUB -,0,0,0,0,P,B,Y,N,11,1,ROUTE 537,W,537,,00000537__,34.30,05,,01,04,01,01,03,01,04,01,,,,,,,,50,,48,40.099220,74.512350,N,,7528
20181351C060-2018-01439A,MONMOUTH,UPPER FREEHOLD TWP,10/04/2018,TH,0744,02,NEW JERSEY STATE POLICE,HAMILTON-SUB -,0,0,0,0,P,B,N,N,01,2,ROUTE 539,W,539,,00000539__,47.00,05,,01,04,02,01,01,01,05,01,,,W,SMITHBURG RD,,,,50,50,26,40.208910,74.353520,N,,7982
20181351C060-2018-01447A,MONMOUTH,UPPER FREEHOLD TWP,10/06/2018,SA,1429,02,NEW JERSEY STATE POLICE,HAMILTON-SUB -,0,0,0,0,P,B,N,N,01,2,ROUTE 537,W,537,,00000537__,39.50,05,,01,04,02,01,01,01,01,01,,,,,,,,50,,26,40.152110,74.435850,N,,8257
20181351C060-2018-01448A,MONMOUTH,UPPER FREEHOLD TWP,10/06/2018,SA,0332,02,NEW JERSEY STATE POLICE,HAMILTON-SUB -,0,0,0,0,P,B,Y,N,06,2,PROVINCE LINE RD,N,,,,,07,,01,04,02,01,05,01,01,01,,,,STEWARD RD,,,,35,35,26,40.121050,74.578030,N,,8055
20181351C060-2018-01488A,MONMOUTH,UPPER FREEHOLD TWP,10/13/2018,SA,0157,02,NEW JERSEY STATE POLICE,HAMILTON-SUB -,0,0,0,0,P,B,N,N,12,1,I-195,E,195,,00000195__,11.80,01,,01,04,02,01,05,01,03,01,,,,,,,,65,,24,40.177180,74.511450,N,,8041
20181351C060-2018-01489A,MONMOUTH,UPPER FREEHOLD TWP,10/13/2018,SA,2010,02,NEW JERSEY STATE POLICE,HAMILTON-SUB -,0,0,0,0,P,B,N,N,12,1,ROUTE 539,S,539,,00000539__,43.60,05,,01,04,02,01,04,01,05,01,,,,,,,,40,,24,40.172280,74.584600,N,,8204
20181351C060-2018-01492A,MONMOUTH,UPPER FREEHOLD TWP,10/13/2018,SA,2221,02,NEW JERSEY STATE POLICE,HAMILTON-SUB -,0,0,0,0,P,B,N,N,12,1,ROUTE 539,S,539,,00000539__,41.30,05,,01,04,02,01,05,01,05,01,1584,FE,S,HOLMES MILL RD / POLHEMUSTOWN RD,,,,45,35,24,40.174400,74.522900,N,,7982
20181351C060-2018-01493A,MONMOUTH,UPPER FREEHOLD TWP,10/14/2018,SU,0644,02,NEW JERSEY STATE POLICE,HAMILTON-SUB -,0,0,0,0,P,B,N,N,01,2,ROUTE 537,W,537,,00000537__,35.80,05,,01,04,02,01,02,01,05,01,,,,,,,,50,,26,40.112600,74.494370,N,,8256
20181351C060-2018-01506A,MONMOUTH,UPPER FREEHOLD TWP,10/11/2018,TH,0702,02,NEW JERSEY STATE POLICE,HAMILTON-SUB -,0,2,0,0,I,I,N,N,07,2,ROUTE 526,W,526,,00000526__,10.97,05,,01,04,02,02,02,02,05,01,,AT,,GALLOPING BROOK RD,,,,25,45,26,40.175810,74.570100,N,,8132
20181351C060-2018-01525A,MONMOUTH,UPPER FREEHOLD TWP,10/18/2018,TH,0207,02,NEW JERSEY STATE POLICE,HAMILTON-SUB -,0,1,0,0,I,B,N,N,12,1,I-195,E,195,,00000195__,8.80,01,,01,04,02,01,05,01,01,01,,,,,,,,65,,24,40.184160,74.566040,N,,8140
20181351C060-2018-01533A,MONMOUTH,UPPER FREEHOLD TWP,10/19/2018,FR,0307,02,NEW JERSEY STATE POLICE,HAMILTON-SUB -,0,0,0,0,P,B,N,N,12,1,SHARON STATION RD **,S,,,,,07,,01,04,02,01,05,01,05,01,,,S,DUTCHESS DR,,,,45,45,24,40.175110,74.541260,N,,8178
20181351C060-2018-01543A,MONMOUTH,UPPER FREEHOLD TWP,10/20/2018,SA,0909,02,NEW JERSEY STATE POLICE,HAMILTON-SUB -,0,0,0,0,P,I,N,N,03,2,ROUTE 539,N,539,,00000539__,40.81,05,,01,04,02,01,01,01,05,01,,AT,,SHARON STATION RD,,,,45,45,26,40.150130,74.539190,N,,8208
20181351C060-2018-01545A,MONMOUTH,UPPER FREEHOLD TWP,10/20/2018,SA,1705,02,NEW JERSEY STATE POLICE,HAMILTON-SUB -,0,0,0,0,P,B,N,N,01,2,SHARON STATION RD **,N,,,13511019__,,07,,01,04,02,01,01,01,05,01,,,S,ROUTE 526,,,,45,45,26,40.170920,74.541310,N,,8262
20181351C060-2018-01554A,MONMOUTH,UPPER FREEHOLD TWP,10/21/2018,SU,1711,02,NEW JERSEY STATE POLICE,HAMILTON-SUB -,0,0,0,0,P,B,N,N,03,2,MONMOUTH COUNTY 43,S,43,,13000043__,1.30,05,,01,07,02,01,01,01,05,01,,,,I-195,,,,45,65,26,40.167340,74.515370,N,,8262
20181351C060-2018-01556A,MONMOUTH,UPPER FREEHOLD TWP,10/22/2018,MO,0820,02,NEW JERSEY STATE POLICE,HAMILTON-SUB -,0,0,0,0,P,B,N,N,01,2,I-195,W,195,,00000195__,10.20,01,,01,04,02,01,01,01,03,01,,,,,,,,65,,26,40.177200,74.541700,N,,8120
20181351C060-2018-01557A,MONMOUTH,UPPER FREEHOLD TWP,10/22/2018,MO,0634,02,NEW JERSEY STATE POLICE,HAMILTON-SUB -,0,0,0,0,P,B,N,N,12,1,ROUTE 539,S,539,,00000539__,38.85,05,,01,04,02,01,01,01,05,01,100,FE,N,SCHOOLHOUSE RD,,,,50,35,24,40.122860,74.521690,N,,8120
20181351C060-2018-01558A,MONMOUTH,UPPER FREEHOLD TWP,10/22/2018,MO,0656,02,NEW JERSEY STATE POLICE,HAMILTON-SUB -,0,0,0,0,P,B,N,N,12,1,EXTONVILLE RD **,N,,,,,07,,01,04,02,01,01,01,05,01,,,S,CORONET DR,,,,35,35,24,40.122220,74.521250,N,,8120
20181351C060-2018-01559A,MONMOUTH,UPPER FREEHOLD TWP,10/22/2018,MO,0903,02,NEW JERSEY STATE POLICE,HAMILTON-SUB -,0,0,0,0,P,B,N,N,05,2,SHARON STATION RD **,S,,,13511019__,3.83,07,,01,04,02,01,01,01,05,01,700,FE,S,HERBERT RD,,,,50,35,26,40.206610,74.536590,N,,8120
20181351C060-2018-01570A,MONMOUTH,UPPER FREEHOLD TWP,10/24/2018,WE,,02,NEW JERSEY STATE POLICE,HAMILTON-SUB -,0,0,0,0,P,B,N,N,12,1,I-195,E,195,,00000195__,9.60,01,,01,04,02,01,05,01,01,01,,,,,,,,65,,24,40.179470,74.552230,N,,8158
20181351C060-2018-01571A,MONMOUTH,UPPER FREEHOLD TWP,10/24/2018,WE,0837,02,NEW JERSEY STATE POLICE,HAMILTON-SUB -,0,0,0,0,P,B,N,N,01,3,I-195,W,195,,00000195__,10.20,01,,01,04,02,01,01,01,01,01,,,,,,,,65,,26,40.186410,74.572430,N,,7972
20181351C060-2018-01585A,MONMOUTH,UPPER FREEHOLD TWP,10/25/2018,TH,,02,NEW JERSEY STATE POLICE,HAMILTON-SUB -,0,0,0,0,P,B,N,N,12,1,I-195,E,195,,00000195__,13.00,01,,01,04,02,01,05,01,01,01,,,,,,,,65,,24,40.173120,74.489430,N,,7360
20181351C060-2018-01586A,MONMOUTH,UPPER FREEHOLD TWP,10/25/2018,TH,0117,02,NEW JERSEY STATE POLICE,HAMILTON-SUB -,0,0,0,0,P,B,N,N,12,1,I-195,E,195,,00000195__,9.90,01,,01,04,02,01,06,01,01,01,,,,,,,,65,,24,40.185890,74.570100,N,,7865
20181351C060-2018-01587A,MONMOUTH,UPPER FREEHOLD TWP,10/25/2018,TH,0321,02,NEW JERSEY STATE POLICE,HAMILTON-SUB -,0,0,0,0,P,B,N,N,12,1,ROUTE 539,N,539,,00000539__,43.30,05,,01,04,02,01,05,01,05,01,,,S,WINCHESTER DR.,,,,50,25,24,40.168400,74.579320,N,,6399
20181351C060-2018-01591A,MONMOUTH,UPPER FREEHOLD TWP,10/25/2018,TH,1302,02,NEW JERSEY STATE POLICE,HAMILTON-SUB -,0,0,0,0,P,B,N,N,04,3,SHARON STATION RD **,S,,,13511019__,,07,,01,04,02,01,01,01,05,01,,,,ROUTE 524,,,,50,50,26,40.182690,74.534620,N,,8052
20181351C060-2018-01594A,MONMOUTH,UPPER FREEHOLD TWP,10/25/2018,TH,1835,02,NEW JERSEY STATE POLICE,HAMILTON-SUB -,0,0,0,0,P,B,N,N,12,1,ROUTE 526,E,526,,00000526__,,05,,01,04,02,01,05,01,05,01,,,,ROUTE 539,,,,50,50,24,40.171380,74.541360,N,,7997
20181351C060-2018-01595A,MONMOUTH,UPPER FREEHOLD TWP,10/25/2018,TH,2150,02,NEW JERSEY STATE POLICE,HAMILTON-SUB -,0,1,0,0,I,B,N,N,12,1,ROUTE 526,E,526,,00000526__,11.50,05,,01,04,02,01,05,01,05,01,,,,,,,,45,,24,40.161700,74.470640,N,,7971
20181351C060-2018-01624A,MONMOUTH,UPPER FREEHOLD TWP,10/27/2018,SA,1855,02,NEW JERSEY STATE POLICE,HAMILTON-SUB -,0,0,0,0,P,B,N,N,12,1,DAVIS STATION RD,W,,,,,07,,01,04,01,02,05,01,05,01,,,,HARVEY ROAD,,,,40,40,24,40.149580,74.523610,N,,8150
20181351C060-2018-01626A,MONMOUTH,UPPER FREEHOLD TWP,10/28/2018,SU,,02,NEW JERSEY STATE POLICE,HAMILTON-SUB -,0,0,0,0,P,B,N,N,06,2,IMLAYSTOWN-HIGHTSTOWN RD **,N,,,13511011__,,07,,01,04,02,02,05,02,05,01,,,N,DAVIS STATION ROAD,,,,25,30,28,40.165390,74.514180,N,,8158
20181351C060-2018-01633A,MONMOUTH,UPPER FREEHOLD TWP,10/29/2018,MO,0646,02,NEW JERSEY STATE POLICE,HAMILTON-SUB -,0,0,0,0,P,B,N,N,12,1,MILLERS MILL RD,N,,,,,07,,01,04,02,01,02,01,04,01,,,N,ROUTE 537,,,,35,50,24,40.135920,74.458840,N,,8257
20181351C060-2018-01636A,MONMOUTH,UPPER FREEHOLD TWP,10/29/2018,MO,0719,02,NEW JERSEY STATE POLICE,HAMILTON-SUB -,0,0,0,0,P,B,N,N,12,1,MEIRS RD **,N,,,13511013__,,07,,01,06,02,01,01,01,05,01,,,N,BURLINGTON PATH ROAD,,,,35,45,24,40.141030,74.512680,N,,8037
20181351C060-2018-01640A,MONMOUTH,UPPER FREEHOLD TWP,10/29/2018,MO,2015,02,NEW JERSEY STATE POLICE,HAMILTON-SUB -,0,0,0,0,P,B,N,N,12,1,EMLEYS HILL RD **,S,,,,,07,,01,04,02,01,03,01,05,01,,,N,WEATHERVANE CIRC,,,,35,25,24,40.133730,74.477150,N,,8052
20181351C060-2018-01647A,MONMOUTH,UPPER FREEHOLD TWP,10/30/2018,TU,0818,02,NEW JERSEY STATE POLICE,HAMILTON-SUB -,0,1,0,0,I,B,N,N,01,5,I-195,W,195,,00000195__,11.00,01,,01,04,02,01,01,01,03,01,,,,,,,,65,,26,40.176830,74.526650,N,,8037
20181351C060-2018-01653A,MONMOUTH,UPPER FREEHOLD TWP,10/30/2018,TU,1926,02,NEW JERSEY STATE POLICE,HAMILTON-SUB -,0,0,0,0,P,B,N,N,12,1,FORKED RIVER RD,E,,,,,07,,01,04,02,01,05,01,05,01,,,W,SCHOOLHOUSE ROAD,,,,50,35,24,40.125740,74.523780,N,,8238
20181351C060-2018-01654A,MONMOUTH,UPPER FREEHOLD TWP,10/30/2018,TU,1626,02,NEW JERSEY STATE POLICE,HAMILTON-SUB -,0,0,0,0,P,B,N,N,02,2,PINEHURST RD,N,,,,,07,,01,04,01,01,01,01,05,01,,,S,ROUTE 537,,,,50,50,26,40.130210,74.527180,N,,8208
20181351C060-2018-01656A,MONMOUTH,UPPER FREEHOLD TWP,10/30/2018,TU,1930,02,NEW JERSEY STATE POLICE,HAMILTON-SUB -,0,0,0,0,P,B,N,N,12,1,MONMOUTH COUNTY 27 I,N,27,,13000027__,4.28,07,,01,04,02,01,03,01,04,01,35,FE,W,HARVEY RD,,,,50,40,24,40.726300,74.182300,N,,8218
20181351C060-2018-01658A,MONMOUTH,UPPER FREEHOLD TWP,10/31/2018,WE,0438,02,NEW JERSEY STATE POLICE,HAMILTON-SUB -,0,0,0,0,P,B,N,N,12,1,MONMOUTH COUNTY 27 I,N,27,,13000027__,.88,07,,01,04,02,01,05,01,01,01,528,FE,S,CR 27 / HORNERSTOWN-ARNEY TOWN RD,,,,45,45,24,40.098510,74.535450,N,,8178
20181351C060-2018-01663A,MONMOUTH,UPPER FREEHOLD TWP,10/31/2018,WE,2048,02,NEW JERSEY STATE POLICE,HAMILTON-SUB -,0,0,0,0,P,B,N,N,12,1,ROUTE 539,S,539,,00000539__,42.80,05,,01,04,02,01,05,01,05,01,,,,,,,,45,,24,40.162990,74.568640,N,,8151
20181351C060-2018-01674A,MONMOUTH,UPPER FREEHOLD TWP,11/02/2018,FR,1432,02,NEW JERSEY STATE POLICE,HAMILTON-SUB -,0,0,0,0,P,I,N,N,02,2,ROUTE 526,E,526,,00000526__,11.49,05,,01,04,02,01,01,01,05,01,,AT,,FORGE MILL LN,,,,40,25,26,40.175120,74.566150,N,,8145
20181351C060-2018-01678A,MONMOUTH,UPPER FREEHOLD TWP,11/03/2018,SA,,02,NEW JERSEY STATE POLICE,HAMILTON-SUB -,0,0,0,0,P,B,N,N,11,1,I-195,E,195,,00000195__,9.00,01,,01,04,02,02,05,02,01,01,,,,,,,,65,,46,40.182990,74.562590,N,Guardrail NJDOT
P.O. Box 600
Trenton  NJ 08625,7874
20181351C060-2018-01684A,MONMOUTH,UPPER FREEHOLD TWP,11/05/2018,MO,,02,NEW JERSEY STATE POLICE,HAMILTON-SUB -,0,0,0,0,P,B,N,N,12,1,I-195,E,195,,00000195__,11.20,01,,01,04,02,01,05,01,01,01,,,,,,,,65,,24,40.176990,74.522670,N,,7972
20181351C060-2018-01705A,MONMOUTH,UPPER FREEHOLD TWP,11/06/2018,TU,0656,02,NEW JERSEY STATE POLICE,HAMILTON-SUB -,0,0,0,0,P,B,N,N,12,1,ROUTE 524,N,524,,00000524__,11.00,05,,01,06,01,01,01,05,05,01,,,,,,,,45,,24,40.177540,74.511580,N,,7247
20181351C060-2018-01733A,MONMOUTH,UPPER FREEHOLD TWP,11/07/2018,WE,0814,02,NEW JERSEY STATE POLICE,HAMILTON-SUB -,0,0,0,0,P,B,N,N,06,2,SHARON STATION RD **,N,,,13511019__,,07,,01,04,02,01,01,01,05,01,,,E,TRENTON LAKEWOOD RD,,,,45,45,28,40.172010,74.541220,N,,8257
20181351C060-2018-01742A,MONMOUTH,UPPER FREEHOLD TWP,11/09/2018,FR,,02,NEW JERSEY STATE POLICE,HAMILTON-SUB -,0,0,0,0,P,B,N,N,12,1,I-195,E,195,,00000195__,12.00,01,,01,04,02,01,05,01,01,01,,,,,,,,65,,24,40.176540,74.507780,N,,8208
20181351C060-2018-01743A,MONMOUTH,UPPER FREEHOLD TWP,11/09/2018,FR,0639,02,NEW JERSEY STATE POLICE,HAMILTON-SUB -,0,0,0,0,P,B,N,N,12,1,ROUTE 539,N,539,,00000539__,40.00,05,,01,04,02,01,01,01,05,01,50,FE,N,WALNFORD RD,,,,50,30,24,40.160560,74.565730,N,,8158
20181351C060-2018-01750A,MONMOUTH,UPPER FREEHOLD TWP,11/10/2018,SA,1216,02,NEW JERSEY STATE POLICE,HAMILTON-SUB -,0,1,0,0,I,B,N,N,03,2,MONMOUTH COUNTY 27 I,S,27,,13000027__,1.00,07,,01,04,02,01,01,01,05,01,,,,ARNEYTOWN-HORNERSTOWN ROAD,,,,45,45,26,40.101740,74.536010,N,,7528
20181351C060-2018-01751A,MONMOUTH,UPPER FREEHOLD TWP,11/11/2018,SU,0607,02,NEW JERSEY STATE POLICE,HAMILTON-SUB -,0,0,0,0,P,B,N,N,11,1,ROUTE 526,W,526,,00000526__,15.00,05,,01,04,02,01,02,01,05,01,,,,,,,,50,,60,40.164020,74.501640,N,,7528
20181351C060-2018-01752A,MONMOUTH,UPPER FREEHOLD TWP,11/11/2018,SU,2023,02,NEW JERSEY STATE POLICE,HAMILTON-SUB -,0,1,0,0,I,B,N,N,03,2,ROUTE 539,N,539,,00000539__,39.50,05,,01,04,02,01,07,01,05,01,,,,CR 27 I / MEIRS RD,,,,50,30,26,40.133200,74.527800,N,,7893
20181351C060-2018-01756A,MONMOUTH,UPPER FREEHOLD TWP,11/11/2018,SU,,02,NEW JERSEY STATE POLICE,HAMILTON-SUB -,0,0,0,0,P,B,N,N,12,1,I-195,W,195,,00000195__,13.00,01,,01,04,02,01,05,01,03,01,,,,,,,,65,,24,40.173510,74.489630,N,,7346