Year(4)-CountyCode(2)-MunicipalityCode(2)-CaseNumber(9),County Name,Municipality Name,Crash Date,Crash Day of Week,Crash Time,Police Department Code,Police Department,Police Station,Total Killed,Total Injured,Pedestrians Killed,Pedestrians Injured,Severity,Intersection,Alcohol Involved,Hazmat Involved,Crash Type,Total Vehicles,Location,Location Direction,Route,Route Suffix,Std Rte Identifier,MilePost,Road System,Road Character,Road Horizontal Alignment,Road Grade,Road Surface Type,Surface Condition,Light Condition,Environmental Condition,Road Divided By,Temporary Traffic Control Zone,Distance To Cross Street,Unit Of Measurement,Direction From Cross Street,Cross Street Name,Is Ramp,Ramp To/From Route Name,Ramp To/From Route Direction,Posted Speed,Posted Speed Cross Street,First Harmful Event,Latitude,Longitude,Cell Phone In Use Flag,Other Property Damage,Reporting Badge No.
201813522018-00561,MONMOUTH,WALL TWP,02/19/2018,MO,1234,01,WALL TWP PD,,0,0,0,0,P,I,N,N,02,2,NJ 34,S,34,,00000034__,2.63,02,,02,05,02,01,01,01,03,01,,AT,,ROUTE 524 / ALLAIRE RD,,,,35,40,26,,,N,,165
201813522018-00562,MONMOUTH,WALL TWP,02/19/2018,MO,1319,01,WALL TWP PD,,0,0,0,0,P,B,N,N,06,2,1722 NEW BEDFORD RD,,,,,,09,,01,04,02,01,01,01,05,01,,,,,,,,25,,28,,,N,,206
201813522018-00563,MONMOUTH,WALL TWP,02/19/2018,MO,1509,01,WALL TWP PD,,0,0,0,0,P,B,N,N,11,1,ROUTE 547,W,547,,00000547__,20.38,05,,01,04,02,01,01,01,05,01,300,FE,W,NJ 33,,,,45,35,,,,N,UTILITY POLE #BT220WL,206
201813522018-00567,MONMOUTH,WALL TWP,02/19/2018,MO,2035,01,WALL TWP PD,,0,0,0,0,P,I,N,N,08,2,SUNSET TERR,E,,,,,07,,01,04,02,01,05,01,05,01,,AT,,NEWMAN LN,,,,25,25,26,,,N,,177
201813522018-00571,MONMOUTH,WALL TWP,02/20/2018,TU,1508,01,WALL TWP PD,,0,1,0,0,I,I,N,N,11,1,NJ 33,W,33,,00000033__,36.03,02,,01,04,02,01,01,01,04,01,,AT,,ROUTE 547 / SHAFTO RD / WYKOFF RD,,,,50,40,,,,N,DOT TRAFFIC LIGHT POLE WAS DAMAGED.,181
201813522018-00573,MONMOUTH,WALL TWP,02/20/2018,TU,1713,01,WALL TWP PD,PATROL,0,0,0,0,P,B,N,N,01,2,ROUTE 524 SPUR,W,524,S,00000524S_,2.44,05,,03,04,02,01,03,01,05,01,50,FE,E,NJ 35,,,,35,40,26,,,N,,205
201813522018-00580,MONMOUTH,WALL TWP,02/21/2018,WE,0645,01,WALL TWP PD,PATROL,0,0,0,0,P,B,N,N,02,2,MONMOUTH COUNTY 18 I,E,18,1,130000181_,2.46,05,,01,04,02,01,01,01,03,01,,,,,F,NJ 34,,45,,26,,,N,,207
201813522018-00581,MONMOUTH,WALL TWP,02/21/2018,WE,0901,01,WALL TWP PD,PATROL,0,0,0,0,P,I,N,N,15,2,NJ 34,,34,,00000034__,2.63,02,,01,04,02,01,01,01,03,01,,AT,,ROUTE 524 / ALLAIRE RD,,,,55,,12,,,N,,153
201813522018-00584,MONMOUTH,WALL TWP,02/21/2018,WE,1145,01,WALL TWP PD,PATROL,0,0,0,0,P,I,N,N,01,2,CAMPUS PKWY,N,,,,,07,,01,04,02,01,01,01,03,01,,AT,,NJ 33,,,,25,55,26,,,N,,207
201813522018-00591,MONMOUTH,WALL TWP,02/21/2018,WE,1653,01,WALL TWP PD,,0,0,0,0,P,B,N,N,01,2,NJ 138,W,138,,00000138__,1.82,02,,01,04,02,01,01,01,03,01,100,FE,W,NJ 18,,,,55,55,26,,,N,GUARDRAIL,202
201813522018-00597,MONMOUTH,WALL TWP,02/22/2018,TH,0951,01,WALL TWP PD,PATROL,0,0,0,0,P,I,N,N,02,2,NJ 34,N,34,,00000034__,2.63,02,,01,04,02,01,01,01,03,01,,AT,,ROUTE 524 / ALLAIRE RD,,,,55,45,26,,,N,,207
201813522018-00600,MONMOUTH,WALL TWP,02/22/2018,TH,1148,01,WALL TWP PD,,0,1,0,0,I,I,N,N,01,2,OLD MILL RD,,,,13521307__,.00,07,,01,04,02,02,01,05,05,01,,AT,,NJ 35,,,,,,26,,,N,,149
201813522018-00605,MONMOUTH,WALL TWP,02/22/2018,TH,1750,01,WALL TWP PD,PATROL,0,1,0,0,I,B,N,N,01,3,NJ 35,S,35,,00000035__,16.57,02,,01,04,02,02,06,02,04,01,528,FE,N,LAKEWOOD RD / MARCELLUS AVE,,,,40,25,26,,,N,,
201813522018-00615,MONMOUTH,WALL TWP,02/23/2018,FR,1329,01,WALL TWP PD,PATROL,0,1,0,0,I,B,N,N,11,1,NJ 18,N,18,,00000018__,5.14,02,,02,04,02,02,01,02,01,01,,,,,F,NJ 138,WB,65,,46,,,N,GUARDRAIL,203
201813522018-00616,MONMOUTH,WALL TWP,02/23/2018,FR,1336,01,WALL TWP PD,PATROL,0,0,0,0,P,I,N,N,01,2,NJ 34,S,34,,00000034__,.33,02,,01,04,02,02,01,02,03,01,,AT,,LAKEWOOD RD,,,,50,25,26,,,N,,191
201813522018-00620,MONMOUTH,WALL TWP,02/23/2018,FR,1632,01,WALL TWP PD,PATROL,0,0,0,0,P,B,N,N,01,2,NJ 138,E,138,,00000138__,.69,02,,01,04,02,02,01,02,03,01,100,FE,W,ALLENWOOD RD,,,,55,35,26,,,N,,205
201813522018-00623,MONMOUTH,WALL TWP,02/23/2018,FR,1905,01,WALL TWP PD,,0,0,0,0,P,B,N,N,01,2,NEW BEDFORD RD,E,,,13521306__,.00,07,,01,04,02,01,07,01,05,01,15,FE,W,NJ 35,,,,35,40,26,,,N,,182
201813522018-00632,MONMOUTH,WALL TWP,02/24/2018,SA,1245,01,WALL TWP PD,PATROL,0,0,0,0,P,B,N,N,01,2,NJ 35,,35,,00000035__,17.43,02,,01,04,02,02,01,02,04,01,100,FE,N,SEA GIRT AVE,,,,40,35,26,,,N,,203
201813522018-00635,MONMOUTH,WALL TWP,02/24/2018,SA,1703,01,WALL TWP PD,PATROL,0,0,0,0,P,B,N,N,11,1,NJ 138,W,138,,00000138__,1.84,02,,03,06,02,02,01,01,01,01,,,,,F,NJ 18,SB,55,,56,,,N,,194
201813522018-00640,MONMOUTH,WALL TWP,02/24/2018,SA,1150,01,WALL TWP PD,PATROL,0,0,0,0,P,B,Y,N,11,1,NJ 138,E,138,,00000138__,3.32,02,,02,04,02,02,06,02,05,01,100,FE,W,NJ 35,,,,55,,56,,,N,,175
201813522018-00642,MONMOUTH,WALL TWP,02/25/2018,SU,0749,01,WALL TWP PD,PATROL,0,0,0,0,P,B,N,N,11,1,I-195,,195,,00000195__,33.80,01,,03,04,02,02,01,02,01,01,,,,,,,,65,,60,,,N,,203
201813522018-00643,MONMOUTH,WALL TWP,02/25/2018,SU,0754,01,WALL TWP PD,PATROL,0,0,0,0,P,B,N,N,11,1,I-195,W,195,,00000195__,,01,,03,04,02,02,01,02,01,02,,,,,,,,65,,60,,,N,,194
201813522018-00645,MONMOUTH,WALL TWP,02/25/2018,SU,1432,01,WALL TWP PD,,0,1,0,0,I,B,Y,N,01,2,NJ 35,N,35,,00000035__,18.69,02,,01,04,02,01,01,01,05,01,100,FE,S,CR 47 / WARREN AVE,,,,45,35,26,,,N,,206
201813522018-00649,MONMOUTH,WALL TWP,02/25/2018,SU,2102,01,WALL TWP PD,PATROL,0,0,0,0,P,B,N,N,06,2,MAPLEWOOD RD,N,,,,,07,,01,04,02,01,05,01,05,01,15,FE,N,CURTIS AVE,,,,25,25,28,,,N,,200
201813522018-00653,MONMOUTH,WALL TWP,02/26/2018,MO,0831,01,WALL TWP PD,PATROL,0,0,0,0,P,B,N,N,06,2,CURTIS AVE,E,,,,,07,,01,04,02,01,05,01,04,01,300,FE,W,NJ 71,,,,25,35,26,,,N,,196
201813522018-00654,MONMOUTH,WALL TWP,02/26/2018,MO,0917,01,WALL TWP PD,PATROL,0,0,0,0,P,B,N,N,01,2,OLD MILL RD,W,,,13521307__,.01,07,,01,04,02,01,01,01,04,01,50,FE,E,NJ 35,,,,25,40,26,,,N,,178
201813522018-00663,MONMOUTH,WALL TWP,02/26/2018,MO,1800,01,WALL TWP PD,,0,0,0,0,P,B,N,N,01,2,NJ 138,E,138,,00000138__,2.26,02,,01,04,02,01,05,01,03,01,100,FE,W,NEW BEDFORD RD,,,,55,35,26,,,N,,202
201813522018-00674,MONMOUTH,WALL TWP,02/27/2018,TU,1452,01,WALL TWP PD,,0,1,0,0,I,I,N,N,01,2,ROUTE 547,S,547,,00000547__,20.44,05,,01,04,02,01,01,01,04,01,,AT,,NJ 33,,,,45,50,26,,,N,,202
201813522018-00678,MONMOUTH,WALL TWP,02/27/2018,TU,1548,01,WALL TWP PD,,0,2,0,0,I,B,N,N,01,3,NJ 35,S,35,,00000035__,18.80,02,,01,04,02,01,01,01,05,01,100,FE,N,ROUTE 524 / ALLAIIRE RD,,,,40,,26,,,N,,
201813522018-00683,MONMOUTH,WALL TWP,02/28/2018,WE,0341,01,WALL TWP PD,PATROL,0,0,0,0,P,B,N,N,11,1,COOPER BLVD,S,,,,,07,,01,04,02,01,07,01,03,01,200,FE,S,LAKEWOOD RD,,,,,25,54,,,N,LIGHT POST WAS KNOCKED ONTO THE GROUND NEAR FRONT ENTRANCE,172
201813522018-00685,MONMOUTH,WALL TWP,02/28/2018,WE,0758,01,WALL TWP PD,,0,1,0,0,I,B,N,N,01,2,ROUTE 524 SPUR,W,524,S,00000524S_,.87,05,,03,04,02,01,01,01,05,01,,,,,T,NJ 34,NB,45,,26,,,N,,206
201813522018-00687,MONMOUTH,WALL TWP,02/28/2018,WE,1656,01,WALL TWP PD,PATROL,0,2,0,0,I,I,N,N,01,2,NJ 34,N,34,,00000034__,6.18,02,,01,04,02,01,01,01,03,01,,AT,,BROAD ST,,,,55,25,26,,,N,,194
201813522018-00699,MONMOUTH,WALL TWP,03/01/2018,TH,1808,01,WALL TWP PD,PATROL,0,0,0,0,P,B,N,N,04,2,ROUTE 524,W,524,,00000524__,,05,,01,04,02,02,07,02,04,01,,,,,,,,45,,26,,,N,,194
201813522018-00701,MONMOUTH,WALL TWP,03/01/2018,TH,2024,01,WALL TWP PD,PATROL,0,0,0,0,P,I,N,N,03,2,ROUTE 524 SPUR,E,524,S,00000524S_,.45,05,,01,04,02,02,05,02,05,01,,AT,,CR 21 / ALLENWOOD RD / RAMSHORN DR,,,,45,35,26,,,N,,200
201813522018-00704,MONMOUTH,WALL TWP,03/02/2018,FR,1250,01,WALL TWP PD,PATROL,0,0,0,0,P,B,N,N,11,1,NJ 34,N,34,,00000034__,4.13,02,,01,04,02,03,01,03,03,01,100,FE,S,,T,NJ 138,,55,,47,,,N,HEAVY DAMAGE TO GUARDRAIL IN MEDIAN,207
201813522018-00706,MONMOUTH,WALL TWP,03/02/2018,FR,1354,01,WALL TWP PD,,0,1,0,0,I,B,N,N,11,1,NJ 34,S,34,,00000034__,3.50,02,,01,04,02,05,01,03,03,01,100,FE,S,GARDEN STATE PARKWAY,,,,55,65,,,,N,,202
201813522018-00707,MONMOUTH,WALL TWP,03/02/2018,FR,1749,01,WALL TWP PD,,0,0,0,0,P,B,N,N,10,1,NJ 34,N,34,,00000034__,2.57,02,,01,04,02,03,03,07,03,01,300,FE,S,ROUTE 524 / ALLAIRE RD,,,,55,40,58,,,N,TREAD MARKS FROM VEHICLE 1'S TIRES  IN THE OPEN FIELD ON THE NORTHBOUND SIDE OF?,159
201813522018-00708,MONMOUTH,WALL TWP,03/02/2018,FR,1812,01,WALL TWP PD,PATROL,0,0,0,0,P,I,N,N,02,2,ALLENWOOD RD,N,,,13521019__,,07,,01,04,02,03,04,03,04,01,,AT,,PREMIER PL,,,,35,25,,,,N,,207
201813522018-00711,MONMOUTH,WALL TWP,03/03/2018,SA,0748,01,WALL TWP PD,,0,0,0,0,P,I,N,N,02,2,NJ 34,N,34,,00000034__,7.72,02,,02,04,02,01,01,01,03,01,,AT,,NJ 33,,,,55,55,26,,,N,,202
201813522018-00712,MONMOUTH,WALL TWP,03/03/2018,SA,0946,01,WALL TWP PD,,0,2,0,0,I,I,N,N,01,3,NJ 35,N,35,,00000035__,17.17,02,,03,04,02,01,01,01,04,01,,AT,,ROUTE 524 SPUR / ATLANTIC AVE,,,,40,35,26,,,N,,169
201813522018-00718,MONMOUTH,WALL TWP,02/16/2018,FR,1820,01,WALL TWP PD,PATROL,0,0,0,0,P,I,N,N,03,2,NJ 33,E,33,,00000033__,35.85,02,,03,04,02,01,06,01,03,01,,AT,,NJ 34,,,,50,55,26,,,N,,201
201813522018-00720,MONMOUTH,WALL TWP,03/03/2018,SA,2237,01,WALL TWP PD,WALL PD,0,0,0,0,P,I,N,N,02,2,NJ 33,,33,,00000033__,35.85,02,,03,07,02,01,06,01,03,01,,AT,,NJ 34,,,,55,,26,,,N,,185
201813522018-00737,MONMOUTH,WALL TWP,03/05/2018,MO,0152,01,WALL TWP PD,PATROL,0,0,0,0,P,B,N,N,06,2,K STREET,N,,,,,07,,01,04,02,01,05,01,05,01,225,FE,N,CR 30,,,,25,25,28,,,N,,198
201813522018-00739,MONMOUTH,WALL TWP,03/05/2018,MO,0731,01,WALL TWP PD,,0,0,0,0,P,B,N,N,01,2,NJ 34,N,34,,00000034__,7.35,02,,01,04,02,01,01,01,03,01,500,FE,N,WYCKOFF RD,,,,55,45,26,,,N,,181
201813522018-00740,MONMOUTH,WALL TWP,03/05/2018,MO,0816,01,WALL TWP PD,PATROL,0,1,0,0,I,B,N,N,01,2,NJ 138,E,138,,00000138__,.73,02,,01,04,02,01,01,01,01,01,100,FE,E,ALLENWOOD RD,,,,55,40,26,,,N,,203
201813522018-00748,MONMOUTH,WALL TWP,03/05/2018,MO,1546,01,WALL TWP PD,PATROL,0,1,0,0,I,B,N,N,01,2,NJ 138,E,138,,00000138__,.73,02,,01,04,02,01,01,01,01,01,100,FE,E,ALLENWOOD RD,,,,55,40,26,,,N,,203
201813522018-00750,MONMOUTH,WALL TWP,03/05/2018,MO,1837,01,WALL TWP PD,PATROL,0,1,0,0,I,B,N,N,01,3,NJ 138,E,138,,00000138__,1.28,02,,01,04,02,01,06,01,01,01,500,FE,E,CLUB DR,,,,55,25,26,,,N,,
201813522018-00758,MONMOUTH,WALL TWP,03/06/2018,TU,1621,01,WALL TWP PD,PATROL,0,0,0,0,P,I,N,N,03,2,NJ 33,E,33,,00000033__,35.85,02,,01,04,02,01,01,01,03,01,,AT,,NJ 34,,,,50,,26,,,N,,194
201813522018-00759,MONMOUTH,WALL TWP,03/06/2018,TU,1649,01,WALL TWP PD,,0,0,0,0,P,B,N,N,01,2,NJ 70,E,70,,00000070__,58.75,02,,01,04,02,01,01,01,01,01,75,FE,W,CR 48 / RIVERVIEW DR,,,,50,,,,,N,,137
201813522018-00768,MONMOUTH,WALL TWP,03/07/2018,WE,1245,01,WALL TWP PD,PATROL,0,0,0,0,P,B,N,N,11,1,NJ 18,S,18,,00000018__,6.91,02,,01,05,02,03,01,03,03,01,500,FE,N,BRIGHTON AVE,,,,65,40,,,,N,,167
201813522018-00770,MONMOUTH,WALL TWP,03/07/2018,WE,1448,01,WALL TWP PD,PATROL,0,2,0,0,I,I,N,N,03,2,NJ 35,,35,,00000035__,18.14,02,,01,04,02,05,01,06,05,01,,AT,,OCEAN RD,,,,40,25,26,,,N,,208
201813522018-00771,MONMOUTH,WALL TWP,03/07/2018,WE,1519,01,WALL TWP PD,PATROL,0,0,0,0,P,I,N,N,11,1,RAMSHORN DR,S,,,13081073__,.21,07,,02,04,02,05,01,03,04,01,,AT,,FOX LANE,,,,35,25,60,,,N,TREE (BARK CHIPPED OFF OF TREE),196
201813522018-00772,MONMOUTH,WALL TWP,03/07/2018,WE,1550,01,WALL TWP PD,,0,0,0,0,P,I,N,N,01,2,NJ 34,S,34,,00000034__,.33,02,,01,04,02,05,01,03,03,01,,AT,,LAKEWOOD RD,,,,55,35,26,,,N,,202
201813522018-00777,MONMOUTH,WALL TWP,03/08/2018,TH,1253,01,WALL TWP PD,PATROL,0,0,0,0,P,B,N,N,01,2,NJ 34,S,34,,00000034__,1.97,02,,03,04,02,01,01,01,04,01,,,,,T,ROUTE 524 SPUR,EB,55,,26,,,N,,178
201813522018-00786,MONMOUTH,WALL TWP,03/09/2018,FR,0847,01,WALL TWP PD,,0,0,0,0,P,I,N,N,01,2,NJ 34,N,34,,00000034__,7.72,02,,03,04,02,01,01,01,03,01,,AT,,NJ 33,,,,55,55,26,,,N,,159
201813522018-00787,MONMOUTH,WALL TWP,03/09/2018,FR,0958,01,WALL TWP PD,,0,1,0,0,I,B,N,N,07,2,NJ 35,N,35,,00000035__,16.73,02,,01,05,02,01,01,01,05,01,500,FE,S,CHURCH ST,,,,40,25,26,,,N,,165
201813522018-00788,MONMOUTH,WALL TWP,03/09/2018,FR,1052,01,WALL TWP PD,,0,0,0,0,P,B,N,N,01,2,NJ 138,W,138,,00000138__,.77,02,,01,04,02,01,01,01,03,01,300,FE,E,ALLENWOOD RD,,,,55,45,26,,,N,,206
201813522018-00792,MONMOUTH,WALL TWP,03/09/2018,FR,1301,01,WALL TWP PD,PATROL,0,0,0,0,P,B,N,N,02,2,NJ 34,S,34,,00000034__,,02,,01,04,02,01,01,01,03,01,,,,,,,,55,,26,,,N,,194
201813522018-00796,MONMOUTH,WALL TWP,03/09/2018,FR,1530,01,WALL TWP PD,,0,0,0,0,P,I,N,N,02,2,NJ 34,N,34,,00000034__,7.72,02,,02,04,02,01,01,01,03,01,,AT,,NJ 33,,,,55,55,26,,,N,,159
201813522018-00799,MONMOUTH,WALL TWP,03/09/2018,FR,1837,01,WALL TWP PD,PATROL,0,0,0,0,P,B,N,N,01,2,WYCKOFF RD,,,,13521005__,1.62,07,,01,04,02,01,05,01,05,01,1320,FE,N,CR 18,,,,35,40,26,,,N,,200
201813522018-00806,MONMOUTH,WALL TWP,03/10/2018,SA,1337,01,WALL TWP PD,,0,1,0,0,I,I,N,N,01,2,ROUTE 524 SPUR,E,524,S,00000524S_,2.43,05,,03,05,02,01,01,01,03,01,,AT,,NJ 35,,,,40,40,26,,,N,,12
201813522018-00808,MONMOUTH,WALL TWP,03/10/2018,SA,1821,01,WALL TWP PD,PATROL,0,0,0,0,P,B,N,N,11,1,ROUTE 524,E,524,,00000524__,37.25,05,,01,04,02,01,03,01,00,01,500,FE,E,CAMPBELL RD,,,,45,35,52,,,N,TELEPHONE POLE # JC1612,200
201813522018-00811,MONMOUTH,WALL TWP,03/11/2018,SU,0916,01,WALL TWP PD,,0,0,0,0,P,B,N,N,01,4,NJ 35,N,35,,00000035__,17.32,02,,01,04,02,01,01,01,04,01,500,FE,S,SEA GIRT AVE,,,,40,35,26,,,N,,
201813522018-00813,MONMOUTH,WALL TWP,03/11/2018,SU,1528,01,WALL TWP PD,PATROL,0,1,0,0,I,I,N,N,03,2,ROUTE 524 SPUR,W,524,S,00000524S_,.45,05,,01,04,02,01,01,01,04,01,,AT,,CR 21 / ALLENWOOD RD / RAMSHORN DR,,,,40,40,26,,,N,,203
201813522018-00826,MONMOUTH,WALL TWP,03/12/2018,MO,1537,01,WALL TWP PD,,0,1,0,0,I,B,N,N,01,2,NEW BEDFORD RD,N,,,13521306__,1.21,07,,01,04,02,01,01,05,04,01,50,FE,S,CR 30,,,,35,55,26,,,N,,202
201813522018-00828,MONMOUTH,WALL TWP,03/12/2018,MO,1555,01,WALL TWP PD,PATROL,0,0,0,0,P,B,N,N,01,2,NJ 35,S,35,,00000035__,17.43,02,,01,04,02,01,01,01,04,01,100,FE,N,SEA GIRT AVE,,,,40,35,26,,,N,,164
201813522018-00832,MONMOUTH,WALL TWP,03/12/2018,MO,1730,01,WALL TWP PD,PATROL,0,0,0,0,P,B,N,N,02,2,NJ 34,S,34,,00000034__,3.18,02,,01,04,02,01,01,01,03,01,100,FE,N,ALLENWOOD GLENDOLA RD,,,,55,35,26,,,N,,207
201813522018-00844,MONMOUTH,WALL TWP,03/14/2018,WE,1124,01,WALL TWP PD,,0,0,0,0,P,B,N,N,11,1,METEDECONK RD,N,,,,,07,,03,05,02,01,01,01,04,01,500,FE,S,ALLENWOOD LAKEWOOD,,,,40,45,,,,N,,181
201813522018-00847,MONMOUTH,WALL TWP,03/14/2018,WE,1643,01,WALL TWP PD,,0,0,0,0,P,B,N,N,02,2,NJ 138,E,138,,00000138__,3.34,02,,02,06,02,01,01,01,05,01,,,,,T,NJ 35,NB,55,,,,,N,,137
201813522018-00848,MONMOUTH,WALL TWP,03/14/2018,WE,1659,01,WALL TWP PD,PATROL,0,0,0,0,P,B,N,N,08,2,K STREET,N,,,,,07,,01,04,02,01,01,01,05,01,,,,,,,,25,,26,,,N,,194
201813522018-00849,MONMOUTH,WALL TWP,03/14/2018,WE,1720,01,WALL TWP PD,,0,0,0,0,P,I,N,N,01,2,NJ 138,W,138,,00000138__,.28,02,,01,05,02,01,01,01,01,01,,AT,,GARDEN STATE PARKWAY,,,,55,,26,,,N,,165
201813522018-00850,MONMOUTH,WALL TWP,03/14/2018,WE,1728,01,WALL TWP PD,,0,0,0,0,P,B,N,N,01,2,NJ 35,N,35,,00000035__,18.71,02,,01,04,02,01,01,01,05,01,25,FE,S,CR 47 / WARREN AVE,,,,40,,,,,N,,137
201813522018-00852,MONMOUTH,WALL TWP,03/14/2018,WE,1814,01,WALL TWP PD,,0,0,0,0,P,B,N,N,01,2,NJ 70,S,70,,00000070__,58.75,02,,01,04,02,01,03,01,01,01,20,FE,N,CR 48 / RIVERVIEW DR,,,,55,35,26,,,N,,206
201813522018-00856,MONMOUTH,WALL TWP,03/15/2018,TH,0852,01,WALL TWP PD,PATROL,0,0,0,0,P,I,N,N,01,2,NJ 138,W,138,,00000138__,.71,02,,01,04,02,01,01,01,03,01,,AT,E,ALLENWOOD RD,,,,55,35,26,,,N,,194
201813522018-00868,MONMOUTH,WALL TWP,03/15/2018,TH,1414,01,WALL TWP PD,PATROL,0,1,0,0,I,B,Y,N,03,2,NJ 35,N,35,,00000035__,,02,,01,04,02,01,01,01,04,01,,,,,,,,40,,26,,,N,,194
201813522018-00870,MONMOUTH,WALL TWP,03/15/2018,TH,1723,01,WALL TWP PD,,0,0,0,0,P,B,N,N,08,2,LAKEWOOD RD,W,,,,,07,,01,04,02,01,01,01,05,01,10,FE,S,PAYNTERS RD,,,,25,25,26,,,N,,206
201813522018-00877,MONMOUTH,WALL TWP,03/16/2018,FR,1654,01,WALL TWP PD,,0,0,0,0,P,B,N,N,01,2,NJ 138,W,138,,00000138__,.75,02,,01,04,02,01,01,01,03,01,200,FE,E,ALLENWOOD RD,,,,55,35,26,,,N,,202
201813522018-00878,MONMOUTH,WALL TWP,03/16/2018,FR,2226,01,WALL TWP PD,,0,0,0,0,P,I,N,N,01,2,NJ 34,,34,,00000034__,1.97,02,,01,04,01,01,07,01,03,01,,AT,,,F,ROUTE 524 SPUR,,50,,26,,,N,,204
201813522018-00880,MONMOUTH,WALL TWP,03/17/2018,SA,0934,01,WALL TWP PD,,0,0,0,0,P,B,N,N,11,1,ROUTE 549,S,549,,00000549__,14.98,05,,01,04,02,01,01,01,04,01,1320,FE,S,ALLENWOOD LAKEWOOD RD,,,,45,35,,,,N,STOP SIGN IN FRONT OF 3911 HERBERTSVILLE RD  USP BERDER FENCE UTILITY POLE #415?,202
201813522018-00882,MONMOUTH,WALL TWP,03/17/2018,SA,1116,01,WALL TWP PD,,0,1,0,0,I,B,N,N,02,2,NJ 34,S,34,,00000034__,.93,02,,01,04,02,01,01,01,03,01,100,FE,S,PAYNTERS RD,,,,55,35,26,,,N,,202
201813522018-00883,MONMOUTH,WALL TWP,03/17/2018,SA,1237,01,WALL TWP PD,PATROL,0,0,0,0,P,I,N,N,02,2,NJ 35,S,35,,00000035__,20.24,02,,01,04,02,01,01,01,03,01,,AT,,NJ 138,,,,40,55,26,,,N,,313
201813522018-00884,MONMOUTH,WALL TWP,03/17/2018,SA,1314,01,WALL TWP PD,PATROL,0,0,0,0,P,I,N,N,01,2,GULLY RD,S,,,13521414__,.00,07,,01,06,02,01,01,01,05,01,,AT,,CR 18,,,,35,40,26,,,N,,164
201813522018-00892,MONMOUTH,WALL TWP,03/18/2018,SU,1518,01,WALL TWP PD,PATROL,0,0,0,0,P,B,N,N,01,2,ROUTE 524,W,524,,00000524__,35.74,05,,01,04,02,01,01,04,05,01,100,FE,W,HOSPITAL RD,,,,40,40,26,,,N,,198
201813522018-00897,MONMOUTH,WALL TWP,03/19/2018,MO,0849,01,WALL TWP PD,,0,0,0,0,P,B,N,N,01,2,ROUTE 524 SPUR,,524,S,00000524S_,.87,05,,03,06,02,01,01,01,05,01,,,,,T,NJ 34,NB,,,,,,N,,137
201813522018-00905,MONMOUTH,WALL TWP,03/19/2018,MO,1337,01,WALL TWP PD,,0,0,0,0,P,B,N,N,02,2,MONMOUTH COUNTY 30 II,,30,2,130000302_,2.76,05,,01,05,02,01,01,01,05,01,120,FE,W,NJ 35,,,,35,,,,,N,,137
201813522018-00907,MONMOUTH,WALL TWP,03/19/2018,MO,1419,01,WALL TWP PD,,0,0,0,0,P,B,N,N,01,2,MONMOUTH COUNTY 18 I,E,18,1,130000181_,2.44,05,,01,04,02,01,01,01,05,01,100,FE,W,NJ 34,,,,50,55,26,,,N,,165
201813522018-00908,MONMOUTH,WALL TWP,03/19/2018,MO,1637,01,WALL TWP PD,WTPD,0,0,0,0,P,I,N,N,01,2,NJ 34,N,34,,00000034__,2.63,02,,02,04,02,01,01,01,03,01,,AT,,ROUTE 524 / ALLAIRE RD,,,,55,45,26,,,N,,190
201813522018-00911,MONMOUTH,WALL TWP,03/19/2018,MO,1930,01,WALL TWP PD,PATROL,0,0,0,0,P,B,N,N,12,1,NJ 34,S,34,,00000034__,4.52,02,,01,04,02,01,05,01,01,01,1320,FE,S,WEST HURLEY POND RD,,,,50,35,24,,,N,,200
201813522018-00919,MONMOUTH,WALL TWP,03/20/2018,TU,1619,01,WALL TWP PD,PATROL,0,0,0,0,P,I,N,N,01,2,NJ 34,N,34,,00000034__,4.13,02,,01,04,01,05,01,06,03,01,,AT,,I 195 / NJ 138,,,,55,65,26,,,N,,194
201813522018-00920,MONMOUTH,WALL TWP,03/20/2018,TU,1720,01,WALL TWP PD,PATROL,0,0,0,0,P,B,N,N,11,1,RAMSHORN DR,S,,,13521254__,1.18,07,,01,04,02,03,01,03,04,01,15,FE,N,RIVER BLUFF LN.,,,,40,25,52,,,N,MINOR DAMAGE TO UTILITY POLE BT558WL,203
201813522018-00925,MONMOUTH,WALL TWP,03/21/2018,WE,1545,01,WALL TWP PD,PATROL,0,1,0,0,I,B,N,N,11,1,ROUTE 549,E,549,,00000549__,15.42,05,,01,07,02,03,01,03,04,01,1000,FE,E,ALLENWOOD LAKEWOOD RD,,,,50,35,60,,,N,,200
201813522018-00926,MONMOUTH,WALL TWP,03/21/2018,WE,2114,01,WALL TWP PD,WALL PD,0,0,0,0,P,I,N,N,11,1,ALGONKIN TR,S,,,,,07,,01,04,02,03,06,03,05,01,,AT,,MANITO RD,,,,25,25,,,,N,POLE JC1509WL,185
201813522018-00928,MONMOUTH,WALL TWP,03/22/2018,TH,0742,01,WALL TWP PD,,0,0,0,0,P,B,Y,N,11,1,NJ 138,W,138,,00000138__,3.32,02,,01,04,02,02,01,05,03,01,100,FE,W,NJ 35,,,,55,25,,,,N,,169
201813522018-00929,MONMOUTH,WALL TWP,03/22/2018,TH,0847,01,WALL TWP PD,PATROL,0,0,0,0,P,I,N,N,03,2,NJ 34,S,34,,00000034__,.00,02,,01,04,02,02,01,01,04,01,,AT,,NJ 35 / NJ 70,,,,40,55,26,,,N,,178
201813522018-00931,MONMOUTH,WALL TWP,03/22/2018,TH,0917,01,WALL TWP PD,PATROL,0,0,0,0,P,I,N,N,03,2,NJ 35,N,35,,00000035__,16.00,02,,01,04,02,02,01,01,01,01,,AT,,NJ 34 / NJ 70,,,,50,,26,,,N,,153