Year(4)-CountyCode(2)-MunicipalityCode(2)-CaseNumber(9),County Name,Municipality Name,Crash Date,Crash Day of Week,Crash Time,Police Department Code,Police Department,Police Station,Total Killed,Total Injured,Pedestrians Killed,Pedestrians Injured,Severity,Intersection,Alcohol Involved,Hazmat Involved,Crash Type,Total Vehicles,Location,Location Direction,Route,Route Suffix,Std Rte Identifier,MilePost,Road System,Road Character,Road Horizontal Alignment,Road Grade,Road Surface Type,Surface Condition,Light Condition,Environmental Condition,Road Divided By,Temporary Traffic Control Zone,Distance To Cross Street,Unit Of Measurement,Direction From Cross Street,Cross Street Name,Is Ramp,Ramp To/From Route Name,Ramp To/From Route Direction,Posted Speed,Posted Speed Cross Street,First Harmful Event,Latitude,Longitude,Cell Phone In Use Flag,Other Property Damage,Reporting Badge No.
201813522018-00932,MONMOUTH,WALL TWP,03/22/2018,TH,0920,01,WALL TWP PD,PATROL,0,1,0,0,I,I,N,N,03,2,NJ 35,S,35,,00000035__,16.00,02,,01,04,02,02,01,01,04,01,,AT,,NJ 34 / NJ 70,,,,40,55,26,,,N,,178
201813522018-00934,MONMOUTH,WALL TWP,03/22/2018,TH,1320,01,WALL TWP PD,PATROL,0,0,0,0,P,B,N,N,10,1,MONMOUTH COUNTY 21,N,21,,13000021__,7.51,05,,03,05,02,02,01,01,05,01,4000,FE,N,METEDECONK RD,,,,35,40,69,,,N,,178
201813522018-00935,MONMOUTH,WALL TWP,03/22/2018,TH,1343,01,WALL TWP PD,,0,1,0,0,I,B,N,N,11,1,MEGIL RD,E,,,,,07,,01,04,02,05,01,01,05,01,3960,FE,W,CR 18,,,,35,40,,,,N,JCP&L UTILITY POLE SPLIT,169
201813522018-00937,MONMOUTH,WALL TWP,03/22/2018,TH,1715,01,WALL TWP PD,,0,0,0,0,P,B,N,N,01,2,NJ 138,E,138,,00000138__,2.27,02,,01,04,02,01,01,01,03,01,60,FE,W,NEW BEDFORD RD,,,,55,35,26,,,N,,169
201813522018-00938,MONMOUTH,WALL TWP,03/22/2018,TH,1737,01,WALL TWP PD,,0,0,0,0,P,I,N,N,03,2,LAKEWOOD RD,,,,,,07,,01,04,02,01,01,01,05,01,,AT,,ALGONKIN TRL.,,,,25,25,26,,,N,,202
201813522018-00943,MONMOUTH,WALL TWP,03/23/2018,FR,0909,01,WALL TWP PD,PATROL,0,0,0,0,P,I,N,N,07,2,LAKEWOOD ROAD,,,,,,07,,01,04,02,01,01,01,05,01,,AT,,COOPER BLVD,,,,25,15,26,,,N,,194
201813522018-00960,MONMOUTH,WALL TWP,03/24/2018,SA,1040,01,WALL TWP PD,,0,1,0,0,I,B,N,N,01,2,NJ 34,N,34,,00000034__,.29,02,,01,04,02,01,01,01,03,01,200,FE,S,LAKEWOOD RD,,,,55,25,26,,,N,,181
201813522018-00972,MONMOUTH,WALL TWP,03/25/2018,SU,0539,01,WALL TWP PD,PATROL,0,0,0,0,P,B,N,N,12,1,ROUTE 524,E,524,,00000524__,37.18,05,,01,04,02,01,05,01,05,01,100,FE,E,CAMPBELL RD,,,,45,35,24,,,N,,164
201813522018-00995,MONMOUTH,WALL TWP,03/27/2018,TU,1707,01,WALL TWP PD,PATROL,0,0,0,0,P,B,N,N,03,2,NJ 35,S,35,,00000035__,18.79,02,,01,04,02,01,01,01,04,01,60,FE,N,ROUTE 524 / ALLAIIRE RD,,,,40,35,26,,,N,,198
201813522018-00999,MONMOUTH,WALL TWP,03/28/2018,WE,0011,01,WALL TWP PD,PATROL,0,1,0,0,I,B,Y,N,11,1,MONMOUTH COUNTY 18 I,W,18,1,130000181_,5.12,05,,03,04,02,01,06,01,04,01,500,FE,E,GULLEY RD,,,,40,35,61,,,N,MAILBOX TO THE PROPERTY OF 3305 BELMAR BLVD; TREE TO THE PROPERTY OF 3311 BELMA?,178
201813522018-01000,MONMOUTH,WALL TWP,03/28/2018,WE,0640,01,WALL TWP PD,,0,0,0,0,P,B,N,N,12,1,BAILEYS CORNER RD,,,,,,07,,01,04,02,02,02,02,04,01,300,FE,S,CR 30,,,,35,35,24,,,N,,204
201813522018-01001,MONMOUTH,WALL TWP,03/28/2018,WE,0833,01,WALL TWP PD,PATROL,0,0,0,0,P,B,N,N,02,2,NJ 35,N,35,,00000035__,18.05,02,,01,04,02,01,01,05,05,01,500,FE,S,OCEAN RD,,,,40,35,26,,,N,,205
201813522018-01002,MONMOUTH,WALL TWP,03/28/2018,WE,0834,01,WALL TWP PD,,0,2,0,0,I,I,N,N,07,3,MONMOUTH COUNTY 30 II,W,30,2,130000302_,1.33,05,,03,06,02,01,01,01,04,01,,AT,,BAILEYS CORNER RD,,,,45,35,26,,,N,,
201813522018-01003,MONMOUTH,WALL TWP,03/28/2018,WE,0903,01,WALL TWP PD,PATROL,0,0,0,0,P,B,N,N,01,2,NJ 33,W,33,,00000033__,35.85,02,,01,04,02,01,01,01,03,01,10,FE,W,NJ 34,,,,50,55,26,,,N,,205
201813522018-01007,MONMOUTH,WALL TWP,03/28/2018,WE,1527,01,WALL TWP PD,PATROL,0,0,0,0,P,B,N,N,01,2,NJ 34,S,34,,00000034__,7.30,02,,01,04,02,01,01,01,03,01,200,FE,N,WYCKOFF RD,,,,55,40,26,,,N,,205
201813522018-01008,MONMOUTH,WALL TWP,03/28/2018,WE,0600,01,WALL TWP PD,,0,0,0,0,P,I,N,N,02,2,NJ 33,,33,,00000033__,35.85,02,,02,04,02,01,01,01,03,01,,AT,,NJ 34,,,,35,55,26,,,N,,204
201813522018-01010,MONMOUTH,WALL TWP,03/28/2018,WE,1857,01,WALL TWP PD,,0,0,0,0,P,B,N,N,02,2,NJ 34,S,34,,00000034__,3.16,02,,02,04,02,01,03,01,05,01,,,,,T,ALLENWOOD RD,WB,55,,26,,,N,,206
201813522018-01021,MONMOUTH,WALL TWP,03/29/2018,TH,2042,01,WALL TWP PD,PATROL,0,0,0,0,P,I,N,N,01,2,NEW BEDFORD RD,N,,,13521306__,1.50,07,,01,04,02,01,07,04,04,01,,AT,,NJ 138,,,,35,55,26,,,N,,194
201813522018-01027,MONMOUTH,WALL TWP,03/30/2018,FR,0746,01,WALL TWP PD,WALL PD,0,1,0,0,I,B,N,N,01,3,NJ 138,E,138,,00000138__,1.21,02,,01,04,02,02,01,01,01,01,100,FE,E,CLUB DR,,,,55,,,,,N,,
201813522018-01033,MONMOUTH,WALL TWP,03/30/2018,FR,1414,01,WALL TWP PD,PATROL,0,2,0,0,I,I,N,N,02,2,NJ 34,S,34,,00000034__,.00,02,,01,04,02,01,01,01,05,01,,AT,,NJ 35 / NJ 70,,,,55,55,26,,,N,,208
201813522018-01035,MONMOUTH,WALL TWP,03/30/2018,FR,1617,01,WALL TWP PD,PATROL,0,0,0,0,P,B,N,N,01,2,NJ 138,E,138,,00000138__,1.13,02,,01,04,02,01,01,05,01,01,300,FE,W,CLUB DR,,,,56,25,26,,,N,,207
201813522018-01060,MONMOUTH,WALL TWP,04/02/2018,MO,1717,01,WALL TWP PD,PATROL,0,1,0,0,I,B,N,N,01,2,NJ 35,S,35,,00000035__,18.71,02,,01,04,02,01,04,05,05,01,25,FE,N,CR 47 / WARREN AVE,,,,40,25,26,,,N,,205
201813522018-01064,MONMOUTH,WALL TWP,04/03/2018,TU,1731,01,WALL TWP PD,PATROL,0,0,0,0,P,B,N,N,01,3,NJ 34,S,34,,00000034__,3.61,02,,01,04,02,02,01,02,01,01,500,FE,N,GARDEN STATE PARKWAY,,,,55,65,26,,,N,,
201813522018-01065,MONMOUTH,WALL TWP,04/03/2018,TU,1002,01,WALL TWP PD,,0,0,0,0,P,B,N,N,06,2,CURTIS AVENUE,E,,,,,07,,01,04,02,00,00,00,05,01,300,FE,W,NJ 71,,,,25,40,26,,,N,,197
201813522018-01066,MONMOUTH,WALL TWP,04/03/2018,TU,1009,01,WALL TWP PD,PATROL,0,0,0,0,P,B,N,N,11,1,NJ 34,N,34,,00000034__,4.13,02,,03,05,02,02,01,02,01,01,,,,,T,NJ 138,WB,50,,56,,,N,,200
201813522018-01076,MONMOUTH,WALL TWP,04/04/2018,WE,1401,01,WALL TWP PD,WALL PD,0,0,0,0,P,I,N,N,02,2,WYCKOFF RD,S,,,13521005__,.00,07,,01,04,02,01,01,01,05,01,,AT,,NJ 33,,,,35,50,,,,N,,185
201813522018-01078,MONMOUTH,WALL TWP,04/04/2018,WE,1850,01,WALL TWP PD,PATROL,0,0,0,0,P,B,N,N,02,2,NJ 33,W,33,,00000033__,35.65,02,,01,04,02,01,01,01,04,01,10,FE,W,CATHERINE ST,,,,50,25,26,,,N,,201
201813522018-01080,MONMOUTH,WALL TWP,04/04/2018,WE,2028,01,WALL TWP PD,,0,0,0,0,P,B,N,N,11,1,CHURCH STREET,E,,,,,07,,01,04,02,01,07,01,05,05,25,FE,E,NJ 35,,,,30,40,69,,,N,1) UTILITY POLE - NE CORNER OF CHURCH/??35 2) STREET LAMP ON POLE + POWER LINE,192
201813522018-01094,MONMOUTH,WALL TWP,03/30/2018,FR,1617,01,WALL TWP PD,PATROL,0,0,0,0,P,B,N,N,01,2,NJ 138,E,138,,00000138__,1.13,02,,01,04,02,01,01,05,01,01,300,FE,W,CLUB DR,,,,55,25,26,,,N,,207
201813522018-01109,MONMOUTH,WALL TWP,04/06/2018,FR,1825,01,WALL TWP PD,PATROL,0,0,0,0,P,I,N,N,01,2,ROUTE 524 SPUR,W,524,S,00000524S_,2.43,05,,03,04,02,01,01,01,04,01,,AT,,NJ 35,,,,40,40,26,,,N,,203
201813522018-01127,MONMOUTH,WALL TWP,04/08/2018,SU,1042,01,WALL TWP PD,,0,0,0,0,P,B,N,N,01,2,NJ 34,N,34,,00000034__,1.97,02,,03,04,02,01,01,01,05,01,,,,,F,ROUTE 524 SPUR,WB,55,,,,,N,,137
201813522018-01132,MONMOUTH,WALL TWP,04/08/2018,SU,1529,01,WALL TWP PD,,0,1,0,0,I,I,N,N,11,1,NJ 138,,138,,00000138__,3.34,02,,03,05,02,01,01,01,02,01,,AT,,,T,NJ 35,SB,55,,11,,,N,,204
201813522018-01139,MONMOUTH,WALL TWP,04/09/2018,MO,0259,01,WALL TWP PD,PATROL,0,0,0,0,P,I,N,N,01,2,NJ 70,W,70,,00000070__,58.75,02,,01,04,02,01,06,01,01,01,,AT,,CR 48 / RIVERVIEW DR,,,,55,25,26,,,N,,203
201813522018-01140,MONMOUTH,WALL TWP,04/09/2018,MO,0835,01,WALL TWP PD,PATROL,0,1,0,0,I,I,N,N,01,3,NJ 33,W,33,,00000033__,35.85,02,,01,04,02,01,01,01,03,01,,AT,,NJ 34,,,,55,55,26,,,N,,
201813522018-01157,MONMOUTH,WALL TWP,04/10/2018,TU,1728,01,WALL TWP PD,PATROL,0,0,0,0,P,I,N,N,01,2,NJ 35,S,35,,00000035__,17.17,02,,02,04,02,01,01,01,02,01,,AT,,ROUTE 524 SPUR / ATLANTIC AVE,,,,40,45,26,,,N,,198
201813522018-01164,MONMOUTH,WALL TWP,04/11/2018,WE,0746,01,WALL TWP PD,,0,0,0,0,P,B,N,N,01,2,NJ 34,,34,,00000034__,.95,02,,01,04,02,01,01,01,03,01,300,FE,,PAYNTERS RD,,,,55,,26,,,N,,204
201813522018-01171,MONMOUTH,WALL TWP,04/11/2018,WE,1500,01,WALL TWP PD,,0,0,0,0,P,B,N,N,01,2,NJ 34,S,34,,00000034__,3.17,02,,01,04,02,01,01,01,03,01,50,FE,N,ALLENWOOD GLENDOLA RD,,,,50,45,26,,,N,,4150
201813522018-01179,MONMOUTH,WALL TWP,04/12/2018,TH,1009,01,WALL TWP PD,PATROL,0,0,0,0,P,B,N,N,02,2,MONMOUTH COUNTY 21,S,21,,13000021__,7.65,05,,03,04,02,01,01,01,05,01,50,FE,N,SANDPIPER WAY,,,,35,25,26,,,N,,200
201813522018-01199,MONMOUTH,WALL TWP,04/14/2018,SA,1042,01,WALL TWP PD,PATROL,0,1,0,0,I,I,N,N,14,1,NJ 34,S,34,,00000034__,7.26,02,,01,,02,01,01,01,03,01,,AT,,WYCKOFF RD,,,,55,35,26,,,N,,164
201813522018-01200,MONMOUTH,WALL TWP,04/14/2018,SA,1206,01,WALL TWP PD,WALL P.D.,0,0,0,0,P,B,N,N,01,2,ROUTE 524 SPUR,,524,S,00000524S_,2.87,05,,03,04,02,01,01,01,05,01,1056,FE,E,NJ 34,,,,45,55,,,,N,,185
201813522018-01202,MONMOUTH,WALL TWP,04/14/2018,SA,1405,01,WALL TWP PD,PATROL,0,1,0,0,I,B,N,N,01,2,NJ 138,W,138,,00000138__,1.22,02,,01,04,02,01,01,01,01,01,150,FE,E,CLUB DR,,,,55,25,26,,,N,,198
201813522018-01203,MONMOUTH,WALL TWP,04/15/2018,SU,1446,01,WALL TWP PD,WALL PD,0,0,0,0,P,B,N,N,01,2,NJ 34,N,34,,00000034__,.32,02,,01,04,02,01,01,01,03,01,50,FE,S,LAKEWOOD RD,,,,55,25,,,,N,,185
201813522018-01205,MONMOUTH,WALL TWP,04/14/2018,SA,1739,01,WALL TWP PD,PATROL,0,0,0,0,P,B,N,N,02,2,NJ 34,N,34,,00000034__,1.97,02,,01,04,02,01,01,01,03,01,,,,,F,ROUTE 524 SPUR,,55,,26,,,N,,195
201813522018-01207,MONMOUTH,WALL TWP,04/14/2018,SA,1949,01,WALL TWP PD,PATROL,0,0,0,0,P,I,N,N,02,2,NJ 34,S,34,,00000034__,2.63,02,,01,04,02,01,06,01,03,01,,AT,,ROUTE 524 / ALLAIRE RD,,,,55,45,26,,,N,,207
201813522018-01214,MONMOUTH,WALL TWP,04/15/2018,SU,0939,01,WALL TWP PD,PATROL,0,0,0,0,P,B,N,N,01,2,NJ 35,S,35,,00000035__,18.79,02,,01,04,02,01,01,01,04,01,30,FE,N,ROUTE 524 / ALLAIIRE RD,,,,40,,26,,,N,,195
201813522018-01219,MONMOUTH,WALL TWP,04/16/2018,MO,1753,01,WALL TWP PD,PATROL,0,0,0,0,P,I,N,N,03,2,MONMOUTH COUNTY 18 I,E,18,1,130000181_,6.85,05,,01,04,02,01,02,01,04,01,,AT,,MARCONI RD,,,,40,25,26,,,N,,203
201813522018-01226,MONMOUTH,WALL TWP,04/17/2018,TU,1203,01,WALL TWP PD,,0,0,0,0,P,B,N,N,15,1,I-195,E,195,,00000195__,34.15,01,,01,04,02,01,01,01,05,03,100,FE,W,NJ 34,,,,55,55,39,,,N,,147
201813522018-01231,MONMOUTH,WALL TWP,04/17/2018,TU,1559,01,WALL TWP PD,,0,0,0,0,P,B,N,N,01,2,NJ 34,,34,,00000034__,3.56,02,,01,04,02,01,01,01,03,01,200,FE,N,GARDEN STATE PARKWAY,,,,50,,,,,N,,160
201813522018-01233,MONMOUTH,WALL TWP,04/17/2018,TU,1714,01,WALL TWP PD,,0,0,0,0,P,I,N,N,01,2,NJ 34,,34,,00000034__,4.13,02,,01,04,02,01,01,01,03,01,,AT,,I 195 / NJ 138,,,,50,,,,,N,,160
201813522018-01234,MONMOUTH,WALL TWP,04/17/2018,TU,1751,01,WALL TWP PD,PATROL,0,1,0,0,I,I,N,N,01,2,NJ 34,S,34,,00000034__,7.72,02,,01,04,02,01,01,01,01,01,,AT,,NJ 33,,,,55,55,26,,,N,,203
201813522018-01239,MONMOUTH,WALL TWP,04/18/2018,WE,0754,01,WALL TWP PD,PATROL,0,0,0,0,P,I,N,N,03,2,ROUTE 549,S,549,,00000549__,15.94,05,,01,04,02,01,01,01,04,01,,AT,,EASY ST,,,,45,,26,,,N,,195
201813522018-01240,MONMOUTH,WALL TWP,04/18/2018,WE,1017,01,WALL TWP PD,,0,0,0,0,P,B,N,N,01,2,I-195,W,195,,00000195__,34.17,01,,03,04,02,01,01,01,03,01,,,,,F,NJ 34,NB,65,,26,,,N,,155
201813522018-01241,MONMOUTH,WALL TWP,04/18/2018,WE,1305,01,WALL TWP PD,PATROL,0,0,0,0,P,I,N,N,01,2,NJ 35,S,35,,00000035__,17.17,02,,02,04,02,01,01,01,03,01,,AT,,ROUTE 524 SPUR / ATLANTIC AVE,,,,40,45,26,,,N,,179
201813522018-01251,MONMOUTH,WALL TWP,04/19/2018,TH,1601,01,WALL TWP PD,,0,0,0,0,P,I,N,N,03,2,NJ 71,N,71,,00000071__,4.72,02,,01,04,02,02,01,02,05,01,,AT,,17TH AVE,,,,40,,26,,,N,,149
201813522018-01252,MONMOUTH,WALL TWP,04/19/2018,TH,1618,01,WALL TWP PD,PATROL,0,0,0,0,P,B,N,N,01,2,MONMOUTH COUNTY 18 I,E,18,1,130000181_,3.70,05,,01,04,02,02,01,02,04,01,800,FE,E,MARTIN RD,,,,40,,26,,,N,,195
201813522018-01253,MONMOUTH,WALL TWP,04/19/2018,TH,1627,01,WALL TWP PD,WALL PD,0,0,0,0,P,B,N,N,08,2,NJ 18,N,18,,00000018__,6.84,02,,02,04,02,01,01,01,03,01,100,FE,N,BRIGHTON AVE,,,,55,,,,,N,,185
201813522018-01254,MONMOUTH,WALL TWP,04/19/2018,TH,1046,01,WALL TWP PD,PATROL,0,0,0,0,P,B,N,N,01,2,ROUTE 547,,547,,00000547__,20.44,05,,03,04,02,02,01,02,02,01,20,FE,W,NJ 33,,,,50,,26,,,N,,195
201813522018-01262,MONMOUTH,WALL TWP,04/20/2018,FR,0720,01,WALL TWP PD,PATROL,0,0,0,0,P,B,N,N,01,2,NJ 34,,34,,00000034__,7.27,02,,01,04,02,01,01,01,03,01,30,FE,N,WYCKOFF RD,,,,55,35,26,,,N,,200
201813522018-01264,MONMOUTH,WALL TWP,04/20/2018,FR,0824,01,WALL TWP PD,PATROL,0,0,0,0,P,B,N,N,08,2,1817 OLD MILL RD,S,,,,,09,,01,04,05,01,01,01,05,01,400,FE,S,CR 30,,,,25,,26,,,N,,175
201813522018-01266,MONMOUTH,WALL TWP,04/20/2018,FR,1119,01,WALL TWP PD,PATROL,0,0,0,0,P,B,N,N,11,1,NJ 34,W,34,,00000034__,4.13,02,,03,05,02,01,01,01,01,01,,,,,T,I 195,WB,55,,56,,,N,,203
201813522018-01273,MONMOUTH,WALL TWP,04/20/2018,FR,1550,01,WALL TWP PD,PATROL,0,1,0,0,I,B,N,N,01,2,NJ 138,E,138,,00000138__,.69,02,,01,04,02,01,01,01,01,01,100,FE,W,ALLENWOOD RD,,,,55,35,26,,,N,,200
201813522018-01277,MONMOUTH,WALL TWP,04/20/2018,FR,2015,01,WALL TWP PD,,0,0,0,0,P,B,N,N,12,1,NJ 138,E,138,,00000138__,2.95,02,,01,,02,01,06,01,03,01,100,FE,E,OLD MILL RD,,,,55,40,24,,,N,,159
201813522018-01285,MONMOUTH,WALL TWP,04/21/2018,SA,1157,01,WALL TWP PD,PATROL,0,2,0,0,I,B,N,N,01,4,NJ 35,S,35,,00000035__,17.77,02,,01,04,02,01,01,01,05,01,500,FE,N,TARPON DR,,,,40,25,26,,,N,,209
201813522018-01291,MONMOUTH,WALL TWP,04/22/2018,SU,0720,01,WALL TWP PD,PATROL,0,0,0,0,P,B,Y,N,11,1,OCEAN RD,,,,,,05,,01,04,02,01,02,01,05,01,10,FE,E,BAILEYS CORNER RD,,,,35,35,59,,,N,WOODEN PARK FENCING. TWP PROPERTY,200
201813522018-01295,MONMOUTH,WALL TWP,04/22/2018,SU,1222,01,WALL TWP PD,PATROL,0,0,0,0,P,B,N,N,02,2,NJ 35,S,35,,00000035__,,02,,01,04,02,01,01,01,01,01,150,FE,S,CR 18,,,,50,35,26,,,N,,
201813522018-01296,MONMOUTH,WALL TWP,04/22/2018,SU,1359,01,WALL TWP PD,,0,0,0,0,P,B,N,N,01,2,NJ 35,S,35,,00000035__,16.53,02,,01,04,02,01,01,01,04,01,300,FE,N,LAKEWOOD RD / MARCELLUS AVE,,,,40,25,26,,,N,,
201813522018-01297,MONMOUTH,WALL TWP,04/22/2018,SU,1559,01,WALL TWP PD,,0,0,0,0,P,B,N,N,03,2,LAKEWOOD RD,W,,,,,07,,01,04,02,01,01,01,04,01,50,FE,E,NJ 34,,,,25,55,26,,,N,,
201813522018-01301,MONMOUTH,WALL TWP,04/22/2018,SU,2332,01,WALL TWP PD,,0,0,0,0,P,B,Y,N,15,1,PACIFIC AVE,,,,,,07,,01,04,02,01,06,01,05,01,10,FE,N,NEW JERSEY AVE,,,,25,25,39,,,N,PAVER WALL,206
201813522018-01303,MONMOUTH,WALL TWP,04/23/2018,MO,0743,01,WALL TWP PD,PATROL,0,0,0,0,P,B,N,N,02,2,NJ 34,S,34,,00000034__,6.37,02,,02,00,02,01,01,01,03,01,,,,,T,NJ 18,WB,55,,26,,,N,,164
201813522018-01304,MONMOUTH,WALL TWP,04/23/2018,MO,0746,01,WALL TWP PD,1 WALL PD,0,1,0,0,I,I,N,N,03,2,MONMOUTH COUNTY 18 I,,18,1,130000181_,5.68,05,,01,04,02,01,01,01,05,01,,AT,,MONMOUTH BLVD,,,,35,25,,,,N,,185
201813522018-01314,MONMOUTH,WALL TWP,04/23/2018,MO,1209,01,WALL TWP PD,,0,0,0,0,P,I,N,N,02,2,NJ 33,W,33,,00000033__,35.85,02,,02,04,02,01,01,01,03,01,,AT,,NJ 34,,,,50,55,26,,,N,,202
201813522018-01317,MONMOUTH,WALL TWP,04/23/2018,MO,1616,01,WALL TWP PD,PATROL,0,0,0,0,P,B,N,N,11,1,GULLY RD,N,,,13521414__,.53,07,,01,05,02,01,01,01,05,01,500,FE,N,REMSEN MILL RD,,,,35,25,60,,,N,TREES ON PROPERTY OF SHARK RIVER PARK.,164
201813522018-01318,MONMOUTH,WALL TWP,04/23/2018,MO,1708,01,WALL TWP PD,WALL PD,0,0,0,0,P,I,N,N,03,2,ROUTE 524,,524,,00000524__,35.76,05,,01,04,02,01,01,01,05,01,,AT,,HOSPITAL RD,,,,40,35,,,,N,,185
201813522018-01334,MONMOUTH,WALL TWP,04/24/2018,TU,2358,01,WALL TWP PD,PATROL,0,1,0,0,I,I,N,N,04,2,MONMOUTH COUNTY 18 I,W,18,1,130000181_,5.99,05,,01,04,02,02,06,02,04,01,,AT,,NEW BEDFORD RD,,,,35,35,26,,,N,,201
201813522018-01348,MONMOUTH,WALL TWP,04/26/2018,TH,0745,01,WALL TWP PD,,0,1,0,0,I,B,N,N,01,2,EIGHTH AVE,S,,,,,07,,01,04,02,01,01,01,05,01,100,FE,N,PHILADELPHIA BLVD,,,,35,25,26,,,N,,197
201813522018-01349,MONMOUTH,WALL TWP,04/26/2018,TH,0749,01,WALL TWP PD,PATROL,0,0,0,0,P,I,N,N,11,1,NJ 138,E,138,,00000138__,.28,02,,01,05,02,01,01,01,01,01,,AT,,GARDEN STATE PARKWAY,,,,50,65,04,,,N,,
201813522018-01350,MONMOUTH,WALL TWP,04/26/2018,TH,0906,01,WALL TWP PD,,0,0,0,0,P,I,N,N,02,2,NJ 33,E,33,,00000033__,35.85,02,,03,04,02,01,01,01,03,01,,AT,,NJ 34,,,,50,50,26,,,N,,150
201813522018-01351,MONMOUTH,WALL TWP,04/26/2018,TH,0910,01,WALL TWP PD,,0,0,0,0,P,I,N,N,02,2,NJ 34,S,34,,00000034__,2.63,02,,03,04,02,01,01,01,03,01,,AT,,ROUTE 524 / ALLAIRE RD,,,,55,35,26,,,N,,197
201813522018-01354,MONMOUTH,WALL TWP,04/26/2018,TH,1455,01,WALL TWP PD,,0,0,0,0,P,I,N,N,01,2,NJ 35,,35,,00000035__,17.17,02,,02,04,02,01,01,01,03,01,,AT,,ROUTE 524 SPUR / ATLANTIC AVE,,,,40,45,26,,,N,,204
201813522018-01357,MONMOUTH,WALL TWP,04/26/2018,TH,1851,01,WALL TWP PD,PATROL,0,1,0,0,I,I,N,N,01,2,MONMOUTH COUNTY 18 I,E,18,1,130000181_,6.36,05,,01,04,02,01,01,01,05,01,,AT,,VALLEY DR,,,,35,25,26,,,N,,
201813522018-01363,MONMOUTH,WALL TWP,04/27/2018,FR,0749,01,WALL TWP PD,PATROL,0,0,0,0,P,B,N,N,01,2,NJ 34,S,34,,00000034__,3.95,02,,01,04,02,02,01,02,03,01,300,FE,N,US 30 / W EIGHTEENTH AVE,,,,55,40,26,,,N,,198
201813522018-01367,MONMOUTH,WALL TWP,04/27/2018,FR,1915,01,WALL TWP PD,,0,0,0,0,P,B,N,N,05,2,NJ 35,S,35,,00000035__,,02,,01,06,02,01,03,05,04,01,10,FE,E,,,,,40,,26,,,N,,202
201813522018-01371,MONMOUTH,WALL TWP,04/27/2018,FR,2335,01,WALL TWP PD,PATROL,0,0,0,0,P,B,N,N,02,2,ORCHARD CREST,N,,,,,07,,01,04,02,01,06,01,05,01,200,FE,S,BALDWIN PL,,,,25,25,26,,,N,,
201813522018-01374,MONMOUTH,WALL TWP,04/28/2018,SA,0300,01,WALL TWP PD,PATROL,0,2,0,0,I,I,N,N,11,1,NJ 138,W,138,,00000138__,2.28,02,,01,04,02,01,06,01,03,01,,AT,,NEW BEDFORD RD,,,,55,35,51,,,N,LIGHT POLE AT INTERSECTION DETACHED FROM BASE,201
201813522018-01378,MONMOUTH,WALL TWP,04/28/2018,SA,1107,01,WALL TWP PD,WALL PD,0,0,0,0,P,I,N,N,01,2,NJ 35,N,35,,00000035__,17.17,02,,03,,02,01,01,01,02,01,,AT,,ROUTE 524 SPUR / ATLANTIC AVE,,,,25,35,,,,N,,185
201813522018-01393,MONMOUTH,WALL TWP,04/29/2018,SU,1237,01,WALL TWP PD,PATROL,0,0,0,0,P,B,N,N,06,2,SECOND AVENUE,E,,,,,07,,01,04,02,01,01,01,05,01,55,FE,W,WORLD STREET,,,,25,25,28,,,N,,198
201813522018-01396,MONMOUTH,WALL TWP,04/29/2018,SU,1653,01,WALL TWP PD,,0,4,0,0,I,I,N,N,03,2,ROUTE 549,N,549,,00000549__,15.94,05,,01,04,02,01,01,01,05,01,,AT,,EASY ST,,,,45,35,26,,,N,STOP SIGN @ CORNER OF EASY ST / HERBERTSVILLE RD,155
201813522018-01398,MONMOUTH,WALL TWP,04/29/2018,SU,1917,01,WALL TWP PD,PATROL,0,0,0,0,P,I,N,N,02,2,NJ 33,W,33,,00000033__,35.85,02,,01,04,02,01,03,01,03,01,,AT,,NJ 34,,,,55,55,26,,,N,,207
201813522018-01405,MONMOUTH,WALL TWP,04/30/2018,MO,1158,01,WALL TWP PD,PATROL,0,0,0,0,P,B,N,N,03,2,NJ 35,S,35,,00000035__,17.67,02,,02,04,02,01,01,01,05,01,50,FE,S,TARPON DR,,,,40,,26,,,N,,200
201813522018-01417,MONMOUTH,WALL TWP,04/30/2018,MO,1456,01,WALL TWP PD,PATROL,0,0,0,0,P,B,N,N,01,2,NEW BEDFORD RD,S,,,13521306__,.00,07,,01,04,02,01,01,01,05,01,10,FE,N,NJ 35,,,,2,40,26,,,N,,200
201813522018-01425,MONMOUTH,WALL TWP,05/01/2018,TU,0231,01,WALL TWP PD,PATROL,0,0,0,0,P,B,Y,N,11,1,BAILEY'S CORNER RD,S,,,,,07,,02,06,02,01,05,01,05,01,1320,FE,N,MAKO DR,,,,25,25,60,,,N,MAIL BOX OF 2123 BAILEY'S CORNER RD,187
201813522018-01428,MONMOUTH,WALL TWP,05/01/2018,TU,0748,01,WALL TWP PD,,0,0,0,0,P,I,N,N,03,2,BRIGHTON AVE,E,,,,,07,,01,04,02,01,01,01,05,01,,AT,,MARLONI ROAD,,,,35,35,26,,,N,,197
201813522018-01434,MONMOUTH,WALL TWP,05/01/2018,TU,1603,01,WALL TWP PD,PATROL,0,0,0,0,P,B,N,N,01,2,ROUTE 524 SPUR,E,524,S,00000524S_,.89,05,,01,04,02,01,01,01,05,01,100,FE,E,NJ 34,,,,35,,26,,,N,,175