Year(4)-CountyCode(2)-MunicipalityCode(2)-CaseNumber(9),County Name,Municipality Name,Crash Date,Crash Day of Week,Crash Time,Police Department Code,Police Department,Police Station,Total Killed,Total Injured,Pedestrians Killed,Pedestrians Injured,Severity,Intersection,Alcohol Involved,Hazmat Involved,Crash Type,Total Vehicles,Location,Location Direction,Route,Route Suffix,Std Rte Identifier,MilePost,Road System,Road Character,Road Horizontal Alignment,Road Grade,Road Surface Type,Surface Condition,Light Condition,Environmental Condition,Road Divided By,Temporary Traffic Control Zone,Distance To Cross Street,Unit Of Measurement,Direction From Cross Street,Cross Street Name,Is Ramp,Ramp To/From Route Name,Ramp To/From Route Direction,Posted Speed,Posted Speed Cross Street,First Harmful Event,Latitude,Longitude,Cell Phone In Use Flag,Other Property Damage,Reporting Badge No.
201813522018-01436,MONMOUTH,WALL TWP,05/01/2018,TU,1726,01,WALL TWP PD,,0,0,0,0,P,B,N,N,01,2,NJ 34,,34,,00000034__,4.68,02,,01,04,02,01,01,01,03,01,500,FE,S,WEST HURLEY POND RD,,,,50,,,,,N,,#160
201813522018-01439,MONMOUTH,WALL TWP,05/01/2018,TU,2020,01,WALL TWP PD,,0,2,0,0,I,B,Y,N,02,2,NJ 70,E,70,,00000070__,59.80,02,,01,04,02,01,06,01,01,01,200,FE,W,NJ 34 / NJ 35,,,,50,55,26,,,N,,#181
201813522018-01442,MONMOUTH,WALL TWP,05/02/2018,WE,1229,01,WALL TWP PD,WALL PD,0,0,0,0,P,I,N,N,03,2,NJ 35,,35,,00000035__,16.47,02,,01,04,02,01,01,01,05,01,,AT,,LAKEWOOD RD / MARCELLUS AVE,,,,40,25,,,,N,,185
201813522018-01443,MONMOUTH,WALL TWP,05/02/2018,WE,1327,01,WALL TWP PD,WALL PD,0,0,0,0,P,B,N,N,02,2,NJ 35,S,35,,00000035__,18.09,02,,01,04,02,01,01,01,05,01,250,FE,S,OCEAN RD,,,,40,35,,,,N,,185
201813522018-01449,MONMOUTH,WALL TWP,04/28/2018,SA,1818,01,WALL TWP PD,PATROL,0,0,0,0,P,B,N,N,02,2,ROUTE 524 SPUR,,524,S,00000524S_,2.43,05,,03,04,02,01,01,01,03,01,10,FE,W,NJ 35,,,,45,40,26,,,N,,198
201813522018-01462,MONMOUTH,WALL TWP,05/03/2018,TH,1444,01,WALL TWP PD,PATROL DIV,0,0,0,0,P,I,N,N,01,2,ROUTE 524,W,524,,00000524__,36.63,05,,03,04,01,01,01,01,02,01,,AT,,NJ 34,,,,45,55,26,,,N,,?
201813522018-01464,MONMOUTH,WALL TWP,05/03/2018,TH,1750,01,WALL TWP PD,PATROL,0,0,0,0,P,B,N,N,03,2,NJ 33,E,33,,00000033__,35.76,02,,02,04,02,01,01,01,03,01,10,FE,E,ROUTE 547 / ASBURY RD,,,,50,45,26,,,N,,201
201813522018-01469,MONMOUTH,WALL TWP,05/04/2018,FR,0932,01,WALL TWP PD,PATROL,0,0,0,0,P,B,N,N,01,2,ROUTE 524,,524,,00000524__,36.64,05,,01,04,02,01,01,01,05,01,50,FE,E,NJ 34,,,,35,55,26,,,N,,205
201813522018-01472,MONMOUTH,WALL TWP,05/04/2018,FR,1616,01,WALL TWP PD,,0,1,0,0,I,B,N,N,01,2,NJ 138,W,138,,00000138__,.00,02,,03,06,02,01,01,01,02,04,,,,,T,NJ 34,SB,55,,26,,,N,,?
201813522018-01479,MONMOUTH,WALL TWP,05/04/2018,FR,2233,01,WALL TWP PD,,0,0,0,0,P,B,N,N,03,2,MONMOUTH COUNTY 18 I,W,18,1,130000181_,2.45,05,,01,04,02,01,06,01,05,01,50,FE,W,NJ 34,,,,50,55,26,,,N,,165
201813522018-01487,MONMOUTH,WALL TWP,05/07/2018,MO,1103,01,WALL TWP PD,PATROL,0,0,0,0,P,B,N,N,12,1,NJ 18,N,18,,00000018__,5.14,02,,03,05,02,01,01,01,02,01,,,,,F,NJ 138,WB,55,,24,,,N,,198
201813522018-01490,MONMOUTH,WALL TWP,05/05/2018,SA,1402,01,WALL TWP PD,,0,0,0,0,P,I,N,N,06,2,NJ 71,,71,,00000071__,4.48,02,,01,04,02,01,01,01,04,01,,AT,,US 30 / 18TH AVE,,,,45,40,23,,,N,,204
201813522018-01497,MONMOUTH,WALL TWP,05/06/2018,SU,1332,01,WALL TWP PD,PATROL,0,0,0,0,P,I,N,N,03,2,ROUTE 524 SPUR,,524,S,00000524S_,.45,05,,01,04,02,01,01,01,05,01,,AT,,CR 21 / ALLENWOOD RD / RAMSHORN DR,,,,40,35,26,,,N,,175
201813522018-01500,MONMOUTH,WALL TWP,05/07/2018,MO,0802,01,WALL TWP PD,PATROL,0,0,0,0,P,B,N,N,03,2,ROUTE 547,S,547,,00000547__,21.03,05,,01,04,02,01,01,01,04,01,800,FE,N,NJ 33,,,,50,,26,,,N,,195
201813522018-01503,MONMOUTH,WALL TWP,05/07/2018,MO,1436,01,WALL TWP PD,PATROL,0,1,0,0,I,B,N,N,03,2,NJ 33,W,33,,00000033__,35.76,02,,02,04,02,01,01,01,03,01,10,FE,E,ROUTE 547 / ASBURY RD,,,,25,,26,,,N,,195
201813522018-01505,MONMOUTH,WALL TWP,05/07/2018,MO,1724,01,WALL TWP PD,WALL PD,0,1,0,0,I,B,N,N,01,2,I-195,E,195,,00000195__,34.17,01,,01,04,02,01,01,01,05,01,,,,,F,NJ 34,SB,55,,,,,N,,185
201813522018-01506,MONMOUTH,WALL TWP,05/07/2018,MO,1747,01,WALL TWP PD,PATROL,0,0,0,0,P,B,N,N,01,2,NJ 35,S,35,,00000035__,17.86,02,,01,04,02,01,01,01,04,01,1500,FE,S,OCEAN RD,,,,40,35,26,,,N,,178
201813522018-01508,MONMOUTH,WALL TWP,05/08/2018,TU,0012,01,WALL TWP PD,PATROL,0,0,0,0,P,B,N,N,12,1,NJ 34,S,34,,00000034__,.24,02,,01,04,02,01,06,01,03,01,500,FE,S,LAKEWOOD RD,,,,55,25,24,,,N,,178
201813522018-01517,MONMOUTH,WALL TWP,05/03/2018,TH,1915,01,WALL TWP PD,PATROL,0,0,0,0,P,B,N,N,03,2,NJ 33,E,33,,00000033__,35.76,02,,02,04,02,01,01,01,03,01,10,FE,N,ROUTE 547 / ASBURY RD,,,,50,45,26,,,N,,201
201813522018-01523,MONMOUTH,WALL TWP,05/09/2018,WE,0802,01,WALL TWP PD,,0,0,0,0,P,B,N,N,01,2,NJ 18,N,18,,00000018__,5.78,02,,01,04,02,01,01,01,03,01,300,FE,N,MONMOUTH BLVD,,,,65,25,26,,,N,,204
201813522018-01526,MONMOUTH,WALL TWP,05/09/2018,WE,0906,01,WALL TWP PD,PATROL,0,0,0,0,P,I,N,N,01,2,OLD MILL RD,N,,,13521307__,.00,07,,01,04,02,01,01,01,05,01,,AT,,NJ 35,,,,35,40,02,,,N,,?
201813522018-01531,MONMOUTH,WALL TWP,05/09/2018,WE,1550,01,WALL TWP PD,,0,0,0,0,P,B,N,N,01,2,NJ 71,N,71,,00000071__,4.79,02,,01,04,02,01,01,01,05,01,10,FE,N,E CURTIS AVE,,,,35,25,26,,,N,,206
201813522018-01538,MONMOUTH,WALL TWP,05/10/2018,TH,0900,01,WALL TWP PD,,0,0,0,0,P,B,N,N,11,2,NJ 35,N,35,,00000035__,,02,,02,04,02,01,01,01,03,01,300,FE,S,16TH AVE,,,,40,25,,,,N,LIGHT POST,204
201813522018-01540,MONMOUTH,WALL TWP,05/10/2018,TH,1030,01,WALL TWP PD,PATROL,0,0,0,0,P,B,N,N,06,2,2630 STATE HWY 70,S,,,,,09,,01,04,01,01,01,01,05,01,100,FE,S,NJ 70,,,,10,50,28,,,N,,205
201813522018-01547,MONMOUTH,WALL TWP,05/10/2018,TH,1720,01,WALL TWP PD,,0,1,0,0,I,B,N,N,11,1,NJ 71,N,71,,00000071__,4.23,02,,01,04,02,01,01,01,05,01,25,FE,S,2ND AVE,,,,35,25,60,,,N,COSMETIC DAMAGE TO TOWNSHIP TREE.,182
201813522018-01548,MONMOUTH,WALL TWP,05/10/2018,TH,1731,01,WALL TWP PD,,0,0,0,0,P,B,N,N,01,2,NJ 35,,35,,00000035__,15.96,02,,01,04,02,01,01,01,04,01,200,FE,S,NJ 34 / NJ 70,,,,40,55,26,,,N,,204
201813522018-01551,MONMOUTH,WALL TWP,05/11/2018,FR,0653,01,WALL TWP PD,,0,0,0,0,P,B,N,N,01,2,NJ 34,N,34,,00000034__,2.63,02,,03,06,02,01,01,01,03,01,,,,,F,ROUTE 524 SPUR,,,,26,,,N,,149
201813522018-01552,MONMOUTH,WALL TWP,05/11/2018,FR,0927,01,WALL TWP PD,PATROL,0,0,0,0,P,B,N,N,01,2,NJ 33,W,33,,00000033__,35.85,02,,03,04,02,01,01,01,03,01,10,FE,E,NJ 34,,,,50,25,26,,,N,,196
201813522018-01553,MONMOUTH,WALL TWP,05/11/2018,FR,0946,01,WALL TWP PD,,0,0,0,0,P,B,N,N,03,2,MONMOUTH COUNTY 18 I,E,18,1,130000181_,2.46,05,,01,04,02,01,01,01,05,01,20,FE,W,NJ 34,,,,40,55,26,,,N,,#197
201813522018-01555,MONMOUTH,WALL TWP,05/11/2018,FR,1238,01,WALL TWP PD,PATROL,0,0,0,0,P,I,N,N,03,2,NJ 34,N,34,,00000034__,7.72,02,,02,04,02,01,01,01,03,01,,AT,,NJ 33,,,,25,55,29,,,N,,208
201813522018-01556,MONMOUTH,WALL TWP,05/11/2018,FR,1303,01,WALL TWP PD,PATROL,0,0,0,0,P,B,N,N,03,2,1740 NEW BEDFORD RD,N,,,,,09,,01,04,02,01,01,01,04,01,,,,,,,,35,,26,,,N,,196
201813522018-01559,MONMOUTH,WALL TWP,05/11/2018,FR,1726,01,WALL TWP PD,,0,0,0,0,P,B,N,N,01,2,NJ 138,E,138,,00000138__,1.15,02,,01,04,02,01,01,01,03,01,200,FE,W,CLUB DR,,,,55,25,26,,,N,,192
201813522018-01564,MONMOUTH,WALL TWP,05/11/2018,FR,2215,01,WALL TWP PD,,0,0,0,0,P,B,N,N,01,3,NJ 35,S,35,,00000035__,18.80,02,,01,04,02,01,06,01,04,01,80,FE,N,ROUTE 524 / ALLAIIRE RD,,,,40,35,26,,,N,,
201813522018-01565,MONMOUTH,WALL TWP,05/12/2018,SA,0037,01,WALL TWP PD,,0,0,0,0,P,B,N,N,02,2,NJ 35,N,35,,00000035__,,02,,01,04,02,01,06,01,05,01,100,FE,S,16TH AVE,,,,40,25,26,,,N,,202
201813522018-01566,MONMOUTH,WALL TWP,05/12/2018,SA,0049,01,WALL TWP PD,PATROL,0,0,0,0,P,I,N,N,02,2,NJ 33,E,33,,00000033__,35.85,02,,01,04,02,01,06,01,03,01,,AT,,NJ 34,,,,55,55,26,,,N,,207
201813522018-01569,MONMOUTH,WALL TWP,05/12/2018,SA,0904,01,WALL TWP PD,PATROL,0,0,0,0,P,I,N,N,01,2,NJ 138,E,138,,00000138__,2.28,02,,01,04,02,02,01,01,03,01,,AT,,NEW BEDFORD RD,,,,55,35,26,,,N,,208
201813522018-01570,MONMOUTH,WALL TWP,05/12/2018,SA,1134,01,WALL TWP PD,PATROL,0,0,0,0,P,B,N,N,08,2,ROUTE 524 SPUR,W,524,S,00000524S_,,05,,01,04,02,01,01,05,04,01,,,,,,,,45,,26,,,N,,196
201813522018-01572,MONMOUTH,WALL TWP,05/12/2018,SA,1624,01,WALL TWP PD,PATROL,0,0,0,0,P,B,N,N,01,2,NJ 138,W,138,,00000138__,.00,02,,03,07,02,01,01,05,03,01,,,,,T,NJ 34,SB,25,,26,,,N,,196
201813522018-01573,MONMOUTH,WALL TWP,05/12/2018,SA,1629,01,WALL TWP PD,PATROL DIV,0,0,0,0,P,B,N,N,02,2,NJ 34,N,34,,00000034__,3.12,02,,01,05,02,01,01,01,03,01,200,FE,S,ALLENWOOD GLENDOLA RD,,,,55,35,26,,,N,,161
201813522018-01574,MONMOUTH,WALL TWP,05/12/2018,SA,1930,01,WALL TWP PD,PATROL,0,2,0,0,I,B,N,N,04,2,NJ 138,W,138,,00000138__,1.84,02,,01,04,02,02,03,02,03,01,,,,,F,NJ 18,,55,,26,,,N,,207
201813522018-01576,MONMOUTH,WALL TWP,05/12/2018,SA,2245,01,WALL TWP PD,,0,0,0,0,P,B,Y,N,01,2,NJ 34,S,34,,00000034__,4.78,02,,01,04,02,02,07,01,03,01,50,FE,N,WEST HURLEY POND RD,,,,55,35,26,,,N,,?
201813522018-01577,MONMOUTH,WALL TWP,05/13/2018,SU,0824,01,WALL TWP PD,PATROL,0,0,0,0,P,B,N,N,08,3,EVAN RD,S,,,,,07,,01,04,02,02,01,05,05,01,10,FE,S,HADLEY CT,,,,25,25,26,,,N,,
201813522018-01580,MONMOUTH,WALL TWP,05/13/2018,SU,1406,01,WALL TWP PD,,0,0,0,0,P,B,N,N,06,2,RIVERSIDE TERR,S,,,,,07,,01,04,02,02,01,02,05,01,300,FE,S,HOLLY BLVD,,,,25,25,28,,,N,,155
201813522018-01590,MONMOUTH,WALL TWP,05/14/2018,MO,1150,01,WALL TWP PD,,0,0,0,0,P,B,N,N,03,2,NJ 33,,33,,00000033__,35.85,02,,02,04,02,01,01,01,02,01,10,FE,E,NJ 34,,,,50,55,26,,,N,,182
201813522018-01591,MONMOUTH,WALL TWP,05/14/2018,MO,1505,01,WALL TWP PD,PATROL,0,0,0,0,P,I,N,N,03,2,MONMOUTH COUNTY 30 II,E,30,2,130000302_,3.13,05,,01,04,02,01,01,01,04,01,,AT,,HOWARD ST / MEADOW RD,,,,25,25,26,,,N,STRUCK NUMEROUS SHRUBS AND WHITE PLASTIC FENCING BELONGING TO 1131 EIGHTEENTH A?,194
201813522018-01607,MONMOUTH,WALL TWP,05/15/2018,TU,1442,01,WALL TWP PD,,0,0,0,0,P,B,N,N,01,2,NJ 70,E,70,,00000070__,59.15,02,,01,04,02,01,01,01,01,01,50,FE,W,MORNING STAR RD,,,,50,,,,,N,,137
201813522018-01610,MONMOUTH,WALL TWP,05/15/2018,TU,1559,01,WALL TWP PD,PATROL,0,0,0,0,P,I,N,N,03,2,NJ 35,S,35,,00000035__,20.00,02,,01,04,02,01,01,01,05,01,,AT,E,MARIETTA AVE,,,,40,25,26,,,N,,205
201813522018-01613,MONMOUTH,WALL TWP,05/15/2018,TU,1821,01,WALL TWP PD,PATROL,0,0,0,0,P,B,N,N,03,2,ROUTE 524,E,524,,00000524__,,05,,01,04,02,02,01,02,04,01,,,,,,,,35,,26,,,N,,194
201813522018-01621,MONMOUTH,WALL TWP,05/12/2018,SA,2245,01,WALL TWP PD,WALL PD,0,1,0,1,I,B,Y,N,13,1,ANTIQUITY LANE,W,,,,,07,,01,04,02,02,06,01,05,01,100,FE,E,RAMSHORN DR.,,,,25,35,,,,N,FRONT LAWN ANTIQUITY LANE/RAMSHORN DR,185
201813522018-01623,MONMOUTH,WALL TWP,05/16/2018,WE,1444,01,WALL TWP PD,WALL PD,0,0,0,0,P,B,N,N,01,3,ROUTE 524 SPUR,E,524,S,00000524S_,2.34,05,,02,04,02,02,01,02,05,01,500,FE,W,NJ 35,,,,45,40,,,,N,,
201813522018-01624,MONMOUTH,WALL TWP,05/16/2018,WE,1605,01,WALL TWP PD,PATROL,0,0,0,0,P,I,N,N,11,1,SEA GIRT AVE,W,,,13521308__,.83,07,,01,04,02,02,01,02,05,01,,AT,,OLD SQUAN RD,,,,30,25,52,,,N,CRACK TO UTILITY POLE 4031WL,
201813522018-01628,MONMOUTH,WALL TWP,05/17/2018,TH,0337,01,WALL TWP PD,,0,0,0,0,P,B,N,N,06,2,LAKEWOOD RD,W,,,,,07,,01,04,02,02,05,02,05,01,500,FE,E,NJ 35,,,,25,40,26,,,N,,169
201813522018-01631,MONMOUTH,WALL TWP,05/17/2018,TH,0751,01,WALL TWP PD,,0,0,0,0,P,I,N,N,01,2,NJ 35,N,35,,00000035__,15.83,02,,01,05,02,02,01,02,01,01,,AT,,APACHE RD,,,,50,25,26,,,N,,155
201813522018-01632,MONMOUTH,WALL TWP,05/17/2018,TH,1051,01,WALL TWP PD,PATROL,0,0,0,0,P,I,N,N,01,2,NJ 34,S,34,,00000034__,.00,02,,03,04,02,02,01,02,01,01,,AT,,,T,NJ 70,WB,45,,26,,,N,,132
201813522018-01635,MONMOUTH,WALL TWP,05/17/2018,TH,1334,01,WALL TWP PD,,0,0,0,0,P,I,N,N,03,2,RAMSHORN DR,S,,,13521254__,1.25,07,,01,04,02,02,01,02,05,01,,AT,,PAYNTERS RD,,,,35,25,26,,,N,,166
201813522018-01637,MONMOUTH,WALL TWP,05/17/2018,TH,1612,01,WALL TWP PD,,0,0,0,0,P,B,N,N,02,2,NJ 34,S,34,,00000034__,3.16,02,,02,04,02,01,04,01,05,01,,,,,T,ALLENWOOD RD,WB,55,,26,,,N,,155
201813522018-01641,MONMOUTH,WALL TWP,05/18/2018,FR,0525,01,WALL TWP PD,PATROL,0,0,0,0,P,B,N,N,02,2,NJ 34,N,34,,00000034__,5.37,02,,01,04,02,01,02,05,03,01,500,FE,S,AIRPORT RD,,,,55,25,26,,,N,,207
201813522018-01643,MONMOUTH,WALL TWP,05/18/2018,FR,0057,01,WALL TWP PD,PATROL,0,0,0,0,P,B,N,N,01,2,MONMOUTH COUNTY 18 I,E,18,1,130000181_,4.83,05,,01,04,02,02,01,02,05,01,500,FE,W,ALLENWOOD RD,,,,40,35,26,,,N,,205
201813522018-01644,MONMOUTH,WALL TWP,05/18/2018,FR,0744,01,WALL TWP PD,,0,0,0,0,P,B,N,N,01,2,NJ 35,N,35,,00000035__,19.80,02,,01,04,02,01,01,05,04,01,200,FE,S,US 30 / EIGHTEENTH AVE,,,,40,25,26,,,N,,204
201813522018-01647,MONMOUTH,WALL TWP,05/17/2018,TH,1200,01,WALL TWP PD,,0,0,0,0,P,B,N,N,06,2,LINCOLN AVE,S,,,,,07,,01,04,02,02,05,02,05,01,15,FE,E,HAYES STREET,,,,25,25,28,,,N,,204
201813522018-01648,MONMOUTH,WALL TWP,05/18/2018,FR,1254,01,WALL TWP PD,PATROL,0,0,0,0,P,B,N,N,11,2,ROUTE 524 SPUR,W,524,S,00000524S_,.67,05,,01,04,02,02,01,02,05,01,50,FE,E,CARDINAL LN / SAWMILL LN,,,,40,25,54,,,N,,184
201813522018-01649,MONMOUTH,WALL TWP,05/18/2018,FR,1349,01,WALL TWP PD,,0,0,0,0,P,B,N,N,01,3,NJ 35,N,35,,00000035__,18.49,02,,01,04,02,01,01,05,05,01,25,FE,N,NEW BEDFORD RD,,,,40,35,26,,,N,,
201813522018-01650,MONMOUTH,WALL TWP,05/18/2018,FR,1803,01,WALL TWP PD,,0,0,0,0,P,B,N,N,01,2,NJ 138,E,138,,00000138__,.69,02,,01,04,02,01,01,01,03,01,100,FE,W,ALLENWOOD RD,,,,55,35,26,,,N,,206
201813522018-01651,MONMOUTH,WALL TWP,05/18/2018,FR,2035,01,WALL TWP PD,,0,0,0,0,P,B,N,N,12,1,NJ 35,N,35,,00000035__,17.91,02,,01,04,02,01,06,01,05,01,2640,FE,N,SEA GIRT AVE,,,,40,35,24,,,N,,206
201813522018-01653,MONMOUTH,WALL TWP,05/18/2018,FR,2220,01,WALL TWP PD,,0,0,0,0,P,B,N,N,12,1,NJ 34,S,34,,00000034__,5.55,02,,01,04,02,01,05,01,03,01,500,FE,N,AIRPORT RD,,,,55,25,24,,,N,,?
201813522018-01657,MONMOUTH,WALL TWP,05/19/2018,SA,1236,01,WALL TWP PD,PATROL,0,0,0,0,P,B,N,N,01,2,NJ 34,S,34,,00000034__,2.62,02,,03,04,02,02,01,05,03,01,50,FE,S,ROUTE 524 / ALLAIRE RD,,,,55,35,26,,,N,,205
201813522018-01661,MONMOUTH,WALL TWP,05/19/2018,SA,1925,01,WALL TWP PD,PATROL,0,0,0,0,P,I,N,N,01,2,NJ 35,S,35,,00000035__,16.47,02,,01,04,02,02,01,02,04,01,,AT,,LAKEWOOD RD / MARCELLUS AVE,,,,40,25,26,,,N,,194
201813522018-01662,MONMOUTH,WALL TWP,05/19/2018,SA,2042,01,WALL TWP PD,,0,0,0,0,P,B,N,N,01,2,NJ 35,S,35,,00000035__,16.48,02,,01,04,02,02,06,02,05,01,30,FE,N,LAKEWOOD RD / MARCELLUS AVE,,,,40,25,26,,,N,,?
201813522018-01663,MONMOUTH,WALL TWP,05/19/2018,SA,2038,01,WALL TWP PD,PATROL,0,0,0,0,P,B,N,N,11,1,NJ 138,W,138,,00000138__,1.84,02,,03,06,02,02,03,01,03,01,,,,,F,NJ 18,SB,55,,56,,,N,,194
201813522018-01666,MONMOUTH,WALL TWP,05/20/2018,SU,0643,01,WALL TWP PD,,0,0,0,0,P,B,N,N,15,1,I-195,E,195,,00000195__,34.17,01,,03,06,02,01,02,01,03,01,,,,,T,NJ 34,SB,55,,39,,,N,,52
201813522018-01667,MONMOUTH,WALL TWP,05/20/2018,SU,1652,01,WALL TWP PD,PATROL,0,1,0,1,I,B,N,N,13,1,SEVENTEENTH AVENUE,E,,,,,07,,01,04,02,01,01,01,05,01,200,FE,W,K ST,,,,25,25,22,,,N,,?
201813522018-01670,MONMOUTH,WALL TWP,05/21/2018,MO,0736,01,WALL TWP PD,PATROL,0,0,0,0,P,B,N,N,01,3,NJ 138,E,138,,00000138__,.80,02,,01,04,02,01,01,01,03,01,500,FE,E,ALLENWOOD RD,,,,55,35,26,,,N,,
201813522018-01671,MONMOUTH,WALL TWP,05/21/2018,MO,0756,01,WALL TWP PD,,0,1,0,0,I,I,N,N,02,2,NJ 33,,33,,00000033__,35.85,02,,03,04,02,01,01,01,05,01,,AT,,NJ 34,,,,55,55,26,,,N,,?
201813522018-01678,MONMOUTH,WALL TWP,05/21/2018,MO,1319,01,WALL TWP PD,PATROL,0,0,0,0,P,B,N,N,03,2,NJ 33,W,33,,00000033__,35.94,02,,01,,02,01,01,01,05,01,500,FE,W,ROUTE 547 / SHAFTO RD / WYKOFF RD,,,,45,35,26,,,N,,164
201813522018-01680,MONMOUTH,WALL TWP,05/21/2018,MO,1645,01,WALL TWP PD,,0,0,0,0,P,B,N,N,01,2,NEW BEDFORD RD,S,,,13521306__,1.50,07,,01,04,02,01,01,01,04,01,100,FE,S,NJ 138,,,,35,55,26,,,N,,???
201813522018-01681,MONMOUTH,WALL TWP,05/21/2018,MO,1637,01,WALL TWP PD,PATROL,0,1,0,0,I,B,N,N,01,2,NJ 34,S,34,,00000034__,.00,02,,01,04,02,01,01,01,04,01,10,FE,N,NJ 35 / NJ 70,,,,55,50,26,,,N,,196
201813522018-01698,MONMOUTH,WALL TWP,05/23/2018,WE,0902,01,WALL TWP PD,,0,0,0,0,P,B,N,N,11,1,MEETING HOUSE RD,S,,,,,07,,02,04,02,01,01,01,05,01,10,FE,S,SEA GIRT AVE,,,,35,,,,,N,MAILBOX AT 1550 MEETING-HOUSE R2,137
201813522018-01700,MONMOUTH,WALL TWP,05/23/2018,WE,1213,01,WALL TWP PD,PATROL,0,0,0,0,P,I,N,N,01,2,NJ 33,S,33,,00000033__,35.85,02,,02,04,02,01,01,01,01,01,,AT,,NJ 34,,,,55,55,26,,,N,,203
201813522018-01706,MONMOUTH,WALL TWP,05/23/2018,WE,1802,01,WALL TWP PD,,0,1,0,0,I,I,N,N,07,2,NJ 35,S,35,,00000035__,16.47,02,,01,04,02,01,01,01,05,01,,AT,,LAKEWOOD RD / MARCELLUS AVE,,,,40,25,26,,,N,,192
201813522018-01709,MONMOUTH,WALL TWP,05/24/2018,TH,0759,01,WALL TWP PD,,0,0,0,0,P,I,N,N,02,2,NJ 35,N,35,,00000035__,17.17,02,,02,05,02,01,01,01,02,01,,AT,,ROUTE 524 SPUR / ATLANTIC AVE,,,,40,40,26,,,N,,165
201813522018-01710,MONMOUTH,WALL TWP,05/24/2018,TH,0858,01,WALL TWP PD,PATROL,0,1,0,0,I,I,N,N,01,2,NJ 34,N,34,,00000034__,2.31,02,,01,04,02,01,01,01,03,01,,AT,,RIDGEWOOD RD,,,,55,35,26,,,N,,191
201813522018-01713,MONMOUTH,WALL TWP,05/24/2018,TH,1540,01,WALL TWP PD,PATROL,0,1,0,0,I,B,N,N,01,2,NJ 138,E,138,,00000138__,1.84,02,,03,04,02,01,01,01,03,01,,,,,T,NJ 18,NB,55,,26,,,N,,1?4
201813522018-01714,MONMOUTH,WALL TWP,05/24/2018,TH,1609,01,WALL TWP PD,,0,0,0,0,P,B,N,N,01,2,NJ 138,W,138,,00000138__,1.22,02,,01,05,02,01,01,01,03,01,150,FE,E,CLUB DR,,,,55,25,26,,,N,,
201813522018-01715,MONMOUTH,WALL TWP,05/24/2018,TH,1641,01,WALL TWP PD,,0,1,0,0,I,B,N,N,01,3,NJ 138,W,138,,00000138__,1.22,02,,01,05,02,01,01,01,03,01,150,FE,E,CLUB DR,,,,55,25,26,,,N,,
201813522018-01716,MONMOUTH,WALL TWP,05/24/2018,TH,1635,01,WALL TWP PD,PATROL,0,0,0,0,P,I,N,N,01,2,LAKEWOOD AVE,W,,,13341415__,1.95,07,,01,04,02,01,01,01,04,01,,AT,,GULLY ROAD,,,,35,25,26,,,N,,174
201813522018-01717,MONMOUTH,WALL TWP,05/24/2018,TH,1719,01,WALL TWP PD,PATROL,0,1,0,0,I,B,Y,N,01,3,NJ 34,S,34,,00000034__,1.95,02,,01,04,02,01,01,01,03,01,100,FE,S,ROUTE 524 SPUR / ATLANTIC AVE,,,,55,40,26,,,N,,
201813522018-01722,MONMOUTH,WALL TWP,05/24/2018,TH,2249,01,WALL TWP PD,PATROL,0,0,0,0,P,I,N,N,03,2,NJ 71,S,71,,00000071__,4.48,02,,01,04,02,01,06,01,04,01,,AT,,US 30 / 18TH AVE,,,,40,35,26,,,N,,200
201813522018-01725,MONMOUTH,WALL TWP,05/29/2018,TU,1443,01,WALL TWP PD,PATROL,0,1,0,0,I,B,N,N,01,2,NJ 138,W,138,,00000138__,.96,02,,01,04,02,01,01,01,03,01,1320,FE,E,ALLENWOOD RD,,,,55,35,26,,,N,,187
201813522018-01727,MONMOUTH,WALL TWP,05/25/2018,FR,0932,01,WALL TWP PD,,0,0,0,0,P,I,N,N,01,2,NJ 34,N,34,,00000034__,7.72,02,,03,04,02,01,01,01,03,01,,AT,,NJ 33,,,,55,55,26,,,N,,202
201813522018-01730,MONMOUTH,WALL TWP,05/25/2018,FR,1158,01,WALL TWP PD,,0,2,0,0,I,B,N,N,01,2,BAILEYS CORNER RD,S,,,,,07,,01,04,02,01,01,01,04,01,100,FE,S,TILTONS CORNER RD,,,,35,35,26,,,N,MAILBOX OF 2165 BAILEYS CORNER RD,202
201813522018-01732,MONMOUTH,WALL TWP,05/25/2018,FR,1222,01,WALL TWP PD,PATROL,0,0,0,0,P,I,N,N,02,2,NJ 33,E,33,,00000033__,35.85,02,,01,04,02,01,01,01,03,01,,AT,,NJ 34,,,,55,55,26,,,N,,207
201813522018-01733,MONMOUTH,WALL TWP,05/25/2018,FR,1250,01,WALL TWP PD,PATROL,0,0,0,0,P,I,N,N,03,2,NJ 34,N,34,,00000034__,2.63,02,,02,,02,01,06,01,01,01,,AT,,ROUTE 524 / ALLAIRE RD,,,,55,35,26,,,N,,164
201813522018-01737,MONMOUTH,WALL TWP,05/25/2018,FR,1349,01,WALL TWP PD,,0,2,0,0,I,I,N,N,01,2,NJ 34,S,34,,00000034__,4.13,02,,01,04,02,01,01,01,03,01,,AT,,I 195 / NJ 138,,,,55,55,26,,,N,METAL GUARDRAIL,202
201813522018-01738,MONMOUTH,WALL TWP,05/25/2018,FR,1517,01,WALL TWP PD,,0,0,0,0,P,B,N,N,01,2,OLD MILL RD,N,,,13521307__,.00,07,,01,04,01,01,01,01,05,01,25,FE,S,NJ 35,,,,35,40,26,,,N,,192
201813522018-01740,MONMOUTH,WALL TWP,05/25/2018,FR,1612,01,WALL TWP PD,,0,0,0,0,P,B,N,N,01,2,NJ 35,S,35,,00000035__,17.89,02,,01,04,02,01,01,01,04,01,1320,FE,S,OCEAN RD,,,,40,35,26,,,N,,