Year(4)-CountyCode(2)-MunicipalityCode(2)-CaseNumber(9),County Name,Municipality Name,Crash Date,Crash Day of Week,Crash Time,Police Department Code,Police Department,Police Station,Total Killed,Total Injured,Pedestrians Killed,Pedestrians Injured,Severity,Intersection,Alcohol Involved,Hazmat Involved,Crash Type,Total Vehicles,Location,Location Direction,Route,Route Suffix,Std Rte Identifier,MilePost,Road System,Road Character,Road Horizontal Alignment,Road Grade,Road Surface Type,Surface Condition,Light Condition,Environmental Condition,Road Divided By,Temporary Traffic Control Zone,Distance To Cross Street,Unit Of Measurement,Direction From Cross Street,Cross Street Name,Is Ramp,Ramp To/From Route Name,Ramp To/From Route Direction,Posted Speed,Posted Speed Cross Street,First Harmful Event,Latitude,Longitude,Cell Phone In Use Flag,Other Property Damage,Reporting Badge No.
201813522018-03705,MONMOUTH,WALL TWP,10/21/2018,SU,2241,01,WALL TWP PD,PATROL,0,0,0,0,P,B,N,N,12,1,NJ 34,S,34,,00000034__,4.46,02,,01,04,02,01,06,01,03,01,5280,FE,S,AIRPORT RD,,,,55,35,24,,,N,,205
201813522018-03708,MONMOUTH,WALL TWP,10/22/2018,MO,0959,01,WALL TWP PD,PATROL,0,0,0,0,P,B,N,N,01,2,NJ 138,E,138,,00000138__,.67,02,,01,04,02,01,01,01,03,01,200,FE,W,ALLENWOOD RD,,,,55,35,26,,,N,,196
201813522018-03709,MONMOUTH,WALL TWP,10/22/2018,MO,1213,01,WALL TWP PD,PATROL,0,0,0,0,P,B,N,N,01,2,NJ 35,N,35,,00000035__,17.41,02,,01,04,02,01,01,01,04,01,20,FE,S,SEA GIRT AVE,,,,40,30,26,,,N,,196
201813522018-03711,MONMOUTH,WALL TWP,10/22/2018,MO,1551,01,WALL TWP PD,PATROL,0,2,0,0,I,B,N,N,01,4,NJ 35,S,35,,00000035__,18.13,02,,01,04,02,01,01,01,04,01,50,FE,S,OCEAN RD,,,,40,35,26,,,N,,198
201813522018-03713,MONMOUTH,WALL TWP,10/22/2018,MO,2035,01,WALL TWP PD,WALL PD,0,0,0,0,P,B,N,N,12,1,NJ 34,N,34,,00000034__,5.50,02,,01,04,02,01,06,01,05,01,200,FE,N,AIRPORT RD,,,,55,,24,,,N,,185
201813522018-03718,MONMOUTH,WALL TWP,10/23/2018,TU,0650,01,WALL TWP PD,,0,0,0,0,P,B,N,N,12,1,NJ 34,N,34,,00000034__,4.52,02,,01,04,02,01,07,01,03,01,1320,FE,S,WEST HURLEY POND RD,,,,55,35,24,,,N,,169
201813522018-03719,MONMOUTH,WALL TWP,10/23/2018,TU,0837,01,WALL TWP PD,,0,1,0,0,I,B,N,N,01,2,NJ 35,S,35,,00000035__,18.79,02,,01,04,02,01,01,01,04,01,50,FE,N,ROUTE 524 / ALLAIIRE RD,,,,40,35,26,,,N,,202
201813522018-03727,MONMOUTH,WALL TWP,10/23/2018,TU,1519,01,WALL TWP PD,,0,0,0,0,P,B,N,N,15,2,NJ 34,N,34,,00000034__,4.78,02,,01,04,02,01,01,01,03,01,50,FE,N,WEST HURLEY POND RD,,,,55,35,09,,,N,,202
201813522018-03728,MONMOUTH,WALL TWP,10/23/2018,TU,1601,01,WALL TWP PD,PATROL,0,0,0,0,P,I,N,N,03,2,NJ 34,S,34,,00000034__,2.63,02,,02,04,02,01,01,01,03,01,,AT,,ROUTE 524 / ALLAIRE RD,,,,55,35,26,,,N,,
201813522018-03729,MONMOUTH,WALL TWP,10/23/2018,TU,,01,WALL TWP PD,PATROL,0,0,0,0,P,B,N,N,01,2,NJ 34,N,34,,00000034__,2.10,02,,01,04,02,01,01,01,03,01,,,,,F,ROUTE 5209 SPUR,WB,55,,26,,,N,,153
201813522018-03745,MONMOUTH,WALL TWP,10/11/2018,TH,1517,01,WALL TWP PD,PATROL,0,0,0,0,P,I,N,N,02,2,NJ 34,S,34,,00000034__,2.63,02,,02,04,02,01,01,01,01,01,,AT,,ROUTE 524 / ALLAIRE RD,,,,55,40,26,,,N,,203
201813522018-03748,MONMOUTH,WALL TWP,10/24/2018,WE,1730,01,WALL TWP PD,WALL,0,0,0,0,P,I,N,N,01,2,NJ 33,E,33,,00000033__,35.85,02,,01,04,02,01,03,01,01,01,,AT,,NJ 34,,,,50,55,26,,,N,,192
201813522018-03750,MONMOUTH,WALL TWP,10/24/2018,WE,1749,01,WALL TWP PD,,0,1,0,0,I,I,N,N,01,2,TILTONS CORNER RD **,W,,,13521194__,.00,07,,01,06,02,01,01,01,05,01,,AT,,ROUTE 524S / ATLANTIC AVE,,,,35,45,26,,,N,,182
201813522018-03753,MONMOUTH,WALL TWP,10/25/2018,TH,0916,01,WALL TWP PD,,0,0,0,0,P,B,N,N,02,2,NJ 34,S,34,,00000034__,7.70,02,,02,04,02,01,01,01,03,01,100,FE,S,NJ 33,,,,55,55,26,,,N,,206
201813522018-03754,MONMOUTH,WALL TWP,10/25/2018,TH,0946,01,WALL TWP PD,,0,1,0,0,I,B,N,N,03,2,MONMOUTH COUNTY 18 I,W,18,1,130000181_,3.61,05,,01,04,02,01,01,01,05,01,300,FE,E,MARTIN RD,,,,40,25,26,,,N,NJ TURNPIKE AUTHORITY ELECTRICAL BOX,206
201813522018-03756,MONMOUTH,WALL TWP,10/25/2018,TH,1441,01,WALL TWP PD,PATROL,0,0,0,0,P,I,N,N,02,2,NJ 34,S,34,,00000034__,2.63,02,,02,04,02,01,02,01,01,01,,AT,,ROUTE 524 / ALLAIRE RD,,,,55,40,26,,,N,,203
201813522018-03757,MONMOUTH,WALL TWP,10/25/2018,TH,1522,01,WALL TWP PD,PATROL,0,0,0,0,P,B,N,N,08,2,3301 ALLENWOOD LAKEWOOD,,,,,,09,,01,04,02,01,01,01,05,01,,,,PARKING LOT,,,,,,26,,,N,,149
201813522018-03760,MONMOUTH,WALL TWP,10/25/2018,TH,1528,01,WALL TWP PD,,0,0,0,0,P,B,N,N,01,2,ROUTE 524,,524,,00000524__,36.63,05,,03,04,02,01,01,01,02,01,,,,,T,NJ 34,NB,,,26,,,N,,137
201813522018-03762,MONMOUTH,WALL TWP,10/25/2018,TH,1707,01,WALL TWP PD,PATROL,0,0,0,0,P,I,N,N,04,2,LAKEWOOD RD **,W,,,13521239__,.45,07,,01,04,02,01,01,01,04,01,,AT,,PAYNTERS RD,,,,25,30,26,,,N,,203
201813522018-03768,MONMOUTH,WALL TWP,10/26/2018,FR,0700,01,WALL TWP PD,PATROL,0,1,0,0,I,B,N,N,12,1,ROUTE 524,,524,,00000524__,34.23,05,,01,04,02,01,01,01,04,01,4224,FE,W,US 30 / W 18TH AVE,,,,50,40,24,,,N,,201
201813522018-03778,MONMOUTH,WALL TWP,10/27/2018,SA,0537,01,WALL TWP PD,PATROL DIV,0,0,0,0,P,B,N,N,15,1,ROUTE 524,,524,,00000524__,38.34,05,,01,04,02,02,07,02,04,01,2640,FE,W,NJ 35,,,,45,40,39,,,N,,
201813522018-03785,MONMOUTH,WALL TWP,10/28/2018,SU,1020,01,WALL TWP PD,PATROL,0,0,0,0,P,B,N,N,01,2,SEA GIRT AVE,,,,13521308__,.00,07,,01,04,02,01,01,01,04,01,10,FE,W,NJ 35,,,,35,45,26,,,N,,201
201813522018-03787,MONMOUTH,WALL TWP,10/29/2018,MO,0710,01,WALL TWP PD,,0,0,0,0,P,I,N,N,03,2,MONMOUTH COUNTY 30 II,N,30,2,130000302_,2.52,05,,01,04,02,01,01,01,05,01,,AT,,OLD MILL RD,,,,35,35,26,,,N,,206
201813522018-03788,MONMOUTH,WALL TWP,10/29/2018,MO,0718,01,WALL TWP PD,PATROL,0,0,0,0,P,B,N,N,06,2,CHURCH ST **,E,,,13521045__,.25,07,,01,04,02,02,05,01,05,01,100,FE,E,ALGONKIN TR,,,,25,25,28,,,N,,203
201813522018-03789,MONMOUTH,WALL TWP,10/29/2018,MO,0730,01,WALL TWP PD,PATROL,0,1,0,0,I,B,N,N,01,2,NJ 33,W,33,,00000033__,,02,,01,04,02,02,01,01,04,01,,,,,,,,50,,26,,,N,,194
201813522018-03790,MONMOUTH,WALL TWP,10/29/2018,MO,0906,01,WALL TWP PD,PATROL,0,0,0,0,P,B,N,N,15,1,NJ 18,S,18,,00000018__,6.83,02,,02,04,02,01,01,01,03,01,50,FE,N,BRIGHTON AVE,,,,55,35,39,,,N,,203
201813522018-03795,MONMOUTH,WALL TWP,10/29/2018,MO,1430,01,WALL TWP PD,PATROL,0,0,0,0,P,I,N,N,03,2,NJ 33,S,33,,00000033__,35.76,02,,01,04,02,01,01,05,01,01,,AT,,ROUTE 547 / ASBURY RD,,,,55,55,26,,,N,,203
201813522018-03801,MONMOUTH,WALL TWP,10/30/2018,TU,0820,01,WALL TWP PD,PATROL,0,0,0,0,P,B,N,N,01,3,NJ 138,E,138,,00000138__,1.78,02,,01,04,02,01,01,01,01,01,250,FE,W,NJ 18,,,,55,65,26,,,N,,194
201813522018-03818,MONMOUTH,WALL TWP,10/31/2018,WE,1423,01,WALL TWP PD,PATROL,0,1,0,0,I,I,N,N,01,3,NJ 138,E,138,,00000138__,.71,02,,01,04,02,01,01,01,01,01,,AT,,ALLENWOOD RD,,,,55,35,26,,,N,,
201813522018-03821,MONMOUTH,WALL TWP,10/31/2018,WE,1625,01,WALL TWP PD,PATROL,0,0,0,0,P,B,N,N,06,2,WOODLAND AVE **,E,,,13521165__,.20,07,,01,04,02,01,01,01,05,01,300,FE,W,NJ 71,,,,25,35,28,,,N,,198
201813522018-03822,MONMOUTH,WALL TWP,10/31/2018,WE,1746,01,WALL TWP PD,PATROL,0,2,0,0,I,I,N,N,03,2,NJ 138,E,138,,00000138__,.71,02,,01,04,02,01,03,01,03,01,,AT,,ALLENWOOD RD,,,,55,35,26,,,N,,174
201813522018-03828,MONMOUTH,WALL TWP,11/01/2018,TH,0913,01,WALL TWP PD,,0,0,0,0,P,I,N,N,03,2,NJ 34,S,34,,00000034__,7.72,02,,02,04,02,01,01,01,03,01,,AT,,NJ 33,,,,55,55,26,,,N,,202
201813522018-03831,MONMOUTH,WALL TWP,11/01/2018,TH,1648,01,WALL TWP PD,PATROL,0,0,0,0,P,B,N,N,05,2,ROUTE 549,S,549,,00000549__,,05,,01,04,02,01,01,01,04,01,206,FE,N,OLD FARM ROAD,,,,45,25,26,,,N,,196
201813522018-03837,MONMOUTH,WALL TWP,11/02/2018,FR,1540,01,WALL TWP PD,PATROL,0,0,0,0,P,B,N,N,01,2,NJ 34,S,34,,00000034__,3.77,02,,01,04,02,01,01,01,01,01,1320,FE,N,GARDEN STATE PARKWAY,,,,50,65,26,,,N,,187
201813522018-03839,MONMOUTH,WALL TWP,11/02/2018,FR,1724,01,WALL TWP PD,,0,0,0,0,P,I,N,N,01,2,NJ 33,,33,,00000033__,35.85,02,,02,04,02,01,01,05,02,01,,AT,,NJ 34,,,,,,,,,N,,137
201813522018-03842,MONMOUTH,WALL TWP,11/03/2018,SA,1146,01,WALL TWP PD,,0,0,0,0,P,I,N,N,01,2,NJ 35,W,35,,00000035__,17.17,02,,02,04,02,01,01,01,03,01,,AT,,ROUTE 524 SPUR / ATLANTIC AVE,,,,40,40,26,,,N,,150
201813522018-03846,MONMOUTH,WALL TWP,11/03/2018,SA,1530,01,WALL TWP PD,,0,0,0,0,P,I,N,N,01,2,BAILEYS CORNER RD,N,,,,,07,,01,05,02,01,01,01,05,01,,AT,,MONMOUTH COUNTY 30 II,,,,35,50,26,,,N,,165
201813522018-03849,MONMOUTH,WALL TWP,11/03/2018,SA,1629,01,WALL TWP PD,,0,1,0,0,I,I,N,N,14,1,MONMOUTH COUNTY 20,S,20,,13000020__,3.00,05,,01,04,02,01,01,01,05,01,,AT,,CHICAGO BLVD / W CHICAGO BLVD,,,,35,30,26,,,N,V2 BICYCLE DAMAGE AND DISABLED ON SCENE,
201813522018-03850,MONMOUTH,WALL TWP,11/03/2018,SA,1707,01,WALL TWP PD,,0,0,0,0,P,B,N,N,01,2,NJ 34,S,34,,00000034__,1.77,02,,01,05,02,01,01,01,02,01,1056,FE,S,ROUTE 524S / ATLANTIC AVE,,,,55,,,,,N,,
201813522018-03856,MONMOUTH,WALL TWP,11/03/2018,SA,2023,01,WALL TWP PD,,0,0,0,0,P,I,N,N,03,2,NJ 33,S,33,,00000033__,35.76,02,,02,04,02,02,01,01,04,01,,AT,,ROUTE 547 / ASBURY RD,,,,50,50,26,,,N,,204
201813522018-03863,MONMOUTH,WALL TWP,11/04/2018,SU,1938,01,WALL TWP PD,,0,0,0,0,P,B,N,N,02,2,NJ 33,E,33,,00000033__,36.14,02,,01,04,02,01,07,01,04,01,50,FE,W,CAMPUS PKWY,,,,50,25,26,,,N,"CAMPUS PARKWAY"""" STREET SIGN",204
201813522018-03864,MONMOUTH,WALL TWP,11/04/2018,SU,1954,01,WALL TWP PD,,0,0,0,0,P,I,N,N,11,1,NJ 18,,18,,00000018__,5.72,02,,01,04,02,01,07,01,03,01,,AT,,MONMOUTH BLVD,,,,65,25,46,,,N,,
201813522018-03866,MONMOUTH,WALL TWP,11/05/2018,MO,0749,01,WALL TWP PD,PATROL,0,1,0,0,I,B,N,N,01,2,NJ 34,,34,,00000034__,1.97,02,,01,04,02,02,01,02,03,01,,,,,,ROUTE 524 SPUR,,55,,26,,,N,,153
201813522018-03867,MONMOUTH,WALL TWP,11/05/2018,MO,0819,01,WALL TWP PD,PATROL,0,0,0,0,P,I,N,N,11,1,MONMOUTH COUNTY 21,W,21,,13000021__,5.84,05,,01,04,02,02,02,02,05,01,,AT,,EASY ST / HOSPITAL RD,,,,35,35,,,,N,,153
201813522018-03868,MONMOUTH,WALL TWP,11/05/2018,MO,0846,01,WALL TWP PD,,0,0,0,0,P,B,N,N,01,2,BAILEYS CORNER RD **,N,,,13521195__,.00,07,,01,05,02,02,01,02,05,01,25,FE,S,CR 30 / 18TH AVE,,,,35,,26,,,N,,149
201813522018-03870,MONMOUTH,WALL TWP,11/05/2018,MO,0906,01,WALL TWP PD,,0,0,0,0,P,I,N,N,01,2,NJ 35,N,35,,00000035__,16.00,02,,01,04,02,02,01,02,05,01,,AT,,NJ 34 / NJ 70,,,,50,50,26,,,N,,155
201813522018-03875,MONMOUTH,WALL TWP,11/05/2018,MO,1544,01,WALL TWP PD,PATROL,0,0,0,0,P,B,N,N,01,2,NJ 34,,34,,00000034__,1.97,02,,01,04,02,02,01,02,03,01,,,,,F,ROUTE 524 S,NB,45,,26,,,N,,207
201813522018-03877,MONMOUTH,WALL TWP,11/05/2018,MO,1633,01,WALL TWP PD,PATROL,0,1,0,0,I,B,N,N,11,1,NJ 138,E,138,,00000138__,.67,02,,01,05,02,02,06,02,01,01,200,FE,W,ALLENWOOD RD,,,,55,,46,,,N,,195
201813522018-03878,MONMOUTH,WALL TWP,11/05/2018,MO,1638,01,WALL TWP PD,PATROL,0,1,0,0,I,B,N,N,01,3,NJ 138,W,138,,00000138__,2.30,02,,01,04,02,02,03,02,03,01,100,FE,E,NEW BEDFORD RD,,,,55,35,26,,,N,,164
201813522018-03879,MONMOUTH,WALL TWP,11/05/2018,MO,1710,01,WALL TWP PD,PATROL,0,0,0,0,P,B,N,N,01,2,NJ 138,E,138,,00000138__,1.77,02,,01,06,02,02,06,02,01,01,300,FE,W,NJ 18,,,,55,55,26,,,N,,195
201813522018-03880,MONMOUTH,WALL TWP,11/05/2018,MO,2106,01,WALL TWP PD,,0,0,0,0,P,B,N,N,11,1,NJ 138,W,138,,00000138__,1.68,02,,03,06,02,02,05,02,03,01,,,,,F,NJ 18,SB,55,,56,,,N,,202
201813522018-03884,MONMOUTH,WALL TWP,11/06/2018,TU,0800,01,WALL TWP PD,PATROL,0,1,0,0,I,B,N,N,99,2,NJ 138,,138,,00000138__,1.68,02,,01,04,02,02,01,02,03,01,20,FE,W,,F,NJ 18,SB,55,,26,,,N,,201
201813522018-03888,MONMOUTH,WALL TWP,11/06/2018,TU,1540,01,WALL TWP PD,PATROL,0,1,0,0,I,B,N,N,01,2,NJ 34,N,34,,00000034__,1.97,02,,03,04,02,02,01,02,03,01,,,,,F,ROUTE 524 SPUR,,55,,26,,,N,,195
201813522018-03892,MONMOUTH,WALL TWP,11/06/2018,TU,1830,01,WALL TWP PD,PATROL DIV,0,0,0,0,P,I,N,N,03,2,NJ 33,S,33,,00000033__,35.76,02,,03,04,02,02,07,02,03,01,,AT,,ROUTE 547 / ASBURY RD,,,,55,45,26,,,N,,183
201813522018-03894,MONMOUTH,WALL TWP,11/06/2018,TU,2249,01,WALL TWP PD,PATROL,0,0,0,0,P,B,N,N,11,1,NJ 35,S,35,,00000035__,17.11,02,,01,04,02,02,06,01,04,01,300,FE,S,ROUTE 524 SPUR / ATLANTIC AVE,,,,40,45,46,,,N,GUARD RAIL,207
201813522018-03896,MONMOUTH,WALL TWP,11/07/2018,WE,0021,01,WALL TWP PD,,0,0,0,0,P,B,N,N,12,1,NJ 34,N,34,,00000034__,7.01,02,,01,04,02,02,05,01,03,01,1320,FE,S,WYCKOFF RD,,,,55,40,24,,,N,,202
201813522018-03897,MONMOUTH,WALL TWP,11/07/2018,WE,0015,01,WALL TWP PD,PATROL,0,1,0,0,I,B,N,N,01,2,ROUTE 547,S,547,,00000547__,20.44,05,,01,06,02,02,06,01,05,01,15,FE,N,NJ 33,,,,45,50,26,,,N,,198
201813522018-03899,MONMOUTH,WALL TWP,11/07/2018,WE,0736,01,WALL TWP PD,PATROL,0,0,0,0,P,B,N,N,01,2,NJ 18,S,18,,00000018__,5.38,02,,03,06,02,02,02,01,03,01,,,,,T,NJ 138,WB,55,,26,,,N,,200
201813522018-03903,MONMOUTH,WALL TWP,11/07/2018,WE,1014,01,WALL TWP PD,,0,1,0,0,I,B,N,N,01,2,NJ 34,N,34,,00000034__,4.57,02,,01,04,02,01,01,01,03,01,1056,FE,S,WEST HURLEY POND RD,,,,55,25,26,,,N,,197
201813522018-03907,MONMOUTH,WALL TWP,11/07/2018,WE,1637,01,WALL TWP PD,PATROL,0,0,0,0,P,B,N,N,01,2,NJ 138,W,138,,00000138__,.20,02,,03,06,02,01,03,01,01,01,,,,,T,NJ 34,SB,55,,26,,,N,,200
201813522018-03908,MONMOUTH,WALL TWP,11/07/2018,WE,1640,01,WALL TWP PD,,0,0,0,0,P,B,N,N,03,2,ROUTE 547,W,547,,00000547__,20.40,05,,01,04,02,01,03,01,05,01,200,FE,W,NJ 33,,,,50,55,26,,,N,,197
201813522018-03910,MONMOUTH,WALL TWP,11/07/2018,WE,1734,01,WALL TWP PD,,0,0,0,0,P,B,N,N,01,3,NJ 138,W,138,,00000138__,.07,02,,01,04,02,01,06,01,03,01,300,FE,E,NJ 34,,,,55,55,26,,,N,,205
201813522018-03913,MONMOUTH,WALL TWP,11/07/2018,WE,2312,01,WALL TWP PD,,0,0,0,0,P,B,N,N,12,1,NJ 18,S,18,,00000018__,5.64,02,,01,04,02,01,05,01,03,01,2640,FE,N,NJ 138,,,,65,55,24,,,N,,206
201813522018-03916,MONMOUTH,WALL TWP,11/08/2018,TH,0849,01,WALL TWP PD,,0,0,0,0,P,B,N,N,01,2,NJ 70,E,70,,00000070__,59.15,02,,02,04,02,01,01,01,01,01,50,FE,S,MORNING STAR RD,,,,50,25,26,,,N,,182
201813522018-03919,MONMOUTH,WALL TWP,11/08/2018,TH,1243,01,WALL TWP PD,PATROL,0,2,0,0,I,I,N,N,03,2,BAILEYS CORNER RD **,S,,,13521195__,1.97,07,,01,04,02,01,01,01,05,01,,AT,,MAKO DR / TILTONS CORNER DR,,,,35,35,26,,,N,,200
201813522018-03923,MONMOUTH,WALL TWP,11/08/2018,TH,1651,01,WALL TWP PD,PATROL,0,0,0,0,P,B,N,N,01,2,NJ 34,S,34,,00000034__,4.16,02,,01,04,02,01,06,01,03,01,100,FE,N,I-195 / NJ 138,,,,55,65,26,,,N,,168
201813522018-03924,MONMOUTH,WALL TWP,11/08/2018,TH,1758,01,WALL TWP PD,PATROL,0,0,0,0,P,I,N,N,01,2,BAILEYS CORNER RD **,N,,,13521195__,.00,07,,01,05,02,01,05,01,05,01,,AT,,CR 30 / 18TH AVE,,,,35,50,26,,,N,,200
201813522018-03925,MONMOUTH,WALL TWP,11/08/2018,TH,1753,01,WALL TWP PD,,0,0,0,0,P,B,N,N,12,1,ROUTE 524,W,524,,00000524__,,05,,01,04,02,01,06,01,05,01,50,FE,E,TRENTON AVE,,,,35,25,24,,,N,,206
201813522018-03930,MONMOUTH,WALL TWP,11/09/2018,FR,0905,01,WALL TWP PD,PATROL,0,0,0,0,P,I,N,N,01,2,ROUTE 549,W,549,,00000549__,15.23,05,,01,04,02,01,01,01,05,01,,AT,,ALLENWOOD LAKEWOOD RD,,,,35,,26,,,N,,153
201813522018-03932,MONMOUTH,WALL TWP,11/09/2018,FR,1259,01,WALL TWP PD,PATROL,0,0,0,0,P,B,N,N,08,2,WISHING WELL LANE,N,,,,,07,,01,04,02,01,01,01,05,01,75,FE,S,RABBIT RUN,,,,25,25,26,,,N,,153
201813522018-03934,MONMOUTH,WALL TWP,11/09/2018,FR,1505,01,WALL TWP PD,PATROL,0,0,0,0,P,B,N,N,01,2,NJ 33,E,33,,00000033__,35.85,02,,03,04,02,02,01,02,03,01,25,FE,E,NJ 34,,,,50,55,26,,,N,,164
201813522018-03937,MONMOUTH,WALL TWP,11/09/2018,FR,1718,01,WALL TWP PD,WALL PD,0,1,0,0,I,B,N,N,01,2,NJ 138,W,138,,00000138__,1.24,02,,01,05,02,02,06,02,03,01,250,FE,E,CLUB DR,,,,55,,26,,,N,,185
201813522018-03938,MONMOUTH,WALL TWP,11/09/2018,FR,1718,01,WALL TWP PD,PATROL,0,0,0,0,P,B,N,N,01,2,NJ 35,S,35,,00000035__,16.80,02,,01,05,02,02,06,02,04,01,100,FE,S,CHURCH ST,,,,40,25,26,,,N,,198
201813522018-03945,MONMOUTH,WALL TWP,11/10/2018,SA,0843,01,WALL TWP PD,PATROL,0,0,0,0,P,B,N,N,03,2,NJ 18,,18,,00000018__,,02,,01,04,02,01,01,01,05,01,50,FE,E,NJ 35,,,,35,40,26,,,N,,208
201813522018-03951,MONMOUTH,WALL TWP,11/10/2018,SA,2242,01,WALL TWP PD,,0,0,0,0,P,B,N,N,02,2,NJ 18,W,18,,00000018__,,02,,01,04,02,01,05,01,05,01,100,FE,E,GANNET LANE,,,,35,25,26,,,N,,192
201813522018-03955,MONMOUTH,WALL TWP,11/10/2018,SA,1800,01,WALL TWP PD,PATROL,0,0,0,0,P,B,N,N,08,2,WORLD ST **,W,,,13521163__,.44,07,,01,04,02,01,05,01,05,01,40,FE,S,2ND AVE,,,,25,25,28,,,N,,195
201813522018-03956,MONMOUTH,WALL TWP,11/11/2018,SU,1806,01,WALL TWP PD,PATROL,0,0,0,0,P,B,N,N,02,2,ROUTE 549,W,549,,00000549__,14.94,05,,01,04,02,01,06,01,,01,100,FE,W,GARDEN STATE PARKWAY,,,,45,,26,,,N,,195
201813522018-03959,MONMOUTH,WALL TWP,11/12/2018,MO,0713,01,WALL TWP PD,,0,0,0,0,P,I,N,N,03,2,ROUTE 549,,549,,00000549__,15.94,05,,01,04,02,01,02,01,04,01,,AT,,EASY ST,,,,45,35,26,,,N,,#204
201813522018-03962,MONMOUTH,WALL TWP,11/12/2018,MO,1218,01,WALL TWP PD,PATROL,0,0,0,0,P,B,N,N,02,2,ROUTE 524,W,524,,00000524__,38.73,05,,01,04,02,01,01,01,05,01,500,FE,E,NJ 47 / NEW BEDFORD RD / WARREN AVE,,,,35,35,26,,,N,,205
201813522018-03965,MONMOUTH,WALL TWP,11/13/2018,TU,1438,01,WALL TWP PD,PATROL,0,1,0,0,I,I,N,N,01,2,NJ 35,,35,,00000035__,17.17,02,,02,04,02,01,01,05,04,01,,AT,,ROUTE 524 SPUR / ATLANTIC AVE,,,,40,45,26,,,N,,200
201813522018-03966,MONMOUTH,WALL TWP,11/12/2018,MO,1803,01,WALL TWP PD,PATROL,0,1,0,0,I,B,N,N,01,2,NJ 35,S,35,,00000035__,16.51,02,,01,04,02,01,06,01,05,01,200,FE,N,LAKEWOOD RD / MARCELLUS AVE,,,,40,25,,,,N,,180
201813522018-03969,MONMOUTH,WALL TWP,11/13/2018,TU,0708,01,WALL TWP PD,,0,0,0,0,P,I,N,N,02,2,NJ 33,,33,,00000033__,35.85,02,,02,04,02,02,01,02,03,01,,AT,,NJ 34,,,,50,50,26,,,N,,204
201813522018-03971,MONMOUTH,WALL TWP,11/13/2018,TU,0910,01,WALL TWP PD,PATROL,0,2,0,0,I,B,N,N,01,3,NJ 138,E,138,,00000138__,1.28,02,,01,04,02,02,01,02,01,01,500,FE,E,CLUB DR,,,,55,25,26,,,N,,
201813522018-03975,MONMOUTH,WALL TWP,11/13/2018,TU,1405,01,WALL TWP PD,,0,0,0,0,P,B,N,N,01,2,NJ 35,N,35,,00000035__,18.50,02,,01,04,02,01,01,01,05,01,50,FE,N,NEW BEDFORD RD,,,,46,25,26,,,N,,150
201813522018-03976,MONMOUTH,WALL TWP,11/13/2018,TU,1456,01,WALL TWP PD,PATROL,0,0,0,0,P,I,N,N,01,2,ROUTE 524,,524,,00000524__,38.84,05,,03,04,02,01,01,01,03,01,,AT,,NJ 35,,,,45,40,26,,,N,,205
201813522018-03977,MONMOUTH,WALL TWP,11/13/2018,TU,1513,01,WALL TWP PD,,0,0,0,0,P,I,N,N,01,3,NJ 35,S,35,,00000035__,16.00,02,,01,04,02,01,01,01,04,01,,AT,,NJ 34 / NJ 70,,,,50,55,26,,,N,,
201813522018-03980,MONMOUTH,WALL TWP,11/13/2018,TU,1752,01,WALL TWP PD,PATROL,0,0,0,0,P,I,N,N,01,3,NJ 138,W,138,,00000138__,1.83,02,,01,04,02,01,05,01,01,01,,AT,,,F,NJ 18,SB,55,,26,,,N,,200
201813522018-03990,MONMOUTH,WALL TWP,11/14/2018,WE,0754,01,WALL TWP PD,PATROL,0,0,0,0,P,B,N,N,12,1,NJ 18,S,18,,00000018__,5.50,02,,01,04,02,01,01,01,03,01,100,FE,N,,T,NJ 138,WB,55,,24,,,N,,164
201813522018-03991,MONMOUTH,WALL TWP,11/14/2018,WE,0750,01,WALL TWP PD,PATROL,0,0,0,0,P,B,N,N,01,2,NJ 138,E,138,,00000138__,1.15,02,,01,04,02,01,01,01,03,01,200,FE,W,CLUB DR,,,,55,25,26,,,N,,201
201813522018-03996,MONMOUTH,WALL TWP,11/10/2018,SA,0853,01,WALL TWP PD,WALL PD,0,1,0,0,I,I,N,N,02,2,NJ 35,S,35,,00000035__,19.00,02,,01,04,02,01,01,01,03,01,,AT,,ALLENWOOD RD,,,,55,35,,,,N,,185
201813522018-03997,MONMOUTH,WALL TWP,11/14/2018,WE,1426,01,WALL TWP PD,,0,0,0,0,P,I,N,N,01,2,ROUTE 524,W,524,,00000524__,38.84,05,,03,04,02,01,01,01,03,01,,AT,,NJ 35,,,,35,40,26,,,N,,155
201813522018-03999,MONMOUTH,WALL TWP,11/14/2018,WE,1711,01,WALL TWP PD,WALL PD,0,0,0,0,P,B,N,N,02,2,NJ 33,,33,,00000033__,35.76,02,,02,04,02,01,06,01,02,01,,,,ROUTE 547 / ASBURY RD,,,,,,26,,,N,,185
201813522018-04002,MONMOUTH,WALL TWP,11/15/2018,TH,0718,01,WALL TWP PD,PATROL,0,1,0,0,I,I,N,N,03,3,MONMOUTH COUNTY 21,W,21,,13000021__,5.84,05,,01,04,02,01,01,05,04,01,,AT,,EASY ST / HOSPITAL RD,,,,45,,26,,,N,,195
201813522018-04006,MONMOUTH,WALL TWP,11/15/2018,TH,1519,01,WALL TWP PD,PATROL,0,0,0,0,P,I,N,N,03,2,NJ 35,N,35,,00000035__,18.49,02,,01,04,02,02,01,02,04,01,,AT,,NEW BEDFORD RD,,,,45,25,26,,,N,,201