Year(4)-CountyCode(2)-MunicipalityCode(2)-CaseNumber(9),County Name,Municipality Name,Crash Date,Crash Day of Week,Crash Time,Police Department Code,Police Department,Police Station,Total Killed,Total Injured,Pedestrians Killed,Pedestrians Injured,Severity,Intersection,Alcohol Involved,Hazmat Involved,Crash Type,Total Vehicles,Location,Location Direction,Route,Route Suffix,Std Rte Identifier,MilePost,Road System,Road Character,Road Horizontal Alignment,Road Grade,Road Surface Type,Surface Condition,Light Condition,Environmental Condition,Road Divided By,Temporary Traffic Control Zone,Distance To Cross Street,Unit Of Measurement,Direction From Cross Street,Cross Street Name,Is Ramp,Ramp To/From Route Name,Ramp To/From Route Direction,Posted Speed,Posted Speed Cross Street,First Harmful Event,Latitude,Longitude,Cell Phone In Use Flag,Other Property Damage,Reporting Badge No.
201813522018-04008,MONMOUTH,WALL TWP,11/15/2018,TH,1700,01,WALL TWP PD,PATROL,0,0,0,0,P,B,N,N,01,2,NJ 34,S,34,,00000034__,1.97,02,,01,04,02,02,04,02,03,01,,,,,F,ROUTE 524 SPUR,WB,55,,26,,,N,,201
201813522018-04009,MONMOUTH,WALL TWP,11/16/2018,FR,0627,01,WALL TWP PD,,0,0,0,0,P,B,N,N,12,1,MONMOUTH COUNTY 21,S,21,,13000021__,7.55,05,,01,04,02,02,02,02,04,01,500,FE,S,SANDPIPER WAY,,,,40,25,24,,,N,,202
201813522018-04012,MONMOUTH,WALL TWP,11/16/2018,FR,1356,01,WALL TWP PD,PATROL,0,0,0,0,P,B,N,N,03,2,ROUTE 524,E,524,,00000524__,38.83,05,,01,04,02,01,01,01,04,01,300,FE,,NJ 35,,,,35,40,26,,,N,,200
201813522018-04014,MONMOUTH,WALL TWP,11/16/2018,FR,2018,01,WALL TWP PD,,0,0,0,0,P,I,N,N,03,2,NJ 35,S,35,,00000035__,16.47,02,,01,04,02,01,06,01,04,01,,AT,,LAKEWOOD RD / MARCELLUS AVE,,,,40,25,26,,,N,,181
201813522018-04018,MONMOUTH,WALL TWP,11/17/2018,SA,1428,01,WALL TWP PD,PATROL,0,0,0,0,P,B,N,N,08,2,1904 ATLANTIC AVE,E,,,,,04,,01,04,02,01,01,01,05,01,1056,FE,W,STATE HWY 35,,,,10,40,26,,,N,,
201813522018-04020,MONMOUTH,WALL TWP,11/17/2018,SA,1546,01,WALL TWP PD,PATROL,0,0,0,0,P,B,N,N,01,2,NJ 35,S,35,,00000035__,18.15,02,,01,04,02,01,01,01,05,01,50,FE,N,OCEAN RD,,,,40,25,26,,,N,,
201813522018-04021,MONMOUTH,WALL TWP,11/17/2018,SA,1910,01,WALL TWP PD,PATROL,0,0,0,0,P,B,N,N,01,2,NJ 33,E,33,,00000033__,35.87,02,,01,04,02,01,06,01,04,01,100,FE,E,NJ 34,,,,45,45,26,,,N,,207
201813522018-04022,MONMOUTH,WALL TWP,11/17/2018,SA,2110,01,WALL TWP PD,,0,0,0,0,P,I,Y,N,11,1,NJ 34,S,34,,00000034__,2.63,02,,03,04,02,01,06,01,03,01,,AT,,ROUTE 524 / ALLAIRE RD,,,,55,45,56,,,N,,159
201813522018-04027,MONMOUTH,WALL TWP,11/18/2018,SU,1051,01,WALL TWP PD,,0,0,0,0,P,I,N,N,01,2,LAKEWOOD RD **,W,,,13521239__,.00,07,,01,06,02,01,01,01,05,01,,AT,,NJ 35,,,,25,40,26,,,N,,
201813522018-04028,MONMOUTH,WALL TWP,11/18/2018,SU,1341,01,WALL TWP PD,PATROL,0,0,0,0,P,I,N,N,03,2,NJ 35,W,35,,00000035__,18.49,02,,01,04,02,01,01,01,05,01,,AT,,NEW BEDFORD RD,,,,40,35,26,,,N,,184
201813522018-04031,MONMOUTH,WALL TWP,11/18/2018,SU,2054,01,WALL TWP PD,PATROL,0,0,0,0,P,I,N,N,01,2,NJ 35,N,35,,00000035__,17.41,02,,01,04,02,01,07,01,04,01,,AT,,SEA GIRT AVE,,,,40,40,26,,,N,,194
201813522018-04035,MONMOUTH,WALL TWP,11/19/2018,MO,1136,01,WALL TWP PD,PATROL,0,0,0,0,P,B,N,N,12,1,NJ 33,W,33,,00000033__,36.11,02,,01,06,02,01,01,01,04,01,400,FE,E,ROUTE 547 / SHAFTO RD / WYCKOFF RD,,,,50,35,24,,,N,,
201813522018-04037,MONMOUTH,WALL TWP,11/19/2018,MO,1514,01,WALL TWP PD,PATROL,0,0,0,0,P,I,N,N,01,2,ROUTE 524,,524,,00000524__,36.63,05,,01,04,02,01,01,01,04,01,,AT,,NJ 34,,,,45,55,26,,,N,,207
201813522018-04038,MONMOUTH,WALL TWP,11/19/2018,MO,1557,01,WALL TWP PD,PATROL,0,0,0,0,P,B,N,N,01,2,NJ 33,E,33,,00000033__,35.99,02,,01,04,02,01,01,01,05,01,200,FE,W,ROUTE 547 / SHAFTO RD / WYCKOFF RD,,,,45,35,26,,,N,,164
201813522018-04040,MONMOUTH,WALL TWP,11/19/2018,MO,1718,01,WALL TWP PD,PATROL,0,0,0,0,P,B,N,N,01,2,NJ 35,N,35,,00000035__,17.95,02,,01,04,02,01,05,01,05,01,1000,FE,S,OCEAN RD,,,,40,35,26,,,N,,
201813522018-04047,MONMOUTH,WALL TWP,11/20/2018,TU,1222,01,WALL TWP PD,PATROL,0,0,0,0,P,B,N,N,06,2,17TH AVE **,,,,13471033__,.54,07,,01,04,02,01,01,01,05,01,100,FE,W,K ST,,,,25,25,26,,,N,,
201813522018-04051,MONMOUTH,WALL TWP,11/20/2018,TU,1705,01,WALL TWP PD,PATROL,0,0,0,0,P,I,N,N,01,2,NJ 35,N,35,,00000035__,18.49,02,,01,04,02,01,06,01,04,01,,AT,,NEW BEDFORD RD,,,,40,35,26,,,N,,
201813522018-04058,MONMOUTH,WALL TWP,11/21/2018,WE,1057,01,WALL TWP PD,,0,0,0,0,P,B,N,N,01,2,NJ 35,S,35,,00000035__,17.30,02,,01,04,02,01,01,01,04,01,600,FE,S,SEA GIRT AVE,,,,40,35,26,,,Y,,
201813522018-04060,MONMOUTH,WALL TWP,11/21/2018,WE,1430,01,WALL TWP PD,,0,0,0,0,P,I,N,N,01,2,ROUTE 524,E,524,,00000524__,38.84,05,,03,04,02,01,01,01,05,01,,AT,,NJ 35,,,,35,40,26,,,N,,
201813522018-04061,MONMOUTH,WALL TWP,11/21/2018,WE,1556,01,WALL TWP PD,PATROL,0,0,0,0,P,I,N,N,01,2,NJ 34,N,34,,00000034__,1.80,02,,03,04,02,01,01,01,,01,,AT,,,F,ROUTE 524 SPUR,,50,,26,,,N,,
201813522018-04063,MONMOUTH,WALL TWP,11/21/2018,WE,1731,01,WALL TWP PD,PATROL,0,0,0,0,P,B,N,N,01,2,NJ 33,S,33,,00000033__,35.78,02,,01,04,02,01,06,01,03,01,100,FE,N,ROUTE 547 / ASBURY RD,,,,55,35,26,,,N,,
201813522018-04066,MONMOUTH,WALL TWP,11/21/2018,WE,2043,01,WALL TWP PD,PATROL,0,0,0,0,P,B,N,N,06,2,JEFFERSON AVE **,E,,,,,07,,01,06,02,01,06,01,05,01,,,,MEETINGHOUSE ROAD,,,,25,,26,,,N,,
201813522018-04067,MONMOUTH,WALL TWP,11/22/2018,TH,0006,01,WALL TWP PD,PATROL,0,0,0,0,P,I,Y,N,02,2,NJ 70,W,70,,00000070__,59.16,02,,01,04,02,01,07,01,01,01,,AT,,MORNING STAR RD,,,,50,25,26,,,N,,
201813522018-04070,MONMOUTH,WALL TWP,11/22/2018,TH,1844,01,WALL TWP PD,PATROL,0,1,0,0,I,I,N,N,01,2,WYCKOFF RD,W,,,13521005__,.45,07,,01,04,02,01,06,01,04,01,,AT,,NJ 34,,,,30,55,26,,,N,,
201813522018-04075,MONMOUTH,WALL TWP,11/23/2018,FR,1404,01,WALL TWP PD,WALL PD,0,0,0,0,P,B,N,N,02,2,NJ 34,N,34,,00000034__,1.80,02,,01,04,02,01,01,01,03,01,,,,,F,ROUTE 524 SPUR,NB,55,,,,,N,,185
201813522018-04081,MONMOUTH,WALL TWP,11/23/2018,FR,1902,01,WALL TWP PD,,0,0,0,0,P,I,N,N,03,2,NJ 34,N,34,,00000034__,2.63,02,,02,04,02,01,07,01,03,01,,AT,,ROUTE 524 / ALLAIRE RD,,,,55,45,26,,,N,,169
201813522018-04087,MONMOUTH,WALL TWP,11/24/2018,SA,1344,01,WALL TWP PD,WALL PD,0,0,0,0,P,B,N,N,06,3,2428 STATE HWY 34,,,,,,09,,02,04,02,01,01,01,05,01,,,,,,,,,,,,,N,,
201813522018-04092,MONMOUTH,WALL TWP,11/25/2018,SU,0238,01,WALL TWP PD,,0,0,0,0,P,B,N,N,11,1,NJ 18,S,18,,00000018__,7.07,02,,03,05,02,02,05,02,03,01,1320,FE,N,BRIGHTON AVE,,,,65,35,56,,,N,,
201813522018-04093,MONMOUTH,WALL TWP,11/25/2018,SU,0508,01,WALL TWP PD,,0,0,0,0,P,B,N,N,11,1,NJ 18,S,18,,00000018__,7.07,02,,03,05,02,02,05,02,03,01,1320,FE,N,BRIGHTON AVE,,,,65,35,56,,,N,,
201813522018-04096,MONMOUTH,WALL TWP,11/25/2018,SU,2000,01,WALL TWP PD,PATROL,0,1,0,0,I,I,Y,N,01,2,NJ 34,,34,,00000034__,3.16,02,,01,04,02,01,06,01,03,01,,AT,,ALLENWOOD GLENDOLA RD,,,,55,35,26,,,N,,207
201813522018-04097,MONMOUTH,WALL TWP,11/25/2018,SU,1800,01,WALL TWP PD,,0,0,0,0,P,B,N,N,08,2,STATE HWY 34,S,,,,,09,,01,04,02,01,,01,,,,,,PARKING LOT OF 1803 SHWY 34,,,,55,25,26,,,N,,202
201813522018-04101,MONMOUTH,WALL TWP,11/26/2018,MO,0036,01,WALL TWP PD,PATROL,0,0,0,0,P,B,N,N,12,1,EASY ST,E,,,,,07,,01,04,02,01,03,01,05,01,500,FE,W,CR 21/SQUANKUM ALLENWOOD RD,,,,25,35,24,,,N,,
201813522018-04102,MONMOUTH,WALL TWP,11/26/2018,MO,0728,01,WALL TWP PD,PATROL,0,0,0,0,P,I,N,N,02,2,MONMOUTH COUNTY 18 I,W,18,1,130000181_,3.68,05,,01,04,02,01,01,01,05,01,,AT,W,GARDEN STATE PARKWAY,,,,40,10,26,,,N,,205
201813522018-04106,MONMOUTH,WALL TWP,11/26/2018,MO,1522,01,WALL TWP PD,PATROL,0,1,0,0,I,B,N,N,11,1,NJ 70,E,70,,00000070__,59.00,02,,01,06,02,06,01,02,,,1320,FE,W,OVAL OAD,,,,50,25,60,,,N,,
201813522018-04111,MONMOUTH,WALL TWP,11/26/2018,MO,1728,01,WALL TWP PD,PATROL,0,1,0,0,I,B,N,N,01,2,MONMOUTH COUNTY 30 II,W,30,2,130000302_,2.97,05,,01,04,02,02,05,02,04,01,1000,FE,E,NJ 35,,,,35,40,26,,,N,,
201813522018-04113,MONMOUTH,WALL TWP,11/26/2018,MO,1824,01,WALL TWP PD,PATROL,0,0,0,0,P,I,N,N,02,2,NJ 33,W,33,,00000033__,35.85,02,,02,04,02,02,06,02,01,01,,AT,,NJ 34,,,,55,55,26,,,N,,203
201813522018-04117,MONMOUTH,WALL TWP,11/27/2018,TU,0619,01,WALL TWP PD,,0,0,0,0,P,B,N,N,11,1,MONMOUTH COUNTY 21,E,21,,13000021__,,05,,01,04,02,01,04,01,04,01,600,FE,W,CR 549/HERBERTSVILLE ROAD,,,,35,45,60,,,N,,
201813522018-04118,MONMOUTH,WALL TWP,11/27/2018,TU,0735,01,WALL TWP PD,PATROL,0,0,0,0,P,B,N,N,06,2,SEA GIRT AVE,,,,13521308__,.77,07,,01,04,02,01,01,01,04,,100,FE,E,N MAIN ST,,,,35,25,26,,,N,,
201813522018-04119,MONMOUTH,WALL TWP,11/27/2018,TU,1246,01,WALL TWP PD,,0,0,0,0,P,B,N,N,01,2,NJ 34,,34,,00000034__,2.57,02,,01,04,02,01,01,01,03,01,300,FE,S,ROUTE 524 / ALLAIRE RD,,,,55,45,26,,,N,,
201813522018-04123,MONMOUTH,WALL TWP,11/27/2018,TU,1111,01,WALL TWP PD,,0,1,0,0,I,B,N,N,01,2,NJ 138,E,138,,00000138__,1.18,02,,01,04,02,01,01,01,03,01,50,FE,W,CLUB DR,,,,55,25,26,,,N,,
201813522018-04128,MONMOUTH,WALL TWP,11/27/2018,TU,1820,01,WALL TWP PD,PATROL,0,0,0,0,P,I,N,N,02,2,NJ 35,N,35,,00000035__,16.47,02,,01,04,02,01,07,01,04,01,,AT,,LAKEWOOD RD / MARCELLUS AVE,,,,40,35,26,,,N,,200
201813522018-04137,MONMOUTH,WALL TWP,11/28/2018,WE,1443,01,WALL TWP PD,WALL PD,0,1,0,0,I,B,N,N,01,2,NJ 33,W,33,,00000033__,36.04,02,,01,04,02,01,01,01,05,01,50,FE,E,ROUTE 547 / SHAFTO RD / WYCKOFF RD,,,,50,35,,,,N,,
201813522018-04139,MONMOUTH,WALL TWP,11/28/2018,WE,1716,01,WALL TWP PD,WALL PD,0,0,0,0,P,B,N,N,01,2,NJ 138,E,138,,00000138__,1.18,02,,01,04,02,01,06,01,03,01,50,FE,W,CLUB DR,,,,55,,,,,N,,185
201813522018-04144,MONMOUTH,WALL TWP,11/29/2018,TH,0705,01,WALL TWP PD,PATROL,0,0,0,0,P,B,N,N,12,1,NJ 18,N,18,,00000018__,5.66,02,,01,04,02,01,02,01,03,01,300,FE,S,MONMOUTH BLVD,,,,65,25,12,,,N,,209
201813522018-04146,MONMOUTH,WALL TWP,11/29/2018,TH,0940,01,WALL TWP PD,PATROL,0,0,0,0,P,I,N,N,02,2,NJ 34,S,34,,00000034__,2.63,02,,02,04,02,01,01,01,03,01,,AT,,ROUTE 524 / ALLAIRE RD,,,,55,45,26,,,N,,
201813522018-04167,MONMOUTH,WALL TWP,11/30/2018,FR,0843,01,WALL TWP PD,PATROL,0,0,0,0,P,I,N,N,02,2,NJ 34,S,34,,00000034__,2.63,02,,02,04,02,01,01,01,03,01,,AT,,ROUTE 524 / ALLAIRE RD,,,,50,45,26,,,N,,
201813522018-04180,MONMOUTH,WALL TWP,12/01/2018,SA,1148,01,WALL TWP PD,,0,0,0,0,P,I,N,N,01,2,NJ 18,N,18,,00000018__,5.14,02,,01,05,02,01,01,01,03,01,,AT,,,F,NJ 138,WB,65,,26,,,N,,
201813522018-04182,MONMOUTH,WALL TWP,12/01/2018,SA,1618,01,WALL TWP PD,,0,0,0,0,P,B,N,N,12,1,NJ 35,S,35,,00000035__,16.10,02,,01,06,02,01,01,05,01,01,528,FE,N,NJ 34 / NJ 70,,,,50,,24,,,N,,
201813522018-04184,MONMOUTH,WALL TWP,12/01/2018,SA,1731,01,WALL TWP PD,PATROL,0,0,0,0,P,B,N,N,02,2,NJ 34,S,34,,00000034__,2.00,02,,01,04,02,02,05,02,04,01,150,FE,N,ROUTE 524S / ATLANTIC AVE,,,,55,,26,,,N,,
201813522018-04187,MONMOUTH,WALL TWP,12/02/2018,SU,1006,01,WALL TWP PD,,0,2,0,0,I,I,N,N,03,2,NJ 33,W,33,,00000033__,36.03,02,,01,04,02,01,01,05,05,01,,AT,,ROUTE 547 / SHAFTO RD / WYCKOFF RD,,,,50,45,26,,,N,,197
201813522018-04188,MONMOUTH,WALL TWP,12/02/2018,SU,1415,01,WALL TWP PD,PATROL,0,1,0,0,I,B,N,N,04,2,NJ 34,N,34,,00000034__,2.54,02,,01,04,02,02,01,02,03,01,500,FE,S,ROUTE 524 / ALLAIRE RD,,,,55,45,26,,,N,,205
201813522018-04189,MONMOUTH,WALL TWP,12/02/2018,SU,1654,01,WALL TWP PD,PATROL,0,0,0,0,P,B,N,N,01,2,NJ 71,S,71,,00000071__,4.76,02,,01,04,02,02,06,01,05,01,200,FE,N,17TH AVE,,,,30,25,26,,,N,,205
201813522018-04190,MONMOUTH,WALL TWP,12/02/2018,SU,1813,01,WALL TWP PD,PATROL,0,0,0,0,P,I,N,N,08,2,MONMOUTH COUNTY 30 II,W,30,2,130000302_,2.78,05,,01,04,02,02,06,02,04,01,,AT,,NJ 35,,,,25,45,26,,,N,,207
201813522018-04192,MONMOUTH,WALL TWP,12/03/2018,MO,0255,01,WALL TWP PD,PATROL,0,0,0,0,P,I,N,N,11,1,NJ 34,S,34,,00000034__,5.46,02,,01,04,02,02,06,02,03,01,,AT,,AIRPORT RD,,,,55,25,52,,,N,VEHICLE CRASHED INTO UTILITY POLE # BT3425WC CAUSING MINOR DAMAGE,207
201813522018-04194,MONMOUTH,WALL TWP,12/03/2018,MO,0817,01,WALL TWP PD,PATROL,0,0,0,0,P,B,N,N,11,1,NJ 18,S,18,,00000018__,5.14,02,,03,06,02,02,01,01,02,01,,,,,T,NJ 18,,55,,56,,,N,,195
201813522018-04197,MONMOUTH,WALL TWP,12/03/2018,MO,1719,01,WALL TWP PD,PATROL,0,0,0,0,P,B,N,N,01,3,NJ 34,S,34,,00000034__,4.54,02,,01,06,02,01,04,01,03,01,1200,FE,S,WEST HURLEY POND RD,,,,55,35,26,,,N,,
201813522018-04204,MONMOUTH,WALL TWP,12/04/2018,TU,0856,01,WALL TWP PD,PATROL,0,0,0,0,P,B,N,N,01,2,NJ 33,E,33,,00000033__,35.67,02,,01,04,02,01,01,01,03,01,500,FE,W,ROUTE 547 / ASBURY RD,,,,50,35,26,,,N,,164
201813522018-04206,MONMOUTH,WALL TWP,12/04/2018,TU,1241,01,WALL TWP PD,PATROL,0,0,0,0,P,I,N,N,03,2,NJ 33,,33,,00000033__,35.85,02,,02,04,02,01,01,01,02,01,,AT,,NJ 34,,,,25,25,26,,,N,,209
201813522018-04208,MONMOUTH,WALL TWP,12/04/2018,TU,1658,01,WALL TWP PD,WALL PD,0,1,0,0,I,B,N,N,01,2,I-195,W,195,,00000195__,34.17,01,,03,04,02,01,06,01,03,01,,,,,T,NJ 34,SB,55,,26,,,N,,185
201813522018-04210,MONMOUTH,WALL TWP,12/04/2018,TU,1732,01,WALL TWP PD,PATROL,0,0,0,0,P,B,N,N,01,2,NJ 35,S,35,,00000035__,19.38,02,,01,04,02,01,07,01,04,01,375,FE,N,OLD MILL RD,,,,40,25,26,,,N,,198
201813522018-04219,MONMOUTH,WALL TWP,12/05/2018,WE,1449,01,WALL TWP PD,,0,0,0,0,P,I,N,N,03,2,ALLENWOOD RD,,,,13521019__,.73,07,,01,04,02,01,01,01,05,01,,AT,,WOODFIELD RD,,,,35,25,26,,,N,,182
201813522018-04223,MONMOUTH,WALL TWP,12/05/2018,WE,2115,01,WALL TWP PD,PATROL,0,0,0,0,P,B,N,N,12,1,SCHOOLHOUSE RD **,N,,,13521012__,-.09,07,,01,04,02,01,05,01,05,01,500,FE,S,CR 18 I / BELMAR RD,,,,30,40,24,,,N,,205
201813522018-04226,MONMOUTH,WALL TWP,12/05/2018,WE,2319,01,WALL TWP PD,PATROL,0,0,0,0,P,B,N,N,02,2,I-195,E,195,,00000195__,,01,,01,04,02,01,06,01,03,01,1056,FE,W,ALLENWOOD RD,,,,55,35,26,,,N,GUARD RAIL DAMAGE ON STATE HWY 195 EB,205
201813522018-04229,MONMOUTH,WALL TWP,12/06/2018,TH,0723,01,WALL TWP PD,PATROL,0,0,0,0,P,I,N,N,02,2,NJ 138,W,138,,00000138__,.01,02,,01,04,02,01,01,01,01,01,,AT,,NJ 34,,,,55,50,26,,,N,,200
201813522018-04230,MONMOUTH,WALL TWP,12/06/2018,TH,0754,01,WALL TWP PD,PATROL,0,0,0,0,P,I,N,N,02,2,NJ 34,N,34,,00000034__,7.72,02,,03,04,02,01,01,01,03,01,,AT,,NJ 33,,,,50,50,26,,,N,,200
201813522018-04231,MONMOUTH,WALL TWP,12/06/2018,TH,0809,01,WALL TWP PD,PATROL,0,0,0,0,P,I,N,N,02,2,NJ 34,E,34,,00000034__,2.63,02,,02,04,02,01,01,01,02,01,,AT,,ROUTE 524 / ALLAIRE RD,,,,55,45,26,,,N,,209
201813522018-04232,MONMOUTH,WALL TWP,12/06/2018,TH,0903,01,WALL TWP PD,PATROL,0,0,0,0,P,I,N,N,01,2,NJ 33,S,33,,00000033__,35.85,02,,02,04,02,01,01,01,03,01,,AT,,NJ 34,,,,55,55,26,,,N,,175
201813522018-04237,MONMOUTH,WALL TWP,12/06/2018,TH,1623,01,WALL TWP PD,,0,1,0,0,I,B,N,N,01,2,NJ 34,,34,,00000034__,.69,02,,01,05,02,01,01,01,03,01,100,FE,S,HOLLY BLVD,,,,55,,,,,N,,137
201813522018-04238,MONMOUTH,WALL TWP,12/06/2018,TH,1717,01,WALL TWP PD,PATROL,0,1,0,0,I,B,N,N,01,2,NJ 138,W,138,,00000138__,.20,02,,01,04,02,01,05,01,01,01,1000,FE,E,NJ 34,,,,55,50,26,,,N,,#200
201813522018-04239,MONMOUTH,WALL TWP,12/06/2018,TH,1745,01,WALL TWP PD,PATROL,0,0,0,0,P,B,N,N,01,3,NJ 138,W,138,,00000138__,.01,02,,01,04,02,01,06,01,01,01,,,,,T,NJ 34,NB,55,,26,,,N,,
201813522018-04242,MONMOUTH,WALL TWP,12/06/2018,TH,2042,01,WALL TWP PD,PATROL,0,0,0,0,P,B,N,N,01,2,I-195,E,195,,00000195__,34.15,01,,01,04,02,01,06,01,01,02,100,FE,W,NJ 34,,,,55,55,26,,,N,,194
201813522018-04246,MONMOUTH,WALL TWP,12/07/2018,FR,1421,01,WALL TWP PD,PATROL,0,0,0,0,P,B,N,N,01,2,NJ 70,W,70,,00000070__,59.23,02,,03,06,02,01,01,01,01,01,375,FE,E,MORNING STAR RD,,,,50,25,26,,,N,,198
201813522018-04249,MONMOUTH,WALL TWP,12/07/2018,FR,1610,01,WALL TWP PD,PATROL,0,0,0,0,P,I,N,N,02,2,NJ 33,,33,,00000033__,35.85,02,,02,04,02,01,03,01,02,01,,AT,,NJ 34,,,,50,55,26,,,N,,198
201813522018-04250,MONMOUTH,WALL TWP,12/07/2018,FR,1624,01,WALL TWP PD,PATROL,0,0,0,0,P,I,N,N,03,2,NJ 33,,33,,00000033__,35.85,02,,02,04,02,01,03,01,02,01,,AT,N,NJ 34,,,,50,55,26,,,N,,198
201813522018-04251,MONMOUTH,WALL TWP,12/07/2018,FR,1650,01,WALL TWP PD,PATROL,0,1,0,0,I,I,N,N,04,2,NEW BEDFORD RD,N,,,13521306__,.23,07,,01,04,02,01,06,01,04,01,,AT,,ROUTE 524 / ALLAIRE RD,,,,35,45,26,,,N,,201
201813522018-04253,MONMOUTH,WALL TWP,12/07/2018,FR,1824,01,WALL TWP PD,PATROL,0,0,0,0,P,B,N,N,02,2,NJ 35,N,35,,00000035__,15.81,02,,01,05,02,01,06,01,04,01,100,FE,S,APACHE RD,,,,50,25,26,,,N,,164
201813522018-04266,MONMOUTH,WALL TWP,12/08/2018,SA,1940,01,WALL TWP PD,PATROL D?0,0,0,0,0,P,B,N,N,12,1,NJ 35,,35,,00000035__,17.89,02,,01,04,02,01,07,01,04,01,1320,FE,S,OCEAN RD,,,,40,35,24,,,N,,161
201813522018-04269,MONMOUTH,WALL TWP,12/09/2018,SU,0929,01,WALL TWP PD,,0,0,0,0,P,B,N,N,01,2,NJ 138,E,138,,00000138__,1.20,02,,01,04,02,01,01,01,01,01,50,FE,E,CLUB DR,,,,55,,26,,,N,,192
201813522018-04273,MONMOUTH,WALL TWP,12/09/2018,SU,1720,01,WALL TWP PD,PATROL,0,0,0,0,P,B,N,N,06,2,VOORHEES AVE **,S,,,13521131__,.25,07,,01,04,02,01,05,01,05,,50,FE,N,MAPLE ST,,,,25,25,26,,,N,,201
201813522018-04284,MONMOUTH,WALL TWP,12/10/2018,MO,1729,01,WALL TWP PD,,0,1,0,0,I,B,N,N,01,3,NJ 34,,34,,00000034__,4.75,02,,01,04,02,01,06,01,03,01,100,FE,S,WEST HURLEY POND RD,,,,50,,26,,,N,,
201813522018-04293,MONMOUTH,WALL TWP,12/11/2018,TU,1613,01,WALL TWP PD,PATROL,0,0,0,0,P,B,N,N,01,2,NJ 138,W,138,,00000138__,.20,02,,01,07,02,01,03,01,01,01,1000,FE,E,NJ 34,,,,55,50,26,,,N,,200
201813522018-04294,MONMOUTH,WALL TWP,12/11/2018,TU,1635,01,WALL TWP PD,,0,0,0,0,P,B,N,N,01,2,NJ 70,W,70,,00000070__,58.75,02,,01,04,02,01,06,01,01,01,100,FE,W,CR 48 / RIVERVIEW DR,,,,,25,26,,,N,,182
201813522018-04295,MONMOUTH,WALL TWP,12/11/2018,TU,1711,01,WALL TWP PD,PATROL,0,0,0,0,P,B,N,N,01,2,NJ 34,N,34,,00000034__,1.97,02,,03,05,02,01,05,01,03,01,,,,,T,CR 524,WB,50,,26,,,N,,200
201813522018-04296,MONMOUTH,WALL TWP,12/11/2018,TU,1726,01,WALL TWP PD,PATROL,0,0,0,0,P,B,N,N,01,2,NJ 34,S,34,,00000034__,.35,02,,01,04,02,01,05,01,03,01,100,FE,N,LAKEWOOD RD,,,,50,35,26,,,N,,200
201813522018-04302,MONMOUTH,WALL TWP,12/12/2018,WE,0840,01,WALL TWP PD,PATROL,0,0,0,0,P,B,N,N,01,2,NJ 33,W,33,,00000033__,35.85,02,,01,04,02,01,01,01,03,01,5,FE,E,NJ 34,,,,50,25,26,,,N,,201
201813522018-04312,MONMOUTH,WALL TWP,12/12/2018,WE,1740,01,WALL TWP PD,WALL PD,0,1,0,0,I,I,N,N,01,2,NJ 71,S,71,,00000071__,4.72,02,,01,04,02,01,06,01,05,01,,AT,,17TH AVE,,,,35,25,26,,,N,,185
201813522018-04314,MONMOUTH,WALL TWP,12/09/2018,SU,1532,01,WALL TWP PD,PATROL DIV,0,1,0,0,I,B,N,N,12,1,NEW BEDFORD RD,S,,,13521306__,1.82,07,,01,04,02,01,01,01,04,01,300,FE,S,CR 18 I / BELMAR BLVD,,,,35,40,24,,,N,,161
201813522018-04324,MONMOUTH,WALL TWP,12/13/2018,TH,1440,01,WALL TWP PD,PATROL,0,0,0,0,P,I,N,N,01,2,NJ 35,S,35,,00000035__,16.47,02,,01,04,02,01,01,01,,,,AT,,LAKEWOOD RD / MARCELLUS AVE,,,,40,25,26,,,N,,153
201813522018-04328,MONMOUTH,WALL TWP,12/13/2018,TH,1656,01,WALL TWP PD,PATROL,0,1,0,0,I,I,N,N,01,3,NJ 138,W,138,,00000138__,1.83,02,,03,07,02,01,03,01,02,01,,AT,,,F,NJ 18,SB,55,,26,,,N,,
201813522018-04329,MONMOUTH,WALL TWP,12/13/2018,TH,1733,01,WALL TWP PD,PATROL,0,0,0,0,P,I,N,N,03,2,LAKEWOOD RD **,E,,,13521239__,.45,07,,01,05,02,01,06,01,05,01,,AT,,PAYNTERS RD,,,,25,25,26,,,N,,164
201813522018-04334,MONMOUTH,WALL TWP,12/14/2018,FR,0630,01,WALL TWP PD,,0,1,0,0,I,B,N,N,01,3,NJ 18,S,18,,00000018__,5.18,02,,01,04,02,01,02,01,03,01,200,FE,N,NJ 138,,,,55,55,26,,,N,,
201813522018-04335,MONMOUTH,WALL TWP,12/14/2018,FR,0806,01,WALL TWP PD,PATOL,0,0,0,0,P,I,N,N,02,2,NJ 34,N,34,,00000034__,2.63,02,,01,04,02,01,01,01,03,01,,AT,E,ROUTE 524 / ALLAIRE RD,,,,55,45,26,,,N,,205
201813522018-04336,MONMOUTH,WALL TWP,12/14/2018,FR,0806,01,WALL TWP PD,PATROL,0,1,0,0,I,B,N,N,01,2,NJ 34,S,34,,00000034__,7.27,02,,01,04,02,01,01,01,03,01,75,FE,N,WYCKOFF RD,,,,50,35,26,,,N,,209
201813522018-04349,MONMOUTH,WALL TWP,12/14/2018,FR,1006,01,WALL TWP PD,,0,0,0,0,P,B,N,N,01,2,NJ 138,E,138,,00000138__,.71,02,,01,04,02,01,01,05,01,01,20,FE,W,ALLENWOOD RD,,,,55,35,26,,,N,,182