Year(4)-CountyCode(2)-MunicipalityCode(2)-CaseNumber(9),County Name,Municipality Name,Crash Date,Crash Day of Week,Crash Time,Police Department Code,Police Department,Police Station,Total Killed,Total Injured,Pedestrians Killed,Pedestrians Injured,Severity,Intersection,Alcohol Involved,Hazmat Involved,Crash Type,Total Vehicles,Location,Location Direction,Route,Route Suffix,Std Rte Identifier,MilePost,Road System,Road Character,Road Horizontal Alignment,Road Grade,Road Surface Type,Surface Condition,Light Condition,Environmental Condition,Road Divided By,Temporary Traffic Control Zone,Distance To Cross Street,Unit Of Measurement,Direction From Cross Street,Cross Street Name,Is Ramp,Ramp To/From Route Name,Ramp To/From Route Direction,Posted Speed,Posted Speed Cross Street,First Harmful Event,Latitude,Longitude,Cell Phone In Use Flag,Other Property Damage,Reporting Badge No.
20181352E050-2018-00071A,MONMOUTH,WALL TWP,01/10/2018,WE,0851,02,NEW JERSEY STATE POLICE,HOLMDEL - SQUAD,0,1,0,0,I,B,N,N,01,2,GARDEN STATE PARKWAY,N,444,,00000444__,98.00,03,,01,04,02,01,01,01,01,01,,,,,,,,65,,26,40.172820,74.098670,N,,7471
20181352E050-2018-00077A,MONMOUTH,WALL TWP,01/11/2018,TH,0803,02,NEW JERSEY STATE POLICE,HOLMDEL - SQUAD,0,0,0,0,P,B,N,N,01,2,GARDEN STATE PARKWAY,N,444,,00000444__,98.00,03,,01,05,02,01,01,01,01,01,,,,,,,,35,,26,40.171860,74.097350,N,,7639
20181352E050-2018-00106A,MONMOUTH,WALL TWP,01/16/2018,TU,1533,02,NEW JERSEY STATE POLICE,HOLMDEL - SQUAD,0,0,0,0,P,B,N,N,15,2,GARDEN STATE PARKWAY,S,444,,00000444__,97.40,03,,01,04,02,01,01,01,01,01,,,,,,,,65,,39,40.159260,74.103630,N,,7751
20181352E050-2018-00119A,MONMOUTH,WALL TWP,01/18/2018,TH,1740,02,NEW JERSEY STATE POLICE,HOLMDEL - SQUAD,0,2,0,0,I,B,N,N,01,3,GARDEN STATE PARKWAY,S,444,,00000444__,97.00,03,,01,04,02,01,03,01,01,01,,,,,,,,65,,26,40.153630,74.105430,N,,7380
20181352E050-2018-00130A,MONMOUTH,WALL TWP,01/21/2018,SU,1013,02,NEW JERSEY STATE POLICE,HOLMDEL - SQUAD,0,0,0,0,P,B,N,N,08,2,GARDEN STATE PARKWAY,N,444,,00000444__,100.30,03,,01,04,02,01,01,01,01,01,,,,,,,,65,,26,40.386550,74.177130,N,,7751
20181352E050-2018-00134A,MONMOUTH,WALL TWP,01/19/2018,FR,1743,02,NEW JERSEY STATE POLICE,HOLMDEL - SQUAD,0,0,0,0,P,B,N,N,01,3,GARDEN STATE PARKWAY,S,444,,00000444__,96.90,03,,01,04,02,01,05,01,03,01,,,,,,,,65,,26,40.152240,74.105980,N,,7199
20181352E050-2018-00145A,MONMOUTH,WALL TWP,01/22/2018,MO,1633,02,NEW JERSEY STATE POLICE,HOLMDEL - SQUAD,0,0,0,0,P,B,N,N,02,2,GARDEN STATE PARKWAY,N,444,,00000444__,98.70,03,,01,04,02,01,03,01,01,01,,,,,,,,15,,26,40.176930,74.099240,N,,7804
20181352E050-2018-00155A,MONMOUTH,WALL TWP,01/24/2018,WE,1752,02,NEW JERSEY STATE POLICE,HOLMDEL - SQUAD,0,0,0,0,P,B,N,N,01,2,GARDEN STATE PARKWAY,S,444,,00000444__,99.80,03,,01,04,02,02,06,02,03,01,,,,,,,,65,,26,40.193800,74.100700,N,,7471
20181352E050-2018-00204A,MONMOUTH,WALL TWP,01/31/2018,WE,2124,02,NEW JERSEY STATE POLICE,HOLMDEL - SQUAD,0,0,0,0,P,B,N,N,11,1,GARDEN STATE PARKWAY,S,444,,00000444__,100.20,03,,01,04,02,01,06,01,01,01,,,,,,,,15,,56,40.199550,74.098850,N,GUARDRAIL FACE,7804
20181352E050-2018-00211A,MONMOUTH,WALL TWP,02/01/2018,TH,1740,02,NEW JERSEY STATE POLICE,HOLMDEL - SQUAD,0,1,0,0,I,B,N,N,01,2,GARDEN STATE PARKWAY,S,444,,00000444__,98.90,03,,01,06,02,01,06,01,01,01,,,,,,,,65,,26,40.167810,74.101710,N,,7439
20181352E050-2018-00229A,MONMOUTH,WALL TWP,02/05/2018,MO,2045,02,NEW JERSEY STATE POLICE,HOLMDEL - SQUAD,0,0,0,0,P,B,N,N,02,2,GARDEN STATE PARKWAY,N,444,,00000444__,96.70,03,,01,04,02,01,01,01,01,01,,,,,,,,65,,26,40.148790,74.106560,N,,7514
20181352E050-2018-00235A,MONMOUTH,WALL TWP,02/07/2018,WE,0241,02,NEW JERSEY STATE POLICE,HOLMDEL - SQUAD,0,0,0,0,P,B,N,N,11,1,GARDEN STATE PARKWAY,N,444,,00000444__,94.40,03,,01,04,02,01,05,01,01,01,,,,,,,,65,,60,40.386550,74.177130,N,,7576
20181352E050-2018-00250A,MONMOUTH,WALL TWP,02/08/2018,TH,1726,02,NEW JERSEY STATE POLICE,HOLMDEL - SQUAD,0,1,0,0,I,B,Y,N,01,3,GARDEN STATE PARKWAY,N,444,,00000444__,99.40,03,,01,04,02,01,03,01,01,01,,,,,,,,65,,26,40.187030,74.099770,N,,7411
20181352E050-2018-00258A,MONMOUTH,WALL TWP,02/10/2018,SA,0754,02,NEW JERSEY STATE POLICE,HOLMDEL - SQUAD,0,0,0,0,P,B,N,N,11,1,GARDEN STATE PARKWAY,S,444,,00000444__,100.30,03,,01,04,02,01,01,01,01,01,,,,,,,,,,49,40.200420,74.098600,N,DAMAGE TO METAL BARRIER AT PUMP 18,7369
20181352E050-2018-00285A,MONMOUTH,WALL TWP,02/14/2018,WE,2326,02,NEW JERSEY STATE POLICE,HOLMDEL - SQUAD,0,1,0,0,I,B,N,N,01,2,GARDEN STATE PARKWAY,N,444,,00000444__,98.40,03,,01,04,02,02,05,02,01,01,,,,,,,,65,,26,40.172590,74.099070,N,NJTA GUIDERAIL.,7661
20181352E050-2018-00288A,MONMOUTH,WALL TWP,02/15/2018,TH,2221,02,NEW JERSEY STATE POLICE,HOLMDEL - SQUAD,0,2,0,0,I,B,N,N,11,1,GARDEN STATE PARKWAY,S,444,,00000444__,96.30,03,,01,05,02,02,05,02,01,01,,,,,,,,65,,46,40.144420,74.110860,N,NJTA Guardrail,7160
20181352E050-2018-00298A,MONMOUTH,WALL TWP,02/17/2018,SA,0425,02,NEW JERSEY STATE POLICE,HOLMDEL - SQUAD,0,2,0,0,I,B,N,N,11,1,GARDEN STATE PARKWAY,N,444,,00000444__,95.90,03,,01,04,02,01,05,01,01,01,,,,,,,,65,,46,40.139090,74.113830,N,GUIDERAIL,7578
20181352E050-2018-00315A,MONMOUTH,WALL TWP,02/18/2018,SU,2254,02,NEW JERSEY STATE POLICE,HOLMDEL - SQUAD,0,2,0,0,I,B,N,N,11,1,GARDEN STATE PARKWAY,N,444,,00000444__,95.60,03,,01,04,02,01,05,01,01,01,,,,,,,,65,,60,40.133500,74.118300,N,,7578
20181352E050-2018-00348A,MONMOUTH,WALL TWP,02/24/2018,SA,1849,02,NEW JERSEY STATE POLICE,HOLMDEL - SQUAD,0,3,0,0,I,B,N,N,01,2,GARDEN STATE PARKWAY,N,444,,00000444__,99.50,03,,01,04,02,01,06,01,01,01,,,,,,,,65,,26,40.188480,74.099720,N,,7804
20181352E050-2018-00371A,MONMOUTH,WALL TWP,02/27/2018,TU,2001,02,NEW JERSEY STATE POLICE,HOLMDEL - SQUAD,0,2,0,0,I,B,N,N,01,2,GARDEN STATE PARKWAY,N,444,,00000444__,100.60,03,,01,04,02,01,05,01,01,01,,,,,F,MONMOUTH SERVICE AREA,NB,65,,26,40.386550,74.177130,N,,7751
20181352E050-2018-00374A,MONMOUTH,WALL TWP,02/28/2018,WE,0949,02,NEW JERSEY STATE POLICE,HOLMDEL - SQUAD,0,0,0,0,P,B,N,N,15,2,GARDEN STATE PARKWAY,N,444,,00000444__,97.60,03,,01,04,02,01,01,01,01,01,,,,,,,,65,,30,40.160930,74.102060,N,,7380
20181352E050-2018-00385A,MONMOUTH,WALL TWP,03/01/2018,TH,1906,02,NEW JERSEY STATE POLICE,HOLMDEL - SQUAD,0,0,0,0,P,B,N,N,02,2,GARDEN STATE PARKWAY,N,444,,00000444__,100.00,03,,01,04,02,02,06,02,01,05,,,,,,,,65,,26,40.195650,74.098830,N,,7804
20181352E050-2018-00389A,MONMOUTH,WALL TWP,03/02/2018,FR,1116,02,NEW JERSEY STATE POLICE,HOLMDEL - SQUAD,0,0,0,0,P,B,N,N,11,1,GARDEN STATE PARKWAY,N,444,,00000444__,98.00,03,,01,04,02,03,01,03,01,01,,,,,,,,65,,46,40.171860,74.097350,N,NJTA Guardrail,7660
20181352E050-2018-00391A,MONMOUTH,WALL TWP,03/02/2018,FR,1402,02,NEW JERSEY STATE POLICE,HOLMDEL - SQUAD,0,0,0,0,P,B,N,N,11,1,GARDEN STATE PARKWAY,S,444,,00000444__,100.00,03,,01,05,02,03,01,01,01,01,,FE,S,NJ 18 / BELMAR BLVD,,,,65,,47,40.238900,74.984400,N,GUARDRAIL,7382
20181352E050-2018-00397A,MONMOUTH,WALL TWP,03/02/2018,FR,1719,02,NEW JERSEY STATE POLICE,HOLMDEL - SQUAD,0,0,0,0,P,B,N,N,11,1,GARDEN STATE PARKWAY,N,444,,00000444__,97.80,03,,01,04,02,03,01,03,01,01,,,,,,,,65,,46,40.163180,74.101780,N,NJTA GUARDRAIL.,7208
20181352E050-2018-00398A,MONMOUTH,WALL TWP,03/02/2018,FR,1826,02,NEW JERSEY STATE POLICE,HOLMDEL - SQUAD,0,0,0,0,P,B,N,N,02,2,GARDEN STATE PARKWAY,S,444,,00000444__,95.50,03,,01,04,02,03,05,03,01,01,,,,,,,,65,,26,40.386550,74.177130,N,,7751
20181352E050-2018-00402A,MONMOUTH,WALL TWP,03/03/2018,SA,0808,02,NEW JERSEY STATE POLICE,HOLMDEL - SQUAD,0,0,0,0,P,B,N,N,02,2,GARDEN STATE PARKWAY,N,444,,00000444__,95.50,03,,03,04,02,01,01,01,01,01,,,,,,,,65,,26,40.133970,74.117630,N,,7453
20181352E050-2018-00409A,MONMOUTH,WALL TWP,03/04/2018,SU,0253,02,NEW JERSEY STATE POLICE,HOLMDEL - SQUAD,0,0,0,0,P,B,N,N,11,1,GARDEN STATE PARKWAY,S,444,,00000444__,100.20,03,,01,04,02,01,05,01,01,01,,,,,,,,65,,46,40.199540,74.099600,N,,7411
20181352E050-2018-00413A,MONMOUTH,WALL TWP,03/05/2018,MO,2033,02,NEW JERSEY STATE POLICE,HOLMDEL - SQUAD,0,2,0,0,I,B,N,N,01,2,GARDEN STATE PARKWAY,S,444,,00000444__,95.60,03,,01,04,02,01,06,01,01,01,,,,,,,,65,,26,40.134400,74.118150,N,,7570
20181352E050-2018-00418A,MONMOUTH,WALL TWP,03/06/2018,TU,0537,02,NEW JERSEY STATE POLICE,HOLMDEL - SQUAD,0,0,0,0,P,B,N,N,15,2,GARDEN STATE PARKWAY,N,444,,00000444__,99.60,03,,01,04,02,01,01,01,01,01,,,,,,,,65,,30,40.189920,74.099630,N,,7369
20181352E050-2018-00434A,MONMOUTH,WALL TWP,03/07/2018,WE,1514,02,NEW JERSEY STATE POLICE,HOLMDEL - SQUAD,0,0,0,0,P,B,N,N,01,2,GARDEN STATE PARKWAY,S,444,,00000444__,97.80,03,,01,04,02,03,01,03,01,01,,,,,,,,55,,26,40.164960,74.102310,N,,7578
20181352E050-2018-00440A,MONMOUTH,WALL TWP,03/07/2018,WE,1256,02,NEW JERSEY STATE POLICE,HOLMDEL - SQUAD,0,0,0,0,P,B,N,N,99,3,GARDEN STATE PARKWAY,N,444,,00000444__,100.20,03,,01,04,02,02,01,06,01,01,,,,,,,,65,,26,40.562200,74.234700,N,,7382
20181352E050-2018-00441A,MONMOUTH,WALL TWP,02/16/2018,FR,1231,02,NEW JERSEY STATE POLICE,HOLMDEL - SQUAD,0,0,0,0,P,B,N,N,02,3,GARDEN STATE PARKWAY,N,444,,00000444__,98.20,03,,01,04,02,01,01,01,01,01,,,,,,,,65,,30,40.169690,74.099570,N,GUARDRAIL  NJTA PO BOX 5042 WOODBRIDGE NJ.,7448
20181352E050-2018-00442A,MONMOUTH,WALL TWP,03/07/2018,WE,1904,02,NEW JERSEY STATE POLICE,HOLMDEL - SQUAD,0,0,0,0,P,B,N,N,15,1,GARDEN STATE PARKWAY,N,444,,00000444__,98.90,03,,01,04,02,01,05,01,01,01,,,,,,,,65,,39,40.179840,74.099520,N,,7739
20181352E050-2018-00448A,MONMOUTH,WALL TWP,03/08/2018,TH,0946,02,NEW JERSEY STATE POLICE,HOLMDEL - SQUAD,0,0,0,0,P,B,N,N,15,2,GARDEN STATE PARKWAY,N,444,,00000444__,95.10,03,,01,04,02,01,01,01,01,01,,,,,,,,65,,30,40.129900,74.122920,N,,7471
20181352E050-2018-00451A,MONMOUTH,WALL TWP,03/08/2018,TH,1110,02,NEW JERSEY STATE POLICE,HOLMDEL - SQUAD,0,0,0,0,P,B,N,N,15,1,GARDEN STATE PARKWAY,N,444,,00000444__,98.70,03,,01,04,02,01,01,01,01,01,,,,,,,,65,,39,40.176930,74.099240,N,,7471
20181352E050-2018-00486A,MONMOUTH,WALL TWP,03/15/2018,TH,1626,02,NEW JERSEY STATE POLICE,HOLMDEL - SQUAD,0,0,0,0,P,B,N,N,02,2,GARDEN STATE PARKWAY,N,444,,00000444__,98.60,03,,01,04,02,01,01,01,01,01,,FE,N,HURLEYS BOND RD,,,,65,,26,40.215720,74.097470,N,,7361
20181352E050-2018-00491A,MONMOUTH,WALL TWP,03/15/2018,TH,1650,02,NEW JERSEY STATE POLICE,HOLMDEL - SQUAD,0,0,0,0,P,B,N,N,02,2,GARDEN STATE PARKWAY,S,444,,00000444__,94.50,03,,01,04,02,01,01,01,01,01,,,,,,,,65,,26,40.123690,74.127280,N,,7661
20181352E050-2018-00493A,MONMOUTH,WALL TWP,03/16/2018,FR,1624,02,NEW JERSEY STATE POLICE,HOLMDEL - SQUAD,0,0,0,0,P,B,N,N,02,2,GARDEN STATE PARKWAY,S,444,,00000444__,97.70,03,,01,04,02,01,01,01,01,01,,,,,,,,65,,26,40.163520,74.102600,N,,7199
20181352E050-2018-00504A,MONMOUTH,WALL TWP,02/23/2018,FR,1812,02,NEW JERSEY STATE POLICE,HOLMDEL - SQUAD,0,0,0,0,P,B,N,N,01,4,GARDEN STATE PARKWAY,S,444,,00000444__,97.50,03,,01,05,02,01,05,01,01,01,,,,,,,,65,,26,40.168230,74.100050,N,,7369
20181352E050-2018-00512A,MONMOUTH,WALL TWP,03/19/2018,MO,1951,02,NEW JERSEY STATE POLICE,HOLMDEL - SQUAD,0,0,0,0,P,B,N,N,02,2,GARDEN STATE PARKWAY,S,444,,00000444__,99.50,03,,01,05,02,01,06,01,01,01,,,,,,,,65,,26,40.192350,74.100860,N,,7804
20181352E050-2018-00523A,MONMOUTH,WALL TWP,03/21/2018,WE,0811,02,NEW JERSEY STATE POLICE,HOLMDEL - SQUAD,0,0,0,0,P,B,N,N,11,1,GARDEN STATE PARKWAY,S,444,,00000444__,98.00,03,,02,04,02,04,01,07,01,01,,,,,T,I-195,WB,65,,46,40.219260,74.099060,N,DAMAGE TO NJTA GUARDRAIL,7227
20181352E050-2018-00532A,MONMOUTH,WALL TWP,03/21/2018,WE,1014,02,NEW JERSEY STATE POLICE,HOLMDEL - SQUAD,0,0,0,0,P,B,N,N,02,2,GARDEN STATE PARKWAY,N,444,,00000444__,95.60,03,,01,04,02,01,01,01,01,01,,,,,,,,65,,26,40.160700,74.068000,N,,7739
20181352E050-2018-00556A,MONMOUTH,WALL TWP,03/21/2018,WE,1831,02,NEW JERSEY STATE POLICE,HOLMDEL - SQUAD,0,0,0,0,P,B,N,N,11,1,GARDEN STATE PARKWAY,S,444,,00000444__,96.30,03,,01,04,02,03,05,03,01,01,,,,,,,,65,,46,40.144420,74.110860,N,GUARDRAIL,7578
20181352E050-2018-00557A,MONMOUTH,WALL TWP,03/21/2018,WE,1654,02,NEW JERSEY STATE POLICE,HOLMDEL - SQUAD,0,2,0,0,I,B,N,N,02,2,GARDEN STATE PARKWAY,N,444,,00000444__,100.00,03,,01,04,02,03,01,03,01,01,,,,,,,,45,,26,40.195650,74.098830,N,,7471
20181352E050-2018-00559A,MONMOUTH,WALL TWP,03/23/2018,FR,0300,02,NEW JERSEY STATE POLICE,HOLMDEL - SQUAD,0,0,0,0,P,B,N,N,01,2,GARDEN STATE PARKWAY,N,444,,00000444__,96.00,03,,01,04,02,01,06,01,01,01,,,,,,,,65,,26,40.139610,74.111830,N,,7471
20181352E050-2018-00560A,MONMOUTH,WALL TWP,03/23/2018,FR,,02,NEW JERSEY STATE POLICE,HOLMDEL - SQUAD,0,0,0,0,P,B,N,N,10,1,GARDEN STATE PARKWAY,S,444,,00000444__,94.50,03,,01,04,02,01,05,01,03,01,,,,,,,,65,,01,40.122270,74.127630,N,,7578
20181352E050-2018-00565A,MONMOUTH,WALL TWP,03/23/2018,FR,1620,02,NEW JERSEY STATE POLICE,HOLMDEL - SQUAD,0,0,0,0,P,B,N,N,01,2,GARDEN STATE PARKWAY,S,444,,00000444__,96.60,03,,01,04,02,01,01,01,01,01,,,,,,,,65,,26,40.148260,74.108200,N,,7570
20181352E050-2018-00567A,MONMOUTH,WALL TWP,03/24/2018,SA,1819,02,NEW JERSEY STATE POLICE,HOLMDEL - SQUAD,0,0,0,0,P,B,N,N,06,2,GARDEN STATE PARKWAY,N,444,,00000444__,100.10,03,,01,04,02,01,03,01,05,01,,,,,,,,15,,26,40.195650,74.098830,N,,7439
20181352E050-2018-00604A,MONMOUTH,WALL TWP,04/02/2018,MO,0731,02,NEW JERSEY STATE POLICE,HOLMDEL - SQUAD,0,0,0,0,P,B,N,N,11,1,GARDEN STATE PARKWAY,S,444,,00000444__,97.60,03,,02,04,02,03,01,03,01,01,,,,,,,,25,,46,40.164800,74.102720,N,NJ TPRK GUARD RAIL
NJ TPRK CONCRETE BARRIER WALL,7804
20181352E050-2018-00617A,MONMOUTH,WALL TWP,04/02/2018,MO,0859,02,NEW JERSEY STATE POLICE,HOLMDEL - SQUAD,0,0,0,0,P,B,N,N,11,1,GARDEN STATE PARKWAY,S,444,,00000444__,95.00,03,,01,04,02,03,01,03,01,01,,FE,S,NJ 21 / HOSPITAL RD,,,,65,,46,40.129060,74.124570,N,New Jersey Turnpike Authority guardrail.,7129
20181352E050-2018-00642A,MONMOUTH,WALL TWP,04/07/2018,SA,,02,NEW JERSEY STATE POLICE,HOLMDEL - SQUAD,0,0,0,0,P,B,N,N,02,2,GARDEN STATE PARKWAY,S,444,,00000444__,98.20,03,,01,04,02,01,05,01,01,01,,,,,,,,65,,26,40.170670,74.101030,N,,7661
20181352E050-2018-00654A,MONMOUTH,WALL TWP,04/09/2018,MO,0819,02,NEW JERSEY STATE POLICE,HOLMDEL - SQUAD,0,0,0,0,P,B,N,N,02,2,GARDEN STATE PARKWAY,N,444,,00000444__,98.80,03,,01,04,02,01,01,01,01,01,,,,,T,I-195,WB,65,,26,40.171860,74.097350,N,,7751
20181352E050-2018-00655A,MONMOUTH,WALL TWP,04/09/2018,MO,1300,02,NEW JERSEY STATE POLICE,HOLMDEL - SQUAD,0,0,0,0,P,B,N,N,08,2,GARDEN STATE PARKWAY,S,444,,00000444__,100.20,03,,01,04,02,01,01,01,01,01,,,,,,,,25,,26,40.198280,74.099110,N,,7751
20181352E050-2018-00658A,MONMOUTH,WALL TWP,04/09/2018,MO,2125,02,NEW JERSEY STATE POLICE,HOLMDEL - SQUAD,0,0,0,0,P,B,N,N,02,2,GARDEN STATE PARKWAY,N,444,,00000444__,98.00,03,,01,04,02,01,06,01,01,01,,,,,,,,65,,26,40.166780,74.100570,N,,7471
20181352E050-2018-00689A,MONMOUTH,WALL TWP,04/16/2018,MO,0756,02,NEW JERSEY STATE POLICE,HOLMDEL - SQUAD,0,1,0,0,I,B,N,N,01,2,GARDEN STATE PARKWAY,N,444,,00000444__,99.70,03,,01,04,02,02,01,02,01,01,,,,,,,,65,,26,40.191360,74.099480,N,,7576
20181352E050-2018-00690A,MONMOUTH,WALL TWP,04/16/2018,MO,0917,02,NEW JERSEY STATE POLICE,HOLMDEL - SQUAD,0,1,0,0,I,B,N,N,01,2,GARDEN STATE PARKWAY,N,444,,00000444__,98.90,03,,01,04,02,02,01,02,01,01,,,,,,,,65,,26,40.179840,74.099520,N,,7576
20181352E050-2018-00691A,MONMOUTH,WALL TWP,04/16/2018,MO,1113,02,NEW JERSEY STATE POLICE,HOLMDEL - SQUAD,0,0,0,0,P,B,N,N,01,2,GARDEN STATE PARKWAY,N,444,,00000444__,98.70,03,,01,04,02,02,01,05,01,01,,,,,,,,65,,26,40.176930,74.099240,N,,7576
20181352E050-2018-00701A,MONMOUTH,WALL TWP,04/15/2018,SU,1455,02,NEW JERSEY STATE POLICE,HOLMDEL - SQUAD,0,0,0,0,P,B,N,N,02,2,GARDEN STATE PARKWAY,S,444,,00000444__,98.50,03,,01,04,02,01,01,01,01,01,,,,,,,,65,,26,40.174990,74.100660,N,,7739
20181352E050-2018-00707A,MONMOUTH,WALL TWP,04/18/2018,WE,1314,02,NEW JERSEY STATE POLICE,HOLMDEL - SQUAD,0,0,0,0,P,I,N,N,01,2,GARDEN STATE PARKWAY,S,444,,00000444__,97.65,03,,01,04,02,01,01,01,01,02,,AT,,NJ 34,,,EB,65,,26,40.153630,74.105430,N,,7751
20181352E050-2018-00711A,MONMOUTH,WALL TWP,04/15/2018,SU,1706,02,NEW JERSEY STATE POLICE,HOLMDEL - SQUAD,0,0,0,0,P,B,N,N,02,2,GARDEN STATE PARKWAY,N,444,,00000444__,98.40,03,,01,04,02,02,01,02,01,01,,,,,,,,65,,26,40.175360,74.098740,N,,7471
20181352E050-2018-00712A,MONMOUTH,WALL TWP,04/19/2018,TH,0521,02,NEW JERSEY STATE POLICE,HOLMDEL - SQUAD,0,0,0,0,P,B,N,N,12,1,GARDEN STATE PARKWAY,S,444,,00000444__,96.80,03,,01,04,02,01,05,01,01,01,,,,,,,,65,,24,40.151210,74.106520,N,,7739
20181352E050-2018-00722A,MONMOUTH,WALL TWP,04/20/2018,FR,1524,02,NEW JERSEY STATE POLICE,HOLMDEL - SQUAD,0,0,0,0,P,B,N,N,01,2,GARDEN STATE PARKWAY,S,444,,00000444__,98.70,03,,01,04,02,01,01,01,01,01,,,,,,,,65,,26,40.174800,74.101040,N,,7570
20181352E050-2018-00723A,MONMOUTH,WALL TWP,04/20/2018,FR,1700,02,NEW JERSEY STATE POLICE,HOLMDEL - SQUAD,0,1,0,0,I,B,N,N,01,2,GARDEN STATE PARKWAY,S,444,,00000444__,98.40,03,,01,04,02,01,01,01,03,01,,,,,,,,65,,26,40.173540,74.100630,N,,7439
20181352E050-2018-00733A,MONMOUTH,WALL TWP,04/23/2018,MO,0944,02,NEW JERSEY STATE POLICE,HOLMDEL - SQUAD,0,0,0,0,P,B,N,N,02,2,GARDEN STATE PARKWAY,N,444,,00000444__,98.30,03,,01,04,02,01,01,01,01,01,,,,,,,,65,,26,40.170470,74.099410,N,NJTA Guardrail,7660
20181352E050-2018-00746A,MONMOUTH,WALL TWP,04/25/2018,WE,1114,02,NEW JERSEY STATE POLICE,HOLMDEL - SQUAD,0,0,0,0,P,B,N,N,11,1,GARDEN STATE PARKWAY,N,444,,00000444__,100.00,03,,01,04,02,02,01,02,01,01,,,,,,,,65,,53,40.220810,74.096310,N,NJTPA Light pole and sign support,7514
20181352E050-2018-00747A,MONMOUTH,WALL TWP,04/20/2018,FR,1624,02,NEW JERSEY STATE POLICE,HOLMDEL - SQUAD,0,0,0,0,P,B,N,N,06,2,GARDEN STATE PARKWAY,N,444,,00000444__,95.60,03,,01,04,02,01,01,01,01,01,,,,,,,,65,,28,40.134950,74.116210,N,,7570
20181352E050-2018-00755A,MONMOUTH,WALL TWP,04/25/2018,WE,2142,02,NEW JERSEY STATE POLICE,HOLMDEL - SQUAD,0,0,0,0,P,B,N,N,12,1,GARDEN STATE PARKWAY,S,444,,00000444__,96.80,03,,03,05,02,02,06,01,03,01,,,,,,,,65,,24,40.150160,74.107040,N,,7361
20181352E050-2018-00763A,MONMOUTH,WALL TWP,04/27/2018,FR,1656,02,NEW JERSEY STATE POLICE,HOLMDEL - SQUAD,0,0,0,0,P,B,N,N,01,2,GARDEN STATE PARKWAY,S,444,,00000444__,98.70,03,,01,04,02,01,01,01,01,01,,,,,,,,65,,26,40.178390,74.100830,N,,7208
20181352E050-2018-00769A,MONMOUTH,WALL TWP,04/29/2018,SU,1422,02,NEW JERSEY STATE POLICE,HOLMDEL - SQUAD,0,0,0,0,P,B,N,N,12,1,GARDEN STATE PARKWAY,S,444,,00000444__,95.00,03,,01,04,02,01,01,01,01,01,,,,,,,,65,,25,40.125270,74.127100,N,,7453
20181352E050-2018-00772A,MONMOUTH,WALL TWP,04/30/2018,MO,0956,02,NEW JERSEY STATE POLICE,HOLMDEL - SQUAD,0,1,0,0,I,B,N,N,12,1,NJ 34,S,34,,00000034__,4.00,02,,01,04,02,01,01,01,03,01,,,,,,,,55,,24,40.160490,74.103750,N,,7578
20181352E050-2018-00807A,MONMOUTH,WALL TWP,05/06/2018,SU,1609,02,NEW JERSEY STATE POLICE,HOLMDEL - SQUAD,0,0,0,0,P,B,N,N,01,2,GARDEN STATE PARKWAY,N,444,,00000444__,98.00,03,,01,04,02,01,01,01,01,01,,,,,T,NJ 18,NB,65,,26,40.166780,74.100570,N,,7439
20181352E050-2018-00815A,MONMOUTH,WALL TWP,05/07/2018,MO,2214,02,NEW JERSEY STATE POLICE,HOLMDEL - SQUAD,0,0,0,0,P,B,N,N,15,1,GARDEN STATE PARKWAY,S,444,,00000444__,96.40,03,,01,04,02,01,05,01,01,01,,,,,,,,65,,39,40.145710,74.110000,N,,7578
20181352E050-2018-00832A,MONMOUTH,WALL TWP,05/09/2018,WE,1835,02,NEW JERSEY STATE POLICE,HOLMDEL - SQUAD,0,0,0,0,P,B,N,N,08,2,GARDEN STATE PARKWAY,S,444,,00000444__,100.50,03,,01,04,02,01,01,01,01,01,,,,,,,,65,,28,40.386550,74.177130,N,,7576
20181352E050-2018-00833A,MONMOUTH,WALL TWP,05/09/2018,WE,1847,02,NEW JERSEY STATE POLICE,HOLMDEL - SQUAD,0,0,0,0,P,B,N,N,15,1,GARDEN STATE PARKWAY,S,444,,00000444__,95.70,03,,01,04,02,01,01,01,01,01,,,,,,,,65,,39,40.386550,74.177130,N,,7576