Year(4)-CountyCode(2)-MunicipalityCode(2)-CaseNumber(9),County Name,Municipality Name,Crash Date,Crash Day of Week,Crash Time,Police Department Code,Police Department,Police Station,Total Killed,Total Injured,Pedestrians Killed,Pedestrians Injured,Severity,Intersection,Alcohol Involved,Hazmat Involved,Crash Type,Total Vehicles,Location,Location Direction,Route,Route Suffix,Std Rte Identifier,MilePost,Road System,Road Character,Road Horizontal Alignment,Road Grade,Road Surface Type,Surface Condition,Light Condition,Environmental Condition,Road Divided By,Temporary Traffic Control Zone,Distance To Cross Street,Unit Of Measurement,Direction From Cross Street,Cross Street Name,Is Ramp,Ramp To/From Route Name,Ramp To/From Route Direction,Posted Speed,Posted Speed Cross Street,First Harmful Event,Latitude,Longitude,Cell Phone In Use Flag,Other Property Damage,Reporting Badge No.
20181352E050-2018-00846A,MONMOUTH,WALL TWP,05/12/2018,SA,0704,02,NEW JERSEY STATE POLICE,HOLMDEL - SQUAD,0,0,0,0,P,B,N,N,11,1,GARDEN STATE PARKWAY,S,444,,00000444__,98.10,03,,01,04,02,02,01,02,01,01,,,,,,,,65,,46,40.167830,74.101480,N,NJTA metal guardrail,7361
20181352E050-2018-00847A,MONMOUTH,WALL TWP,05/12/2018,SA,0744,02,NEW JERSEY STATE POLICE,HOLMDEL - SQUAD,0,0,0,0,P,B,N,N,11,1,GARDEN STATE PARKWAY,N,444,,00000444__,95.80,03,,02,05,02,02,01,02,01,01,,,,,,,,65,,46,40.136080,74.115050,N,NJTA metal guardrail,7361
20181352E050-2018-00871A,MONMOUTH,WALL TWP,05/16/2018,WE,0747,02,NEW JERSEY STATE POLICE,HOLMDEL - SQUAD,0,0,0,0,P,B,N,N,11,1,GARDEN STATE PARKWAY,N,444,,00000444__,98.20,03,,01,04,02,01,01,01,01,01,,,,,,,,35,,46,40.172820,74.098670,N,NJTA guiderail,7450
20181352E050-2018-00901A,MONMOUTH,WALL TWP,05/18/2018,FR,1225,02,NEW JERSEY STATE POLICE,HOLMDEL - SQUAD,0,0,0,0,P,B,N,N,03,2,GARDEN STATE PARKWAY,S,444,,00000444__,100.00,03,,01,04,02,02,01,02,02,01,,,,,,,,15,,26,40.180500,74.100500,N,,7380
20181352E050-2018-00904A,MONMOUTH,WALL TWP,05/18/2018,FR,2216,02,NEW JERSEY STATE POLICE,HOLMDEL - SQUAD,0,0,0,0,P,B,N,N,12,1,GARDEN STATE PARKWAY,S,444,,00000444__,98.10,03,,01,04,02,01,06,01,01,01,,,,,,,,65,,24,40.169250,74.101370,N,,7804
20181352E050-2018-00921A,MONMOUTH,WALL TWP,05/16/2018,WE,1607,02,NEW JERSEY STATE POLICE,HOLMDEL - SQUAD,0,0,0,0,P,B,N,N,11,1,GARDEN STATE PARKWAY,N,444,,00000444__,98.00,03,,02,04,02,02,01,02,01,01,,,,NJ 138,,,EB,35,,56,40.168530,74.098090,N,UTILITY POLE  NJTA PO BOX 5042 WOODBRIDGE NJ.,7448
20181352E050-2018-00922A,MONMOUTH,WALL TWP,05/22/2018,TU,,02,NEW JERSEY STATE POLICE,HOLMDEL - SQUAD,0,0,0,0,P,B,N,N,12,1,GARDEN STATE PARKWAY,S,444,,00000444__,95.70,03,,03,06,02,01,05,01,01,01,,,,,,,,65,,24,40.136600,74.115730,N,,7361
20181352E050-2018-00926A,MONMOUTH,WALL TWP,05/22/2018,TU,1552,02,NEW JERSEY STATE POLICE,HOLMDEL - SQUAD,0,1,0,0,I,B,N,N,11,1,GARDEN STATE PARKWAY,S,444,,00000444__,96.30,03,,01,04,02,02,01,02,01,01,,,,,,,,65,,46,40.109870,74.133720,N,NJTA Guardrail,7660
20181352E050-2018-00933A,MONMOUTH,WALL TWP,05/23/2018,WE,0800,02,NEW JERSEY STATE POLICE,HOLMDEL - SQUAD,0,1,0,0,I,B,N,N,06,2,GARDEN STATE PARKWAY,N,444,,00000444__,99.30,03,,01,04,02,01,01,01,01,03,,,,,,,,65,,28,40.185590,74.099790,N,,7514
20181352E050-2018-00935A,MONMOUTH,WALL TWP,05/23/2018,WE,0813,02,NEW JERSEY STATE POLICE,HOLMDEL - SQUAD,0,0,0,0,P,B,N,N,01,2,GARDEN STATE PARKWAY,N,444,,00000444__,98.60,03,,01,04,02,01,01,01,01,01,,,,,,,,65,,26,40.174240,74.099280,N,,7514
20181352E050-2018-00938A,MONMOUTH,WALL TWP,05/23/2018,WE,2024,02,NEW JERSEY STATE POLICE,HOLMDEL - SQUAD,0,0,0,0,P,B,N,N,12,1,GARDEN STATE PARKWAY,N,444,,00000444__,99.60,03,,01,04,02,01,01,01,01,01,,,,,,,,65,,24,40.189920,74.099630,N,,7739
20181352E050-2018-00941A,MONMOUTH,WALL TWP,05/24/2018,TH,1340,02,NEW JERSEY STATE POLICE,HOLMDEL - SQUAD,0,1,0,0,I,B,N,N,11,1,GARDEN STATE PARKWAY,S,444,,00000444__,99.40,03,,01,04,02,01,01,01,01,01,,,,,,,,65,,46,40.188020,74.101200,N,GUARDRAIL OWNED BY NJTA,7570
20181352E050-2018-00942A,MONMOUTH,WALL TWP,05/24/2018,TH,1503,02,NEW JERSEY STATE POLICE,HOLMDEL - SQUAD,0,0,0,0,P,B,N,N,01,2,GARDEN STATE PARKWAY,S,444,,00000444__,100.60,03,,01,04,02,01,01,01,01,01,,,,,,,,65,,26,40.196680,74.100190,N,,7570
20181352E050-2018-00954A,MONMOUTH,WALL TWP,05/25/2018,FR,0649,02,NEW JERSEY STATE POLICE,HOLMDEL - SQUAD,0,0,0,0,P,B,N,N,02,2,GARDEN STATE PARKWAY,N,444,,00000444__,95.40,03,,01,04,02,01,01,01,03,01,,,,,,,,65,,26,40.133060,74.119060,N,,7578
20181352E050-2018-00957A,MONMOUTH,WALL TWP,05/25/2018,FR,1434,02,NEW JERSEY STATE POLICE,HOLMDEL - SQUAD,0,0,0,0,P,B,N,N,01,2,GARDEN STATE PARKWAY,S,444,,00000444__,95.10,03,,01,04,02,01,01,01,03,01,,,,,,,,65,,26,40.130290,74.123480,N,,7578
20181352E050-2018-00995A,MONMOUTH,WALL TWP,05/22/2018,TU,1706,02,NEW JERSEY STATE POLICE,HOLMDEL - SQUAD,0,0,0,0,P,B,N,N,01,2,GARDEN STATE PARKWAY,S,444,,00000444__,99.50,03,,01,04,02,01,01,01,01,01,,,,,,,,65,,26,40.188750,74.101180,N,,7448
20181352E050-2018-01000A,MONMOUTH,WALL TWP,05/28/2018,MO,1416,02,NEW JERSEY STATE POLICE,HOLMDEL - SQUAD,0,0,0,0,P,B,N,N,01,2,GARDEN STATE PARKWAY,N,444,,00000444__,98.20,03,,01,05,02,01,01,01,01,01,,,,,,,,65,,26,40.169690,74.099570,N,,7804
20181352E050-2018-01002A,MONMOUTH,WALL TWP,05/28/2018,MO,1632,02,NEW JERSEY STATE POLICE,HOLMDEL - SQUAD,0,0,0,0,P,B,N,N,01,2,GARDEN STATE PARKWAY,N,444,,00000444__,98.80,03,,01,04,02,01,01,01,01,01,,,,,,,,65,,26,40.178370,74.099400,N,,7804
20181352E050-2018-01012A,MONMOUTH,WALL TWP,05/29/2018,TU,1455,02,NEW JERSEY STATE POLICE,HOLMDEL - SQUAD,0,0,0,0,P,B,N,N,02,2,GARDEN STATE PARKWAY,N,444,,00000444__,99.00,03,,01,04,02,01,01,01,01,01,,,,,,,,65,,26,40.181260,74.099630,N,NJTA Traffic Sign (LANE ENDS MERGE LEFT),7361
20181352E050-2018-01017A,MONMOUTH,WALL TWP,05/30/2018,WE,0659,02,NEW JERSEY STATE POLICE,HOLMDEL - SQUAD,0,0,0,0,P,B,N,N,15,2,GARDEN STATE PARKWAY,N,444,,00000444__,96.70,03,,03,06,02,01,02,04,01,01,,,,,,,,65,,30,40.148790,74.106560,N,,7369
20181352E050-2018-01031A,MONMOUTH,WALL TWP,06/01/2018,FR,1347,02,NEW JERSEY STATE POLICE,HOLMDEL - SQUAD,0,2,0,0,I,B,Y,N,02,3,GARDEN STATE PARKWAY,S,444,,00000444__,94.50,03,,01,04,02,01,01,01,01,01,,,,,,,,65,,26,40.122270,74.127630,N,,7450
20181352E050-2018-01034A,MONMOUTH,WALL TWP,06/01/2018,FR,1538,02,NEW JERSEY STATE POLICE,HOLMDEL - SQUAD,0,0,0,0,P,B,N,N,02,2,GARDEN STATE PARKWAY,S,444,,00000444__,97.50,03,,01,04,02,01,01,01,01,01,,,,,,,,65,,26,40.160670,74.103250,N,,7369
20181352E050-2018-01037A,MONMOUTH,WALL TWP,06/01/2018,FR,1651,02,NEW JERSEY STATE POLICE,HOLMDEL - SQUAD,0,0,0,0,P,B,N,N,01,2,GARDEN STATE PARKWAY,S,444,,00000444__,96.70,03,,01,04,02,01,01,01,01,01,,,,,,,,65,,26,40.149570,74.107370,N,,7570
20181352E050-2018-01038A,MONMOUTH,WALL TWP,06/01/2018,FR,1818,02,NEW JERSEY STATE POLICE,HOLMDEL - SQUAD,0,1,0,0,I,B,N,N,01,2,GARDEN STATE PARKWAY,S,444,,00000444__,97.60,03,,01,04,02,01,01,01,01,01,,,,,,,,65,,26,40.161940,74.102820,N,,7570
20181352E050-2018-01053A,MONMOUTH,WALL TWP,05/07/2018,MO,1504,02,NEW JERSEY STATE POLICE,HOLMDEL - SQUAD,0,0,0,0,P,B,N,N,01,2,GARDEN STATE PARKWAY,N,444,,00000444__,98.00,03,,01,04,02,01,01,01,01,01,,,,,,,,65,,26,40.386550,74.177130,N,,7779
20181352E050-2018-01060A,MONMOUTH,WALL TWP,06/04/2018,MO,1706,02,NEW JERSEY STATE POLICE,HOLMDEL - SQUAD,0,0,0,0,P,B,N,N,15,1,GARDEN STATE PARKWAY,S,444,,00000444__,98.50,03,,03,04,02,01,01,01,01,01,,,,,,,,65,,30,40.195270,74.100440,N,,7453
20181352E050-2018-01061A,MONMOUTH,WALL TWP,06/04/2018,MO,1755,02,NEW JERSEY STATE POLICE,HOLMDEL - SQUAD,0,0,0,0,P,B,N,N,01,2,GARDEN STATE PARKWAY,S,444,,00000444__,100.00,03,,01,04,02,01,01,01,01,01,,,,,,,,65,,26,40.193950,74.100730,N,,7453
20181352E050-2018-01066A,MONMOUTH,WALL TWP,06/05/2018,TU,0428,02,NEW JERSEY STATE POLICE,HOLMDEL - SQUAD,0,0,0,0,P,B,N,N,12,1,GARDEN STATE PARKWAY,S,444,,00000444__,98.30,03,,01,04,02,01,02,01,01,01,,,,,,,,65,,24,40.172110,74.100760,N,,7779
20181352E050-2018-01072A,MONMOUTH,WALL TWP,06/06/2018,WE,0906,02,NEW JERSEY STATE POLICE,HOLMDEL - SQUAD,0,0,0,0,P,B,N,N,01,2,GARDEN STATE PARKWAY,N,444,,00000444__,98.40,03,,01,04,02,01,01,01,01,01,,,,,,,,65,,26,40.169990,74.089340,N,,7804
20181352E050-2018-01077A,MONMOUTH,WALL TWP,06/07/2018,TH,1716,02,NEW JERSEY STATE POLICE,HOLMDEL - SQUAD,0,0,0,0,P,B,N,N,01,2,GARDEN STATE PARKWAY,S,444,,00000444__,96.20,03,,01,04,02,01,01,01,01,01,,,,,,,,65,,26,40.143080,74.111610,N,,7514
20181352E050-2018-01088A,MONMOUTH,WALL TWP,06/09/2018,SA,1058,02,NEW JERSEY STATE POLICE,HOLMDEL - SQUAD,0,0,0,0,P,B,N,N,15,1,GARDEN STATE PARKWAY,N,444,,00000444__,98.00,03,,01,04,02,01,01,01,01,01,,,,,,,,65,,39,40.168530,74.098090,N,,7739
20181352E050-2018-01089A,MONMOUTH,WALL TWP,06/09/2018,SA,1137,02,NEW JERSEY STATE POLICE,HOLMDEL - SQUAD,0,0,0,0,P,B,N,N,02,2,GARDEN STATE PARKWAY,S,444,,00000444__,98.50,03,,01,04,02,01,01,01,01,01,,,,,,,,65,,26,40.174040,74.099030,N,,7739
20181352E050-2018-01094A,MONMOUTH,WALL TWP,06/08/2018,FR,2059,02,NEW JERSEY STATE POLICE,HOLMDEL - SQUAD,0,0,0,0,P,B,N,N,12,1,GARDEN STATE PARKWAY,N,444,,00000444__,100.00,03,,01,04,02,01,06,01,01,01,,,,,,,,65,,24,40.304300,74.100400,N,,7639
20181352E050-2018-01117A,MONMOUTH,WALL TWP,06/11/2018,MO,1809,02,NEW JERSEY STATE POLICE,HOLMDEL - SQUAD,0,0,0,0,P,B,N,N,08,2,GARDEN STATE PARKWAY,N,444,,00000444__,100.00,03,,01,04,02,01,01,01,05,01,,,,,,,,15,,26,40.265150,74.351680,N,,7470
20181352E050-2018-01119A,MONMOUTH,WALL TWP,06/11/2018,MO,0640,02,NEW JERSEY STATE POLICE,HOLMDEL - SQUAD,0,0,0,0,P,B,N,N,01,2,GARDEN STATE PARKWAY,N,444,,00000444__,98.00,03,,01,04,02,01,01,01,01,01,,,,,,,,65,,26,40.386550,74.177130,N,,7661
20181352E050-2018-01137A,MONMOUTH,WALL TWP,06/13/2018,WE,1731,02,NEW JERSEY STATE POLICE,HOLMDEL - SQUAD,0,0,0,0,P,B,N,N,01,2,GARDEN STATE PARKWAY,S,444,,00000444__,96.60,03,,01,04,02,01,01,01,01,01,,,,,,,,65,,26,40.148260,74.108200,N,,7639
20181352E050-2018-01153A,MONMOUTH,WALL TWP,06/15/2018,FR,1650,02,NEW JERSEY STATE POLICE,HOLMDEL - SQUAD,0,0,0,0,P,B,N,N,02,2,GARDEN STATE PARKWAY,S,444,,00000444__,94.80,03,,01,04,02,01,01,01,01,01,,,,,,,,65,,26,40.126650,74.125920,N,,7439
20181352E050-2018-01166A,MONMOUTH,WALL TWP,06/17/2018,SU,1243,02,NEW JERSEY STATE POLICE,HOLMDEL - SQUAD,0,0,0,0,P,B,N,N,08,2,GARDEN STATE PARKWAY,N,444,,00000444__,100.00,03,,01,04,02,01,01,01,01,01,,,,,,,,15,,26,40.199550,74.098850,N,,7661
20181352E050-2018-01182A,MONMOUTH,WALL TWP,06/18/2018,MO,1527,02,NEW JERSEY STATE POLICE,HOLMDEL - SQUAD,0,0,0,0,P,B,N,N,01,2,GARDEN STATE PARKWAY,S,444,,00000444__,95.60,03,,01,04,02,01,01,01,03,01,,,,,,,,65,,26,40.135450,74.116870,N,,7471
20181352E050-2018-01183A,MONMOUTH,WALL TWP,06/18/2018,MO,1631,02,NEW JERSEY STATE POLICE,HOLMDEL - SQUAD,0,0,0,0,P,B,N,N,01,2,GARDEN STATE PARKWAY,S,444,,00000444__,98.00,03,,01,04,02,01,01,01,01,01,,,,,,,,45,,26,40.168380,74.102920,N,,7471
20181352E050-2018-01203A,MONMOUTH,WALL TWP,06/21/2018,TH,1423,02,NEW JERSEY STATE POLICE,HOLMDEL - SQUAD,0,1,0,0,I,B,N,N,11,1,GARDEN STATE PARKWAY,S,444,,00000444__,96.90,03,,01,04,02,01,01,01,01,01,,,,,,,,65,,46,40.151380,74.105090,N,,7661
20181352E050-2018-01218A,MONMOUTH,WALL TWP,06/23/2018,SA,,02,NEW JERSEY STATE POLICE,HOLMDEL - SQUAD,0,1,0,0,I,B,N,N,11,1,GARDEN STATE PARKWAY,N,444,,00000444__,94.90,03,,01,04,02,02,07,02,01,01,,,,,,,,65,,46,40.127410,74.124840,N,,7804
20181352E050-2018-01219A,MONMOUTH,WALL TWP,06/23/2018,SA,0243,02,NEW JERSEY STATE POLICE,HOLMDEL - SQUAD,0,0,0,0,P,B,Y,N,02,2,GARDEN STATE PARKWAY,S,444,,00000444__,99.40,03,,01,04,02,02,06,02,01,01,,,,,,,,65,,26,40.386650,74.177130,N,,7804
20181352E050-2018-01221A,MONMOUTH,WALL TWP,06/22/2018,FR,1624,02,NEW JERSEY STATE POLICE,HOLMDEL - SQUAD,0,1,0,0,I,B,N,N,01,2,GARDEN STATE PARKWAY,S,444,,00000444__,95.60,03,,03,06,02,02,01,02,01,01,,,,,,,,65,,26,40.135450,74.116870,N,,7453
20181352E050-2018-01278A,MONMOUTH,WALL TWP,06/29/2018,FR,1250,02,NEW JERSEY STATE POLICE,HOLMDEL - SQUAD,0,0,0,0,P,B,N,N,01,3,GARDEN STATE PARKWAY,S,444,,00000444__,98.10,03,,01,04,02,01,01,01,01,00,,,,,,,,65,,26,40.386550,74.177130,Y,,7804
20181352E050-2018-01289A,MONMOUTH,WALL TWP,06/29/2018,FR,1717,02,NEW JERSEY STATE POLICE,HOLMDEL - SQUAD,0,0,0,0,P,B,N,N,02,2,GARDEN STATE PARKWAY,N,444,,00000444__,98.00,03,,01,04,02,01,01,01,01,01,,,,,,,,65,,26,40.168530,74.098090,N,,7514
20181352E050-2018-01290A,MONMOUTH,WALL TWP,06/29/2018,FR,1733,02,NEW JERSEY STATE POLICE,HOLMDEL - SQUAD,0,3,0,0,I,B,N,N,02,4,GARDEN STATE PARKWAY,S,444,,00000444__,96.90,03,,01,04,02,01,01,01,01,01,,,,,,,,65,,26,40.143080,74.111610,N,NJTA Guide Rail,7514
20181352E050-2018-01310A,MONMOUTH,WALL TWP,06/30/2018,SA,1351,02,NEW JERSEY STATE POLICE,HOLMDEL - SQUAD,0,0,0,0,P,B,N,N,08,2,GARDEN STATE PARKWAY,E,444,,00000444__,100.00,03,,01,04,02,01,01,01,05,01,,,,,,,,15,,26,40.199550,74.098850,N,,7361
20181352E050-2018-01341A,MONMOUTH,WALL TWP,07/03/2018,TU,0111,02,NEW JERSEY STATE POLICE,HOLMDEL - SQUAD,0,4,0,0,I,B,N,N,01,2,GARDEN STATE PARKWAY,S,444,,00000444__,98.00,03,,01,04,02,01,05,01,01,01,,,,,,,,65,,26,40.167810,74.101710,N,,7578
20181352E050-2018-01343A,MONMOUTH,WALL TWP,07/03/2018,TU,1642,02,NEW JERSEY STATE POLICE,HOLMDEL - SQUAD,0,0,0,0,P,B,N,N,15,2,GARDEN STATE PARKWAY,N,444,,00000444__,100.50,03,,01,04,02,01,01,01,01,01,,,,,,,,65,,30,40.200290,74.097930,N,NJTA Guardrail,7660
20181352E050-2018-01344A,MONMOUTH,WALL TWP,07/03/2018,TU,1822,02,NEW JERSEY STATE POLICE,HOLMDEL - SQUAD,0,0,0,0,P,B,N,N,01,2,GARDEN STATE PARKWAY,S,444,,00000444__,99.90,03,,01,04,02,01,01,01,01,01,,,,,,,,65,,26,40.195250,74.100470,N,,7660
20181352E050-2018-01345A,MONMOUTH,WALL TWP,07/03/2018,TU,1914,02,NEW JERSEY STATE POLICE,HOLMDEL - SQUAD,0,0,0,0,P,B,N,N,03,2,GARDEN STATE PARKWAY,S,444,,00000444__,100.40,03,,01,04,02,01,03,01,01,01,,,,,,,,15,,26,40.199550,74.098850,N,,7660
20181352E050-2018-01368A,MONMOUTH,WALL TWP,07/06/2018,FR,0742,02,NEW JERSEY STATE POLICE,HOLMDEL - SQUAD,0,0,0,0,P,B,N,N,11,1,GARDEN STATE PARKWAY,S,444,,00000444__,98.10,03,,01,04,02,01,01,01,01,01,,,,,,,,65,,46,40.168780,74.101240,N,,7739
20181352E050-2018-01374A,MONMOUTH,WALL TWP,07/07/2018,SA,1236,02,NEW JERSEY STATE POLICE,HOLMDEL - SQUAD,0,0,0,0,P,B,N,N,08,2,GARDEN STATE PARKWAY,S,444,,00000444__,100.00,03,,01,04,02,01,01,01,01,01,,,,,,,,65,,26,40.199550,74.098850,N,,7751
20181352E050-2018-01390A,MONMOUTH,WALL TWP,07/09/2018,MO,0749,02,NEW JERSEY STATE POLICE,HOLMDEL - SQUAD,0,1,0,0,I,B,N,N,01,3,GARDEN STATE PARKWAY,N,444,,00000444__,97.80,03,,01,04,02,01,01,01,01,01,,,,,,,,65,,26,40.163850,74.101490,N,,7661
20181352E050-2018-01414A,MONMOUTH,WALL TWP,07/13/2018,FR,1129,02,NEW JERSEY STATE POLICE,HOLMDEL - SQUAD,0,0,0,0,P,B,N,N,02,2,GARDEN STATE PARKWAY,N,444,,00000444__,96.90,03,,01,04,02,01,01,01,03,01,,,,,,,,65,,26,40.151380,74.105090,N,,6072
20181352E050-2018-01424A,MONMOUTH,WALL TWP,07/14/2018,SA,1117,02,NEW JERSEY STATE POLICE,HOLMDEL - SQUAD,0,0,0,0,P,B,N,N,02,2,GARDEN STATE PARKWAY,S,444,,00000444__,98.90,03,,01,04,02,01,01,01,01,01,,,,,,,,65,,26,40.180770,74.101270,N,,7227
20181352E050-2018-01465A,MONMOUTH,WALL TWP,07/16/2018,MO,1329,02,NEW JERSEY STATE POLICE,HOLMDEL - SQUAD,0,0,0,0,P,B,N,N,99,2,GARDEN STATE PARKWAY,S,444,,00000444__,100.00,03,,01,04,02,01,01,01,01,01,,,,,,,,10,,26,,,N,,7639
20181352E050-2018-01472A,MONMOUTH,WALL TWP,07/11/2018,WE,0856,02,NEW JERSEY STATE POLICE,HOLMDEL - SQUAD,0,1,0,0,I,B,N,N,01,2,GARDEN STATE PARKWAY,N,444,,00000444__,100.00,03,,01,04,02,01,01,01,01,01,,,,,,,,65,,26,40.195650,74.098830,N,,7448
20181352E050-2018-01481A,MONMOUTH,WALL TWP,07/18/2018,WE,1756,02,NEW JERSEY STATE POLICE,HOLMDEL - SQUAD,0,0,0,0,P,B,N,N,01,2,GARDEN STATE PARKWAY,S,444,,00000444__,95.90,03,,01,04,02,01,01,01,01,01,,,,,,,,65,,26,40.139090,74.113830,N,,7439
20181352E050-2018-01482A,MONMOUTH,WALL TWP,07/18/2018,WE,1756,02,NEW JERSEY STATE POLICE,HOLMDEL - SQUAD,0,0,0,0,P,B,N,N,01,2,GARDEN STATE PARKWAY,S,444,,00000444__,95.90,03,,01,04,02,01,01,01,01,01,,,,,,,,65,,26,40.139090,74.113830,N,,7439
20181352E050-2018-01484A,MONMOUTH,WALL TWP,07/18/2018,WE,1813,02,NEW JERSEY STATE POLICE,HOLMDEL - SQUAD,0,0,0,0,P,B,N,N,01,2,GARDEN STATE PARKWAY,S,444,,00000444__,95.90,03,,01,04,02,01,01,01,01,01,,,,,,,,65,,26,40.139090,74.113830,N,,7439
20181352E050-2018-01486A,MONMOUTH,WALL TWP,07/18/2018,WE,2117,02,NEW JERSEY STATE POLICE,HOLMDEL - SQUAD,0,0,0,0,P,B,N,N,15,1,GARDEN STATE PARKWAY,N,444,,00000444__,98.00,03,,01,04,02,01,06,01,03,01,,,,,,,,65,,39,40.166780,74.100570,N,,7470
20181352E050-2018-01496A,MONMOUTH,WALL TWP,07/20/2018,FR,0700,02,NEW JERSEY STATE POLICE,HOLMDEL - SQUAD,0,1,0,0,I,B,N,N,03,2,GARDEN STATE PARKWAY,S,444,,00000444__,100.00,03,,01,04,02,01,01,01,02,01,,,,,,,,15,,26,40.236590,74.154690,N,,7471
20181352E050-2018-01497A,MONMOUTH,WALL TWP,07/20/2018,FR,0805,02,NEW JERSEY STATE POLICE,HOLMDEL - SQUAD,0,0,0,0,P,B,N,N,01,2,GARDEN STATE PARKWAY,S,444,,00000444__,100.00,03,,01,04,02,01,01,01,02,01,,,,,,,,15,,26,40.199550,74.098850,N,,7471
20181352E050-2018-01498A,MONMOUTH,WALL TWP,07/20/2018,FR,0955,02,NEW JERSEY STATE POLICE,HOLMDEL - SQUAD,0,2,0,0,I,B,N,N,02,2,GARDEN STATE PARKWAY,N,444,,00000444__,99.10,03,,01,04,02,01,01,01,01,01,,,,,,,,65,,26,40.177810,74.099500,N,,7471
20181352E050-2018-01499A,MONMOUTH,WALL TWP,07/20/2018,FR,1034,02,NEW JERSEY STATE POLICE,HOLMDEL - SQUAD,0,0,0,0,P,B,N,N,01,2,GARDEN STATE PARKWAY,N,444,,00000444__,98.60,03,,01,04,02,01,01,01,03,01,,,,,,,,65,,26,40.175490,74.099120,N,,7382
20181352E050-2018-01524A,MONMOUTH,WALL TWP,07/22/2018,SU,0534,02,NEW JERSEY STATE POLICE,HOLMDEL - SQUAD,0,0,0,0,P,B,Y,N,11,1,GARDEN STATE PARKWAY,S,444,,00000444__,99.10,03,,01,04,02,02,02,02,03,01,,,,,,,,65,,47,40.181170,74.101170,Y,,7453
20181352E050-2018-01525A,MONMOUTH,WALL TWP,07/22/2018,SU,1718,02,NEW JERSEY STATE POLICE,HOLMDEL - SQUAD,0,0,0,0,P,B,N,N,01,5,GARDEN STATE PARKWAY,N,444,,00000444__,97.80,03,,01,04,02,01,01,01,03,01,,,,,,,,65,,26,40.177490,74.099370,N,,7779
20181352E050-2018-01526A,MONMOUTH,WALL TWP,07/22/2018,SU,1755,02,NEW JERSEY STATE POLICE,HOLMDEL - SQUAD,0,0,0,0,P,B,N,N,01,2,GARDEN STATE PARKWAY,N,444,,00000444__,97.30,03,,01,04,02,01,01,01,03,01,,,,,,,,65,,26,40.156180,74.103400,N,,7779
20181352E050-2018-01528A,MONMOUTH,WALL TWP,07/23/2018,MO,0734,02,NEW JERSEY STATE POLICE,HOLMDEL - SQUAD,0,0,0,0,P,B,N,N,01,2,GARDEN STATE PARKWAY,N,444,,00000444__,96.00,03,,01,04,02,02,01,02,01,01,,,,,,,,65,,26,40.139610,74.111830,N,,7134
20181352E050-2018-01542A,MONMOUTH,WALL TWP,07/25/2018,WE,0535,02,NEW JERSEY STATE POLICE,HOLMDEL - SQUAD,0,0,0,0,P,B,N,N,11,1,GARDEN STATE PARKWAY,N,444,,00000444__,98.70,03,,01,04,02,02,07,02,01,01,,,,,,,,65,,46,40.164020,74.101340,N,,7453
20181352E050-2018-01544A,MONMOUTH,WALL TWP,07/23/2018,MO,2226,02,NEW JERSEY STATE POLICE,HOLMDEL - SQUAD,0,1,0,0,I,B,Y,N,10,1,GARDEN STATE PARKWAY,N,444,,00000444__,96.90,03,,01,04,02,01,05,01,01,01,,,,,,,,65,,01,40.151380,74.105090,N,,7661
20181352E050-2018-01549A,MONMOUTH,WALL TWP,07/18/2018,WE,0857,02,NEW JERSEY STATE POLICE,HOLMDEL - SQUAD,0,0,0,0,P,B,N,N,01,2,GARDEN STATE PARKWAY,N,444,,00000444__,98.00,03,,03,06,02,01,01,01,01,01,,,,,,,,35,,26,40.165370,74.100730,N,,7361
20181352E050-2018-01579A,MONMOUTH,WALL TWP,07/28/2018,SA,2127,02,NEW JERSEY STATE POLICE,HOLMDEL - SQUAD,0,1,0,0,I,B,N,N,01,2,GARDEN STATE PARKWAY,S,444,,00000444__,99.50,03,,01,04,02,01,06,01,01,01,,,,,,,,65,,26,40.190010,74.100920,N,,7570
20181352E050-2018-01583A,MONMOUTH,WALL TWP,07/29/2018,SU,1344,02,NEW JERSEY STATE POLICE,HOLMDEL - SQUAD,0,0,0,0,P,B,N,N,01,2,GARDEN STATE PARKWAY,N,444,,00000444__,100.20,03,,01,04,02,01,01,01,01,01,,,,,,,,65,,26,39.652000,74.651850,N,,7439
20181352E050-2018-01587A,MONMOUTH,WALL TWP,07/29/2018,SU,1351,02,NEW JERSEY STATE POLICE,HOLMDEL - SQUAD,0,1,0,0,I,B,N,N,01,2,GARDEN STATE PARKWAY,N,444,,00000444__,98.00,03,,01,04,02,01,01,01,03,01,,,,,,,,65,,26,39.065100,74.651680,N,,7439