Year(4)-CountyCode(2)-MunicipalityCode(2)-CaseNumber(9),County Name,Municipality Name,Crash Date,Crash Day of Week,Crash Time,Police Department Code,Police Department,Police Station,Total Killed,Total Injured,Pedestrians Killed,Pedestrians Injured,Severity,Intersection,Alcohol Involved,Hazmat Involved,Crash Type,Total Vehicles,Location,Location Direction,Route,Route Suffix,Std Rte Identifier,MilePost,Road System,Road Character,Road Horizontal Alignment,Road Grade,Road Surface Type,Surface Condition,Light Condition,Environmental Condition,Road Divided By,Temporary Traffic Control Zone,Distance To Cross Street,Unit Of Measurement,Direction From Cross Street,Cross Street Name,Is Ramp,Ramp To/From Route Name,Ramp To/From Route Direction,Posted Speed,Posted Speed Cross Street,First Harmful Event,Latitude,Longitude,Cell Phone In Use Flag,Other Property Damage,Reporting Badge No.
20181352E050-2018-01600A,MONMOUTH,WALL TWP,07/30/2018,MO,0808,02,NEW JERSEY STATE POLICE,HOLMDEL - SQUAD,0,2,0,0,I,B,N,N,11,1,GARDEN STATE PARKWAY,S,444,,00000444__,94.50,03,,01,04,02,01,01,01,01,01,,,,,,,,65,,60,40.386550,74.177130,N,,7411
20181352E050-2018-01621A,MONMOUTH,WALL TWP,08/02/2018,TH,1337,02,NEW JERSEY STATE POLICE,HOLMDEL - SQUAD,0,0,0,0,P,B,N,N,02,2,GARDEN STATE PARKWAY,N,444,,00000444__,96.60,03,,01,04,02,01,01,01,01,01,,,,,,,,65,,26,40.147500,74.107390,N,,7804
20181352E050-2018-01624A,MONMOUTH,WALL TWP,08/02/2018,TH,2047,02,NEW JERSEY STATE POLICE,HOLMDEL - SQUAD,0,0,0,0,P,B,N,N,12,1,GARDEN STATE PARKWAY,S,444,,00000444__,99.40,03,,01,04,02,01,05,01,01,01,,,,,,,,65,,24,40.188020,74.101200,N,,7332
20181352E050-2018-01636A,MONMOUTH,WALL TWP,08/03/2018,FR,1814,02,NEW JERSEY STATE POLICE,HOLMDEL - SQUAD,0,0,0,0,P,B,N,N,01,2,GARDEN STATE PARKWAY,S,444,,00000444__,99.00,03,,01,04,02,02,01,02,01,01,,,,,,,,65,,26,40.181260,74.099630,N,,7639
20181352E050-2018-01663A,MONMOUTH,WALL TWP,08/05/2018,SU,1608,02,NEW JERSEY STATE POLICE,HOLMDEL - SQUAD,0,0,0,0,P,B,N,N,03,2,GARDEN STATE PARKWAY,N,444,,00000444__,100.00,03,,01,04,02,01,01,01,05,01,,,,,,,,15,,26,40.200420,74.098600,N,,7361
20181352E050-2018-01669A,MONMOUTH,WALL TWP,08/06/2018,MO,0221,02,NEW JERSEY STATE POLICE,HOLMDEL - SQUAD,0,0,0,0,P,B,N,N,02,2,GARDEN STATE PARKWAY,N,444,,00000444__,100.20,03,,01,05,02,01,05,01,01,01,,,,,,,,65,,26,40.198500,74.098280,N,,7660
20181352E050-2018-01678A,MONMOUTH,WALL TWP,08/04/2018,SA,1153,02,NEW JERSEY STATE POLICE,HOLMDEL - SQUAD,0,1,0,0,I,B,N,N,02,2,GARDEN STATE PARKWAY,N,444,,00000444__,99.30,03,,01,04,02,01,01,01,03,01,,,,,,,,65,,26,40.185590,74.099790,N,,7779
20181352E050-2018-01680A,MONMOUTH,WALL TWP,07/31/2018,TU,1507,02,NEW JERSEY STATE POLICE,HOLMDEL - SQUAD,0,0,0,0,P,B,N,N,01,2,GARDEN STATE PARKWAY,S,444,,00000444__,95.70,03,,01,04,02,01,01,01,01,01,,,,,,,,65,,26,40.136600,74.115730,N,,7739
20181352E050-2018-01694A,MONMOUTH,WALL TWP,08/08/2018,WE,2203,02,NEW JERSEY STATE POLICE,HOLMDEL - SQUAD,0,0,0,0,P,B,N,N,02,2,GARDEN STATE PARKWAY,S,444,,00000444__,98.00,03,,01,04,02,02,05,05,01,01,,,,,,,,65,,26,40.167810,74.101710,N,,7660
20181352E050-2018-01700A,MONMOUTH,WALL TWP,08/09/2018,TH,1730,02,NEW JERSEY STATE POLICE,HOLMDEL - SQUAD,0,0,0,0,P,B,N,N,01,3,GARDEN STATE PARKWAY,S,444,,00000444__,98.10,03,,01,04,02,01,01,01,01,01,,,,,,,,65,,26,40.168120,74.101400,N,,7660
20181352E050-2018-01701A,MONMOUTH,WALL TWP,08/09/2018,TH,1636,02,NEW JERSEY STATE POLICE,HOLMDEL - SQUAD,0,0,0,0,P,B,N,N,11,1,GARDEN STATE PARKWAY,S,444,,00000444__,95.00,03,,01,04,02,01,01,01,01,01,,,,,,,,65,,46,40.129920,74.123870,N,NJTA Guardrail,7660
20181352E050-2018-01715A,MONMOUTH,WALL TWP,08/07/2018,TU,2053,02,NEW JERSEY STATE POLICE,HOLMDEL - SQUAD,0,0,0,0,P,B,N,N,01,2,GARDEN STATE PARKWAY,N,444,,00000444__,98.00,03,,01,04,02,02,06,02,01,01,,,,,,,,15,,26,40.168990,74.097620,N,,7470
20181352E050-2018-01722A,MONMOUTH,WALL TWP,08/11/2018,SA,1343,02,NEW JERSEY STATE POLICE,HOLMDEL - SQUAD,0,0,0,0,P,B,N,N,01,2,GARDEN STATE PARKWAY,S,444,,00000444__,99.00,03,,01,04,02,02,01,02,01,01,,,,,,,,65,,26,40.182230,74.101360,N,,7661
20181352E050-2018-01723A,MONMOUTH,WALL TWP,08/11/2018,SA,1523,02,NEW JERSEY STATE POLICE,HOLMDEL - SQUAD,0,1,0,0,I,B,N,N,02,2,GARDEN STATE PARKWAY,S,444,,00000444__,98.30,03,,01,04,02,02,01,02,01,01,,,,,,,,65,,26,40.171640,74.100850,N,,7661
20181352E050-2018-01724A,MONMOUTH,WALL TWP,08/11/2018,SA,1547,02,NEW JERSEY STATE POLICE,HOLMDEL - SQUAD,0,0,0,0,P,B,N,N,01,2,GARDEN STATE PARKWAY,S,444,,00000444__,94.50,03,,01,04,02,02,01,02,01,01,,,,,,,,65,,26,40.122270,74.127630,N,,7576
20181352E050-2018-01725A,MONMOUTH,WALL TWP,08/11/2018,SA,1530,02,NEW JERSEY STATE POLICE,HOLMDEL - SQUAD,0,0,0,0,P,B,N,N,01,2,GARDEN STATE PARKWAY,S,444,,00000444__,98.30,03,,01,04,02,02,01,02,01,01,,,,,,,,65,,26,40.171660,74.100630,N,,7661
20181352E050-2018-01730A,MONMOUTH,WALL TWP,08/12/2018,SU,2217,02,NEW JERSEY STATE POLICE,HOLMDEL - SQUAD,0,0,0,0,P,B,N,N,02,2,GARDEN STATE PARKWAY,N,444,,00000444__,95.00,03,,01,04,02,01,05,01,01,01,,,,,,,,65,,26,40.303760,74.092680,N,,7369
20181352E050-2018-01734A,MONMOUTH,WALL TWP,08/13/2018,MO,1119,02,NEW JERSEY STATE POLICE,HOLMDEL - SQUAD,0,0,0,0,P,B,N,N,11,1,GARDEN STATE PARKWAY,S,444,,00000444__,96.00,03,,01,04,02,02,01,02,01,01,,,,,,,,65,,46,40.144420,74.110860,N,NJTA GUARDRAIL DAMAGE,7639
20181352E050-2018-01747A,MONMOUTH,WALL TWP,08/12/2018,SU,2356,02,NEW JERSEY STATE POLICE,HOLMDEL - SQUAD,0,0,0,0,P,B,N,N,11,1,GARDEN STATE PARKWAY,S,444,,00000444__,98.00,03,,01,04,02,02,06,02,01,01,,,,,,,,65,,46,40.167810,74.101710,N,NJTA guardrail,7470
20181352E050-2018-01750A,MONMOUTH,WALL TWP,08/01/2018,WE,1530,02,NEW JERSEY STATE POLICE,HOLMDEL - SQUAD,0,2,0,0,I,B,N,N,02,2,GARDEN STATE PARKWAY,N,444,,00000444__,98.90,03,,01,04,02,01,01,01,01,01,,,,,,,,65,,26,40.179840,74.099520,N,,7448
20181352E050-2018-01754A,MONMOUTH,WALL TWP,08/13/2018,MO,1359,02,NEW JERSEY STATE POLICE,HOLMDEL - SQUAD,0,0,0,0,P,B,N,N,02,2,GARDEN STATE PARKWAY,N,444,,00000444__,97.40,03,,01,04,02,01,01,01,01,01,,,,,,,,65,,26,40.157000,74.102920,N,,7639
20181352E050-2018-01772A,MONMOUTH,WALL TWP,08/15/2018,WE,1809,02,NEW JERSEY STATE POLICE,HOLMDEL - SQUAD,0,2,0,0,I,B,N,N,01,3,GARDEN STATE PARKWAY,S,444,,00000444__,96.80,03,,01,04,02,01,01,01,03,01,,,,,,,,65,,26,40.150890,74.106630,N,,7439
20181352E050-2018-01777A,MONMOUTH,WALL TWP,08/13/2018,MO,1552,02,NEW JERSEY STATE POLICE,HOLMDEL - SQUAD,0,0,0,0,P,B,N,N,03,2,GARDEN STATE PARKWAY,S,444,,00000444__,100.00,03,,01,04,02,01,01,05,01,01,,,,,,,,15,,26,40.199550,74.098850,N,,7199
20181352E050-2018-01817A,MONMOUTH,WALL TWP,08/21/2018,TU,1755,02,NEW JERSEY STATE POLICE,HOLMDEL - SQUAD,0,0,0,0,P,B,N,N,08,3,GSP MONMO LOT at milepost 100,S,,,,100.00,09,,01,04,02,01,01,01,01,01,,,,,,,,65,,28,40.385970,74.179160,N,,7576
20181352E050-2018-01820A,MONMOUTH,WALL TWP,08/22/2018,WE,0643,02,NEW JERSEY STATE POLICE,HOLMDEL - SQUAD,0,1,0,0,I,B,N,N,02,2,GARDEN STATE PARKWAY,N,444,,00000444__,100.70,03,,01,04,02,01,01,01,03,01,,,,,,,,65,,26,40.205650,74.097210,N,,7578
20181352E050-2018-01823A,MONMOUTH,WALL TWP,08/22/2018,WE,0713,02,NEW JERSEY STATE POLICE,HOLMDEL - SQUAD,0,0,0,0,P,B,N,N,02,2,GARDEN STATE PARKWAY,N,444,,00000444__,100.70,03,,01,04,02,01,01,01,03,01,,,,,,,,65,,26,40.205650,74.097210,N,,7578
20181352E050-2018-01854A,MONMOUTH,WALL TWP,08/21/2018,TU,1739,02,NEW JERSEY STATE POLICE,HOLMDEL - SQUAD,0,0,0,0,P,B,N,N,01,3,GARDEN STATE PARKWAY,S,444,,00000444__,97.90,03,,01,04,02,01,01,01,01,01,,,,,,,,65,,26,40.166390,74.102020,N,,7380
20181352E050-2018-01855A,MONMOUTH,WALL TWP,08/24/2018,FR,2138,02,NEW JERSEY STATE POLICE,HOLMDEL - SQUAD,0,0,0,0,P,B,N,N,06,2,GARDEN STATE PARKWAY,W,444,,00000444__,100.00,03,,01,04,02,01,06,01,05,01,,,,,,,,15,,26,40.195650,74.098830,N,,7361
20181352E050-2018-01859A,MONMOUTH,WALL TWP,08/26/2018,SU,1725,02,NEW JERSEY STATE POLICE,HOLMDEL - SQUAD,0,1,0,0,I,B,N,N,11,1,GARDEN STATE PARKWAY,S,444,,00000444__,97.40,03,,01,06,02,01,01,01,01,01,,,,,,,,65,,53,40.160490,74.103750,N,NJTA METAL LIGHT POST: 20-1-B,7576
20181352E050-2018-01861A,MONMOUTH,WALL TWP,08/26/2018,SU,2051,02,NEW JERSEY STATE POLICE,HOLMDEL - SQUAD,0,0,0,0,P,B,N,N,01,3,GARDEN STATE PARKWAY,N,444,,00000444__,100.40,03,,01,05,02,01,05,01,01,01,,,,,,,,65,,26,40.203800,74.095620,N,,7660
20181352E050-2018-01863A,MONMOUTH,WALL TWP,08/26/2018,SU,2143,02,NEW JERSEY STATE POLICE,HOLMDEL - SQUAD,0,0,0,0,P,B,N,N,01,2,GARDEN STATE PARKWAY,N,444,,00000444__,100.00,03,,01,05,02,01,05,01,01,01,,,,,,,,65,,26,40.195650,74.098830,N,,7660
20181352E050-2018-01867A,MONMOUTH,WALL TWP,08/27/2018,MO,0749,02,NEW JERSEY STATE POLICE,HOLMDEL - SQUAD,0,1,0,0,I,B,N,N,01,2,GARDEN STATE PARKWAY,N,444,,00000444__,99.00,03,,01,04,02,01,01,01,03,01,,,,,,,,65,,26,40.181260,74.099630,N,,7739
20181352E050-2018-01870A,MONMOUTH,WALL TWP,08/27/2018,MO,1449,02,NEW JERSEY STATE POLICE,HOLMDEL - SQUAD,0,0,0,0,P,B,N,N,15,1,GARDEN STATE PARKWAY,S,444,,00000444__,96.70,03,,01,04,02,01,01,01,01,01,,,,,,,,65,,39,40.149570,74.107370,N,,7411
20181352E050-2018-01871A,MONMOUTH,WALL TWP,08/27/2018,MO,1452,02,NEW JERSEY STATE POLICE,HOLMDEL - SQUAD,0,0,0,0,P,B,N,N,15,1,GARDEN STATE PARKWAY,S,444,,00000444__,96.60,03,,01,04,02,01,01,01,01,01,,,,,,,,65,,39,40.149570,74.107370,N,,7411
20181352E050-2018-01876A,MONMOUTH,WALL TWP,08/27/2018,MO,1816,02,NEW JERSEY STATE POLICE,HOLMDEL - SQUAD,0,0,0,0,P,B,N,N,06,2,GARDEN STATE PARKWAY,N,444,,00000444__,100.00,03,,01,04,02,01,01,01,04,01,,,,,,,,65,,26,40.386550,74.177130,N,,7380
20181352E050-2018-01896A,MONMOUTH,WALL TWP,08/29/2018,WE,2151,02,NEW JERSEY STATE POLICE,HOLMDEL - SQUAD,0,0,0,0,P,B,N,N,02,2,GARDEN STATE PARKWAY,N,444,,00000444__,95.40,03,,01,04,02,01,06,01,01,01,,,,,,,,65,,26,40.133060,74.119060,N,,7576
20181352E050-2018-01898A,MONMOUTH,WALL TWP,08/30/2018,TH,0133,02,NEW JERSEY STATE POLICE,HOLMDEL - SQUAD,0,0,0,0,P,B,N,N,11,1,GARDEN STATE PARKWAY,S,444,,00000444__,94.50,03,,01,04,02,01,06,01,01,01,,,,,,,,65,,54,40.122270,74.127630,N,NJTA GUIDERAIL AND SIGN POST.,7576
20181352E050-2018-01903A,MONMOUTH,WALL TWP,08/30/2018,TH,0715,02,NEW JERSEY STATE POLICE,HOLMDEL - SQUAD,0,0,0,0,P,B,N,N,02,2,GARDEN STATE PARKWAY,N,444,,00000444__,96.90,03,,01,04,02,01,01,01,01,01,,,,,,,,65,,26,40.151380,74.105090,N,,7739
20181352E050-2018-01904A,MONMOUTH,WALL TWP,08/30/2018,TH,1014,02,NEW JERSEY STATE POLICE,HOLMDEL - SQUAD,0,3,0,0,I,B,N,N,02,2,GARDEN STATE PARKWAY,S,444,,00000444__,98.60,03,,01,04,02,01,01,01,01,01,,,,,,,,65,,26,40.160700,74.068000,N,,7739
20181352E050-2018-01909A,MONMOUTH,WALL TWP,08/31/2018,FR,0959,02,NEW JERSEY STATE POLICE,HOLMDEL - SQUAD,0,0,0,0,P,B,N,N,11,1,GARDEN STATE PARKWAY,S,444,,00000444__,98.00,03,,02,05,02,02,01,01,01,01,,,,,T,NJ 34,SB,35,,46,40.160700,74.068000,N,NJTA Guardrail,7739
20181352E050-2018-01910A,MONMOUTH,WALL TWP,08/31/2018,FR,1014,02,NEW JERSEY STATE POLICE,HOLMDEL - SQUAD,0,0,0,0,P,B,N,N,01,2,GARDEN STATE PARKWAY,S,444,,00000444__,98.00,03,,02,05,02,01,01,01,01,01,,,,,T,NJ 34,SB,35,,26,40.164800,74.102720,N,,7739
20181352E050-2018-01911A,MONMOUTH,WALL TWP,08/31/2018,FR,1014,02,NEW JERSEY STATE POLICE,HOLMDEL - SQUAD,0,0,0,0,P,B,N,N,11,1,GARDEN STATE PARKWAY,S,444,,00000444__,98.00,03,,02,05,02,02,01,01,01,01,,,,,T,NJ 34,SB,35,,46,40.164800,74.102720,N,NJTA Guardrail,7739
20181352E050-2018-01927A,MONMOUTH,WALL TWP,09/03/2018,MO,1218,02,NEW JERSEY STATE POLICE,HOLMDEL - SQUAD,0,0,0,0,P,B,N,N,08,2,GARDEN STATE PARKWAY,N,444,,00000444__,100.00,03,,01,04,02,01,01,01,01,01,,,,,,,,65,,26,40.199550,74.098850,N,,7576
20181352E050-2018-01933A,MONMOUTH,WALL TWP,08/30/2018,TH,1041,02,NEW JERSEY STATE POLICE,HOLMDEL - SQUAD,0,0,0,0,P,B,N,N,03,2,GSP MONMO LOT at milepost 100,N,,,,100.00,09,,01,04,02,01,01,01,05,01,,,,,,,,15,,26,40.235940,74.524870,N,,6978
20181352E050-2018-01952A,MONMOUTH,WALL TWP,09/06/2018,TH,1757,02,NEW JERSEY STATE POLICE,HOLMDEL - SQUAD,0,0,0,0,P,B,N,N,01,2,GARDEN STATE PARKWAY,S,444,,00000444__,97.10,03,,01,04,02,01,01,01,01,01,,,,,,,,65,,26,40.155020,74.104920,N,,7578
20181352E050-2018-01955A,MONMOUTH,WALL TWP,09/07/2018,FR,1420,02,NEW JERSEY STATE POLICE,HOLMDEL - SQUAD,0,0,0,0,P,B,N,N,01,2,GARDEN STATE PARKWAY,N,444,,00000444__,97.40,03,,01,04,02,01,01,01,01,01,,,,,,,,65,,26,40.158150,74.102660,N,,7661
20181352E050-2018-01956A,MONMOUTH,WALL TWP,09/07/2018,FR,1457,02,NEW JERSEY STATE POLICE,HOLMDEL - SQUAD,0,0,0,0,P,B,N,N,15,1,GARDEN STATE PARKWAY,S,444,,00000444__,100.00,03,,01,04,02,02,01,02,01,01,,,,,,,,65,,39,40.219370,74.099790,N,NJTPA TURN SIGN.,7661
20181352E050-2018-01959A,MONMOUTH,WALL TWP,09/08/2018,SA,,02,NEW JERSEY STATE POLICE,HOLMDEL - SQUAD,0,0,0,0,P,B,N,N,11,1,GARDEN STATE PARKWAY,N,444,,00000444__,100.70,03,,01,04,02,02,06,02,01,01,,,,,,,,65,,46,40.386550,74.177130,N,NJTA guard rail,7804
20181352E050-2018-01961A,MONMOUTH,WALL TWP,09/08/2018,SA,0509,02,NEW JERSEY STATE POLICE,HOLMDEL - SQUAD,0,0,0,0,P,B,N,N,11,1,GARDEN STATE PARKWAY,S,444,,00000444__,99.80,03,,01,04,02,02,05,02,01,01,,,,,,,,65,,46,40.193770,74.100750,N,NJTA guardrail.,7332
20181352E050-2018-01962A,MONMOUTH,WALL TWP,09/08/2018,SA,0528,02,NEW JERSEY STATE POLICE,HOLMDEL - SQUAD,0,0,0,0,P,B,N,N,10,1,GARDEN STATE PARKWAY,N,444,,00000444__,98.40,03,,01,04,02,02,05,02,01,01,,,,,,,,65,,01,40.168270,74.100080,N,,7332
20181352E050-2018-01963A,MONMOUTH,WALL TWP,09/08/2018,SA,0631,02,NEW JERSEY STATE POLICE,HOLMDEL - SQUAD,0,1,0,0,I,B,N,N,11,1,GARDEN STATE PARKWAY,N,444,,00000444__,95.90,03,,01,05,02,02,01,02,01,01,,,,,,,,65,,47,40.138330,74.112730,N,NJTA GUIDERAIL DAMAGE,7576
20181352E050-2018-01971A,MONMOUTH,WALL TWP,09/09/2018,SU,0344,02,NEW JERSEY STATE POLICE,HOLMDEL - SQUAD,0,1,0,0,I,B,N,N,11,1,GARDEN STATE PARKWAY,N,444,,00000444__,99.20,03,,01,04,02,02,06,02,01,01,,,,,,,,65,,46,40.184150,74.099770,N,NJTA Guide Rail,7804
20181352E050-2018-01985A,MONMOUTH,WALL TWP,09/10/2018,MO,1248,02,NEW JERSEY STATE POLICE,HOLMDEL - SQUAD,0,0,0,0,P,B,N,N,11,1,GARDEN STATE PARKWAY,S,444,,00000444__,96.80,03,,01,05,02,02,01,02,01,01,,,,,,,,65,,58,40.106410,74.136010,N,,7660
20181352E050-2018-02011A,MONMOUTH,WALL TWP,09/12/2018,WE,0743,02,NEW JERSEY STATE POLICE,HOLMDEL - SQUAD,0,0,0,0,P,B,N,N,10,1,GARDEN STATE PARKWAY,N,444,,00000444__,99.00,03,,03,05,02,02,01,02,01,01,,,,,,,,65,,01,40.171860,74.097350,N,,7570
20181352E050-2018-02020A,MONMOUTH,WALL TWP,09/14/2018,FR,0753,02,NEW JERSEY STATE POLICE,HOLMDEL - SQUAD,0,0,0,0,P,B,N,N,02,2,GARDEN STATE PARKWAY,S,444,,00000444__,100.00,03,,01,04,02,01,01,01,01,01,,,,,,,,55,,26,40.229620,74.096350,N,,7578
20181352E050-2018-02042A,MONMOUTH,WALL TWP,09/17/2018,MO,0647,02,NEW JERSEY STATE POLICE,HOLMDEL - SQUAD,0,3,0,0,I,B,N,N,02,6,GARDEN STATE PARKWAY,N,444,,00000444__,97.40,03,,01,04,02,01,01,01,01,01,,,,,,,,65,,26,40.158150,74.102660,N,NJTA GUARDRAIL,7471
20181352E050-2018-02043A,MONMOUTH,WALL TWP,09/17/2018,MO,1403,02,NEW JERSEY STATE POLICE,HOLMDEL - SQUAD,0,0,0,0,P,B,N,N,02,2,GARDEN STATE PARKWAY,N,444,,00000444__,97.30,03,,01,04,02,01,01,01,01,01,,,,,,,,65,,26,40.156780,74.103000,N,,7471
20181352E050-2018-02058A,MONMOUTH,WALL TWP,09/18/2018,TU,1615,02,NEW JERSEY STATE POLICE,HOLMDEL - SQUAD,0,0,0,0,P,B,N,N,01,2,GARDEN STATE PARKWAY,S,444,,00000444__,96.60,03,,01,04,02,02,01,02,01,01,,,,,,,,65,,26,40.140410,74.113090,N,,7660
20181352E050-2018-02062A,MONMOUTH,WALL TWP,09/19/2018,WE,0604,02,NEW JERSEY STATE POLICE,HOLMDEL - SQUAD,0,0,0,0,P,B,N,N,02,2,GARDEN STATE PARKWAY,N,444,,00000444__,98.90,03,,01,04,02,01,02,01,01,01,,,,,,,,65,,26,40.167250,74.100190,N,,7639
20181352E050-2018-02083A,MONMOUTH,WALL TWP,09/21/2018,FR,0853,02,NEW JERSEY STATE POLICE,HOLMDEL - SQUAD,0,0,0,0,P,B,N,N,11,1,GARDEN STATE PARKWAY,N,444,,00000444__,98.00,03,,03,05,02,01,01,01,05,01,,,,,,,,25,,50,40.166780,74.100560,N,"NJTA Traffic Sign Support (""No Left Turn"")",7361
20181352E050-2018-02153A,MONMOUTH,WALL TWP,09/28/2018,FR,1719,02,NEW JERSEY STATE POLICE,HOLMDEL - SQUAD,0,0,0,0,P,B,N,N,08,2,GARDEN STATE PARKWAY,N,444,,00000444__,100.00,03,,01,04,02,01,01,01,02,01,,,,,,,,15,,26,40.196750,74.099060,N,,7453
20181352E050-2018-02158A,MONMOUTH,WALL TWP,08/19/2018,SU,1149,02,NEW JERSEY STATE POLICE,HOLMDEL - SQUAD,0,0,0,0,P,B,N,N,01,2,GARDEN STATE PARKWAY,N,444,,00000444__,98.40,03,,01,04,02,02,01,02,01,01,,,,,,,,65,,26,40.172590,74.099070,N,,7471
20181352E050-2018-02159A,MONMOUTH,WALL TWP,09/29/2018,SA,1751,02,NEW JERSEY STATE POLICE,HOLMDEL - SQUAD,0,0,0,0,P,B,N,N,01,2,GARDEN STATE PARKWAY,S,444,,00000444__,100.00,03,,03,04,02,01,01,01,02,01,,,,,,,,25,,26,40.386550,74.177130,N,,7471
20181352E050-2018-02160A,MONMOUTH,WALL TWP,09/30/2018,SU,0926,02,NEW JERSEY STATE POLICE,HOLMDEL - SQUAD,0,0,0,0,P,B,N,N,12,1,GARDEN STATE PARKWAY,S,444,,00000444__,99.20,03,,01,04,02,01,01,01,01,01,,,,,,,,65,,24,40.160700,74.068000,N,,7739
20181352E050-2018-02184A,MONMOUTH,WALL TWP,10/03/2018,WE,0606,02,NEW JERSEY STATE POLICE,HOLMDEL - SQUAD,0,0,0,0,P,B,N,N,11,1,GARDEN STATE PARKWAY,S,444,,00000444__,98.80,03,,01,04,02,01,01,01,03,01,,,,,,,,65,,46,40.165390,74.100820,N,NJTA Guardrail,7779
20181352E050-2018-02194A,MONMOUTH,WALL TWP,10/04/2018,TH,1602,02,NEW JERSEY STATE POLICE,HOLMDEL - SQUAD,0,0,0,0,P,B,N,N,02,2,GARDEN STATE PARKWAY,S,444,,00000444__,98.00,03,,01,04,02,01,01,01,01,01,,,,,,,,35,,26,40.160490,74.103750,N,,7739
20181352E050-2018-02203A,MONMOUTH,WALL TWP,10/02/2018,TU,2355,02,NEW JERSEY STATE POLICE,HOLMDEL - SQUAD,0,0,0,0,P,B,N,N,11,1,GARDEN STATE PARKWAY,N,444,,00000444__,95.70,03,,01,04,02,02,06,02,01,01,,,,,,,,65,,47,39.651650,74.354550,N,Guardrail end in left shoulder.
NJTA,7470
20181352E050-2018-02228A,MONMOUTH,WALL TWP,10/08/2018,MO,1443,02,NEW JERSEY STATE POLICE,HOLMDEL - SQUAD,0,0,0,0,P,B,N,N,02,2,GARDEN STATE PARKWAY,S,444,,00000444__,99.70,03,,01,04,02,02,01,05,01,00,,,,,,,,65,,26,40.192350,74.100860,N,GUIDERAIL,7578
20181352E050-2018-02233A,MONMOUTH,WALL TWP,10/09/2018,TU,0823,02,NEW JERSEY STATE POLICE,HOLMDEL - SQUAD,0,1,0,0,I,B,N,N,01,2,GARDEN STATE PARKWAY,N,444,,00000444__,97.70,03,,01,04,02,01,01,01,01,01,,,,,,,,65,,26,40.162370,74.101790,N,,7471
20181352E050-2018-02234A,MONMOUTH,WALL TWP,10/09/2018,TU,0905,02,NEW JERSEY STATE POLICE,HOLMDEL - SQUAD,0,0,0,0,P,B,N,N,01,2,GARDEN STATE PARKWAY,N,444,,00000444__,97.40,03,,01,04,02,01,01,01,01,01,,,,,,,,65,,26,40.158150,74.102660,N,,7471
20181352E050-2018-02263A,MONMOUTH,WALL TWP,10/12/2018,FR,0211,02,NEW JERSEY STATE POLICE,HOLMDEL - SQUAD,0,0,0,0,P,B,N,N,08,2,GARDEN STATE PARKWAY,S,444,,00000444__,100.60,03,,01,04,02,02,05,02,01,01,,,,,,,,65,,26,40.196680,74.100190,N,,6920
20181352E050-2018-02293A,MONMOUTH,WALL TWP,10/17/2018,WE,2259,02,NEW JERSEY STATE POLICE,HOLMDEL - SQUAD,0,0,0,0,P,B,N,N,12,1,GARDEN STATE PARKWAY,N,444,,00000444__,94.70,03,,01,04,02,01,05,01,01,01,,,,,,,,65,,24,40.124700,74.126170,N,,7739
20181352E050-2018-02326A,MONMOUTH,WALL TWP,10/21/2018,SU,0643,02,NEW JERSEY STATE POLICE,HOLMDEL - SQUAD,0,0,0,0,P,B,N,N,02,2,GARDEN STATE PARKWAY,N,444,,00000444__,100.40,03,,02,04,02,01,02,01,01,01,,,,,,,,65,,26,40.200240,74.097900,N,,7369
20181352E050-2018-02339A,MONMOUTH,WALL TWP,10/23/2018,TU,0644,02,NEW JERSEY STATE POLICE,HOLMDEL - SQUAD,0,0,0,0,P,B,N,N,01,3,GARDEN STATE PARKWAY,N,444,,00000444__,98.50,03,,01,04,02,01,01,01,01,01,,,,,,,,35,,26,40.171860,74.097350,N,,7887
20181352E050-2018-02340A,MONMOUTH,WALL TWP,10/23/2018,TU,0715,02,NEW JERSEY STATE POLICE,HOLMDEL - SQUAD,0,0,0,0,P,B,N,N,01,2,GARDEN STATE PARKWAY,N,444,,00000444__,96.90,03,,01,04,02,01,01,01,03,01,,,,,,,,65,,26,40.151380,74.105090,N,,7887