Year(4)-CountyCode(2)-MunicipalityCode(2)-CaseNumber(9),County Name,Municipality Name,Crash Date,Crash Day of Week,Crash Time,Police Department Code,Police Department,Police Station,Total Killed,Total Injured,Pedestrians Killed,Pedestrians Injured,Severity,Intersection,Alcohol Involved,Hazmat Involved,Crash Type,Total Vehicles,Location,Location Direction,Route,Route Suffix,Std Rte Identifier,MilePost,Road System,Road Character,Road Horizontal Alignment,Road Grade,Road Surface Type,Surface Condition,Light Condition,Environmental Condition,Road Divided By,Temporary Traffic Control Zone,Distance To Cross Street,Unit Of Measurement,Direction From Cross Street,Cross Street Name,Is Ramp,Ramp To/From Route Name,Ramp To/From Route Direction,Posted Speed,Posted Speed Cross Street,First Harmful Event,Latitude,Longitude,Cell Phone In Use Flag,Other Property Damage,Reporting Badge No.
2018135318WB01705,MONMOUTH,WEST LONG BRANCH BORO,02/06/2018,TU,1222,01,WEST LONG BRANCH PD,,0,0,0,0,P,B,N,N,01,2,NJ 36,E,36,,00000036__,2.77,02,,01,04,02,01,01,01,03,01,70,FE,W,NJ 71 / MONMOUTH RD,,,,50,40,26,,,N,,53229
2018135318WB01709,MONMOUTH,WEST LONG BRANCH BORO,02/06/2018,TU,1358,01,WEST LONG BRANCH PD,,0,0,0,0,P,B,N,N,01,2,MONMOUTH COUNTY 25 I,,25,1,130000251_,.00,05,,01,04,02,01,01,01,05,01,10,FE,E,CR 71 / NORWOOD AVE,,,,35,35,26,,,N,,53122
2018135318WB01853,MONMOUTH,WEST LONG BRANCH BORO,02/09/2018,FR,1623,01,WEST LONG BRANCH PD,,0,0,0,0,P,B,N,N,01,2,NJ 71,,71,,00000071__,14.79,02,,02,04,02,01,01,01,05,01,20,FE,S,NJ 36,,,,40,50,26,,,N,,53114
2018135318WB01984,MONMOUTH,WEST LONG BRANCH BORO,02/12/2018,MO,1449,01,WEST LONG BRANCH PD,,0,0,0,0,P,B,N,N,99,4,NJ 71,S,71,,00000071__,13.93,02,,01,04,02,01,01,01,05,01,20,FE,N,CR 32 / WALL ST,,,,40,35,99,40.284490,74.020330,N,,
2018135318WB01988,MONMOUTH,WEST LONG BRANCH BORO,02/12/2018,MO,1559,01,WEST LONG BRANCH PD,,0,0,0,0,P,B,N,N,02,2,MONMOUTH COUNTY 32,,32,,13000032__,1.81,05,,01,04,02,01,01,01,04,01,150,FE,W,NJ 71 / MONMOUTH RD,,,,35,40,26,,,N,,53081
2018135318WB01996,MONMOUTH,WEST LONG BRANCH BORO,02/12/2018,MO,2230,01,WEST LONG BRANCH PD,,0,1,0,0,I,I,N,N,03,2,NJ 71,,71,,00000071__,12.80,02,,01,04,02,01,06,01,05,01,,AT,,KIRBY AVE,,,,35,25,26,,,N,,53229
2018135318WB02046,MONMOUTH,WEST LONG BRANCH BORO,02/14/2018,WE,0654,01,WEST LONG BRANCH PD,,0,0,0,0,P,I,N,N,03,2,NJ 71,N,71,,00000071__,13.39,02,,01,04,02,01,01,01,05,,,AT,,LARCHWOOD AVE,,,,40,25,26,40.282430,74.011320,N,,53229
2018135318WB02058,MONMOUTH,WEST LONG BRANCH BORO,02/14/2018,WE,0933,01,WEST LONG BRANCH PD,,0,0,0,0,P,B,N,N,01,2,NJ 36,E,36,,00000036__,3.72,02,,01,04,02,01,01,,03,01,30,FE,W,CR 11 / OCEANPORT AVE,,,,45,35,26,40.303440,74.014440,N,,53229
2018135318WB02119,MONMOUTH,WEST LONG BRANCH BORO,02/15/2018,TH,1430,01,WEST LONG BRANCH PD,,0,0,0,0,P,B,N,N,01,2,NJ 71,,71,,00000071__,14.79,02,,01,04,02,01,01,01,05,01,10,FE,N,NJ 36,,,,,50,26,40.296060,74.028040,N,,53122
2018135318WB02225,MONMOUTH,WEST LONG BRANCH BORO,02/17/2018,SA,2055,01,WEST LONG BRANCH PD,,0,0,0,0,P,B,N,N,11,1,MONMOUTH COUNTY 15,,15,,13000015__,4.96,05,,03,04,02,05,04,03,05,01,150,FE,S,THROCKMORTON AVE,,,,35,25,26,,,N,,53114
2018135318WB02271,MONMOUTH,WEST LONG BRANCH BORO,02/18/2018,SU,1610,01,WEST LONG BRANCH PD,,0,0,0,0,P,I,N,N,03,2,NJ 36,W,36,,00000036__,3.73,02,,01,04,02,01,01,01,03,01,,AT,,CR 11 / OCEANPORT AVE,,,,45,25,26,,,N,,53098
2018135318WB02275,MONMOUTH,WEST LONG BRANCH BORO,02/18/2018,SU,1724,01,WEST LONG BRANCH PD,,0,0,0,0,P,B,N,N,02,2,NJ 71,,71,,00000071__,13.92,02,,01,04,02,01,01,01,04,01,65,FE,S,CR 32 / WALL ST,,,,40,35,26,,,N,,53117
2018135318WB02316,MONMOUTH,WEST LONG BRANCH BORO,02/19/2018,MO,1625,01,WEST LONG BRANCH PD,,0,1,0,0,I,B,N,N,01,2,MONMOUTH COUNTY 25 I,,25,1,130000251_,.04,05,,01,04,02,02,01,01,05,01,200,FE,N,CR 71 / NORWOOD AVE,,,,40,35,26,,,N,,53098
2018135318WB02369,MONMOUTH,WEST LONG BRANCH BORO,02/20/2018,TU,1516,01,WEST LONG BRANCH PD,,0,0,0,0,P,I,N,N,03,2,NJ 36,E,36,,00000036__,3.73,02,,01,04,02,01,01,01,05,01,,AT,,CR 11 / OCEANPORT AVE,,,,50,40,26,,,N,,53122
2018135318WB02518,MONMOUTH,WEST LONG BRANCH BORO,02/23/2018,FR,0745,01,WEST LONG BRANCH PD,,0,0,0,0,P,B,N,N,01,2,ROUTE 537,,537,,00000537__,67.11,05,,01,04,02,02,01,05,05,01,15,FE,E,NJ 36,,,,35,50,26,40.299670,74.021940,N,,53125
2018135318WB02553,MONMOUTH,WEST LONG BRANCH BORO,02/23/2018,FR,1750,01,WEST LONG BRANCH PD,,0,0,0,0,P,B,N,N,01,2,NJ 71,,71,,00000071__,13.66,02,,01,04,02,02,01,02,05,01,50,FE,E,MOUNT DR,,,,35,25,26,,,N,,53117
2018135318WB02554,MONMOUTH,WEST LONG BRANCH BORO,02/23/2018,FR,1756,01,WEST LONG BRANCH PD,,0,0,0,0,P,I,N,N,03,2,MONMOUTH COUNTY 25 II,,25,2,130000252_,.29,05,,01,04,02,02,06,02,05,01,,AT,,HOLLYWOOD AVE,,,,40,25,26,40.285850,74.002490,N,,53125
2018135318WB02643,MONMOUTH,WEST LONG BRANCH BORO,02/25/2018,SU,0935,01,WEST LONG BRANCH PD,,0,0,0,0,P,I,N,N,03,2,NJ 36,S,36,,00000036__,3.26,02,,01,04,02,02,01,02,03,01,,AT,W,ROUTE 537 / BROADWAY EATONTOWN BLVD,,,,45,35,26,,,N,,53115
2018135318WB02657,MONMOUTH,WEST LONG BRANCH BORO,02/25/2018,SU,1640,01,WEST LONG BRANCH PD,,0,0,0,0,P,B,N,N,02,2,MONMOUTH COUNTY 32,E,32,,13000032__,1.84,05,,01,04,02,02,01,05,05,01,18,FE,W,NJ 71 / MONMOUTH RD,,,,35,40,26,,,N,,53112
2018135318WB02731,MONMOUTH,WEST LONG BRANCH BORO,02/26/2018,MO,2044,01,WEST LONG BRANCH PD,,0,0,0,0,P,B,N,N,03,2,NJ 71,S,71,,00000071__,14.80,02,,01,04,02,01,06,01,05,01,50,FE,N,NJ 36,,,,40,50,26,,,N,,53106
2018135318WB02769,MONMOUTH,WEST LONG BRANCH BORO,02/27/2018,TU,1509,01,WEST LONG BRANCH PD,,0,0,0,0,P,B,N,N,01,2,MONMOUTH COUNTY 32,,32,,13000032__,1.82,05,,01,04,02,01,01,01,05,01,100,FE,W,NJ 71 / MONMOUTH RD,,,,35,40,26,,,N,,53123
2018135318WB02865,MONMOUTH,WEST LONG BRANCH BORO,03/02/2018,FR,1022,01,WEST LONG BRANCH PD,,0,0,0,0,P,B,N,N,02,2,NJ 36,E,36,,00000036__,3.25,02,,01,04,02,01,01,05,03,01,50,FE,W,ROUTE 537 / BROADWAY EATONTOWN BLVD,,,,45,35,26,,,N,,53081
2018135318WB02879,MONMOUTH,WEST LONG BRANCH BORO,03/01/2018,TH,1841,01,WEST LONG BRANCH PD,,0,0,0,0,P,B,N,N,01,2,NJ 36,E,36,,00000036__,3.26,02,,01,04,02,02,06,02,03,01,20,FE,W,ROUTE 537 / BROADWAY EATONTOWN BLVD,,,,50,35,26,,,N,,53097
2018135318WB02880,MONMOUTH,WEST LONG BRANCH BORO,03/01/2018,TH,1903,01,WEST LONG BRANCH PD,,0,0,0,0,P,B,N,N,01,2,MONMOUTH COUNTY 32,,32,,13000032__,2.01,05,,01,04,02,02,06,02,05,01,10,FE,W,CR 15 / LOCUST AVE,,,,30,35,26,,,N,,53122
2018135318WB02922,MONMOUTH,WEST LONG BRANCH BORO,03/02/2018,FR,1452,01,WEST LONG BRANCH PD,,0,2,0,0,I,I,N,N,11,1,MONMOUTH COUNTY 25 I,W,25,1,130000251_,.00,05,,01,04,02,05,01,07,05,01,,AT,,CR 71 / NORWOOD AVE,,,,35,30,26,,,N,MONMOUTH UNIVERSITY WALL,53112
2018135318WB03004,MONMOUTH,WEST LONG BRANCH BORO,03/04/2018,SU,1651,01,WEST LONG BRANCH PD,,0,0,0,0,P,I,N,N,03,2,ROUTE 537,,537,,00000537__,67.37,05,,01,04,02,01,01,01,05,01,,AT,,CR 15 / LOCUST AVE,,,,35,35,26,,,N,,53114
2018135318WB03057,MONMOUTH,WEST LONG BRANCH BORO,03/05/2018,MO,1901,01,WEST LONG BRANCH PD,,0,0,0,0,P,B,N,N,01,2,NJ 36,E,36,,00000036__,2.78,02,,01,04,02,01,06,01,03,01,1320,FE,W,NJ 71 / MONMOUTH RD,,,,50,40,26,,,Y,,53123
2018135318WB03077,MONMOUTH,WEST LONG BRANCH BORO,03/06/2018,TU,0813,01,WEST LONG BRANCH PD,,0,0,0,0,P,B,Y,N,01,2,NJ 36,E,36,,00000036__,2.75,02,,01,04,02,01,01,01,03,01,150,FE,W,NJ 71 / MONMOUTH RD,,,,50,40,26,,,Y,,53106
2018135318WB03091,MONMOUTH,WEST LONG BRANCH BORO,03/06/2018,TU,1839,01,WEST LONG BRANCH PD,,0,0,0,0,P,I,N,N,07,2,NJ 71,,71,,00000071__,13.78,02,,01,04,02,01,06,01,05,01,,AT,,CR 15 / LOCUST AVE / MONMOUTH RD,,,,30,35,26,,,N,,53229
2018135318WB03170,MONMOUTH,WEST LONG BRANCH BORO,03/08/2018,TH,1823,01,WEST LONG BRANCH PD,,0,0,0,0,P,I,N,N,01,2,NJ 36,E,36,,00000036__,3.73,02,,01,04,02,01,01,01,03,,,AT,,CR 11 / OCEANPORT AVE,,,,45,35,26,40.303440,74.014440,N,,53123
2018135318WB03192,MONMOUTH,WEST LONG BRANCH BORO,03/09/2018,FR,0838,01,WEST LONG BRANCH PD,,0,0,0,0,P,B,N,N,01,2,MONMOUTH COUNTY 32,W,32,,13000032__,1.80,05,,01,04,02,01,01,01,05,01,200,FE,W,NJ 71 / MONMOUTH RD,,,,30,40,26,,,N,,53123
2018135318WB03246,MONMOUTH,WEST LONG BRANCH BORO,03/10/2018,SA,1530,01,WEST LONG BRANCH PD,,0,0,0,0,P,B,N,N,11,1,NJ 36,E,36,,00000036__,2.80,02,,01,04,02,01,01,01,03,01,100,FE,E,NJ 71 / MONMOUTH RD,,,,35,40,56,40.296210,74.031550,N,,53229
2018135318WB03252,MONMOUTH,WEST LONG BRANCH BORO,03/10/2018,SA,1816,01,WEST LONG BRANCH PD,,0,0,0,0,P,B,N,N,12,1,NJ 71,,71,,00000071__,13.37,02,,01,04,02,01,03,01,05,01,100,FE,W,LARCHWOOD AVE,,,,35,25,24,40.282430,74.011320,N,,53122
2018135318WB03371,MONMOUTH,WEST LONG BRANCH BORO,03/13/2018,TU,1536,01,WEST LONG BRANCH PD,,0,0,0,0,P,B,N,N,01,2,NJ 36,E,36,,00000036__,3.24,02,,01,04,02,02,01,01,03,01,100,FE,W,ROUTE 537 / BROADWAY EATONTOWN BLVD,,,,50,35,26,,,N,,53098
2018135318WB03373,MONMOUTH,WEST LONG BRANCH BORO,03/13/2018,TU,1605,01,WEST LONG BRANCH PD,,0,0,0,0,P,I,N,N,01,2,ROUTE 537,,537,,00000537__,67.58,05,,01,04,02,02,01,01,05,01,,AT,,LINDEN AVE,,,,35,25,26,,,N,,53098
2018135318WB03405,MONMOUTH,WEST LONG BRANCH BORO,03/14/2018,WE,1556,01,WEST LONG BRANCH PD,,0,0,0,0,P,B,N,N,02,2,NJ 36,E,36,,00000036__,2.59,02,,01,04,02,01,01,01,03,01,1000,FE,W,NJ 71 / MONMOUTH RD,,,,50,40,26,,,N,,53114
2018135318WB03432,MONMOUTH,WEST LONG BRANCH BORO,03/15/2018,TH,0832,01,WEST LONG BRANCH PD,,0,0,0,0,P,B,N,N,01,2,NJ 36,W,36,,00000036__,2.74,02,,01,04,02,,01,01,03,01,200,FE,W,NJ 71 / MONMOUTH RD,,,,50,40,26,,,N,,53229
2018135318WB03439,MONMOUTH,WEST LONG BRANCH BORO,03/15/2018,TH,0941,01,WEST LONG BRANCH PD,,0,0,0,0,P,B,N,N,06,2,145 MONMOUTH RD,,,,,,09,,01,04,02,01,01,01,05,01,,,,,,,,,,28,,,N,,53122
2018135318WB03469,MONMOUTH,WEST LONG BRANCH BORO,03/15/2018,TH,1708,01,WEST LONG BRANCH PD,,0,0,0,0,P,B,N,N,01,2,NJ 71,S,71,,00000071__,14.78,02,,01,04,02,01,01,01,05,01,30,FE,S,NJ 36,,,,40,50,26,,,N,,53229
2018135318WB03575,MONMOUTH,WEST LONG BRANCH BORO,03/18/2018,SU,1816,01,WEST LONG BRANCH PD,,0,1,0,0,I,B,N,N,01,2,ROUTE 537,,537,,00000537__,67.77,05,,01,04,02,01,01,01,05,01,50,FE,E,CR 11 / OCEAN PORT AVE,,,,35,40,26,,,N,,53098
2018135318WB03713,MONMOUTH,WEST LONG BRANCH BORO,03/21/2018,WE,1835,01,WEST LONG BRANCH PD,,0,1,0,0,I,B,N,N,11,1,MONMOUTH COUNTY 32,,32,,13000032__,1.45,05,,02,04,02,05,03,03,05,01,5,FE,W,MEADOW LN,,,,35,25,56,,,N,,53125
2018135318WB03716,MONMOUTH,WEST LONG BRANCH BORO,03/21/2018,WE,1954,01,WEST LONG BRANCH PD,,0,1,0,0,I,B,N,N,04,2,ROUTE 537,,537,,00000537__,67.81,05,,01,04,02,03,06,03,05,01,200,FE,W,VICTOR AVE,,,,35,25,26,,,N,,53122
2018135318WB03794,MONMOUTH,WEST LONG BRANCH BORO,03/23/2018,FR,1440,01,WEST LONG BRANCH PD,,0,0,0,0,P,B,N,N,01,2,NJ 71,,71,,00000071__,13.93,02,,01,04,02,01,01,01,05,,10,FE,N,CR 32 / WALL ST,,,,40,35,26,40.285010,74.020560,N,,53098
2018135318WB03866,MONMOUTH,WEST LONG BRANCH BORO,03/25/2018,SU,1334,01,WEST LONG BRANCH PD,,0,1,0,0,I,B,N,N,01,2,ROUTE 537,,537,,00000537__,67.31,05,,01,04,02,01,01,,05,01,55,FE,W,HOMESTEAD AVE,,,,35,25,26,,,N,,53081
2018135318WB04026,MONMOUTH,WEST LONG BRANCH BORO,03/29/2018,TH,1531,01,WEST LONG BRANCH PD,,0,0,0,0,P,B,N,N,01,2,NJ 71,S,71,,00000071__,14.50,02,,01,04,02,01,01,01,05,01,400,FE,N,PARKER RD,,,,40,25,26,,,N,,53229
2018135318WB04050,MONMOUTH,WEST LONG BRANCH BORO,03/30/2018,FR,0236,01,WEST LONG BRANCH PD,,0,1,0,0,I,B,N,N,06,2,PARKER RD,W,,,,,07,,01,04,02,01,06,01,05,01,538,FE,W,DEFOREST PL,,,,25,25,26,,,Y,,53112
2018135318WB04054,MONMOUTH,WEST LONG BRANCH BORO,03/30/2018,FR,0625,01,WEST LONG BRANCH PD,,0,0,0,0,P,B,N,N,02,2,NJ 36,W,36,,00000036__,3.24,02,,01,04,02,02,01,05,03,01,97,FE,W,ROUTE 537 / BROADWAY EATONTOWN BLVD,,,,50,30,26,,,N,,53112
2018135318WB04064,MONMOUTH,WEST LONG BRANCH BORO,03/30/2018,FR,0817,01,WEST LONG BRANCH PD,,0,0,0,0,P,B,N,N,06,2,MONMOUTH COUNTY 11 III,,11,3,130000113_,.16,05,,01,04,02,02,00,00,05,01,50,FE,S,N LINDEN AVE,,,,35,25,26,,,N,,53115
2018135318WB04074,MONMOUTH,WEST LONG BRANCH BORO,03/30/2018,FR,1106,01,WEST LONG BRANCH PD,,0,1,0,0,I,B,N,N,11,1,MONMOUTH COUNTY 32,,32,,13000032__,2.53,05,,03,04,02,01,01,01,05,01,25,FE,E,FAIRWAY AVE / PINEWOOD AVE,,,,35,25,69,,,N,**SEE NARATIVE**,53115
2018135318WB04086,MONMOUTH,WEST LONG BRANCH BORO,03/30/2018,FR,1521,01,WEST LONG BRANCH PD,,0,0,0,0,P,B,N,N,01,2,NJ 71,,71,,00000071__,13.92,02,,01,04,02,01,01,05,02,01,50,FE,S,CR 32 / WALL ST,,,,30,35,26,,,N,,53106
2018135318WB04133,MONMOUTH,WEST LONG BRANCH BORO,03/31/2018,SA,1659,01,WEST LONG BRANCH PD,,0,1,0,0,I,I,N,N,03,2,NJ 36,W,36,,00000036__,3.81,02,,01,04,02,01,01,01,03,,,AT,,VICTOR AVE,,,,35,25,26,,,N,,53123
2018135318WB04156,MONMOUTH,WEST LONG BRANCH BORO,04/01/2018,SU,1225,01,WEST LONG BRANCH PD,,0,0,0,0,P,B,N,N,01,2,NJ 36,W,36,,00000036__,3.25,02,,01,04,02,01,01,01,03,01,50,FE,W,ROUTE 537 / BROADWAY EATONTOWN BLVD,,,,50,35,26,,,N,,53114
2018135318WB04179,MONMOUTH,WEST LONG BRANCH BORO,04/02/2018,MO,0808,01,WEST LONG BRANCH PD,,0,0,0,0,P,B,N,N,01,3,NJ 71,,71,,00000071__,12.62,02,,01,04,02,03,01,07,05,01,10,FE,S,ELINORE AVE,,,,35,25,26,,,N,,53114
2018135318WB04186,MONMOUTH,WEST LONG BRANCH BORO,04/02/2018,MO,1129,01,WEST LONG BRANCH PD,,0,0,0,0,P,B,N,N,03,2,NJ 71,,71,,00000071__,13.78,02,,01,04,02,02,01,03,05,01,25,FE,N,CR 15 / LOCUST AVE / MONMOUTH RD,,,,40,35,26,,,N,,53098
2018135318WB04208,MONMOUTH,WEST LONG BRANCH BORO,04/03/2018,TU,0511,01,WEST LONG BRANCH PD,,0,0,0,0,P,B,N,N,06,2,HEIDL AVE,,,,,,07,,01,04,02,01,07,01,05,01,20,FE,W,OAKWOOD AVE,,,,25,25,28,,,N,,53125
2018135318WB04281,MONMOUTH,WEST LONG BRANCH BORO,04/04/2018,WE,1254,01,WEST LONG BRANCH PD,,0,2,0,0,I,B,N,N,01,2,ROUTE 537,,537,,00000537__,67.70,05,,01,04,02,01,01,05,05,01,50,FE,W,GOLF ST,,,,35,25,26,,,N,,53106
2018135318WB04296,MONMOUTH,WEST LONG BRANCH BORO,04/04/2018,WE,1653,01,WEST LONG BRANCH PD,,0,0,0,0,P,B,N,N,01,2,NJ 36,E,36,,00000036__,2.78,02,,01,04,02,01,01,01,05,01,1320,FE,W,NJ 71 / MONMOUTH RD,,,,50,40,26,,,N,,53122
2018135318WB04357,MONMOUTH,WEST LONG BRANCH BORO,04/06/2018,FR,0111,01,WEST LONG BRANCH PD,,0,1,0,0,I,B,Y,N,10,1,MONMOUTH COUNTY 32,,32,,13000032__,2.36,05,,01,04,02,01,06,01,05,01,30,FE,W,MARYLAND AVE,,,,35,25,56,40.287240,74.010130,N,UTILITY POLE #BT40018WLB,53125
2018135318WB04382,MONMOUTH,WEST LONG BRANCH BORO,04/06/2018,FR,1701,01,WEST LONG BRANCH PD,,0,0,0,0,P,I,N,N,03,2,MONMOUTH COUNTY 15,,15,,13000015__,3.70,05,,01,04,02,01,01,01,05,01,,AT,,PALMER AVE / W PALMER AVE,,,,40,25,26,,,N,,53114
2018135318WB04420,MONMOUTH,WEST LONG BRANCH BORO,04/07/2018,SA,1620,01,WEST LONG BRANCH PD,,0,0,0,0,P,B,N,N,01,2,NJ 36,E,36,,00000036__,2.78,02,,01,04,02,01,01,01,03,01,10,FE,E,NJ 71 / MONMOUTH RD,,,,50,40,26,,,N,,53106
2018135318WB04523,MONMOUTH,WEST LONG BRANCH BORO,04/09/2018,MO,0857,01,WEST LONG BRANCH PD,,0,0,0,0,P,B,N,N,03,2,WHALEPOND RD,,,,13371369__,2.05,07,,01,04,02,01,01,01,05,01,300,FE,S,CR 32,,,,35,35,26,,,N,,53122
2018135318WB04528,MONMOUTH,WEST LONG BRANCH BORO,04/09/2018,MO,0924,01,WEST LONG BRANCH PD,,0,0,0,0,P,B,N,N,04,2,OAKWOOD AVE,,,,,,07,,01,04,02,01,01,01,05,01,5,FE,N,CR 32,,,,25,35,26,,,N,,53106
2018135318WB04636,MONMOUTH,WEST LONG BRANCH BORO,04/11/2018,WE,1745,01,WEST LONG BRANCH PD,,0,0,0,0,P,B,N,N,02,2,NJ 71,,71,,00000071__,14.79,02,,01,04,02,01,01,01,05,01,200,FE,,NJ 36,,,,40,50,26,,,N,,53125
2018135318WB04674,MONMOUTH,WEST LONG BRANCH BORO,04/12/2018,TH,1358,01,WEST LONG BRANCH PD,,0,1,0,0,I,I,N,N,14,1,MONMOUTH COUNTY 15,S,15,,13000015__,4.39,05,,01,04,02,01,01,01,05,01,,AT,,DELAWARE AVE,,,,35,25,21,,,N,,53229
2018135318WB04681,MONMOUTH,WEST LONG BRANCH BORO,04/12/2018,TH,1739,01,WEST LONG BRANCH PD,,0,0,0,0,P,B,N,N,01,3,MONMOUTH COUNTY 32,,32,,13000032__,2.01,05,,01,04,02,01,01,01,05,01,10,FE,W,CR 15 / LOCUST AVE,,,,35,35,26,,,N,,
2018135318WB04733,MONMOUTH,WEST LONG BRANCH BORO,04/13/2018,FR,1539,01,WEST LONG BRANCH PD,,0,0,0,0,P,B,N,N,01,3,NJ 36,W,36,,00000036__,2.78,02,,01,04,02,01,01,01,05,01,25,FE,E,NJ 71 / MONMOUTH RD,,,,50,40,26,,,N,,
2018135318WB04824,MONMOUTH,WEST LONG BRANCH BORO,04/15/2018,SU,1655,01,WEST LONG BRANCH PD,,0,0,0,0,P,B,N,N,04,2,ROUTE 537,,537,,00000537__,67.79,05,,01,04,02,02,01,02,05,01,150,FE,E,CR 11 / OCEAN PORT AVE,,,,35,40,26,,,N,MINOR DAMAGE TO THE FRONT OF MY WAY BAR (A BRICK),53098
2018135318WB04826,MONMOUTH,WEST LONG BRANCH BORO,04/15/2018,SU,1832,01,WEST LONG BRANCH PD,,0,0,0,0,P,B,N,N,06,2,MONMOUTH COUNTY 11 III,,11,3,130000113_,.13,05,,01,04,02,02,06,05,05,01,230,FE,S,N LINDEN AVE,,,,35,25,28,40.300270,74.011000,N,,53125
2018135318WB04902,MONMOUTH,WEST LONG BRANCH BORO,04/17/2018,TU,1213,01,WEST LONG BRANCH PD,,0,1,0,0,I,B,N,N,01,2,NJ 71,,71,,00000071__,14.42,02,,01,04,02,01,01,01,05,01,25,FE,S,PARKER RD,,,,40,25,26,,,Y,,53106
2018135318WB04956,MONMOUTH,WEST LONG BRANCH BORO,04/18/2018,WE,1431,01,WEST LONG BRANCH PD,,0,0,0,0,P,I,N,N,99,1,ROUTE 537,,537,,00000537__,67.40,05,,01,04,02,01,01,01,05,01,,AT,,N LOCUST AVE,,,,35,25,19,,,N,,53106
2018135318WB05032,MONMOUTH,WEST LONG BRANCH BORO,04/20/2018,FR,0753,01,WEST LONG BRANCH PD,,0,0,0,0,P,B,N,N,01,2,MONMOUTH COUNTY 15,,15,,13000015__,4.28,05,,01,04,02,01,01,01,05,01,10,FE,N,CR 32 / WALL ST,,,,40,35,26,,,N,,53125
2018135318WB05099,MONMOUTH,WEST LONG BRANCH BORO,04/23/2018,MO,0838,01,WEST LONG BRANCH PD,,0,2,0,0,I,B,N,N,01,2,NJ 71,,71,,00000071__,13.97,02,,01,04,02,01,01,01,04,01,200,FE,N,CR 32 / WALL ST,,,,40,35,26,,,Y,,53097
2018135318WB05217,MONMOUTH,WEST LONG BRANCH BORO,04/23/2018,MO,1627,01,WEST LONG BRANCH PD,,0,0,0,0,P,B,N,N,03,2,ROUTE 537,,537,,00000537__,67.70,05,,01,04,02,01,01,01,05,01,30,FE,W,GOLF ST,,,,35,25,26,,,N,,53106
2018135318WB05272,MONMOUTH,WEST LONG BRANCH BORO,04/25/2018,WE,0722,01,WEST LONG BRANCH PD,,0,2,0,0,I,I,N,N,01,2,NJ 36,W,36,,00000036__,3.81,02,,01,04,02,02,01,02,02,01,,AT,,VICTOR AVE,,,,35,,26,,,N,,53123
2018135318WB05406,MONMOUTH,WEST LONG BRANCH BORO,04/27/2018,FR,1819,01,WEST LONG BRANCH PD,,0,0,0,0,P,I,N,N,02,2,NJ 36,W,36,,00000036__,2.78,02,,01,04,02,01,01,01,03,01,,AT,E,NJ 71 / MONMOUTH RD,,,,50,40,26,,,N,,53115
2018135318WB05597,MONMOUTH,WEST LONG BRANCH BORO,05/01/2018,TU,1912,01,WEST LONG BRANCH PD,,0,0,0,0,P,B,N,N,08,2,EUNICE TER,N,,,,,07,,01,04,02,01,01,01,05,01,100,FE,N,WINDSOR AVE,,,,25,25,26,,,N,,53115
2018135318WB05771,MONMOUTH,WEST LONG BRANCH BORO,05/05/2018,SA,1248,01,WEST LONG BRANCH PD,,0,0,0,0,P,I,N,N,12,1,VICTOR AVE **,,,,13531007__,.36,07,,01,04,02,01,01,01,05,01,,AT,,WINDSOR AVE,,,,25,25,25,,,N,,53122
2018135318WB05772,MONMOUTH,WEST LONG BRANCH BORO,05/05/2018,SA,1322,01,WEST LONG BRANCH PD,,0,0,0,0,P,I,N,N,03,2,NJ 36,E,36,,00000036__,3.73,02,,01,04,02,01,01,01,03,01,,AT,,CR 11 III / OCEANPORT AVE,,,,35,35,26,,,N,,53106
2018135318WB05834,MONMOUTH,WEST LONG BRANCH BORO,05/07/2018,MO,0554,01,WEST LONG BRANCH PD,,0,0,0,0,P,B,N,N,11,1,MONMOUTH COUNTY 15,,15,,13000015__,4.87,05,,02,04,02,01,01,01,05,01,200,FE,N,FRANKLIN PKWY,,,,35,25,52,,,N,ELECTRIC SERVICE TO 57 LOCUST AVE,53229
2018135318WB05865,MONMOUTH,WEST LONG BRANCH BORO,05/07/2018,MO,1807,01,WEST LONG BRANCH PD,,0,0,0,0,P,B,N,N,01,2,NJ 36,E,36,,00000036__,2.62,02,,01,04,02,01,01,01,03,01,850,FE,W,NJ 71 / MONMOUTH RD,,,,50,40,26,,,N,,53081
2018135318WB05915,MONMOUTH,WEST LONG BRANCH BORO,05/08/2018,TU,1651,01,WEST LONG BRANCH PD,,0,3,0,0,I,B,N,N,01,3,ROUTE 537,,537,,00000537__,67.75,05,,01,04,02,01,01,01,05,01,50,FE,W,CR 11 / OCEAN PORT AVE,,,,30,35,26,,,N,,
2018135318WB05948,MONMOUTH,WEST LONG BRANCH BORO,05/09/2018,WE,1204,01,WEST LONG BRANCH PD,,0,0,0,0,P,B,N,N,06,2,310 SR 36,,,,,,09,,01,04,02,01,01,01,05,01,,,,,,,,,,28,,,N,,53117
2018135318WB06006,MONMOUTH,WEST LONG BRANCH BORO,05/10/2018,TH,1521,01,WEST LONG BRANCH PD,,0,0,0,0,P,B,N,N,01,2,NJ 71,,71,,00000071__,13.18,02,,01,04,02,01,01,01,05,01,80,FE,E,PINEWOOD AVE,,,,35,25,26,,,N,,53081