Year(4)-CountyCode(2)-MunicipalityCode(2)-CaseNumber(9),County Name,Municipality Name,Crash Date,Crash Day of Week,Crash Time,Police Department Code,Police Department,Police Station,Total Killed,Total Injured,Pedestrians Killed,Pedestrians Injured,Severity,Intersection,Alcohol Involved,Hazmat Involved,Crash Type,Total Vehicles,Location,Location Direction,Route,Route Suffix,Std Rte Identifier,MilePost,Road System,Road Character,Road Horizontal Alignment,Road Grade,Road Surface Type,Surface Condition,Light Condition,Environmental Condition,Road Divided By,Temporary Traffic Control Zone,Distance To Cross Street,Unit Of Measurement,Direction From Cross Street,Cross Street Name,Is Ramp,Ramp To/From Route Name,Ramp To/From Route Direction,Posted Speed,Posted Speed Cross Street,First Harmful Event,Latitude,Longitude,Cell Phone In Use Flag,Other Property Damage,Reporting Badge No.
2018135318WB09645,MONMOUTH,WEST LONG BRANCH BORO,07/20/2018,FR,1708,01,WEST LONG BRANCH PD,,0,0,0,0,P,B,N,N,01,2,NJ 36,E,36,,00000036__,3.24,02,,01,04,02,01,01,01,03,01,100,FE,W,ROUTE 537 / BROADWAY EATONTOWN BLVD,,,,50,35,26,,,N,,53115
2018135318WB09698,MONMOUTH,WEST LONG BRANCH BORO,07/21/2018,SA,1338,01,WEST LONG BRANCH PD,,0,0,0,0,P,B,N,N,01,2,310 SR 36 HOME DEPOT,,,,,,09,,01,04,02,01,01,01,05,01,,,,,,,,,,26,,,N,,53098
2018135318WB09813,MONMOUTH,WEST LONG BRANCH BORO,07/23/2018,MO,1819,01,WEST LONG BRANCH PD,,0,1,0,0,I,B,N,N,01,2,ROUTE 537,E,537,,00000537__,67.76,05,,01,04,02,01,01,01,05,01,25,FE,E,CR 11 / OCEAN PORT AVE,,,,25,35,26,,,N,,53109
2018135318WB09887,MONMOUTH,WEST LONG BRANCH BORO,07/24/2018,TU,1724,01,WEST LONG BRANCH PD,,0,0,0,0,P,I,N,N,01,3,MONMOUTH COUNTY 32,W,32,,13000032__,1.20,05,,01,04,02,01,01,01,05,01,,AT,,WESTON WAY / WHALEPOND RD,,,,35,35,26,40.283520,74.029380,N,,53229
2018135318WB09891,MONMOUTH,WEST LONG BRANCH BORO,07/24/2018,TU,1817,01,WEST LONG BRANCH PD,,0,0,0,0,P,B,N,N,01,2,NJ 71,,71,,00000071__,13.67,02,,01,04,02,01,01,01,05,01,100,FE,E,MOUNT DR,,,,35,25,26,,,N,,53106
2018135318WB09923,MONMOUTH,WEST LONG BRANCH BORO,07/25/2018,WE,0827,01,WEST LONG BRANCH PD,,0,0,0,0,P,B,N,N,08,2,MONMOUTH COUNTY 32,,32,,13000032__,2.82,05,,01,04,02,02,01,05,05,01,200,FE,W,CR 25 II / NORWOOD AVE,,,,35,40,26,,,N,,53122
2018135318WB10025,MONMOUTH,WEST LONG BRANCH BORO,07/26/2018,TH,1825,01,WEST LONG BRANCH PD,,0,0,0,0,P,I,N,N,03,2,MONMOUTH COUNTY 25 II,,25,2,130000252_,.29,05,,01,04,02,01,01,01,05,01,,AT,,HOLLYWOOD AVE,,,,40,25,26,,,N,,53114
2018135318WB10091,MONMOUTH,WEST LONG BRANCH BORO,07/27/2018,FR,1126,01,WEST LONG BRANCH PD,,0,0,0,0,P,I,N,N,03,2,MONMOUTH COUNTY 15,,15,,13000015__,3.70,05,,01,04,02,01,01,01,05,01,,AT,,PALMER AVE / W PALMER AVE,,,,40,25,26,,,N,,53114
2018135318WB10123,MONMOUTH,WEST LONG BRANCH BORO,07/28/2018,SA,0725,01,WEST LONG BRANCH PD,,0,0,0,0,P,B,N,N,06,2,133 SR 36; BP GAS,,,,,,09,,01,04,02,01,01,01,05,01,,,,,,,,,,26,,,N,,53229
2018135318WB10150,MONMOUTH,WEST LONG BRANCH BORO,07/28/2018,SA,1429,01,WEST LONG BRANCH PD,,0,0,0,0,P,I,N,N,03,2,MONMOUTH COUNTY 11 III,,11,3,130000113_,.17,05,,01,04,02,01,01,01,05,01,,AT,,N LINDEN AVE,,,,35,25,26,,,N,,53229
2018135318WB10155,MONMOUTH,WEST LONG BRANCH BORO,07/28/2018,SA,1553,01,WEST LONG BRANCH PD,,0,0,0,0,P,B,N,N,01,2,NJ 36,W,36,,00000036__,3.73,02,,01,04,02,01,01,02,03,01,2500,FE,E,ROUTE 537 / BROADWAY EATONTOWN BLVD,,,,50,35,26,,,N,,53229
2018135318WB10282,MONMOUTH,WEST LONG BRANCH BORO,07/30/2018,MO,2203,01,WEST LONG BRANCH PD,,0,0,0,0,P,B,N,N,01,2,NJ 36,W,36,,00000036__,3.68,02,,01,06,02,01,07,01,03,01,250,FE,W,CR 11 III / OCEANPORT AVE,,,,45,35,26,,,N,,53229
2018135318WB10331,MONMOUTH,WEST LONG BRANCH BORO,07/31/2018,TU,1704,01,WEST LONG BRANCH PD,,0,2,0,0,I,B,N,N,01,3,NJ 71,,71,,00000071__,14.45,02,,01,04,02,01,01,01,05,01,150,FE,N,PARKER RD,,,,40,25,26,,,N,,53117
2018135318WB10335,MONMOUTH,WEST LONG BRANCH BORO,07/31/2018,TU,1756,01,WEST LONG BRANCH PD,,0,0,0,0,P,B,N,N,01,2,MONMOUTH COUNTY 15,,15,,13000015__,4.45,05,,01,04,02,01,01,01,05,01,900,FE,N,CR 32 / WALL ST,,,,40,35,26,,,N,,53125
2018135318WB10356,MONMOUTH,WEST LONG BRANCH BORO,08/01/2018,WE,0810,01,WEST LONG BRANCH PD,,0,0,0,0,P,B,N,N,06,2,BAMPTON PL **,N,,,,,07,,01,04,02,01,01,05,05,01,100,FE,N,RICHARD LANE,,,,25,25,26,40.292680,74.012340,N,,53117
2018135318WB10501,MONMOUTH,WEST LONG BRANCH BORO,08/03/2018,FR,1306,01,WEST LONG BRANCH PD,,0,1,0,0,I,I,N,N,03,2,MONMOUTH COUNTY 15,,15,,13000015__,3.70,05,,01,04,02,01,01,01,05,01,,AT,,PALMER AVE / W PALMER AVE,,,,40,25,26,,,N,,53097
2018135318WB10515,MONMOUTH,WEST LONG BRANCH BORO,08/03/2018,FR,1834,01,WEST LONG BRANCH PD,,0,0,0,0,P,B,N,N,01,2,NJ 71,,71,,00000071__,14.76,02,,01,04,02,01,01,01,05,01,150,FE,S,NJ 36,,,,40,50,26,,,N,,53106
2018135318WB10680,MONMOUTH,WEST LONG BRANCH BORO,08/06/2018,MO,1746,01,WEST LONG BRANCH PD,,0,3,0,0,I,B,N,N,03,2,NJ 71,,71,,00000071__,13.87,02,,01,04,02,01,01,01,05,01,300,FE,S,CR 32 / WALL ST,,,,40,35,26,,,N,,53125
2018135318WB10786,MONMOUTH,WEST LONG BRANCH BORO,08/08/2018,WE,1133,01,WEST LONG BRANCH PD,,0,0,0,0,P,B,N,N,11,1,NJ 71,N,71,,00000071__,13.94,02,,01,04,02,01,01,01,02,01,50,FE,N,CR 32 / WALL ST,,,,40,35,56,,,N,,53106
2018135318WB10850,MONMOUTH,WEST LONG BRANCH BORO,08/09/2018,TH,0844,01,WEST LONG BRANCH PD,,0,0,0,0,P,B,N,N,01,2,NJ 71,,71,,00000071__,13.85,02,,01,04,02,01,01,01,05,01,375,FE,N,CR 15 / LOCUST AVE / MONMOUTH RD,,,,40,35,26,,,N,,53123
2018135318WB10876,MONMOUTH,WEST LONG BRANCH BORO,08/09/2018,TH,1716,01,WEST LONG BRANCH PD,,0,0,0,0,P,B,N,N,01,2,NJ 71,,71,,00000071__,14.44,02,,01,04,02,01,01,01,05,01,100,FE,N,PARKER RD,,,,40,25,26,,,N,,53123
2018135318WB10914,MONMOUTH,WEST LONG BRANCH BORO,08/10/2018,FR,1342,01,WEST LONG BRANCH PD,,0,0,0,0,P,I,N,N,08,2,COOPER AVE **,W,,,13531059__,.31,07,,01,04,02,01,01,01,,,,AT,,COOLIDGE PL,,,,25,25,26,,,N,,53123
2018135318WB10918,MONMOUTH,WEST LONG BRANCH BORO,08/10/2018,FR,1609,01,WEST LONG BRANCH PD,,0,0,0,0,P,B,N,N,03,2,MONMOUTH COUNTY 32,,32,,13000032__,1.70,05,,01,04,02,01,01,01,05,01,40,FE,,NJ 71 / MONMOUTH RD,,,,35,40,26,,,N,,53125
2018135318WB10959,MONMOUTH,WEST LONG BRANCH BORO,08/11/2018,SA,1612,01,WEST LONG BRANCH PD,,0,0,0,0,P,I,N,N,02,2,NJ 36,W,36,,00000036__,3.26,02,,01,04,02,02,01,02,03,01,,AT,,ROUTE 537 / BROADWAY EATONTOWN BLVD,,,,50,35,26,,,N,,53115
2018135318WB10971,MONMOUTH,WEST LONG BRANCH BORO,08/11/2018,SA,2059,01,WEST LONG BRANCH PD,,0,0,0,0,P,I,N,N,01,2,ROUTE 537,,537,,00000537__,67.37,05,,01,04,02,02,06,02,05,01,,AT,,CR 15 / LOCUST AVE,,,,35,35,26,,,N,,53112
2018135318WB11008,MONMOUTH,WEST LONG BRANCH BORO,08/12/2018,SU,1225,01,WEST LONG BRANCH PD,,0,0,0,0,P,B,N,N,01,2,NJ 71,E,71,,00000071__,13.79,02,,01,04,02,01,01,01,05,01,50,FE,E,CR 15 / LOCUST AVE / MONMOUTH RD,,,,35,35,26,,,N,,53115
2018135318WB11062,MONMOUTH,WEST LONG BRANCH BORO,08/13/2018,MO,2215,01,WEST LONG BRANCH PD,,0,0,0,0,P,B,N,N,01,2,NJ 36,W,36,,00000036__,2.75,02,,01,04,02,01,06,01,03,01,133,FE,W,NJ 71 / MONMOUTH RD,,,,50,40,26,,,N,,53112
2018135318WB11132,MONMOUTH,WEST LONG BRANCH BORO,08/15/2018,WE,1025,01,WEST LONG BRANCH PD,,0,0,0,0,P,I,N,N,02,2,ROUTE 537,,537,,00000537__,67.58,05,,01,04,02,01,01,01,05,01,,AT,,LINDEN AVE,,,,35,25,26,,,N,,53114
2018135318WB11137,MONMOUTH,WEST LONG BRANCH BORO,08/15/2018,WE,1228,01,WEST LONG BRANCH PD,,0,0,0,0,P,B,N,N,02,2,MONMOUTH COUNTY 15,,15,,13000015__,4.10,05,,01,04,02,01,01,01,05,01,50,FE,S,CR 71 / CEDAR AVE,,,,40,45,26,,,N,,53098
2018135318WB11231,MONMOUTH,WEST LONG BRANCH BORO,08/17/2018,FR,0843,01,WEST LONG BRANCH PD,,0,0,0,0,P,B,N,N,01,2,NJ 36,W,36,,00000036__,2.81,02,,01,04,02,01,01,01,03,01,178,FE,E,NJ 71 / MONMOUTH RD,,,,50,40,26,,,N,,53112
2018135318WB11244,MONMOUTH,WEST LONG BRANCH BORO,08/17/2018,FR,1218,01,WEST LONG BRANCH PD,,0,1,0,0,I,B,N,N,01,2,MONMOUTH COUNTY 15,N,15,,13000015__,3.57,05,,01,04,02,01,01,01,05,01,30,FE,S,CUBERO AVE / OLD FARM RD,,,,40,25,26,,,N,,53115
2018135318WB11304,MONMOUTH,WEST LONG BRANCH BORO,08/18/2018,SA,2236,01,WEST LONG BRANCH PD,,0,1,0,0,I,I,N,N,03,2,NJ 36,,36,,00000036__,3.73,02,,01,04,02,01,06,01,03,01,,AT,,CR 11 III / OCEANPORT AVE,,,,40,35,26,,,N,,53125
2018135318WB11321,MONMOUTH,WEST LONG BRANCH BORO,08/19/2018,SU,0907,01,WEST LONG BRANCH PD,,0,0,0,0,P,I,N,N,03,2,GOLF ST **,,,,,,07,,01,04,02,02,01,02,05,01,,AT,,CHESTNUT PL,,,,25,25,26,,,N,,53098
2018135318WB11445,MONMOUTH,WEST LONG BRANCH BORO,08/22/2018,WE,0717,01,WEST LONG BRANCH PD,,0,0,0,0,P,B,N,N,02,2,NJ 36,W,36,,00000036__,3.54,02,,01,04,02,01,01,01,03,01,1000,FE,W,CR 11 III / OCEANPORT AVE,,,,45,35,26,,,N,,53229
2018135318WB11565,MONMOUTH,WEST LONG BRANCH BORO,08/24/2018,FR,0700,01,WEST LONG BRANCH PD,,0,0,0,0,P,B,N,N,01,2,MONMOUTH COUNTY 32,,32,,13000032__,1.69,05,,01,04,02,01,01,01,05,01,25,FE,W,NJ 71 / MONMOUTH RD,,,,35,30,26,,,N,,53114
2018135318WB11571,MONMOUTH,WEST LONG BRANCH BORO,08/24/2018,FR,1154,01,WEST LONG BRANCH PD,,0,0,0,0,P,B,N,N,02,2,NJ 71,,71,,00000071__,14.79,02,,01,04,02,01,01,01,05,01,20,FE,S,NJ 36,,,,40,50,26,,,N,,53114
2018135318WB11888,MONMOUTH,WEST LONG BRANCH BORO,08/30/2018,TH,0920,01,WEST LONG BRANCH PD,,0,0,0,0,P,I,N,N,03,2,RIVINGTON AVE,E,,,,,07,,01,04,02,01,01,01,05,01,,AT,,VICTOR AVE,,,,25,35,26,40.302720,74.012060,N,BOROUGH OF WEST LONG BRANCH STOP SIGN ON THE PROPERTY OF 80 VICTOR AVE,53229
2018135318WB11940,MONMOUTH,WEST LONG BRANCH BORO,08/31/2018,FR,1416,01,WEST LONG BRANCH PD,,0,0,0,0,P,B,N,N,01,2,NJ 71,N,71,,00000071__,13.92,02,,01,04,02,01,01,01,05,01,50,FE,S,CR 32 / WALL ST,,,,30,35,26,40.285010,74.020560,N,,53122
2018135318WB12002,MONMOUTH,WEST LONG BRANCH BORO,09/01/2018,SA,1821,01,WEST LONG BRANCH PD,,0,0,0,0,P,I,N,N,01,2,MONMOUTH COUNTY 25 II,,25,2,130000252_,.00,05,,03,04,02,01,01,01,05,01,,AT,,NJ 25 / CEDAR AVE,,,,35,30,26,,,N,,53117
2018135318WB12019,MONMOUTH,WEST LONG BRANCH BORO,09/01/2018,SA,2355,01,WEST LONG BRANCH PD,,0,0,0,0,P,I,N,N,11,1,NJ 71,N,71,,00000071__,14.24,02,,01,04,02,01,04,01,05,01,,AT,,LLOYD AVE,,,,40,25,,,,N,NO PARKING SIGN AND GRASS AT 1 LLOYD AVE,53075
2018135318WB12032,MONMOUTH,WEST LONG BRANCH BORO,09/03/2018,MO,1345,01,WEST LONG BRANCH PD,,0,0,0,0,P,B,N,N,06,2,ORCHARD RD,S,,,,,07,,01,04,02,01,01,01,05,01,175,FE,S,BAMPTON PL,,,,25,25,26,,,N,,53081
2018135318WB12068,MONMOUTH,WEST LONG BRANCH BORO,09/02/2018,SU,2149,01,WEST LONG BRANCH PD,,0,0,0,0,P,B,N,N,01,2,MONMOUTH COUNTY 25 I,W,25,1,130000251_,.00,05,,01,04,02,01,06,01,05,01,25,FE,E,CR 71 / NORWOOD AVE,,,,35,40,26,,,N,,53109
2018135318WB12144,MONMOUTH,WEST LONG BRANCH BORO,09/04/2018,TU,1515,01,WEST LONG BRANCH PD,,0,0,0,0,P,B,N,N,01,2,MONMOUTH COUNTY 25 I,E,25,1,130000251_,.00,05,,01,04,02,01,01,01,05,01,15,FE,W,CR 71 / NORWOOD AVE,,,,35,35,26,,,N,,53115
2018135318WB12148,MONMOUTH,WEST LONG BRANCH BORO,09/04/2018,TU,1535,01,WEST LONG BRANCH PD,,0,2,0,0,I,B,N,N,02,2,NJ 36,W,36,,00000036__,3.82,02,,01,04,02,01,01,01,04,01,30,FE,E,VICTOR AVE,,,,35,25,26,,,N,UTILITY POLE: JC400WLB,53106
2018135318WB12181,MONMOUTH,WEST LONG BRANCH BORO,09/05/2018,WE,0807,01,WEST LONG BRANCH PD,,0,0,0,0,P,B,N,N,01,4,NJ 71,,71,,00000071__,13.01,02,,01,04,02,01,01,01,04,01,250,FE,N,CR 25 / CEDAR AVE,,,,40,30,26,,,N,,53106
2018135318WB12205,MONMOUTH,WEST LONG BRANCH BORO,09/05/2018,WE,1504,01,WEST LONG BRANCH PD,,0,0,0,0,P,B,N,N,01,2,NJ 71,W,71,,00000071__,13.51,02,,01,04,02,01,01,01,,01,30,FE,W,MONROE AVE,,,,35,25,26,,,N,,53115
2018135318WB12207,MONMOUTH,WEST LONG BRANCH BORO,09/05/2018,WE,1516,01,WEST LONG BRANCH PD,,0,0,0,0,P,I,N,N,05,2,NJ 71,,71,,00000071__,13.52,02,,01,04,02,01,01,01,05,01,,AT,,MONROE AVE,,,,35,25,26,,,N,,53097
2018135318WB12210,MONMOUTH,WEST LONG BRANCH BORO,09/05/2018,WE,1626,01,WEST LONG BRANCH PD,,0,0,0,0,P,B,N,N,01,2,NJ 71,,71,,00000071__,13.65,02,,01,04,01,01,01,01,05,01,10,FE,W,MOUNT DR,,,,30,25,26,,,N,,53106
2018135318WB12213,MONMOUTH,WEST LONG BRANCH BORO,09/05/2018,WE,1701,01,WEST LONG BRANCH PD,,0,0,0,0,P,B,N,N,01,2,MONMOUTH COUNTY 25 I,W,25,1,130000251_,.00,05,,01,04,02,01,01,01,05,01,25,FE,E,CR 71 / NORWOOD AVE,,,,35,35,26,,,N,,53115
2018135318WB12214,MONMOUTH,WEST LONG BRANCH BORO,09/05/2018,WE,1710,01,WEST LONG BRANCH PD,,0,2,0,0,I,I,N,N,03,2,MONMOUTH COUNTY 25 II,S,25,2,130000252_,.29,05,,01,04,02,01,01,01,05,01,,AT,,HOLLYWOOD AVE,,,,40,25,26,,,N,STOP SIGN FROM HOLLYWOOD AVE. EASTBOUND.,53115
2018135318WB12254,MONMOUTH,WEST LONG BRANCH BORO,09/06/2018,TH,0858,01,WEST LONG BRANCH PD,,0,1,0,0,I,B,N,N,01,2,NJ 71,,71,,00000071__,14.35,02,,01,04,02,01,01,01,05,01,10,FE,N,SUMMERS AVE,,,,40,25,26,40.289760,74.025680,N,,53125
2018135318WB12277,MONMOUTH,WEST LONG BRANCH BORO,09/06/2018,TH,1815,01,WEST LONG BRANCH PD,,0,0,0,0,P,I,N,N,01,2,NJ 71,,71,,00000071__,13.65,02,,01,04,02,01,01,01,05,01,,AT,,MOUNT DR,,,,35,25,26,,,N,,53125
2018135318WB12336,MONMOUTH,WEST LONG BRANCH BORO,09/07/2018,FR,1326,01,WEST LONG BRANCH PD,,0,0,0,0,P,B,N,N,03,2,MONMOUTH COUNTY 32,,32,,13000032__,1.88,05,,01,04,02,01,01,05,05,01,100,FE,E,CR 15 / LOCUST AVE,,,,35,35,26,40.285870,74.017410,N,,53117
2018135318WB12348,MONMOUTH,WEST LONG BRANCH BORO,09/07/2018,FR,1758,01,WEST LONG BRANCH PD,,0,0,0,0,P,I,N,N,11,2,MONMOUTH COUNTY 25 II,,25,2,130000252_,.00,05,,01,04,02,01,01,01,05,01,,AT,,NJ 25 / CEDAR AVE,,,,35,35,51,,,Y,TRAFFIC SIGNAL AT INTERSECTION NORWOOD/CEDAR,53125
2018135318WB12415,MONMOUTH,WEST LONG BRANCH BORO,09/08/2018,SA,2139,01,WEST LONG BRANCH PD,,0,0,0,0,P,I,N,N,07,2,MONMOUTH COUNTY 25 I,,25,1,130000251_,.00,05,,01,04,02,01,06,01,,,,AT,,CR 71 / NORWOOD AVE,,,,35,35,26,40.281650,74.001600,N,,53071
2018135318WB12462,MONMOUTH,WEST LONG BRANCH BORO,09/09/2018,SU,1946,01,WEST LONG BRANCH PD,,0,0,0,0,P,B,Y,N,11,1,MONMOUTH COUNTY 15,N,15,,13000015__,3.99,05,,01,04,02,02,06,02,05,01,5,FE,S,WOOLLEY PL,,,,40,25,52,40.282460,74.018770,N,UTILITY POLE #40350 LOCATED ON PROPERTY OF 408 MONMOUTH RD / BOROUGH STREET SIGN,53229
2018135318WB12501,MONMOUTH,WEST LONG BRANCH BORO,09/10/2018,MO,1926,01,WEST LONG BRANCH PD,,0,0,0,0,P,B,N,N,01,2,NJ 71,,71,,00000071__,13.13,02,,01,04,02,02,06,02,05,01,153,FE,W,PINEWOOD AVE,,,,35,25,26,,,N,,53112
2018135318WB12539,MONMOUTH,WEST LONG BRANCH BORO,09/11/2018,TU,1317,01,WEST LONG BRANCH PD,,0,0,0,0,P,I,N,N,01,2,NJ 71,,71,,00000071__,12.96,02,,03,04,02,02,01,02,05,01,,AT,,CR 25 / CEDAR AVE,,,,35,35,26,,,N,,53123
2018135318WB12592,MONMOUTH,WEST LONG BRANCH BORO,09/12/2018,WE,1150,01,WEST LONG BRANCH PD,,0,0,0,0,P,B,N,N,02,2,NJ 71,,71,,00000071__,13.91,02,,01,04,02,01,01,05,02,01,80,FE,S,CR 32 / WALL ST,,,,30,35,26,,,N,,53125
2018135318WB12651,MONMOUTH,WEST LONG BRANCH BORO,09/13/2018,TH,1002,01,WEST LONG BRANCH PD,,0,0,0,0,P,B,N,N,01,4,MONMOUTH COUNTY 25 I,,25,1,130000251_,.00,05,,01,04,02,01,01,01,05,01,15,FE,E,CR 71 / NORWOOD AVE,,,,35,35,26,,,N,,53106
2018135318WB12665,MONMOUTH,WEST LONG BRANCH BORO,09/13/2018,TH,1621,01,WEST LONG BRANCH PD,,0,1,0,0,I,B,N,N,02,2,ROUTE 537,,537,,00000537__,67.65,05,,01,04,02,01,01,01,05,01,75,FE,W,UPTON AVE,,,,30,25,26,,,N,,53106
2018135318WB12742,MONMOUTH,WEST LONG BRANCH BORO,09/15/2018,SA,0217,01,WEST LONG BRANCH PD,,0,0,0,0,P,B,Y,N,06,2,ROUTE 537,,537,,00000537__,67.71,05,,01,04,02,01,06,01,05,01,15,FE,W,GOLF ST,,,,30,25,26,,,N,,53071
2018135318WB12801,MONMOUTH,WEST LONG BRANCH BORO,09/16/2018,SU,1036,01,WEST LONG BRANCH PD,,0,0,0,0,P,B,N,N,03,2,NJ 71,,71,,00000071__,14.81,02,,01,04,02,01,01,01,05,01,125,FE,N,NJ 36,,,,40,50,26,,,N,,53114
2018135318WB12806,MONMOUTH,WEST LONG BRANCH BORO,09/16/2018,SU,1119,01,WEST LONG BRANCH PD,,0,0,0,0,P,B,N,N,03,2,NJ 71,,71,,00000071__,14.81,02,,01,04,02,01,01,01,05,01,125,FE,N,NJ 36,,,,40,50,26,,,N,,53114
2018135318WB13038,MONMOUTH,WEST LONG BRANCH BORO,09/21/2018,FR,0649,01,WEST LONG BRANCH PD,,0,0,0,0,P,B,N,N,11,1,NJ 71,,71,,00000071__,13.63,02,,01,04,02,01,01,01,05,01,125,FE,W,MOUNT DR,,,,35,25,60,,,N,,53114
2018135318WB13087,MONMOUTH,WEST LONG BRANCH BORO,09/21/2018,FR,2229,01,WEST LONG BRANCH PD,,0,0,0,0,P,B,N,N,01,3,MONMOUTH COUNTY 15,,15,,13000015__,4.27,05,,01,04,02,01,06,01,05,01,30,FE,S,CR 32 / WALL ST,,,,30,35,26,40.283630,74.019100,N,,53125
2018135318WB13122,MONMOUTH,WEST LONG BRANCH BORO,09/22/2018,SA,2014,01,WEST LONG BRANCH PD,,0,0,0,0,P,B,N,N,02,2,NJ 36,W,36,,00000036__,2.79,02,,01,04,02,01,06,01,03,01,50,FE,E,NJ 71 / MONMOUTH RD,,,,50,40,26,,,N,,53115
2018135318WB13123,MONMOUTH,WEST LONG BRANCH BORO,09/22/2018,SA,2023,01,WEST LONG BRANCH PD,,0,0,0,0,P,B,N,N,08,2,LAKEVIEW AVE **,,,,13531036__,.11,07,,01,04,02,01,07,01,05,01,600,FE,E,CR 15 / LOCUST DR,,,,25,35,26,,,N,,53081
2018135318WB13153,MONMOUTH,WEST LONG BRANCH BORO,09/23/2018,SU,1035,01,WEST LONG BRANCH PD,,0,0,0,0,P,B,N,N,03,2,NJ 71,,71,,00000071__,14.88,02,,01,04,02,02,01,02,05,01,500,FE,N,NJ 36,,,,40,50,26,,,N,,53106
2018135318WB13168,MONMOUTH,WEST LONG BRANCH BORO,09/23/2018,SU,2019,01,WEST LONG BRANCH PD,,0,0,0,0,P,B,Y,N,06,3,MONMOUTH COUNTY 25 II,,25,2,130000252_,.46,05,,02,04,02,02,07,02,05,01,900,FE,N,HOLLYWOOD AVE,,,,40,25,26,,,N,TREE AND BUSH IN FRONT YARD OF 369 NORWOOD AVE,
2018135318WB13217,MONMOUTH,WEST LONG BRANCH BORO,09/24/2018,MO,1448,01,WEST LONG BRANCH PD,,0,0,0,0,P,B,N,N,12,1,NJ 71,,71,,00000071__,14.25,02,,01,04,02,01,01,01,05,01,75,FE,N,LLOYD AVE,,,,40,25,24,,,N,,53229
2018135318WB13263,MONMOUTH,WEST LONG BRANCH BORO,09/25/2018,TU,0943,01,WEST LONG BRANCH PD,,0,0,0,0,P,I,N,N,11,1,NJ 36,W,36,,00000036__,2.78,02,,01,04,02,02,01,05,03,01,,AT,,NJ 71 / MONMOUTH RD,,,,50,40,56,,,N,,53125
2018135318WB13341,MONMOUTH,WEST LONG BRANCH BORO,09/26/2018,WE,1820,01,WEST LONG BRANCH PD,,0,1,0,0,I,I,N,N,01,2,NJ 71,,71,,00000071__,13.28,02,,01,04,02,01,01,01,05,01,,AT,,ELMWOOD AVE,,,,35,25,26,,,N,,53125
2018135318WB13374,MONMOUTH,WEST LONG BRANCH BORO,09/27/2018,TH,1009,01,WEST LONG BRANCH PD,,0,0,0,0,P,B,N,N,02,2,NJ 71,N,71,,00000071__,13.91,02,,,04,02,01,01,01,05,01,100,FE,S,CR 32 / WALL ST,,,,30,35,26,,,N,,53229
2018135318WB13383,MONMOUTH,WEST LONG BRANCH BORO,09/27/2018,TH,1435,01,WEST LONG BRANCH PD,,0,0,0,0,P,B,N,N,02,2,145 MONMOUTH RD,,,,,,09,,01,04,02,01,01,01,05,01,,,,,,,,,,26,,,N,,53229
2018135318WB13431,MONMOUTH,WEST LONG BRANCH BORO,09/28/2018,FR,1154,01,WEST LONG BRANCH PD,,0,0,0,0,P,I,N,N,07,2,MONMOUTH COUNTY 32,W,32,,13000032__,1.20,05,,01,04,02,01,01,01,05,01,,AT,,WESTON WAY / WHALEPOND RD,,,,35,35,26,40.283530,74.029380,N,,53229
2018135318WB13453,MONMOUTH,WEST LONG BRANCH BORO,09/28/2018,FR,1801,01,WEST LONG BRANCH PD,,0,0,0,0,P,B,N,N,01,2,NJ 71,,71,,00000071__,14.45,02,,01,04,02,01,01,01,05,01,150,FE,N,PARKER RD,,,,40,25,26,,,N,,53122
2018135318WB13722,MONMOUTH,WEST LONG BRANCH BORO,10/03/2018,WE,0729,01,WEST LONG BRANCH PD,,0,0,0,0,P,B,N,N,01,2,NJ 71,S,71,,00000071__,14.43,02,,01,04,02,02,01,01,04,01,75,FE,N,PARKER RD,,,,40,25,26,,,N,,53115
2018135318WB13782,MONMOUTH,WEST LONG BRANCH BORO,10/04/2018,TH,0722,01,WEST LONG BRANCH PD,,0,1,0,0,I,B,N,N,01,2,NJ 36,E,36,,00000036__,2.73,02,,01,04,02,01,01,01,03,01,250,FE,W,NJ 71 / MONMOUTH RD,,,,50,40,26,40.293480,74.031330,N,,53117
2018135318WB13810,MONMOUTH,WEST LONG BRANCH BORO,10/04/2018,TH,1320,01,WEST LONG BRANCH PD,,0,1,0,0,I,B,N,N,11,1,MONMOUTH COUNTY 15,S,15,,13000015__,4.54,05,,01,04,02,01,01,01,05,01,25,FE,S,COMMUNITY DR,,,,35,25,52,,,N,TELEPHONE POLE #BT40328,53109
2018135318WB13988,MONMOUTH,WEST LONG BRANCH BORO,10/07/2018,SU,1814,01,WEST LONG BRANCH PD,,0,2,0,0,I,B,N,N,01,3,NJ 36,E,36,,00000036__,2.74,02,,01,04,02,01,03,01,03,01,190,FE,W,NJ 71 / MONMOUTH RD,,,,50,40,26,,,N,,53081
2018135318WB14000,MONMOUTH,WEST LONG BRANCH BORO,10/08/2018,MO,0231,01,WEST LONG BRANCH PD,,0,0,0,0,P,B,N,N,11,1,NJ 36,W,36,,00000036__,2.72,02,,01,04,02,01,06,01,03,01,300,FE,W,NJ 71 / MONMOUTH RD,,,,50,40,56,,,N,STATE HIGHWAY SIGN,53071