Year(4)-CountyCode(2)-MunicipalityCode(2)-CaseNumber(9),County Name,Municipality Name,Crash Date,Crash Day of Week,Crash Time,Police Department Code,Police Department,Police Station,Total Killed,Total Injured,Pedestrians Killed,Pedestrians Injured,Severity,Intersection,Alcohol Involved,Hazmat Involved,Crash Type,Total Vehicles,Location,Location Direction,Route,Route Suffix,Std Rte Identifier,MilePost,Road System,Road Character,Road Horizontal Alignment,Road Grade,Road Surface Type,Surface Condition,Light Condition,Environmental Condition,Road Divided By,Temporary Traffic Control Zone,Distance To Cross Street,Unit Of Measurement,Direction From Cross Street,Cross Street Name,Is Ramp,Ramp To/From Route Name,Ramp To/From Route Direction,Posted Speed,Posted Speed Cross Street,First Harmful Event,Latitude,Longitude,Cell Phone In Use Flag,Other Property Damage,Reporting Badge No.
2018135318WB14020,MONMOUTH,WEST LONG BRANCH BORO,10/08/2018,MO,1449,01,WEST LONG BRANCH PD,,0,0,0,0,P,B,N,N,01,2,NJ 71,S,71,,00000071__,14.36,02,,01,04,02,02,01,02,05,01,75,FE,N,SUMMERS AVE,,,,40,25,26,,,N,,53229
2018135318WB14068,MONMOUTH,WEST LONG BRANCH BORO,10/09/2018,TU,1545,01,WEST LONG BRANCH PD,,0,0,0,0,P,B,N,N,01,2,NJ 36,E,36,,00000036__,2.76,02,,01,04,02,01,01,01,03,,100,FE,W,NJ 71 / MONMOUTH RD,,,,50,45,26,,,N,,53098
2018135318WB14177,MONMOUTH,WEST LONG BRANCH BORO,10/11/2018,TH,1718,01,WEST LONG BRANCH PD,,0,0,0,0,P,B,N,N,01,2,NJ 71,,71,,00000071__,14.48,02,,01,04,02,02,01,02,05,01,150,FE,S,AVALON CT,,,,40,25,26,,,N,,53229
2018135318WB14230,MONMOUTH,WEST LONG BRANCH BORO,10/12/2018,FR,2237,01,WEST LONG BRANCH PD,,0,0,0,0,P,B,Y,N,01,2,NJ 36,W,36,,00000036__,2.59,02,,01,04,02,01,06,01,03,01,1000,FE,W,NJ 71 / MONMOUTH RD,,,,50,35,26,40.292540,74.033100,N,,53229
2018135318WB14249,MONMOUTH,WEST LONG BRANCH BORO,10/13/2018,SA,1642,01,WEST LONG BRANCH PD,,0,0,0,0,P,I,N,N,03,2,ROUTE 537,,537,,00000537__,67.87,05,,01,04,02,01,01,01,05,01,,AT,,OAKWOOD RD,,,,30,25,26,,,N,,53114
2018135318WB14337,MONMOUTH,WEST LONG BRANCH BORO,10/15/2018,MO,2327,01,WEST LONG BRANCH PD,,0,0,0,0,P,B,Y,N,11,1,NJ 36,W,36,,00000036__,3.29,02,,01,04,02,02,06,05,03,01,150,FE,N,ROUTE 537 / BROADWAY EATONTOWN BLVD,,,,50,35,52,,,N,INDENTATION IN UTILITY POLE WITH YELLOW PAINT TRANSFER,53125
2018135318WB14514,MONMOUTH,WEST LONG BRANCH BORO,10/19/2018,FR,1528,01,WEST LONG BRANCH PD,,0,1,0,0,I,I,N,N,03,2,BEECHWOOD AVE **,,,,13531021__,.50,07,,01,04,02,01,01,01,05,01,,AT,,LARCHWOOD AVE,,,,25,25,26,,,N,,53098
2018135318WB14644,MONMOUTH,WEST LONG BRANCH BORO,10/22/2018,MO,1513,01,WEST LONG BRANCH PD,,0,0,0,0,P,B,N,N,01,2,NJ 36,E,36,,00000036__,2.77,02,,01,04,02,01,01,01,03,01,75,FE,W,NJ 71 / MONMOUTH RD,,,,50,35,26,,,N,,53229
2018135318WB14704,MONMOUTH,WEST LONG BRANCH BORO,10/23/2018,TU,1650,01,WEST LONG BRANCH PD,,0,0,0,0,P,B,N,N,01,2,NJ 71,,71,,00000071__,13.93,02,,01,04,02,01,01,01,05,01,25,FE,E,CR 32 / WALL ST,,,,40,35,26,,,N,,53117
2018135318WB14705,MONMOUTH,WEST LONG BRANCH BORO,10/23/2018,TU,1702,01,WEST LONG BRANCH PD,,0,0,0,0,P,B,N,N,02,2,NJ 71,,71,,00000071__,14.79,02,,01,04,02,01,01,01,05,01,25,FE,N,NJ 36,,,,40,50,56,,,N,,53109
2018135318WB14757,MONMOUTH,WEST LONG BRANCH BORO,10/24/2018,WE,1653,01,WEST LONG BRANCH PD,,0,2,0,0,I,I,N,N,04,3,NJ 71,,71,,00000071__,,02,,01,04,02,01,01,01,05,01,,AT,,COOPER AVENUE,,,,35,25,26,,,N,,53106
2018135318WB14798,MONMOUTH,WEST LONG BRANCH BORO,10/25/2018,TH,1358,01,WEST LONG BRANCH PD,,0,0,0,0,P,B,N,N,08,2,71 SR 36; GAS LAND STATION,,,,,,09,,01,04,02,01,01,01,05,01,,,,,,,,,,26,,,N,,53122
2018135318WB14805,MONMOUTH,WEST LONG BRANCH BORO,10/25/2018,TH,1722,01,WEST LONG BRANCH PD,,0,0,0,0,P,B,N,N,08,2,COOPER AVE **,E,,,13531059__,.12,07,,01,04,02,01,01,01,05,01,1000,FE,W,COOLIDGE PL,,,,25,40,26,,,N,,53229
2018135318WB14819,MONMOUTH,WEST LONG BRANCH BORO,10/25/2018,TH,2342,01,WEST LONG BRANCH PD,,0,0,0,0,P,B,Y,N,06,2,THROCKMORTON AVE **,,,,13531041__,.41,07,,01,04,02,01,07,01,05,01,900,FE,N,FRANKLIN PKWY,,,,25,25,26,,,N,,53081
2018135318WB14847,MONMOUTH,WEST LONG BRANCH BORO,10/26/2018,FR,1436,01,WEST LONG BRANCH PD,,0,0,0,0,P,B,N,N,01,3,NJ 71,S,71,,00000071__,13.95,02,,01,04,02,01,01,01,05,01,100,FE,N,CR 32 / WALL ST,,,,40,35,26,,,N,,
2018135318WB14909,MONMOUTH,WEST LONG BRANCH BORO,10/27/2018,SA,1225,01,WEST LONG BRANCH PD,,0,0,0,0,P,B,N,N,01,2,NJ 71,,71,,00000071__,13.39,02,,01,04,02,02,01,02,05,01,15,FE,E,LARCHWOOD AVE,,,,35,25,26,,,N,,53117
2018135318WB15095,MONMOUTH,WEST LONG BRANCH BORO,10/30/2018,TU,1148,01,WEST LONG BRANCH PD,,0,0,0,0,P,B,N,N,01,2,MONMOUTH COUNTY 32,W,32,,13000032__,1.68,05,,01,04,02,01,01,01,04,01,30,FE,W,NJ 71 / MONMOUTH RD,,,,35,40,26,,,N,,53115
2018135318WB15096,MONMOUTH,WEST LONG BRANCH BORO,10/30/2018,TU,1149,01,WEST LONG BRANCH PD,,0,0,0,0,P,B,N,N,01,2,NJ 71,N,71,,00000071__,13.93,02,,01,04,02,01,01,01,02,01,10,FE,S,CR 32 / WALL ST,,,,40,35,26,,,N,,53081
2018135318WB15161,MONMOUTH,WEST LONG BRANCH BORO,10/31/2018,WE,1319,01,WEST LONG BRANCH PD,,0,3,0,0,I,I,N,N,03,2,HOLLYWOOD AVE **,W,,,13251303__,.57,07,,01,04,02,01,01,01,05,01,,AT,,PINEWOOD AVE,,,,25,25,26,,,N,UTILITY POLE # BT40185WLB AND BRICK COLUMN BELONGING TO 64 HOLLYWOOD AVE.,53115
2018135318WB15272,MONMOUTH,WEST LONG BRANCH BORO,11/02/2018,FR,2007,01,WEST LONG BRANCH PD,,0,0,0,0,P,B,N,N,03,2,ROUTE 537,,537,,00000537__,67.76,05,,01,04,02,02,06,01,05,01,20,FE,E,CR 11 / OCEAN PORT AVE,,,,30,25,26,,,N,,53114
2018135318WB15279,MONMOUTH,WEST LONG BRANCH BORO,11/02/2018,FR,2334,01,WEST LONG BRANCH PD,,0,0,0,0,P,I,N,N,11,1,NJ 36,W,36,,00000036__,3.26,02,,01,04,02,02,06,01,03,,,AT,,ROUTE 537 / BROADWAY EATONTOWN BLVD,,,,50,35,51,,,N,TRAFFIC LIGHT POLE KNOCKED DOWN,53123
2018135318WB15316,MONMOUTH,WEST LONG BRANCH BORO,11/03/2018,SA,1636,01,WEST LONG BRANCH PD,,0,1,0,0,I,B,N,N,01,2,NJ 71,N,71,,00000071__,13.91,02,,01,04,02,01,01,01,02,01,100,FE,S,CR 32 / WALL ST,,,,30,30,26,,,N,,53229
2018135318WB15410,MONMOUTH,WEST LONG BRANCH BORO,11/05/2018,MO,1512,01,WEST LONG BRANCH PD,,0,0,0,0,P,B,N,N,02,2,NJ 36,E,36,,00000036__,3.24,02,,01,04,02,02,01,02,03,01,100,FE,W,ROUTE 537 / BROADWAY EATONTOWN BLVD,,,,50,35,26,,,N,,53229
2018135318WB15418,MONMOUTH,WEST LONG BRANCH BORO,11/05/2018,MO,1724,01,WEST LONG BRANCH PD,,0,0,0,0,P,B,N,N,01,2,NJ 71,S,71,,00000071__,14.55,02,,01,04,02,02,06,02,,,700,FE,N,PARKER RD,,,,40,25,26,,,N,,53123
2018135318WB15495,MONMOUTH,WEST LONG BRANCH BORO,11/07/2018,WE,0723,01,WEST LONG BRANCH PD,,0,1,0,0,I,I,N,N,04,2,NJ 71,S,71,,00000071__,14.42,02,,01,04,02,01,01,01,05,01,,AT,,PARKER RD,,,,40,25,26,,,N,SHRUBS RAN OVER AT 91 PARKER RD,53123
2018135318WB15571,MONMOUTH,WEST LONG BRANCH BORO,11/08/2018,TH,1916,01,WEST LONG BRANCH PD,,0,0,0,0,P,I,N,N,02,2,NJ 36,E,36,,00000036__,3.73,02,,01,04,02,01,06,01,03,01,,AT,,CR 11 III / OCEANPORT AVE,,,,45,25,26,,,N,,53229
2018135318WB15614,MONMOUTH,WEST LONG BRANCH BORO,11/09/2018,FR,1354,01,WEST LONG BRANCH PD,,0,0,0,0,P,I,N,N,11,1,NJ 71,,71,,00000071__,13.39,02,,01,04,02,02,01,02,05,01,,AT,,LARCHWOOD AVE,,,,35,25,51,,,N,TRAFFIC SIGNAL,53115
2018135318WB15617,MONMOUTH,WEST LONG BRANCH BORO,11/09/2018,FR,1516,01,WEST LONG BRANCH PD,,0,1,0,0,I,B,N,N,04,2,HARBOR CT **,,,,13531053__,.23,07,,02,04,02,02,01,02,05,01,100,FE,S,PALMER AVE,,,,25,25,26,40.276590,74.019520,N,,53122
2018135318WB15618,MONMOUTH,WEST LONG BRANCH BORO,11/09/2018,FR,1547,01,WEST LONG BRANCH PD,,0,0,0,0,P,I,N,N,03,3,MONMOUTH COUNTY 15,S,15,,13000015__,3.70,05,,01,04,02,02,06,02,05,01,,AT,,PALMER AVE / W PALMER AVE,,,,40,25,26,,,N,STOP SIGN AND STOP FOR PEDESTRIAN SIGN,
2018135318WB15640,MONMOUTH,WEST LONG BRANCH BORO,11/10/2018,SA,0215,01,WEST LONG BRANCH PD,,0,1,0,0,I,B,Y,N,03,2,NJ 71,,71,,00000071__,13.82,02,,01,04,02,02,06,02,05,01,216,FE,N,CR 15 / LOCUST AVE / MONMOUTH RD,,,,40,35,26,,,N,BP LIGHT POLE,53112
2018135318WB15643,MONMOUTH,WEST LONG BRANCH BORO,11/10/2018,SA,0756,01,WEST LONG BRANCH PD,,0,0,0,0,P,I,N,N,03,2,PARKER RD **,,,,13531044__,.80,07,,01,04,02,01,01,01,05,01,,AT,,S ARLENE DR / ARLENE DR,,,,25,25,26,,,N,,53114
2018135318WB15799,MONMOUTH,WEST LONG BRANCH BORO,11/12/2018,MO,1921,01,WEST LONG BRANCH PD,,0,0,0,0,P,B,N,N,06,2,THOMPSON ST **,,,,13531004__,.08,07,,01,04,02,01,06,01,05,01,200,FE,S,LAUREL ST,,,,25,25,26,,,N,,53229
2018135318WB15833,MONMOUTH,WEST LONG BRANCH BORO,11/13/2018,TU,0959,01,WEST LONG BRANCH PD,,0,0,0,0,P,B,N,N,01,2,NJ 71,,71,,00000071__,14.44,02,,01,04,02,02,01,02,05,01,100,FE,N,PARKER RD,,,,40,25,26,,,N,,53122
2018135318WB15847,MONMOUTH,WEST LONG BRANCH BORO,11/13/2018,TU,1804,01,WEST LONG BRANCH PD,,0,0,0,0,P,B,N,N,01,2,MONMOUTH COUNTY 25 I,,25,1,130000251_,.01,05,,01,04,02,01,06,01,05,01,50,FE,E,CR 71 / NORWOOD AVE,,,,35,35,26,,,N,,53229
2018135318WB16139,MONMOUTH,WEST LONG BRANCH BORO,11/19/2018,MO,1334,01,WEST LONG BRANCH PD,,0,0,0,0,P,B,N,N,08,2,NJ 71,,71,,00000071__,14.79,02,,01,04,02,01,01,01,05,01,20,FE,N,NJ 36,,,,40,50,26,,,N,,53106
2018135318WB16153,MONMOUTH,WEST LONG BRANCH BORO,11/19/2018,MO,1929,01,WEST LONG BRANCH PD,,0,0,0,0,P,B,N,N,01,2,MONMOUTH COUNTY 25 I,,25,1,130000251_,.01,05,,01,04,02,01,06,01,05,01,75,FE,E,CR 71 / NORWOOD AVE,,,,35,35,26,40.281650,74.001600,N,,53229
2018135318WB16200,MONMOUTH,WEST LONG BRANCH BORO,11/20/2018,TU,1429,01,WEST LONG BRANCH PD,,0,0,0,0,P,I,N,N,04,2,MONMOUTH COUNTY 15,,15,,13000015__,3.91,05,,01,04,02,01,01,01,05,01,,AT,,COOPER AVE / MOUNT DR,,,,40,25,26,40.280620,74.018130,N,,53125
2018135318WB16204,MONMOUTH,WEST LONG BRANCH BORO,11/20/2018,TU,1933,01,WEST LONG BRANCH PD,,0,0,0,0,P,B,N,N,01,2,NJ 71,W,71,,00000071__,13.39,02,,01,04,02,01,06,01,05,01,20,FE,E,LARCHWOOD AVE,,,,40,25,26,,,N,,53123
2018135318WB16224,MONMOUTH,WEST LONG BRANCH BORO,11/21/2018,WE,0522,01,WEST LONG BRANCH PD,,0,0,0,0,P,B,N,N,12,1,NJ 36,W,36,,00000036__,2.59,02,,01,04,02,01,05,01,03,01,1027,FE,W,NJ 71 / MONMOUTH RD,,,,50,40,24,,,N,,53114
2018135318WB16355,MONMOUTH,WEST LONG BRANCH BORO,11/24/2018,SA,1946,01,WEST LONG BRANCH PD,,0,0,0,0,P,B,N,N,11,1,OAKWOOD AVE **,N,,,13251253__,.37,07,,01,05,02,02,06,02,05,01,150,FE,S,SHERMAN AVE,,,,35,25,56,,,N,FRONT LAWN OF 68 OAKWOOD AVE,53123
2018135318WB16370,MONMOUTH,WEST LONG BRANCH BORO,11/25/2018,SU,0200,01,WEST LONG BRANCH PD,,0,0,0,0,P,B,N,N,11,1,MONMOUTH COUNTY 25 II,,25,2,130000252_,.25,05,,01,04,02,02,07,02,05,01,218,FE,N,BEECHWOOD AVE,,,,40,25,52,,,N,,53114
2018135318WB16476,MONMOUTH,WEST LONG BRANCH BORO,11/27/2018,TU,1543,01,WEST LONG BRANCH PD,,0,0,0,0,P,B,N,N,03,2,MONMOUTH COUNTY 15,,15,,13000015__,4.29,05,,01,06,02,01,01,01,05,01,70,FE,N,CR 32 / WALL ST,,,,35,30,26,,,N,,53081
2018135318WB16513,MONMOUTH,WEST LONG BRANCH BORO,11/28/2018,WE,1013,01,WEST LONG BRANCH PD,,0,0,0,0,P,B,N,N,01,2,NJ 36,E,36,,00000036__,3.26,02,,01,04,02,01,01,01,05,01,10,FE,W,ROUTE 537 / BROADWAY EATONTOWN BLVD,,,,50,35,26,,,N,,53115
2018135318WB16525,MONMOUTH,WEST LONG BRANCH BORO,11/28/2018,WE,1358,01,WEST LONG BRANCH PD,,0,0,0,0,P,I,N,N,03,2,NJ 71,,71,,00000071__,13.93,02,,01,04,02,01,01,01,05,01,,AT,,CR 32 / WALL ST,,,,40,35,26,,,N,,53098
2018135318WB16571,MONMOUTH,WEST LONG BRANCH BORO,11/29/2018,TH,1203,01,WEST LONG BRANCH PD,,0,2,0,0,I,B,N,N,07,3,NJ 71,,71,,00000071__,14.88,02,,01,04,02,01,01,01,05,01,500,FE,N,NJ 36,,,,40,50,26,,,N,,53125
2018135318WB16581,MONMOUTH,WEST LONG BRANCH BORO,11/29/2018,TH,1728,01,WEST LONG BRANCH PD,,0,0,0,0,P,B,N,N,03,2,MONMOUTH COUNTY 32,,32,,13000032__,1.69,05,,01,04,02,01,05,01,05,01,25,FE,W,NJ 71 / MONMOUTH RD,,,,35,40,26,,,N,,53117
2018135318WB16695,MONMOUTH,WEST LONG BRANCH BORO,12/01/2018,SA,1703,01,WEST LONG BRANCH PD,,0,0,0,0,P,B,N,N,01,2,NJ 71,,71,,00000071__,12.80,02,,01,04,02,02,07,02,05,01,20,FE,N,KIRBY AVE,,,,35,25,26,,,N,,53115
2018135318WB16733,MONMOUTH,WEST LONG BRANCH BORO,12/02/2018,SU,1320,01,WEST LONG BRANCH PD,,0,0,0,0,P,B,N,N,01,2,NJ 71,,71,,00000071__,12.97,02,,03,04,02,01,01,01,05,01,30,FE,N,CR 25 / CEDAR AVE,,,,30,35,26,,,N,,53115
2018135318WB16775,MONMOUTH,WEST LONG BRANCH BORO,12/03/2018,MO,1425,01,WEST LONG BRANCH PD,,0,1,0,0,I,I,N,N,03,3,NJ 71,,71,,00000071__,13.78,02,,02,04,02,01,01,01,05,01,,AT,,CR 15 / LOCUST AVE / MONMOUTH RD,,,,30,40,26,,,N,,53081
2018135318WB16777,MONMOUTH,WEST LONG BRANCH BORO,12/03/2018,MO,1531,01,WEST LONG BRANCH PD,,0,2,0,0,I,I,N,N,07,2,NJ 36,E,36,,00000036__,2.78,02,,01,04,02,01,01,01,03,01,,AT,,NJ 71 / MONMOUTH RD,,,,50,40,26,,,N,,53106
2018135318WB16779,MONMOUTH,WEST LONG BRANCH BORO,12/03/2018,MO,1743,01,WEST LONG BRANCH PD,,0,0,0,0,P,B,N,N,01,2,NJ 36,W,36,,00000036__,2.83,02,,01,04,02,01,06,01,03,,250,FE,E,NJ 71 / MONMOUTH RD,,,,50,40,26,,,N,,53106
2018135318WB16803,MONMOUTH,WEST LONG BRANCH BORO,12/04/2018,TU,1252,01,WEST LONG BRANCH PD,,0,0,0,0,P,I,N,N,03,2,MONMOUTH COUNTY 11 III,,11,3,130000113_,.17,05,,01,04,02,01,01,01,,,,AT,,N LINDEN AVE,,,,40,25,26,,,N,,53098
2018135318WB16812,MONMOUTH,WEST LONG BRANCH BORO,12/04/2018,TU,1459,01,WEST LONG BRANCH PD,,0,0,0,0,P,B,N,N,03,2,NJ 71,S,71,,00000071__,14.90,02,,01,04,02,01,01,01,,,572,FE,N,NJ 36,,,,40,50,26,,,N,,53123
2018135318WB16874,MONMOUTH,WEST LONG BRANCH BORO,12/05/2018,WE,1702,01,WEST LONG BRANCH PD,,0,0,0,0,P,B,N,N,02,2,NJ 36,E,36,,00000036__,2.62,02,,01,04,02,01,06,01,03,01,850,FE,W,NJ 71 / MONMOUTH RD,,,,50,50,26,,,N,,53114
2018135318WB17038,MONMOUTH,WEST LONG BRANCH BORO,12/09/2018,SU,0325,01,WEST LONG BRANCH PD,,0,1,0,0,I,I,Y,N,03,2,NJ 36,E,36,,00000036__,3.73,02,,01,04,02,01,06,01,03,,,AT,,CR 11 III / OCEANPORT AVE,,,,45,35,26,,,N,,53123
2018135318WB17073,MONMOUTH,WEST LONG BRANCH BORO,12/10/2018,MO,0815,01,WEST LONG BRANCH PD,,0,0,0,0,P,B,N,N,01,2,NJ 36,E,36,,00000036__,3.25,02,,01,04,02,01,01,01,03,01,50,FE,W,ROUTE 537 / BROADWAY EATONTOWN BLVD,,,,45,35,26,,,N,,53098
2018135318WB17089,MONMOUTH,WEST LONG BRANCH BORO,12/10/2018,MO,1529,01,WEST LONG BRANCH PD,,0,0,0,0,P,I,N,N,02,2,NJ 36,E,36,,00000036__,2.78,02,,01,04,02,01,01,01,03,01,,AT,E,NJ 71 / MONMOUTH RD,,,,50,40,26,,,N,,53123
2018135318WB17090,MONMOUTH,WEST LONG BRANCH BORO,12/10/2018,MO,1551,01,WEST LONG BRANCH PD,,0,0,0,0,P,B,N,N,01,2,NJ 36,E,36,,00000036__,2.57,02,,01,04,02,01,01,01,03,01,5280,FE,W,NJ 71 / MONMOUTH RD,,,,55,40,26,40.290150,74.036550,N,,53229
2018135318WB17097,MONMOUTH,WEST LONG BRANCH BORO,12/10/2018,MO,1714,01,WEST LONG BRANCH PD,,0,0,0,0,P,B,N,N,02,2,NJ 36,E,36,,00000036__,2.57,02,,01,04,02,01,06,01,03,01,5280,FE,W,NJ 71 / MONMOUTH RD,,,,50,40,26,,,N,,53229
2018135318WB17159,MONMOUTH,WEST LONG BRANCH BORO,12/11/2018,TU,1747,01,WEST LONG BRANCH PD,,0,0,0,0,P,B,N,N,06,2,MONMOUTH COUNTY 11 III,,11,3,130000113_,.15,05,,01,04,02,01,06,01,05,01,100,FE,S,N LINDEN AVE,,,,35,25,26,,,N,,53115
2018135318WB17197,MONMOUTH,WEST LONG BRANCH BORO,12/12/2018,WE,1326,01,WEST LONG BRANCH PD,,0,1,0,0,I,I,N,N,14,1,MONMOUTH COUNTY 15,,15,,13000015__,3.84,05,,01,04,02,01,01,01,05,01,,AT,N,GERARD AVE,,,,40,25,21,,,N,,53229
2018135318WB17205,MONMOUTH,WEST LONG BRANCH BORO,12/12/2018,WE,1733,01,WEST LONG BRANCH PD,,0,0,0,0,P,B,N,N,01,3,NJ 71,,71,,00000071__,14.44,02,,01,04,02,01,06,01,05,01,100,FE,N,PARKER RD,,,,40,25,26,,,N,,
2018135318WB17249,MONMOUTH,WEST LONG BRANCH BORO,12/13/2018,TH,1326,01,WEST LONG BRANCH PD,,0,0,0,0,P,B,N,N,07,2,WOOLEY PL **,,,,13531060__,.02,07,,01,04,02,01,01,01,05,01,100,FE,W,CR 15 / MONMOUTH RD,,,,25,25,26,,,N,,53123
2018135318WB17286,MONMOUTH,WEST LONG BRANCH BORO,12/14/2018,FR,1000,01,WEST LONG BRANCH PD,,0,0,0,0,P,B,N,N,11,1,135 LOCUST AVE; FRANK ANT,S,,,,,09,,01,04,02,01,01,01,05,01,,,,,,,,,,59,,,N,,53123
2018135318WB17300,MONMOUTH,WEST LONG BRANCH BORO,12/14/2018,FR,1823,01,WEST LONG BRANCH PD,,0,0,0,0,P,B,N,N,01,3,NJ 71,,71,,00000071__,13.16,02,,01,04,02,02,06,02,05,01,20,FE,W,PINEWOOD AVE,,,,35,25,26,,,N,,53098
2018135318WB17323,MONMOUTH,WEST LONG BRANCH BORO,12/15/2018,SA,1035,01,WEST LONG BRANCH PD,,0,0,0,0,P,B,N,N,06,2,ROUTE 537,,537,,00000537__,67.63,05,,01,04,02,01,01,01,05,01,210,FE,E,N LINDEN ST,,,,30,25,26,,,N,,53123
2018135318WB17347,MONMOUTH,WEST LONG BRANCH BORO,12/15/2018,SA,2018,01,WEST LONG BRANCH PD,,0,0,0,0,P,I,N,N,07,2,NJ 71,,71,,00000071__,13.78,02,,02,04,02,01,06,05,05,01,,AT,,CR 15 / LOCUST AVE / MONMOUTH RD,,,,30,40,26,,,N,,53112
2018135318WB17373,MONMOUTH,WEST LONG BRANCH BORO,12/16/2018,SU,1215,01,WEST LONG BRANCH PD,,0,0,0,0,P,I,N,N,01,2,NJ 71,,71,,00000071__,14.42,02,,01,04,02,02,01,02,05,01,,AT,,PARKER RD,,,,40,25,26,,,N,,53071
2018135318WB17391,MONMOUTH,WEST LONG BRANCH BORO,12/17/2018,MO,0656,01,WEST LONG BRANCH PD,,0,0,0,0,P,B,N,N,01,2,NJ 36,E,36,,00000036__,3.73,02,,01,05,02,02,01,01,03,01,10,FE,W,CR 11 III / OCEANPORT AVE,,,,45,35,26,,,N,,53122
2018135318WB17400,MONMOUTH,WEST LONG BRANCH BORO,12/17/2018,MO,0836,01,WEST LONG BRANCH PD,,0,0,0,0,P,B,N,N,01,2,MONMOUTH COUNTY 32,,32,,13000032__,1.70,05,,01,04,02,02,01,01,04,01,50,FE,E,NJ 71 / MONMOUTH RD,,,,30,40,26,,,N,,53122
2018135318WB17415,MONMOUTH,WEST LONG BRANCH BORO,12/17/2018,MO,1656,01,WEST LONG BRANCH PD,,0,0,0,0,P,B,N,N,01,2,NJ 71,,71,,00000071__,13.40,02,,01,04,02,01,06,01,05,01,75,FE,E,LARCHWOOD AVE,,,,35,25,26,,,N,,53229
2018135318WB17463,MONMOUTH,WEST LONG BRANCH BORO,12/18/2018,TU,1816,01,WEST LONG BRANCH PD,,0,0,0,0,P,B,N,N,01,2,NJ 71,,71,,00000071__,14.43,02,,01,04,02,01,06,01,05,01,75,FE,N,PARKER RD,,,,40,25,26,,,N,,53117
2018135318WB17625,MONMOUTH,WEST LONG BRANCH BORO,12/22/2018,SA,1046,01,WEST LONG BRANCH PD,,0,0,0,0,P,B,N,N,02,2,NJ 71,,71,,00000071__,14.50,02,,01,04,02,01,01,05,04,01,400,FE,N,PARKER RD,,,,40,25,26,,,N,,53117
2018135318WB17651,MONMOUTH,WEST LONG BRANCH BORO,12/22/2018,SA,1900,01,WEST LONG BRANCH PD,,0,0,0,0,P,I,N,N,01,2,MONMOUTH COUNTY 25 II,,25,2,130000252_,.00,05,,01,04,02,01,06,01,05,01,,AT,,NJ 25 / CEDAR AVE,,,,40,35,26,,,N,,53123
2018135318WB17660,MONMOUTH,WEST LONG BRANCH BORO,12/22/2018,SA,2304,01,WEST LONG BRANCH PD,,0,3,0,0,I,I,N,N,03,2,PARKER RD **,,,,13531044__,.80,07,,01,04,02,01,06,01,05,01,,AT,,S ARLENE DR / ARLENE DR,,,,25,25,26,,,N,,53123
2018135318WB17840,MONMOUTH,WEST LONG BRANCH BORO,12/27/2018,TH,1039,01,WEST LONG BRANCH PD,,0,0,0,0,P,B,N,N,08,2,MONMOUTH COUNTY 15,,15,,13000015__,4.67,05,,01,04,02,01,01,01,05,01,10,FE,N,RICHARD LN,,,,35,25,26,,,N,,53117
2018135318WB17860,MONMOUTH,WEST LONG BRANCH BORO,12/27/2018,TH,1724,01,WEST LONG BRANCH PD,,0,0,0,0,P,B,N,N,12,2,NJ 71,,71,,00000071__,14.24,02,,01,04,02,01,06,01,05,01,15,FE,S,LLOYD AVE,,,,40,25,24,,,N,,53125
2018135318WB17940,MONMOUTH,WEST LONG BRANCH BORO,12/29/2018,SA,1325,01,WEST LONG BRANCH PD,,0,2,0,0,I,B,N,N,01,2,NJ 71,S,71,,00000071__,14.61,02,,01,04,02,01,01,01,05,01,965,FE,S,NJ 36,,,,40,50,26,,,N,,53112
2018135318WB17948,MONMOUTH,WEST LONG BRANCH BORO,12/29/2018,SA,1622,01,WEST LONG BRANCH PD,,0,0,0,0,P,B,N,N,01,2,NJ 36,W,36,,00000036__,2.79,02,,01,04,02,01,01,01,03,01,75,FE,E,NJ 71 / MONMOUTH RD,,,,50,35,26,,,N,,53115
2018135318WB17998,MONMOUTH,WEST LONG BRANCH BORO,12/30/2018,SU,1507,01,WEST LONG BRANCH PD,,0,1,0,0,I,I,N,N,01,2,NJ 36,E,36,,00000036__,2.78,02,,01,06,02,01,01,01,02,01,,AT,,NJ 71 / MONMOUTH RD,,,,50,,26,,,N,,53115
2018135318WB18007,MONMOUTH,WEST LONG BRANCH BORO,12/30/2018,SU,1757,01,WEST LONG BRANCH PD,,0,0,0,0,P,B,N,N,02,2,NJ 36,E,36,,00000036__,3.32,02,,01,04,02,01,06,01,03,01,300,FE,E,ROUTE 537 / BROADWAY EATONTOWN BLVD,,,,45,35,26,,,N,,53229
2018135318WB18028,MONMOUTH,WEST LONG BRANCH BORO,12/31/2018,MO,1231,01,WEST LONG BRANCH PD,,0,1,0,0,I,B,N,N,03,2,NJ 71,,71,,00000071__,13.14,02,,01,04,02,01,01,05,05,01,100,FE,W,PINEWOOD AVE,,,,35,25,26,,,N,,53081
2018135318WB18047,MONMOUTH,WEST LONG BRANCH BORO,12/31/2018,MO,1827,01,WEST LONG BRANCH PD,,0,2,0,0,I,B,N,N,11,1,ROUTE 537,,537,,00000537__,67.41,05,,01,04,02,02,06,02,05,01,50,FE,E,N LOCUST AVE,,,,35,25,52,,,N,UTILITY POLE #BT630WLB,53098